layer,component,verb_up,frequency,classifier_pred,up_probability,logit
7,decoder,come up,46625776,1,1.0,15.2823
7,decoder,come up,46625776,1,1.0,13.9405
7,decoder,come up,46625776,1,1.0,13.995
7,decoder,come up,46625776,1,0.9697,3.4662
7,decoder,come up,46625776,1,1.0,14.5451
7,decoder,come up,46625776,1,1.0,10.6474
7,decoder,come up,46625776,1,1.0,10.7211
7,decoder,come up,46625776,1,0.9993,7.1979
7,decoder,come up,46625776,1,0.9999,9.168
7,decoder,come up,46625776,1,1.0,16.1391
7,decoder,come up,46625776,1,1.0,12.2598
7,decoder,come up,46625776,1,0.9999,9.2318
7,decoder,come up,46625776,1,0.9975,5.9956
7,decoder,come up,46625776,1,1.0,12.8629
7,decoder,come up,46625776,1,1.0,13.6563
7,decoder,come up,46625776,1,1.0,12.2401
7,decoder,come up,46625776,1,0.9999,9.7842
7,decoder,come up,46625776,1,1.0,10.0956
7,decoder,come up,46625776,1,1.0,12.158
7,decoder,come up,46625776,1,0.9957,5.4361
7,decoder,set up,103842740,1,1.0,11.8361
7,decoder,set up,103842740,1,0.9846,4.1548
7,decoder,set up,103842740,1,0.9992,7.0845
7,decoder,set up,103842740,1,0.9997,8.1785
7,decoder,set up,103842740,1,1.0,13.1023
7,decoder,set up,103842740,1,1.0,12.0201
7,decoder,set up,103842740,1,1.0,10.6966
7,decoder,set up,103842740,1,1.0,13.2125
7,decoder,set up,103842740,1,0.9987,6.6277
7,decoder,set up,103842740,1,1.0,10.208
7,decoder,set up,103842740,1,0.9974,5.9441
7,decoder,set up,103842740,1,1.0,10.6342
7,decoder,set up,103842740,1,0.997,5.7999
7,decoder,set up,103842740,1,0.9999,9.4157
7,decoder,set up,103842740,1,0.9925,4.8895
7,decoder,set up,103842740,1,0.9997,8.2569
7,decoder,set up,103842740,1,1.0,10.7426
7,decoder,set up,103842740,1,1.0,11.9427
7,decoder,set up,103842740,1,0.9999,9.644
7,decoder,set up,103842740,1,0.9999,9.0658
7,decoder,up,0,1,1.0,10.3596
7,decoder,up,0,1,1.0,14.3122
7,decoder,up,0,1,1.0,16.4945
7,decoder,up,0,1,1.0,15.1535
7,decoder,up,0,1,1.0,14.7054
7,decoder,up,0,1,0.9918,4.7995
7,decoder,up,0,1,0.9986,6.5459
7,decoder,up,0,1,1.0,16.0092
7,decoder,up,0,1,1.0,11.8522
7,decoder,up,0,1,1.0,15.3058
7,decoder,up,0,1,0.9991,6.9907
7,decoder,up,0,1,0.9999,9.584
7,decoder,up,0,1,1.0,15.5246
7,decoder,up,0,1,1.0,14.6979
7,decoder,up,0,1,1.0,11.194
7,decoder,up,0,1,1.0,10.7726
7,decoder,up,0,1,1.0,12.1344
7,decoder,up,0,1,0.9951,5.3197
7,decoder,up,0,1,1.0,12.6092
7,decoder,up,0,1,1.0,10.1509
7,decoder,end up,70924084,1,1.0,10.1874
7,decoder,end up,70924084,1,1.0,11.5267
7,decoder,end up,70924084,1,1.0,11.5806
7,decoder,end up,70924084,1,0.9522,2.9916
7,decoder,end up,70924084,1,0.9953,5.3565
7,decoder,end up,70924084,1,0.996,5.5056
7,decoder,end up,70924084,1,0.7732,1.2263
7,decoder,end up,70924084,1,0.9977,6.0638
7,decoder,end up,70924084,1,0.9996,7.9188
7,decoder,end up,70924084,1,1.0,13.1532
7,decoder,end up,70924084,1,0.933,2.6344
7,decoder,end up,70924084,0,0.432,-0.2737
7,decoder,end up,70924084,1,0.9365,2.6903
7,decoder,end up,70924084,1,0.9904,4.6387
7,decoder,end up,70924084,1,1.0,10.2797
7,decoder,end up,70924084,1,0.9702,3.482
7,decoder,end up,70924084,1,0.999,6.9507
7,decoder,end up,70924084,1,0.9054,2.2591
7,decoder,end up,70924084,1,0.9996,7.8324
7,decoder,end up,70924084,1,0.999,6.924
7,decoder,came up,23263138,1,1.0,11.9026
7,decoder,came up,23263138,1,1.0,14.2557
7,decoder,came up,23263138,1,1.0,11.4053
7,decoder,came up,23263138,1,1.0,12.6443
7,decoder,came up,23263138,1,1.0,10.2239
7,decoder,came up,23263138,1,1.0,11.465
7,decoder,came up,23263138,1,1.0,13.5656
7,decoder,came up,23263138,1,1.0,12.7051
7,decoder,came up,23263138,1,1.0,13.4911
7,decoder,came up,23263138,1,1.0,17.965
7,decoder,came up,23263138,1,1.0,14.4402
7,decoder,came up,23263138,1,0.9998,8.3933
7,decoder,came up,23263138,1,0.9995,7.6652
7,decoder,came up,23263138,1,1.0,16.6306
7,decoder,came up,23263138,1,0.9986,6.5703
7,decoder,came up,23263138,1,0.9998,8.753
7,decoder,came up,23263138,1,1.0,14.2501
7,decoder,came up,23263138,1,1.0,13.8539
7,decoder,came up,23263138,1,1.0,14.2331
7,decoder,came up,23263138,1,1.0,11.724
7,decoder,ended up,49589762,1,0.9999,9.1561
7,decoder,ended up,49589762,1,1.0,9.9927
7,decoder,ended up,49589762,1,0.9869,4.3255
7,decoder,ended up,49589762,1,0.9985,6.502
7,decoder,ended up,49589762,1,0.5501,0.201
7,decoder,ended up,49589762,1,1.0,11.9877
7,decoder,ended up,49589762,1,0.7832,1.2846
7,decoder,ended up,49589762,1,0.888,2.0705
7,decoder,ended up,49589762,1,0.8226,1.5339
7,decoder,ended up,49589762,1,0.987,4.3306
7,decoder,ended up,49589762,1,1.0,12.0518
7,decoder,ended up,49589762,1,0.9903,4.6218
7,decoder,ended up,49589762,1,0.7684,1.199
7,decoder,ended up,49589762,1,0.9999,8.927
7,decoder,ended up,49589762,1,0.9999,9.6461
7,decoder,ended up,49589762,1,0.9706,3.4968
7,decoder,ended up,49589762,1,0.9753,3.6757
7,decoder,ended up,49589762,0,0.406,-0.3805
7,decoder,ended up,49589762,1,1.0,12.3588
7,decoder,ended up,49589762,1,0.9968,5.7472
7,decoder,coming up,19257169,1,0.9991,6.9924
7,decoder,coming up,19257169,1,0.9996,7.7863
7,decoder,coming up,19257169,1,1.0,11.523
7,decoder,coming up,19257169,1,1.0,10.7261
7,decoder,coming up,19257169,1,1.0,15.6266
7,decoder,coming up,19257169,1,1.0,12.1209
7,decoder,coming up,19257169,1,1.0,12.7428
7,decoder,coming up,19257169,1,1.0,17.5414
7,decoder,coming up,19257169,1,0.9999,9.0776
7,decoder,coming up,19257169,1,0.9907,4.6697
7,decoder,coming up,19257169,1,1.0,17.1826
7,decoder,coming up,19257169,1,0.9058,2.264
7,decoder,coming up,19257169,1,1.0,15.0668
7,decoder,coming up,19257169,1,1.0,13.4167
7,decoder,coming up,19257169,1,0.9996,7.9249
7,decoder,coming up,19257169,1,0.9995,7.5854
7,decoder,coming up,19257169,1,0.9965,5.6454
7,decoder,coming up,19257169,1,1.0,16.2467
7,decoder,coming up,19257169,1,0.9998,8.5895
7,decoder,coming up,19257169,1,1.0,11.9854
7,decoder,grew up,29647067,1,0.9998,8.6217
7,decoder,grew up,29647067,1,0.8486,1.7237
7,decoder,grew up,29647067,1,0.647,0.6059
7,decoder,grew up,29647067,1,0.5442,0.1774
7,decoder,grew up,29647067,0,0.4794,-0.0824
7,decoder,grew up,29647067,1,0.708,0.8857
7,decoder,grew up,29647067,1,0.9999,8.9555
7,decoder,grew up,29647067,0,0.1546,-1.699
7,decoder,grew up,29647067,1,1.0,11.398
7,decoder,grew up,29647067,1,0.9902,4.6204
7,decoder,grew up,29647067,1,0.9999,8.8326
7,decoder,grew up,29647067,1,0.9914,4.7423
7,decoder,grew up,29647067,1,0.9989,6.8569
7,decoder,grew up,29647067,1,1.0,10.4446
7,decoder,grew up,29647067,1,0.8357,1.6269
7,decoder,grew up,29647067,1,0.9572,3.1065
7,decoder,grew up,29647067,1,0.8349,1.6204
7,decoder,grew up,29647067,0,0.2724,-0.9825
7,decoder,grew up,29647067,1,0.9876,4.3736
7,decoder,grew up,29647067,1,0.9063,2.2696
7,decoder,pick up,47130414,1,0.9998,8.3865
7,decoder,pick up,47130414,1,0.9996,7.7424
7,decoder,pick up,47130414,1,0.9977,6.0795
7,decoder,pick up,47130414,1,0.9977,6.0685
7,decoder,pick up,47130414,0,0.4753,-0.0991
7,decoder,pick up,47130414,1,0.9285,2.5638
7,decoder,pick up,47130414,1,0.9997,8.1569
7,decoder,pick up,47130414,1,0.9987,6.6081
7,decoder,pick up,47130414,1,0.9999,9.0236
7,decoder,pick up,47130414,1,1.0,10.2205
7,decoder,pick up,47130414,1,0.9693,3.4539
7,decoder,pick up,47130414,1,0.9992,7.1054
7,decoder,pick up,47130414,1,0.9998,8.6751
7,decoder,pick up,47130414,1,0.9997,8.0839
7,decoder,pick up,47130414,1,0.7196,0.9424
7,decoder,pick up,47130414,1,0.9935,5.033
7,decoder,pick up,47130414,1,0.9958,5.4661
7,decoder,pick up,47130414,1,0.9998,8.4868
7,decoder,pick up,47130414,1,0.9871,4.3369
7,decoder,pick up,47130414,1,0.9944,5.1859
7,decoder,made up,30311015,1,1.0,14.1274
7,decoder,made up,30311015,1,0.9999,9.5979
7,decoder,made up,30311015,1,1.0,13.3415
7,decoder,made up,30311015,1,1.0,11.0763
7,decoder,made up,30311015,1,0.9982,6.2946
7,decoder,made up,30311015,1,1.0,10.4811
7,decoder,made up,30311015,1,1.0,17.4609
7,decoder,made up,30311015,1,0.9999,9.083
7,decoder,made up,30311015,1,1.0,11.1819
7,decoder,made up,30311015,1,1.0,10.4367
7,decoder,made up,30311015,1,1.0,10.2827
7,decoder,made up,30311015,1,0.9491,2.9248
7,decoder,made up,30311015,1,0.9862,4.2657
7,decoder,made up,30311015,1,1.0,11.1536
7,decoder,made up,30311015,1,1.0,10.2365
7,decoder,made up,30311015,1,1.0,10.0013
7,decoder,made up,30311015,1,0.9993,7.3153
7,decoder,made up,30311015,1,0.9992,7.1309
7,decoder,made up,30311015,1,0.999,6.8776
7,decoder,made up,30311015,1,0.9973,5.9272
7,decoder,go up,14885945,1,1.0,16.6178
7,decoder,go up,14885945,1,0.9997,8.2118
7,decoder,go up,14885945,1,0.9998,8.3429
7,decoder,go up,14885945,1,0.9999,9.3255
7,decoder,go up,14885945,1,0.9998,8.5503
7,decoder,go up,14885945,1,1.0,16.0222
7,decoder,go up,14885945,1,0.9999,9.6947
7,decoder,go up,14885945,1,1.0,12.914
7,decoder,go up,14885945,1,0.9999,9.3476
7,decoder,go up,14885945,1,0.9999,8.8466
7,decoder,go up,14885945,1,1.0,15.4189
7,decoder,go up,14885945,1,0.9994,7.4188
7,decoder,go up,14885945,1,0.999,6.8639
7,decoder,go up,14885945,1,0.998,6.2082
7,decoder,go up,14885945,1,1.0,13.9604
7,decoder,go up,14885945,1,1.0,11.8834
7,decoder,go up,14885945,1,0.9994,7.4835
7,decoder,go up,14885945,1,1.0,13.7996
7,decoder,go up,14885945,1,1.0,16.2767
7,decoder,go up,14885945,1,1.0,14.4615
7,decoder,picked up,35329217,0,0.272,-0.9843
7,decoder,picked up,35329217,1,0.9984,6.446
7,decoder,picked up,35329217,1,0.98,3.8924
7,decoder,picked up,35329217,1,0.9999,9.8951
7,decoder,picked up,35329217,1,0.9337,2.6442
7,decoder,picked up,35329217,1,0.9995,7.6327
7,decoder,picked up,35329217,1,0.9845,4.1512
7,decoder,picked up,35329217,0,0.0467,-3.0167
7,decoder,picked up,35329217,1,0.9983,6.3543
7,decoder,picked up,35329217,1,0.9996,7.7485
7,decoder,picked up,35329217,1,0.6396,0.5738
7,decoder,picked up,35329217,1,0.9665,3.3629
7,decoder,picked up,35329217,1,0.9812,3.9536
7,decoder,picked up,35329217,1,0.9668,3.3706
7,decoder,picked up,35329217,1,0.9917,4.7872
7,decoder,picked up,35329217,1,0.9575,3.1137
7,decoder,picked up,35329217,0,0.4653,-0.1392
7,decoder,picked up,35329217,1,0.9997,8.0383
7,decoder,picked up,35329217,1,0.9978,6.1002
7,decoder,picked up,35329217,1,0.915,2.3763
7,decoder,show up,26201459,1,0.9979,6.1418
7,decoder,show up,26201459,1,0.9761,3.7094
7,decoder,show up,26201459,1,0.5846,0.3417
7,decoder,show up,26201459,1,1.0,10.2488
7,decoder,show up,26201459,1,1.0,11.2378
7,decoder,show up,26201459,1,0.9888,4.4847
7,decoder,show up,26201459,1,0.9999,9.8708
7,decoder,show up,26201459,1,0.9935,5.0356
7,decoder,show up,26201459,1,1.0,11.5125
7,decoder,show up,26201459,1,0.9999,9.8173
7,decoder,show up,26201459,1,0.9656,3.334
7,decoder,show up,26201459,1,0.9559,3.0756
7,decoder,show up,26201459,1,0.9999,9.2005
7,decoder,show up,26201459,1,0.9977,6.0752
7,decoder,show up,26201459,1,0.9957,5.4507
7,decoder,show up,26201459,1,0.9913,4.7346
7,decoder,show up,26201459,1,0.9546,3.0468
7,decoder,show up,26201459,1,0.998,6.1985
7,decoder,show up,26201459,1,0.9998,8.5024
7,decoder,show up,26201459,1,1.0,10.7923
7,decoder,give up,26969854,1,0.8815,2.0066
7,decoder,give up,26969854,1,0.968,3.4104
7,decoder,give up,26969854,1,0.7716,1.2174
7,decoder,give up,26969854,1,0.9858,4.2428
7,decoder,give up,26969854,1,0.9992,7.1945
7,decoder,give up,26969854,1,0.9996,7.8303
7,decoder,give up,26969854,1,0.9999,9.6395
7,decoder,give up,26969854,1,0.9989,6.7734
7,decoder,give up,26969854,1,1.0,10.4689
7,decoder,give up,26969854,1,0.9935,5.0316
7,decoder,give up,26969854,0,0.4866,-0.0535
7,decoder,give up,26969854,1,0.9992,7.1865
7,decoder,give up,26969854,1,0.9724,3.563
7,decoder,give up,26969854,1,0.9612,3.2105
7,decoder,give up,26969854,1,1.0,9.9085
7,decoder,give up,26969854,1,1.0,11.2519
7,decoder,give up,26969854,1,0.9594,3.1613
7,decoder,give up,26969854,1,1.0,10.2848
7,decoder,give up,26969854,1,0.9997,8.1604
7,decoder,give up,26969854,1,0.9891,4.5115
7,decoder,get up,16607830,1,1.0,13.6024
7,decoder,get up,16607830,1,1.0,12.3085
7,decoder,get up,16607830,1,1.0,16.9356
7,decoder,get up,16607830,1,1.0,18.355
7,decoder,get up,16607830,1,0.9997,8.0142
7,decoder,get up,16607830,1,1.0,13.5445
7,decoder,get up,16607830,1,0.9996,7.7609
7,decoder,get up,16607830,1,0.9959,5.4832
7,decoder,get up,16607830,1,1.0,10.1874
7,decoder,get up,16607830,1,1.0,12.4239
7,decoder,get up,16607830,1,0.9949,5.2701
7,decoder,get up,16607830,1,1.0,13.5002
7,decoder,get up,16607830,1,1.0,11.974
7,decoder,get up,16607830,1,0.9999,9.0808
7,decoder,get up,16607830,1,0.9999,9.8765
7,decoder,get up,16607830,1,1.0,10.837
7,decoder,get up,16607830,1,1.0,13.9481
7,decoder,get up,16607830,1,1.0,11.8712
7,decoder,get up,16607830,1,1.0,12.9299
7,decoder,get up,16607830,1,0.9996,7.8533
7,decoder,growing up,15594252,1,0.9978,6.1264
7,decoder,growing up,15594252,1,1.0,12.7767
7,decoder,growing up,15594252,1,0.9972,5.8673
7,decoder,growing up,15594252,1,0.9958,5.4577
7,decoder,growing up,15594252,1,0.9997,8.0578
7,decoder,growing up,15594252,1,1.0,10.9211
7,decoder,growing up,15594252,1,1.0,12.7227
7,decoder,growing up,15594252,1,0.9997,8.0685
7,decoder,growing up,15594252,1,0.9945,5.1918
7,decoder,growing up,15594252,1,0.9998,8.6977
7,decoder,growing up,15594252,1,0.9985,6.5079
7,decoder,growing up,15594252,1,0.9996,7.7702
7,decoder,growing up,15594252,1,0.9993,7.2275
7,decoder,growing up,15594252,1,0.9989,6.785
7,decoder,growing up,15594252,1,0.9987,6.6646
7,decoder,growing up,15594252,1,1.0,11.491
7,decoder,growing up,15594252,1,0.997,5.7972
7,decoder,growing up,15594252,1,1.0,12.8289
7,decoder,growing up,15594252,1,0.9577,3.1197
7,decoder,growing up,15594252,1,0.9987,6.6794
7,decoder,open up,16790767,1,0.9997,8.2033
7,decoder,open up,16790767,1,1.0,10.3915
7,decoder,open up,16790767,1,1.0,11.4101
7,decoder,open up,16790767,1,0.9995,7.668
7,decoder,open up,16790767,1,1.0,10.3091
7,decoder,open up,16790767,1,0.9998,8.6519
7,decoder,open up,16790767,1,1.0,13.8756
7,decoder,open up,16790767,1,0.9981,6.2546
7,decoder,open up,16790767,1,1.0,10.7494
7,decoder,open up,16790767,1,1.0,11.5924
7,decoder,open up,16790767,1,1.0,15.3062
7,decoder,open up,16790767,1,0.9999,9.2421
7,decoder,open up,16790767,1,0.9999,9.7974
7,decoder,open up,16790767,1,0.9996,7.9218
7,decoder,open up,16790767,1,0.9985,6.475
7,decoder,open up,16790767,1,1.0,11.3744
7,decoder,open up,16790767,1,1.0,9.9403
7,decoder,open up,16790767,1,1.0,12.2116
7,decoder,open up,16790767,1,1.0,13.969
7,decoder,open up,16790767,1,1.0,15.0751
7,decoder,wake up,18775631,1,0.9999,9.8709
7,decoder,wake up,18775631,1,0.9998,8.7492
7,decoder,wake up,18775631,1,0.997,5.7965
7,decoder,wake up,18775631,1,1.0,11.5966
7,decoder,wake up,18775631,1,0.6938,0.8178
7,decoder,wake up,18775631,1,1.0,10.5231
7,decoder,wake up,18775631,1,0.713,0.9099
7,decoder,wake up,18775631,1,0.9999,9.1237
7,decoder,wake up,18775631,1,0.9999,8.9765
7,decoder,wake up,18775631,1,0.9999,9.6534
7,decoder,wake up,18775631,1,1.0,13.5462
7,decoder,wake up,18775631,1,0.9999,9.6203
7,decoder,wake up,18775631,1,1.0,11.2406
7,decoder,wake up,18775631,1,0.9999,8.8712
7,decoder,wake up,18775631,1,0.9999,9.8821
7,decoder,wake up,18775631,1,0.8609,1.8225
7,decoder,wake up,18775631,1,1.0,10.4153
7,decoder,wake up,18775631,1,0.9488,2.9203
7,decoder,wake up,18775631,1,0.9995,7.5058
7,decoder,wake up,18775631,1,0.9999,9.8597
7,decoder,make up,31755825,1,1.0,12.0014
7,decoder,make up,31755825,1,0.9999,9.3739
7,decoder,make up,31755825,1,1.0,10.1522
7,decoder,make up,31755825,1,0.998,6.215
7,decoder,make up,31755825,1,0.9973,5.9263
7,decoder,make up,31755825,1,1.0,16.2609
7,decoder,make up,31755825,1,1.0,11.8081
7,decoder,make up,31755825,1,1.0,10.1081
7,decoder,make up,31755825,1,1.0,16.3181
7,decoder,make up,31755825,1,0.9535,3.0211
7,decoder,make up,31755825,1,0.9997,7.9673
7,decoder,make up,31755825,1,1.0,13.4182
7,decoder,make up,31755825,1,1.0,10.0252
7,decoder,make up,31755825,1,0.965,3.3178
7,decoder,make up,31755825,1,0.9975,5.9717
7,decoder,make up,31755825,1,0.9998,8.7519
7,decoder,make up,31755825,1,1.0,10.7968
7,decoder,make up,31755825,1,1.0,12.5403
7,decoder,make up,31755825,1,0.9999,9.643
7,decoder,make up,31755825,1,0.9998,8.3663
7,decoder,looked up,8070131,1,0.995,5.2978
7,decoder,looked up,8070131,1,0.9982,6.316
7,decoder,looked up,8070131,1,0.9932,4.9871
7,decoder,looked up,8070131,1,0.9938,5.0806
7,decoder,looked up,8070131,1,1.0,16.5921
7,decoder,looked up,8070131,1,0.9805,3.916
7,decoder,looked up,8070131,1,1.0,10.9826
7,decoder,looked up,8070131,1,0.9999,8.8477
7,decoder,looked up,8070131,1,0.9999,9.7737
7,decoder,looked up,8070131,1,1.0,12.6205
7,decoder,looked up,8070131,1,0.9928,4.9327
7,decoder,looked up,8070131,1,0.9933,5.0027
7,decoder,looked up,8070131,1,0.9972,5.8928
7,decoder,looked up,8070131,1,0.9995,7.6035
7,decoder,looked up,8070131,1,0.9998,8.4178
7,decoder,looked up,8070131,1,0.9995,7.6468
7,decoder,looked up,8070131,1,0.9996,7.7767
7,decoder,looked up,8070131,1,0.9991,7.052
7,decoder,looked up,8070131,1,0.9999,9.7532
7,decoder,looked up,8070131,1,0.9998,8.4936
7,decoder,went up,7824522,1,0.9925,4.8857
7,decoder,went up,7824522,1,1.0,12.0911
7,decoder,went up,7824522,1,1.0,10.5988
7,decoder,went up,7824522,1,1.0,15.864
7,decoder,went up,7824522,1,0.9949,5.2792
7,decoder,went up,7824522,1,1.0,12.5535
7,decoder,went up,7824522,1,0.9993,7.2865
7,decoder,went up,7824522,1,1.0,11.6757
7,decoder,went up,7824522,1,0.9999,9.0887
7,decoder,went up,7824522,1,1.0,13.6876
7,decoder,went up,7824522,1,1.0,11.5952
7,decoder,went up,7824522,1,0.9999,9.3292
7,decoder,went up,7824522,1,0.9992,7.1103
7,decoder,went up,7824522,1,1.0,15.1253
7,decoder,went up,7824522,1,1.0,13.3118
7,decoder,went up,7824522,1,1.0,15.6558
7,decoder,went up,7824522,1,0.9996,7.7735
7,decoder,went up,7824522,1,0.9991,7.0148
7,decoder,went up,7824522,1,1.0,14.3258
7,decoder,went up,7824522,1,0.9999,9.7793
7,decoder,put up,18339481,1,1.0,11.6303
7,decoder,put up,18339481,1,1.0,14.6794
7,decoder,put up,18339481,1,0.9998,8.5354
7,decoder,put up,18339481,1,0.9996,7.8712
7,decoder,put up,18339481,1,1.0,12.8479
7,decoder,put up,18339481,1,1.0,10.6092
7,decoder,put up,18339481,1,1.0,20.6404
7,decoder,put up,18339481,1,1.0,12.7409
7,decoder,put up,18339481,1,1.0,15.1165
7,decoder,put up,18339481,1,0.9999,9.0675
7,decoder,put up,18339481,1,1.0,11.5105
7,decoder,put up,18339481,1,1.0,10.7719
7,decoder,put up,18339481,1,0.9997,8.0989
7,decoder,put up,18339481,1,0.9993,7.259
7,decoder,put up,18339481,1,1.0,13.8565
7,decoder,put up,18339481,1,1.0,10.8219
7,decoder,put up,18339481,1,0.9965,5.6441
7,decoder,put up,18339481,1,1.0,10.9324
7,decoder,put up,18339481,1,0.9999,9.5105
7,decoder,put up,18339481,1,0.9976,6.0507
7,decoder,brought up,9457116,1,0.9999,9.3218
7,decoder,brought up,9457116,1,0.9977,6.0651
7,decoder,brought up,9457116,1,1.0,12.647
7,decoder,brought up,9457116,1,0.9998,8.7337
7,decoder,brought up,9457116,1,0.9999,9.6983
7,decoder,brought up,9457116,1,0.9971,5.8284
7,decoder,brought up,9457116,1,0.9292,2.5746
7,decoder,brought up,9457116,1,1.0,11.8029
7,decoder,brought up,9457116,1,0.9985,6.4963
7,decoder,brought up,9457116,1,0.9996,7.8192
7,decoder,brought up,9457116,1,1.0,12.6077
7,decoder,brought up,9457116,1,0.9985,6.5051
7,decoder,brought up,9457116,1,0.9993,7.3052
7,decoder,brought up,9457116,1,1.0,11.6199
7,decoder,brought up,9457116,1,0.9866,4.2954
7,decoder,brought up,9457116,1,0.9973,5.9268
7,decoder,brought up,9457116,1,1.0,12.1967
7,decoder,brought up,9457116,1,1.0,12.7978
7,decoder,brought up,9457116,1,1.0,12.4251
7,decoder,brought up,9457116,1,0.9999,9.7953
7,decoder,stand up,13437753,1,0.9999,8.9213
7,decoder,stand up,13437753,1,0.9908,4.6815
7,decoder,stand up,13437753,1,0.9985,6.4816
7,decoder,stand up,13437753,1,0.9953,5.3465
7,decoder,stand up,13437753,1,1.0,10.342
7,decoder,stand up,13437753,1,1.0,14.8162
7,decoder,stand up,13437753,1,1.0,11.9343
7,decoder,stand up,13437753,1,0.9997,8.1289
7,decoder,stand up,13437753,1,0.9953,5.3535
7,decoder,stand up,13437753,1,0.9997,8.1304
7,decoder,stand up,13437753,1,1.0,14.133
7,decoder,stand up,13437753,1,0.9996,7.7588
7,decoder,stand up,13437753,1,0.9999,9.3333
7,decoder,stand up,13437753,1,0.9995,7.5877
7,decoder,stand up,13437753,0,0.4617,-0.1535
7,decoder,stand up,13437753,1,0.998,6.2238
7,decoder,stand up,13437753,1,0.9932,4.9829
7,decoder,stand up,13437753,1,0.984,4.1201
7,decoder,stand up,13437753,1,0.9965,5.6451
7,decoder,stand up,13437753,1,0.9886,4.46
7,decoder,look up,11355995,1,1.0,11.139
7,decoder,look up,11355995,1,1.0,13.1498
7,decoder,look up,11355995,1,0.9977,6.0826
7,decoder,look up,11355995,1,0.987,4.3285
7,decoder,look up,11355995,1,0.9999,9.8556
7,decoder,look up,11355995,1,1.0,9.9444
7,decoder,look up,11355995,1,0.9996,7.7692
7,decoder,look up,11355995,1,1.0,15.3094
7,decoder,look up,11355995,1,1.0,13.3591
7,decoder,look up,11355995,1,0.9995,7.5966
7,decoder,look up,11355995,1,1.0,10.7906
7,decoder,look up,11355995,1,0.9966,5.6697
7,decoder,look up,11355995,1,0.9998,8.3848
7,decoder,look up,11355995,1,0.9999,9.517
7,decoder,look up,11355995,1,1.0,11.5053
7,decoder,look up,11355995,1,0.9957,5.4551
7,decoder,look up,11355995,1,0.9997,8.2335
7,decoder,look up,11355995,1,0.9999,9.55
7,decoder,look up,11355995,1,0.9996,7.9203
7,decoder,look up,11355995,1,0.9997,8.0041
7,decoder,got up,7071719,1,0.9999,9.2301
7,decoder,got up,7071719,1,1.0,12.8602
7,decoder,got up,7071719,1,0.9998,8.5873
7,decoder,got up,7071719,1,0.9993,7.1992
7,decoder,got up,7071719,1,1.0,10.2009
7,decoder,got up,7071719,1,0.9999,9.0938
7,decoder,got up,7071719,1,1.0,10.7849
7,decoder,got up,7071719,1,0.9998,8.739
7,decoder,got up,7071719,1,0.9999,9.0122
7,decoder,got up,7071719,1,0.9997,8.2682
7,decoder,got up,7071719,1,0.9975,5.9751
7,decoder,got up,7071719,1,0.9976,6.0394
7,decoder,got up,7071719,1,0.9999,9.1512
7,decoder,got up,7071719,1,1.0,14.3961
7,decoder,got up,7071719,1,1.0,11.8917
7,decoder,got up,7071719,1,1.0,10.1279
7,decoder,got up,7071719,1,0.9999,9.1665
7,decoder,got up,7071719,1,0.8293,1.5807
7,decoder,got up,7071719,1,0.9994,7.4356
7,decoder,got up,7071719,1,0.9999,8.8603
7,decoder,sign up,29467592,1,1.0,10.4064
7,decoder,sign up,29467592,1,0.9997,8.1531
7,decoder,sign up,29467592,1,1.0,11.0519
7,decoder,sign up,29467592,1,1.0,11.2318
7,decoder,sign up,29467592,1,0.9998,8.763
7,decoder,sign up,29467592,1,1.0,11.1312
7,decoder,sign up,29467592,1,1.0,12.9804
7,decoder,sign up,29467592,1,0.9999,8.9676
7,decoder,sign up,29467592,1,1.0,12.2952
7,decoder,sign up,29467592,1,0.9999,9.419
7,decoder,sign up,29467592,1,1.0,10.8724
7,decoder,sign up,29467592,1,1.0,11.7536
7,decoder,sign up,29467592,1,1.0,12.9729
7,decoder,sign up,29467592,1,1.0,12.2663
7,decoder,sign up,29467592,1,1.0,11.6717
7,decoder,sign up,29467592,1,0.9999,9.7618
7,decoder,sign up,29467592,1,1.0,11.4836
7,decoder,sign up,29467592,1,1.0,13.1365
7,decoder,sign up,29467592,1,0.9998,8.7189
7,decoder,sign up,29467592,1,1.0,9.9246
7,decoder,going up,7625872,1,1.0,19.2959
7,decoder,going up,7625872,1,1.0,14.3886
7,decoder,going up,7625872,1,1.0,10.8192
7,decoder,going up,7625872,1,1.0,9.96
7,decoder,going up,7625872,1,1.0,10.2336
7,decoder,going up,7625872,1,1.0,12.786
7,decoder,going up,7625872,1,1.0,12.769
7,decoder,going up,7625872,1,1.0,11.1533
7,decoder,going up,7625872,1,0.9996,7.8167
7,decoder,going up,7625872,1,1.0,10.3161
7,decoder,going up,7625872,1,0.9918,4.7909
7,decoder,going up,7625872,1,0.9999,8.8597
7,decoder,going up,7625872,1,0.9999,9.243
7,decoder,going up,7625872,1,1.0,11.5847
7,decoder,going up,7625872,1,0.9999,9.5806
7,decoder,going up,7625872,1,1.0,12.7169
7,decoder,going up,7625872,1,1.0,14.0899
7,decoder,going up,7625872,1,1.0,13.1387
7,decoder,going up,7625872,1,1.0,10.0997
7,decoder,going up,7625872,1,0.9911,4.7125
7,decoder,grow up,10576653,1,0.9998,8.6627
7,decoder,grow up,10576653,1,0.9962,5.5577
7,decoder,grow up,10576653,1,0.9715,3.5292
7,decoder,grow up,10576653,1,0.9991,6.9842
7,decoder,grow up,10576653,1,0.9736,3.609
7,decoder,grow up,10576653,1,1.0,9.9207
7,decoder,grow up,10576653,1,0.9999,9.132
7,decoder,grow up,10576653,1,0.9104,2.318
7,decoder,grow up,10576653,1,0.7438,1.0658
7,decoder,grow up,10576653,1,0.9872,4.3454
7,decoder,grow up,10576653,0,0.485,-0.0601
7,decoder,grow up,10576653,1,0.7307,0.9979
7,decoder,grow up,10576653,1,1.0,11.9937
7,decoder,grow up,10576653,1,0.94,2.7523
7,decoder,grow up,10576653,0,0.4627,-0.1494
7,decoder,grow up,10576653,1,0.9876,4.3759
7,decoder,grow up,10576653,1,0.9999,9.5393
7,decoder,grow up,10576653,1,1.0,12.7353
7,decoder,grow up,10576653,1,1.0,11.7056
7,decoder,grow up,10576653,1,1.0,11.9391
7,decoder,stood up,6145494,1,0.9693,3.4519
7,decoder,stood up,6145494,1,1.0,10.0519
7,decoder,stood up,6145494,1,0.9923,4.8654
7,decoder,stood up,6145494,1,0.9072,2.2799
7,decoder,stood up,6145494,1,0.9955,5.4034
7,decoder,stood up,6145494,1,1.0,12.4119
7,decoder,stood up,6145494,0,0.4457,-0.2179
7,decoder,stood up,6145494,1,1.0,10.6772
7,decoder,stood up,6145494,1,1.0,13.5561
7,decoder,stood up,6145494,1,0.9984,6.4386
7,decoder,stood up,6145494,1,0.9999,9.3155
7,decoder,stood up,6145494,1,0.998,6.1955
7,decoder,stood up,6145494,1,1.0,12.2295
7,decoder,stood up,6145494,1,0.9992,7.1204
7,decoder,stood up,6145494,1,0.9697,3.4659
7,decoder,stood up,6145494,1,0.9968,5.7272
7,decoder,stood up,6145494,1,0.9997,8.1283
7,decoder,stood up,6145494,1,1.0,11.3201
7,decoder,stood up,6145494,0,0.4517,-0.1937
7,decoder,stood up,6145494,1,0.7089,0.8898
7,decoder,keep up,23237695,1,1.0,13.119
7,decoder,keep up,23237695,1,1.0,10.3253
7,decoder,keep up,23237695,1,0.9191,2.43
7,decoder,keep up,23237695,1,1.0,11.9998
7,decoder,keep up,23237695,1,1.0,9.9611
7,decoder,keep up,23237695,1,0.9984,6.42
7,decoder,keep up,23237695,1,0.9995,7.5144
7,decoder,keep up,23237695,1,0.9997,8.2134
7,decoder,keep up,23237695,1,1.0,12.1203
7,decoder,keep up,23237695,1,1.0,10.5483
7,decoder,keep up,23237695,1,0.996,5.5154
7,decoder,keep up,23237695,1,1.0,17.405
7,decoder,keep up,23237695,1,0.9995,7.5751
7,decoder,keep up,23237695,1,1.0,13.8796
7,decoder,keep up,23237695,1,0.9996,7.8926
7,decoder,keep up,23237695,1,0.9997,8.001
7,decoder,keep up,23237695,1,1.0,10.2103
7,decoder,keep up,23237695,1,0.9989,6.7898
7,decoder,keep up,23237695,1,1.0,11.4486
7,decoder,keep up,23237695,1,0.9991,7.019
7,decoder,take up,17947701,1,0.9998,8.5182
7,decoder,take up,17947701,1,1.0,10.4237
7,decoder,take up,17947701,1,1.0,13.0039
7,decoder,take up,17947701,1,0.9994,7.3856
7,decoder,take up,17947701,1,0.5759,0.3062
7,decoder,take up,17947701,1,1.0,12.179
7,decoder,take up,17947701,1,1.0,10.8411
7,decoder,take up,17947701,1,1.0,11.0898
7,decoder,take up,17947701,1,0.9995,7.5909
7,decoder,take up,17947701,1,1.0,14.2672
7,decoder,take up,17947701,1,0.9047,2.2501
7,decoder,take up,17947701,1,0.9999,9.0584
7,decoder,take up,17947701,1,0.9999,9.0188
7,decoder,take up,17947701,1,0.9989,6.8354
7,decoder,take up,17947701,1,0.9999,9.817
7,decoder,take up,17947701,1,0.9998,8.4577
7,decoder,take up,17947701,1,0.9998,8.3169
7,decoder,take up,17947701,1,0.9999,9.7973
7,decoder,take up,17947701,1,0.9337,2.6453
7,decoder,take up,17947701,1,1.0,15.2262
7,decoder,s up,99248,1,1.0,10.5344
7,decoder,s up,99248,1,1.0,11.7917
7,decoder,s up,99248,1,1.0,12.9731
7,decoder,s up,99248,1,1.0,14.0343
7,decoder,s up,99248,1,1.0,10.2349
7,decoder,s up,99248,1,0.9963,5.5954
7,decoder,s up,99248,1,0.9999,9.0029
7,decoder,s up,99248,1,1.0,13.6955
7,decoder,s up,99248,1,1.0,11.256
7,decoder,s up,99248,1,0.9999,9.6136
7,decoder,s up,99248,1,0.9992,7.0846
7,decoder,s up,99248,1,1.0,10.0507
7,decoder,s up,99248,1,1.0,21.4023
7,decoder,s up,99248,1,1.0,11.4372
7,decoder,s up,99248,1,1.0,11.8031
7,decoder,s up,99248,1,1.0,11.2406
7,decoder,s up,99248,1,1.0,10.5164
7,decoder,s up,99248,1,1.0,15.6462
7,decoder,s up,99248,1,1.0,11.7693
7,decoder,s up,99248,1,0.9998,8.6824
7,decoder,comes up,8991560,1,1.0,10.9272
7,decoder,comes up,8991560,1,0.9997,7.9776
7,decoder,comes up,8991560,1,0.9999,9.6958
7,decoder,comes up,8991560,1,0.9998,8.6704
7,decoder,comes up,8991560,1,0.9999,8.8191
7,decoder,comes up,8991560,1,0.9873,4.3503
7,decoder,comes up,8991560,1,0.9992,7.1482
7,decoder,comes up,8991560,1,1.0,12.0038
7,decoder,comes up,8991560,1,1.0,12.0302
7,decoder,comes up,8991560,1,0.9996,7.8037
7,decoder,comes up,8991560,1,0.999,6.9503
7,decoder,comes up,8991560,1,0.9997,8.1372
7,decoder,comes up,8991560,1,0.9998,8.3306
7,decoder,comes up,8991560,1,0.9988,6.7101
7,decoder,comes up,8991560,1,0.9994,7.432
7,decoder,comes up,8991560,1,0.9997,8.2108
7,decoder,comes up,8991560,1,0.9993,7.2985
7,decoder,comes up,8991560,1,1.0,10.7501
7,decoder,comes up,8991560,1,0.9896,4.5573
7,decoder,comes up,8991560,1,1.0,11.8927
7,decoder,ends up,13687125,1,1.0,10.9241
7,decoder,ends up,13687125,1,0.9935,5.0262
7,decoder,ends up,13687125,1,0.5786,0.3171
7,decoder,ends up,13687125,1,0.9971,5.8565
7,decoder,ends up,13687125,1,0.5889,0.3596
7,decoder,ends up,13687125,0,0.3234,-0.738
7,decoder,ends up,13687125,1,0.9999,9.0328
7,decoder,ends up,13687125,1,0.9971,5.8474
7,decoder,ends up,13687125,1,0.9995,7.6723
7,decoder,ends up,13687125,1,0.7398,1.0449
7,decoder,ends up,13687125,1,0.9989,6.8552
7,decoder,ends up,13687125,0,0.3422,-0.6537
7,decoder,ends up,13687125,1,0.9999,8.909
7,decoder,ends up,13687125,1,0.9906,4.6604
7,decoder,ends up,13687125,1,0.8805,1.9972
7,decoder,ends up,13687125,1,0.7932,1.3443
7,decoder,ends up,13687125,1,0.9905,4.6474
7,decoder,ends up,13687125,1,0.512,0.048
7,decoder,ends up,13687125,1,0.9568,3.0981
7,decoder,ends up,13687125,1,1.0,9.9079
7,decoder,caught up,13129869,1,0.9997,8.1891
7,decoder,caught up,13129869,1,0.9751,3.6659
7,decoder,caught up,13129869,1,1.0,13.1185
7,decoder,caught up,13129869,1,1.0,13.5543
7,decoder,caught up,13129869,1,0.9999,9.5962
7,decoder,caught up,13129869,1,0.9225,2.4772
7,decoder,caught up,13129869,1,0.9997,8.2237
7,decoder,caught up,13129869,1,0.9765,3.7267
7,decoder,caught up,13129869,1,0.5287,0.1147
7,decoder,caught up,13129869,1,0.9998,8.5006
7,decoder,caught up,13129869,1,0.9995,7.5771
7,decoder,caught up,13129869,0,0.1938,-1.4253
7,decoder,caught up,13129869,1,0.9999,9.5589
7,decoder,caught up,13129869,1,0.9994,7.3428
7,decoder,caught up,13129869,1,0.9999,9.6764
7,decoder,caught up,13129869,1,0.7667,1.1898
7,decoder,caught up,13129869,0,0.3833,-0.4755
7,decoder,caught up,13129869,1,0.9997,8.2262
7,decoder,caught up,13129869,1,0.9998,8.4874
7,decoder,caught up,13129869,1,0.9997,8.2877
7,decoder,took up,4540898,1,0.9584,3.1369
7,decoder,took up,4540898,1,0.9996,7.8382
7,decoder,took up,4540898,1,1.0,14.0035
7,decoder,took up,4540898,1,1.0,10.7121
7,decoder,took up,4540898,1,0.9999,9.7698
7,decoder,took up,4540898,1,0.9997,8.2709
7,decoder,took up,4540898,1,0.9999,9.3662
7,decoder,took up,4540898,1,1.0,12.1947
7,decoder,took up,4540898,1,1.0,11.3688
7,decoder,took up,4540898,1,0.9805,3.9152
7,decoder,took up,4540898,1,0.9989,6.7703
7,decoder,took up,4540898,1,0.9999,9.2942
7,decoder,took up,4540898,1,0.9999,9.6478
7,decoder,took up,4540898,1,0.9995,7.666
7,decoder,took up,4540898,1,0.9975,6.0045
7,decoder,took up,4540898,1,0.9997,8.2071
7,decoder,took up,4540898,1,0.9999,9.6093
7,decoder,took up,4540898,1,0.9249,2.5115
7,decoder,took up,4540898,1,0.9999,9.3001
7,decoder,took up,4540898,1,0.9998,8.7991
7,decoder,bring up,6887239,1,0.9971,5.85
7,decoder,bring up,6887239,1,1.0,17.9523
7,decoder,bring up,6887239,1,0.9997,8.2342
7,decoder,bring up,6887239,1,1.0,12.5098
7,decoder,bring up,6887239,1,0.9989,6.8416
7,decoder,bring up,6887239,1,1.0,13.8533
7,decoder,bring up,6887239,1,1.0,11.8464
7,decoder,bring up,6887239,1,1.0,11.3923
7,decoder,bring up,6887239,1,1.0,11.6862
7,decoder,bring up,6887239,1,1.0,11.8571
7,decoder,bring up,6887239,1,1.0,10.3793
7,decoder,bring up,6887239,1,1.0,13.3649
7,decoder,bring up,6887239,1,1.0,11.5978
7,decoder,bring up,6887239,1,1.0,10.915
7,decoder,bring up,6887239,1,1.0,11.0648
7,decoder,bring up,6887239,1,0.9991,6.9722
7,decoder,bring up,6887239,1,0.9991,6.9755
7,decoder,bring up,6887239,1,0.9999,9.4158
7,decoder,bring up,6887239,1,1.0,14.8093
7,decoder,bring up,6887239,1,1.0,10.0393
7,decoder,looking up,4748769,1,1.0,12.7144
7,decoder,looking up,4748769,1,0.9984,6.4397
7,decoder,looking up,4748769,1,0.9999,9.6205
7,decoder,looking up,4748769,1,0.9994,7.4154
7,decoder,looking up,4748769,1,1.0,16.0099
7,decoder,looking up,4748769,1,0.999,6.8892
7,decoder,looking up,4748769,1,0.9998,8.3526
7,decoder,looking up,4748769,1,0.9999,9.2518
7,decoder,looking up,4748769,1,1.0,11.3825
7,decoder,looking up,4748769,1,1.0,11.0765
7,decoder,looking up,4748769,1,0.9999,9.2268
7,decoder,looking up,4748769,1,0.9993,7.2427
7,decoder,looking up,4748769,1,0.9973,5.9159
7,decoder,looking up,4748769,1,0.9998,8.3508
7,decoder,looking up,4748769,1,1.0,10.8356
7,decoder,looking up,4748769,1,1.0,11.0874
7,decoder,looking up,4748769,1,0.998,6.204
7,decoder,looking up,4748769,1,1.0,9.936
7,decoder,looking up,4748769,1,1.0,11.3441
7,decoder,looking up,4748769,1,0.9993,7.2416
7,decoder,setting up,22915551,1,1.0,14.6138
7,decoder,setting up,22915551,1,1.0,13.173
7,decoder,setting up,22915551,1,0.9999,9.7149
7,decoder,setting up,22915551,1,1.0,10.822
7,decoder,setting up,22915551,1,0.9999,8.8576
7,decoder,setting up,22915551,1,0.9997,8.0378
7,decoder,setting up,22915551,1,1.0,10.4334
7,decoder,setting up,22915551,1,1.0,12.0093
7,decoder,setting up,22915551,1,1.0,10.7854
7,decoder,setting up,22915551,1,1.0,12.5248
7,decoder,setting up,22915551,1,1.0,10.8615
7,decoder,setting up,22915551,1,1.0,13.6159
7,decoder,setting up,22915551,1,0.9997,8.1743
7,decoder,setting up,22915551,1,1.0,11.216
7,decoder,setting up,22915551,1,1.0,12.323
7,decoder,setting up,22915551,1,1.0,12.4348
7,decoder,setting up,22915551,1,0.9976,6.034
7,decoder,setting up,22915551,1,0.998,6.1933
7,decoder,setting up,22915551,1,0.9594,3.1621
7,decoder,setting up,22915551,1,0.9994,7.4537
7,decoder,shut up,2471284,1,1.0,13.5999
7,decoder,shut up,2471284,1,0.9998,8.5652
7,decoder,shut up,2471284,1,1.0,11.9695
7,decoder,shut up,2471284,1,0.9996,7.7312
7,decoder,shut up,2471284,1,0.9999,8.9263
7,decoder,shut up,2471284,1,0.9929,4.9413
7,decoder,shut up,2471284,1,0.9997,8.0418
7,decoder,shut up,2471284,1,0.9088,2.2991
7,decoder,shut up,2471284,1,0.987,4.3265
7,decoder,shut up,2471284,1,0.9998,8.622
7,decoder,shut up,2471284,1,0.9917,4.7847
7,decoder,shut up,2471284,1,0.9839,4.115
7,decoder,shut up,2471284,1,1.0,10.1967
7,decoder,shut up,2471284,1,0.995,5.2873
7,decoder,shut up,2471284,1,1.0,13.3714
7,decoder,shut up,2471284,1,0.9999,9.1583
7,decoder,shut up,2471284,1,0.9974,5.9668
7,decoder,shut up,2471284,1,0.9913,4.7307
7,decoder,shut up,2471284,1,0.9979,6.1418
7,decoder,shut up,2471284,1,0.9765,3.7252
7,decoder,woke up,11367625,1,0.9844,4.1463
7,decoder,woke up,11367625,1,0.9991,7.0516
7,decoder,woke up,11367625,1,0.9808,3.9346
7,decoder,woke up,11367625,1,0.9999,9.6105
7,decoder,woke up,11367625,1,0.9998,8.4834
7,decoder,woke up,11367625,1,0.9995,7.6455
7,decoder,woke up,11367625,1,0.9997,8.1985
7,decoder,woke up,11367625,1,0.9999,9.29
7,decoder,woke up,11367625,1,0.9999,8.9911
7,decoder,woke up,11367625,1,0.9554,3.0637
7,decoder,woke up,11367625,1,1.0,10.9879
7,decoder,woke up,11367625,1,0.9988,6.7371
7,decoder,woke up,11367625,1,0.9998,8.6915
7,decoder,woke up,11367625,1,0.9999,8.9119
7,decoder,woke up,11367625,1,0.9714,3.5241
7,decoder,woke up,11367625,1,1.0,10.2122
7,decoder,woke up,11367625,1,1.0,11.1543
7,decoder,woke up,11367625,1,0.9981,6.2547
7,decoder,woke up,11367625,1,1.0,12.6795
7,decoder,woke up,11367625,1,0.9999,9.5892
7,decoder,picking up,13412545,1,0.9996,7.9047
7,decoder,picking up,13412545,1,0.9994,7.4877
7,decoder,picking up,13412545,1,0.988,4.4092
7,decoder,picking up,13412545,1,1.0,10.0709
7,decoder,picking up,13412545,1,0.9987,6.6381
7,decoder,picking up,13412545,1,0.9999,9.1417
7,decoder,picking up,13412545,1,0.9987,6.6657
7,decoder,picking up,13412545,1,0.9793,3.8558
7,decoder,picking up,13412545,1,1.0,10.5728
7,decoder,picking up,13412545,1,0.9938,5.071
7,decoder,picking up,13412545,1,0.9988,6.7175
7,decoder,picking up,13412545,1,0.9945,5.1988
7,decoder,picking up,13412545,1,0.9955,5.4077
7,decoder,picking up,13412545,1,0.9736,3.6062
7,decoder,picking up,13412545,1,0.9747,3.6522
7,decoder,picking up,13412545,1,0.685,0.7766
7,decoder,picking up,13412545,1,1.0,11.0654
7,decoder,picking up,13412545,1,0.9869,4.3185
7,decoder,picking up,13412545,1,1.0,11.1587
7,decoder,picking up,13412545,1,0.9223,2.4735
7,decoder,showed up,11128000,1,0.9801,3.8979
7,decoder,showed up,11128000,1,1.0,13.8647
7,decoder,showed up,11128000,1,1.0,10.1707
7,decoder,showed up,11128000,1,0.9997,7.9792
7,decoder,showed up,11128000,1,0.9835,4.0862
7,decoder,showed up,11128000,1,0.9982,6.3105
7,decoder,showed up,11128000,1,1.0,10.2057
7,decoder,showed up,11128000,1,0.9558,3.0745
7,decoder,showed up,11128000,1,0.9972,5.8607
7,decoder,showed up,11128000,1,0.9648,3.3104
7,decoder,showed up,11128000,1,1.0,10.4779
7,decoder,showed up,11128000,1,0.9997,7.9948
7,decoder,showed up,11128000,1,0.9979,6.1619
7,decoder,showed up,11128000,1,0.9996,7.8601
7,decoder,showed up,11128000,1,1.0,11.1162
7,decoder,showed up,11128000,1,0.9885,4.451
7,decoder,showed up,11128000,1,0.9976,6.02
7,decoder,showed up,11128000,1,0.9819,3.9931
7,decoder,showed up,11128000,1,1.0,12.598
7,decoder,showed up,11128000,1,0.9999,9.2851
7,decoder,catch up,12946536,1,0.9999,8.9239
7,decoder,catch up,12946536,1,1.0,10.3233
7,decoder,catch up,12946536,1,0.9661,3.3496
7,decoder,catch up,12946536,1,0.9973,5.9054
7,decoder,catch up,12946536,1,0.9989,6.8052
7,decoder,catch up,12946536,1,0.9987,6.6633
7,decoder,catch up,12946536,1,0.9963,5.5996
7,decoder,catch up,12946536,1,0.9998,8.3571
7,decoder,catch up,12946536,1,0.9591,3.154
7,decoder,catch up,12946536,1,0.9999,9.336
7,decoder,catch up,12946536,1,1.0,12.455
7,decoder,catch up,12946536,0,0.2917,-0.8871
7,decoder,catch up,12946536,1,1.0,12.1733
7,decoder,catch up,12946536,1,0.9966,5.6857
7,decoder,catch up,12946536,1,0.9999,9.8951
7,decoder,catch up,12946536,1,0.9963,5.6023
7,decoder,catch up,12946536,1,0.7384,1.0377
7,decoder,catch up,12946536,0,0.4181,-0.3304
7,decoder,catch up,12946536,1,1.0,12.1068
7,decoder,catch up,12946536,1,0.9895,4.5481
7,decoder,opened up,10234558,1,1.0,11.2314
7,decoder,opened up,10234558,1,1.0,11.5205
7,decoder,opened up,10234558,1,0.9298,2.5829
7,decoder,opened up,10234558,1,0.9999,9.464
7,decoder,opened up,10234558,1,0.9999,8.8612
7,decoder,opened up,10234558,1,0.9688,3.4358
7,decoder,opened up,10234558,1,0.9999,9.3305
7,decoder,opened up,10234558,1,0.9783,3.8093
7,decoder,opened up,10234558,1,0.9997,8.1213
7,decoder,opened up,10234558,1,0.9992,7.1541
7,decoder,opened up,10234558,1,0.9797,3.8742
7,decoder,opened up,10234558,1,1.0,11.2676
7,decoder,opened up,10234558,1,0.9999,9.247
7,decoder,opened up,10234558,1,1.0,11.0437
7,decoder,opened up,10234558,1,0.998,6.1989
7,decoder,opened up,10234558,1,0.9999,9.6519
7,decoder,opened up,10234558,1,0.9988,6.749
7,decoder,opened up,10234558,1,0.9974,5.9542
7,decoder,opened up,10234558,1,0.9998,8.3131
7,decoder,opened up,10234558,1,1.0,12.4154
7,decoder,build up,14188796,1,1.0,13.0516
7,decoder,build up,14188796,1,1.0,9.953
7,decoder,build up,14188796,1,1.0,10.3856
7,decoder,build up,14188796,1,0.9991,7.0185
7,decoder,build up,14188796,1,1.0,10.4911
7,decoder,build up,14188796,1,1.0,14.3215
7,decoder,build up,14188796,1,0.9994,7.474
7,decoder,build up,14188796,1,0.9999,8.9968
7,decoder,build up,14188796,1,0.9999,9.0495
7,decoder,build up,14188796,1,1.0,12.4793
7,decoder,build up,14188796,1,1.0,10.5563
7,decoder,build up,14188796,1,1.0,12.3346
7,decoder,build up,14188796,1,1.0,12.4574
7,decoder,build up,14188796,1,0.9999,9.3711
7,decoder,build up,14188796,1,1.0,11.2932
7,decoder,build up,14188796,1,1.0,13.4951
7,decoder,build up,14188796,1,1.0,12.2125
7,decoder,build up,14188796,1,1.0,13.6197
7,decoder,build up,14188796,1,0.9998,8.3723
7,decoder,build up,14188796,1,1.0,11.2598
7,decoder,grown up,6689161,1,0.9843,4.1353
7,decoder,grown up,6689161,1,0.9733,3.595
7,decoder,grown up,6689161,1,1.0,10.9174
7,decoder,grown up,6689161,1,1.0,10.0183
7,decoder,grown up,6689161,0,0.2508,-1.0943
7,decoder,grown up,6689161,1,1.0,12.2046
7,decoder,grown up,6689161,1,0.9999,9.7342
7,decoder,grown up,6689161,1,0.768,1.1972
7,decoder,grown up,6689161,1,0.9935,5.0306
7,decoder,grown up,6689161,1,0.9996,7.7247
7,decoder,grown up,6689161,1,0.9832,4.0692
7,decoder,grown up,6689161,0,0.4993,-0.0029
7,decoder,grown up,6689161,1,0.9996,7.8248
7,decoder,grown up,6689161,1,0.9504,2.9535
7,decoder,grown up,6689161,1,1.0,11.0818
7,decoder,grown up,6689161,1,0.728,0.9843
7,decoder,grown up,6689161,1,0.98,3.8936
7,decoder,grown up,6689161,1,0.9996,7.7549
7,decoder,grown up,6689161,1,0.9457,2.8567
7,decoder,grown up,6689161,1,1.0,13.0141
7,decoder,showing up,7124317,1,0.9993,7.2352
7,decoder,showing up,7124317,1,0.8786,1.9789
7,decoder,showing up,7124317,1,0.9999,9.1789
7,decoder,showing up,7124317,1,1.0,11.1953
7,decoder,showing up,7124317,1,0.9993,7.2393
7,decoder,showing up,7124317,1,0.9997,8.0512
7,decoder,showing up,7124317,1,0.9975,5.9877
7,decoder,showing up,7124317,1,0.9969,5.7888
7,decoder,showing up,7124317,1,1.0,11.3034
7,decoder,showing up,7124317,1,0.9726,3.5703
7,decoder,showing up,7124317,1,0.9997,8.1575
7,decoder,showing up,7124317,1,0.9723,3.559
7,decoder,showing up,7124317,1,0.9997,8.1715
7,decoder,showing up,7124317,1,0.9994,7.3576
7,decoder,showing up,7124317,1,0.9949,5.2651
7,decoder,showing up,7124317,1,0.9998,8.4341
7,decoder,showing up,7124317,1,1.0,10.3305
7,decoder,showing up,7124317,1,0.9934,5.0175
7,decoder,showing up,7124317,1,0.9901,4.6068
7,decoder,showing up,7124317,1,0.9996,7.8773
7,decoder,goes up,5238076,1,0.999,6.9429
7,decoder,goes up,5238076,1,0.9834,4.0826
7,decoder,goes up,5238076,1,0.9999,9.5538
7,decoder,goes up,5238076,1,0.9999,9.6972
7,decoder,goes up,5238076,1,1.0,14.3994
7,decoder,goes up,5238076,1,0.9951,5.3228
7,decoder,goes up,5238076,1,0.9991,7.0384
7,decoder,goes up,5238076,1,0.988,4.4104
7,decoder,goes up,5238076,1,0.9938,5.0755
7,decoder,goes up,5238076,1,0.9986,6.5803
7,decoder,goes up,5238076,1,1.0,11.2307
7,decoder,goes up,5238076,1,0.9992,7.1261
7,decoder,goes up,5238076,1,0.9812,3.9532
7,decoder,goes up,5238076,1,1.0,10.4785
7,decoder,goes up,5238076,1,0.9999,9.7197
7,decoder,goes up,5238076,1,0.9999,8.8631
7,decoder,goes up,5238076,1,1.0,14.548
7,decoder,goes up,5238076,1,0.9993,7.3149
7,decoder,goes up,5238076,1,1.0,12.9389
7,decoder,goes up,5238076,1,1.0,11.3924
7,decoder,gave up,11141137,1,0.9999,9.5254
7,decoder,gave up,11141137,1,0.9996,7.7966
7,decoder,gave up,11141137,1,1.0,11.39
7,decoder,gave up,11141137,1,0.9802,3.901
7,decoder,gave up,11141137,1,0.9784,3.8147
7,decoder,gave up,11141137,1,1.0,10.325
7,decoder,gave up,11141137,1,0.9999,9.1161
7,decoder,gave up,11141137,1,0.9992,7.1193
7,decoder,gave up,11141137,1,0.8897,2.0879
7,decoder,gave up,11141137,1,1.0,11.4524
7,decoder,gave up,11141137,1,1.0,10.3499
7,decoder,gave up,11141137,1,0.9464,2.8719
7,decoder,gave up,11141137,1,0.9508,2.9608
7,decoder,gave up,11141137,1,1.0,10.7482
7,decoder,gave up,11141137,1,0.9999,9.9
7,decoder,gave up,11141137,1,1.0,10.6174
7,decoder,gave up,11141137,1,0.9999,8.9589
7,decoder,gave up,11141137,1,1.0,10.5331
7,decoder,gave up,11141137,1,0.9655,3.3324
7,decoder,gave up,11141137,1,0.9999,9.211
7,decoder,taken up,5656957,1,1.0,11.897
7,decoder,taken up,5656957,1,0.9999,9.4783
7,decoder,taken up,5656957,1,0.9993,7.2087
7,decoder,taken up,5656957,1,1.0,10.8414
7,decoder,taken up,5656957,1,0.9997,8.0881
7,decoder,taken up,5656957,1,0.9994,7.4045
7,decoder,taken up,5656957,1,0.8375,1.6401
7,decoder,taken up,5656957,1,0.9992,7.0786
7,decoder,taken up,5656957,1,1.0,11.6406
7,decoder,taken up,5656957,1,1.0,10.9329
7,decoder,taken up,5656957,1,0.9856,4.2244
7,decoder,taken up,5656957,1,0.9956,5.4115
7,decoder,taken up,5656957,1,0.9968,5.7401
7,decoder,taken up,5656957,1,1.0,10.0889
7,decoder,taken up,5656957,1,0.9999,9.5427
7,decoder,taken up,5656957,1,0.9946,5.2113
7,decoder,taken up,5656957,1,0.9691,3.4473
7,decoder,taken up,5656957,1,0.9891,4.5063
7,decoder,taken up,5656957,1,1.0,12.1725
7,decoder,taken up,5656957,1,1.0,10.8375
7,decoder,given up,6553729,1,0.9979,6.1581
7,decoder,given up,6553729,1,0.9956,5.4105
7,decoder,given up,6553729,1,1.0,11.4956
7,decoder,given up,6553729,1,1.0,15.4144
7,decoder,given up,6553729,1,0.6974,0.835
7,decoder,given up,6553729,1,0.9889,4.4917
7,decoder,given up,6553729,1,0.9998,8.636
7,decoder,given up,6553729,1,1.0,10.5057
7,decoder,given up,6553729,1,0.9929,4.9437
7,decoder,given up,6553729,1,0.9999,9.5048
7,decoder,given up,6553729,1,0.9999,9.7831
7,decoder,given up,6553729,1,0.9727,3.5734
7,decoder,given up,6553729,1,1.0,12.4389
7,decoder,given up,6553729,1,0.9991,7.0556
7,decoder,given up,6553729,0,0.4386,-0.2469
7,decoder,given up,6553729,1,0.9986,6.5497
7,decoder,given up,6553729,1,0.9065,2.272
7,decoder,given up,6553729,1,0.999,6.8905
7,decoder,given up,6553729,1,1.0,14.3437
7,decoder,given up,6553729,1,0.9994,7.348
7,decoder,follow up,12900203,1,1.0,12.0326
7,decoder,follow up,12900203,1,1.0,9.9482
7,decoder,follow up,12900203,1,1.0,11.2483
7,decoder,follow up,12900203,1,0.9987,6.6264
7,decoder,follow up,12900203,1,0.9902,4.6174
7,decoder,follow up,12900203,1,1.0,10.6226
7,decoder,follow up,12900203,1,0.9996,7.8536
7,decoder,follow up,12900203,1,0.999,6.9031
7,decoder,follow up,12900203,1,1.0,11.668
7,decoder,follow up,12900203,1,1.0,10.0647
7,decoder,follow up,12900203,1,0.9919,4.8044
7,decoder,follow up,12900203,1,0.999,6.9321
7,decoder,follow up,12900203,1,1.0,13.895
7,decoder,follow up,12900203,1,1.0,10.1471
7,decoder,follow up,12900203,1,0.9999,9.4542
7,decoder,follow up,12900203,1,1.0,12.7321
7,decoder,follow up,12900203,1,0.9975,5.9751
7,decoder,follow up,12900203,1,1.0,11.2799
7,decoder,follow up,12900203,1,0.9999,9.515
7,decoder,follow up,12900203,1,0.9966,5.6816
7,decoder,held up,4752270,1,0.9982,6.3339
7,decoder,held up,4752270,1,1.0,11.6418
7,decoder,held up,4752270,1,0.9996,7.809
7,decoder,held up,4752270,1,0.9996,7.7887
7,decoder,held up,4752270,1,0.9744,3.6393
7,decoder,held up,4752270,1,0.9999,9.8484
7,decoder,held up,4752270,1,0.9984,6.4408
7,decoder,held up,4752270,1,0.9997,8.2367
7,decoder,held up,4752270,1,0.9991,7.0158
7,decoder,held up,4752270,1,0.9884,4.4415
7,decoder,held up,4752270,1,0.9994,7.4704
7,decoder,held up,4752270,1,1.0,11.835
7,decoder,held up,4752270,1,0.9996,7.7687
7,decoder,held up,4752270,1,0.9999,9.5178
7,decoder,held up,4752270,1,0.9946,5.2212
7,decoder,held up,4752270,1,0.9999,9.8719
7,decoder,held up,4752270,1,0.7925,1.3401
7,decoder,held up,4752270,1,0.97,3.4761
7,decoder,held up,4752270,1,0.9999,8.862
7,decoder,held up,4752270,1,0.9975,5.9884
7,decoder,shows up,8518939,1,1.0,12.3057
7,decoder,shows up,8518939,1,0.8653,1.8596
7,decoder,shows up,8518939,1,0.9526,3.0012
7,decoder,shows up,8518939,1,0.6985,0.8402
7,decoder,shows up,8518939,1,0.9983,6.3801
7,decoder,shows up,8518939,1,1.0,10.5847
7,decoder,shows up,8518939,1,0.9999,8.8817
7,decoder,shows up,8518939,1,0.9854,4.2117
7,decoder,shows up,8518939,1,0.9995,7.5616
7,decoder,shows up,8518939,1,0.9419,2.7865
7,decoder,shows up,8518939,1,0.998,6.1961
7,decoder,shows up,8518939,1,0.9217,2.4658
7,decoder,shows up,8518939,1,0.9999,9.2619
7,decoder,shows up,8518939,1,0.9985,6.483
7,decoder,shows up,8518939,1,0.9999,9.7027
7,decoder,shows up,8518939,1,0.9888,4.4778
7,decoder,shows up,8518939,1,0.9973,5.9266
7,decoder,shows up,8518939,1,0.9886,4.4632
7,decoder,shows up,8518939,1,1.0,10.3023
7,decoder,shows up,8518939,1,0.9999,8.8602
7,decoder,standing up,4122471,1,1.0,13.4621
7,decoder,standing up,4122471,1,0.9989,6.7911
7,decoder,standing up,4122471,1,0.9999,9.3515
7,decoder,standing up,4122471,1,0.9994,7.3469
7,decoder,standing up,4122471,1,0.9996,7.748
7,decoder,standing up,4122471,1,0.9958,5.4739
7,decoder,standing up,4122471,1,1.0,13.8616
7,decoder,standing up,4122471,1,0.9998,8.5392
7,decoder,standing up,4122471,1,0.9981,6.28
7,decoder,standing up,4122471,1,0.976,3.7066
7,decoder,standing up,4122471,1,1.0,13.8749
7,decoder,standing up,4122471,1,0.9999,8.9873
7,decoder,standing up,4122471,1,0.9973,5.9108
7,decoder,standing up,4122471,1,0.9691,3.4453
7,decoder,standing up,4122471,1,0.9906,4.6581
7,decoder,standing up,4122471,1,1.0,10.1989
7,decoder,standing up,4122471,1,0.9986,6.5993
7,decoder,standing up,4122471,1,0.9921,4.8315
7,decoder,standing up,4122471,1,1.0,14.1793
7,decoder,standing up,4122471,1,0.9997,8.0936
7,decoder,signed up,10300966,1,1.0,9.908
7,decoder,signed up,10300966,1,0.9999,9.2917
7,decoder,signed up,10300966,1,1.0,12.0339
7,decoder,signed up,10300966,1,0.9999,9.5285
7,decoder,signed up,10300966,1,1.0,11.9532
7,decoder,signed up,10300966,1,0.9999,9.4332
7,decoder,signed up,10300966,1,1.0,12.0279
7,decoder,signed up,10300966,1,1.0,11.0127
7,decoder,signed up,10300966,1,1.0,13.4028
7,decoder,signed up,10300966,1,0.9999,9.3082
7,decoder,signed up,10300966,1,1.0,12.1692
7,decoder,signed up,10300966,1,1.0,11.5644
7,decoder,signed up,10300966,1,0.9999,9.2933
7,decoder,signed up,10300966,1,0.9999,9.3453
7,decoder,signed up,10300966,1,0.9999,9.7022
7,decoder,signed up,10300966,1,1.0,10.6193
7,decoder,signed up,10300966,1,0.9999,9.5986
7,decoder,signed up,10300966,1,1.0,10.4054
7,decoder,signed up,10300966,1,1.0,11.8895
7,decoder,signed up,10300966,1,0.9998,8.5402
7,decoder,sat up,1348490,1,1.0,11.7578
7,decoder,sat up,1348490,1,0.9999,9.4021
7,decoder,sat up,1348490,1,1.0,11.3312
7,decoder,sat up,1348490,1,0.9999,9.3515
7,decoder,sat up,1348490,1,1.0,12.9173
7,decoder,sat up,1348490,1,0.9998,8.5672
7,decoder,sat up,1348490,1,0.9999,9.0648
7,decoder,sat up,1348490,1,0.9975,5.9735
7,decoder,sat up,1348490,1,1.0,11.1714
7,decoder,sat up,1348490,1,0.9996,7.9185
7,decoder,sat up,1348490,1,0.9999,9.6846
7,decoder,sat up,1348490,1,1.0,11.0564
7,decoder,sat up,1348490,1,0.9988,6.7156
7,decoder,sat up,1348490,1,1.0,11.7023
7,decoder,sat up,1348490,1,0.9997,8.003
7,decoder,sat up,1348490,1,1.0,10.2607
7,decoder,sat up,1348490,1,0.9999,9.4085
7,decoder,sat up,1348490,1,1.0,10.7066
7,decoder,sat up,1348490,1,0.9999,9.3275
7,decoder,sat up,1348490,1,0.9997,8.2884
7,decoder,built up,6919315,1,1.0,10.339
7,decoder,built up,6919315,1,0.9996,7.7514
7,decoder,built up,6919315,1,1.0,16.4461
7,decoder,built up,6919315,1,0.9969,5.7652
7,decoder,built up,6919315,1,1.0,15.4155
7,decoder,built up,6919315,1,1.0,12.1255
7,decoder,built up,6919315,1,0.9969,5.7848
7,decoder,built up,6919315,1,0.9996,7.7817
7,decoder,built up,6919315,1,0.9998,8.5289
7,decoder,built up,6919315,1,1.0,12.9034
7,decoder,built up,6919315,1,1.0,12.5659
7,decoder,built up,6919315,1,1.0,17.3864
7,decoder,built up,6919315,1,0.9967,5.7203
7,decoder,built up,6919315,1,0.9976,6.021
7,decoder,built up,6919315,1,0.9999,9.7143
7,decoder,built up,6919315,1,0.9994,7.3655
7,decoder,built up,6919315,1,0.9994,7.3923
7,decoder,built up,6919315,1,0.9998,8.3201
7,decoder,built up,6919315,1,1.0,14.5803
7,decoder,built up,6919315,1,0.9999,9.4912
7,decoder,turned up,4700467,1,0.9999,8.9019
7,decoder,turned up,4700467,1,0.9993,7.314
7,decoder,turned up,4700467,1,0.9855,4.2225
7,decoder,turned up,4700467,1,0.9997,8.0088
7,decoder,turned up,4700467,1,1.0,12.2865
7,decoder,turned up,4700467,1,0.9999,9.1314
7,decoder,turned up,4700467,1,1.0,10.4403
7,decoder,turned up,4700467,1,0.9998,8.3246
7,decoder,turned up,4700467,1,1.0,13.3954
7,decoder,turned up,4700467,0,0.3416,-0.6562
7,decoder,turned up,4700467,1,0.9958,5.4576
7,decoder,turned up,4700467,1,0.9998,8.7139
7,decoder,turned up,4700467,1,1.0,12.1219
7,decoder,turned up,4700467,1,0.9995,7.6678
7,decoder,turned up,4700467,1,0.9999,9.5282
7,decoder,turned up,4700467,1,0.9976,6.0329
7,decoder,turned up,4700467,1,0.9966,5.6751
7,decoder,turned up,4700467,1,0.9994,7.4772
7,decoder,turned up,4700467,1,1.0,10.9342
7,decoder,turned up,4700467,1,0.966,3.3461
7,decoder,opening up,6687480,1,0.9959,5.503
7,decoder,opening up,6687480,1,1.0,10.9722
7,decoder,opening up,6687480,1,0.9997,8.1424
7,decoder,opening up,6687480,1,1.0,14.9877
7,decoder,opening up,6687480,1,1.0,10.74
7,decoder,opening up,6687480,1,0.9968,5.7546
7,decoder,opening up,6687480,1,0.9988,6.7429
7,decoder,opening up,6687480,1,0.9999,9.5727
7,decoder,opening up,6687480,1,1.0,12.6457
7,decoder,opening up,6687480,1,1.0,9.9359
7,decoder,opening up,6687480,1,0.9989,6.7745
7,decoder,opening up,6687480,1,0.9874,4.3653
7,decoder,opening up,6687480,1,1.0,13.8082
7,decoder,opening up,6687480,1,0.9999,9.1318
7,decoder,opening up,6687480,1,1.0,11.7166
7,decoder,opening up,6687480,1,1.0,13.0512
7,decoder,opening up,6687480,1,1.0,12.8804
7,decoder,opening up,6687480,1,1.0,10.175
7,decoder,opening up,6687480,1,1.0,10.115
7,decoder,opening up,6687480,1,1.0,12.0703
7,decoder,wound up,4146313,1,0.8108,1.4553
7,decoder,wound up,4146313,1,1.0,15.9868
7,decoder,wound up,4146313,1,0.9998,8.3037
7,decoder,wound up,4146313,1,0.7269,0.979
7,decoder,wound up,4146313,1,1.0,10.6647
7,decoder,wound up,4146313,1,0.9998,8.4804
7,decoder,wound up,4146313,1,0.9918,4.7967
7,decoder,wound up,4146313,1,0.996,5.5053
7,decoder,wound up,4146313,1,1.0,12.4466
7,decoder,wound up,4146313,1,0.6124,0.4573
7,decoder,wound up,4146313,1,0.992,4.8233
7,decoder,wound up,4146313,1,0.9991,7.0215
7,decoder,wound up,4146313,1,1.0,10.0637
7,decoder,wound up,4146313,1,0.9999,9.6482
7,decoder,wound up,4146313,1,0.9984,6.4224
7,decoder,wound up,4146313,1,0.9962,5.575
7,decoder,wound up,4146313,1,0.9999,8.9092
7,decoder,wound up,4146313,1,0.8539,1.7657
7,decoder,wound up,4146313,1,1.0,14.3369
7,decoder,wound up,4146313,1,0.9919,4.8028
7,decoder,locked up,3364969,1,0.9956,5.4133
7,decoder,locked up,3364969,1,0.8421,1.6739
7,decoder,locked up,3364969,1,1.0,11.0217
7,decoder,locked up,3364969,1,0.5327,0.131
7,decoder,locked up,3364969,1,0.9996,7.7632
7,decoder,locked up,3364969,1,0.9719,3.5438
7,decoder,locked up,3364969,1,0.9724,3.5621
7,decoder,locked up,3364969,1,0.7615,1.1611
7,decoder,locked up,3364969,1,1.0,10.1549
7,decoder,locked up,3364969,1,0.8646,1.8537
7,decoder,locked up,3364969,0,0.018,-3.9978
7,decoder,locked up,3364969,1,0.9939,5.0907
7,decoder,locked up,3364969,1,0.9999,8.9597
7,decoder,locked up,3364969,1,0.5459,0.1841
7,decoder,locked up,3364969,1,0.9967,5.6993
7,decoder,locked up,3364969,1,0.9986,6.5571
7,decoder,locked up,3364969,1,0.8167,1.4945
7,decoder,locked up,3364969,1,0.6947,0.8222
7,decoder,locked up,3364969,0,0.4288,-0.2866
7,decoder,locked up,3364969,1,0.9987,6.6792
7,decoder,giving up,9505204,1,0.9995,7.5093
7,decoder,giving up,9505204,1,0.9862,4.2662
7,decoder,giving up,9505204,1,0.9894,4.537
7,decoder,giving up,9505204,1,0.9992,7.11
7,decoder,giving up,9505204,1,1.0,12.1371
7,decoder,giving up,9505204,1,0.9982,6.2932
7,decoder,giving up,9505204,1,0.9985,6.4727
7,decoder,giving up,9505204,1,1.0,11.9016
7,decoder,giving up,9505204,1,0.9988,6.7152
7,decoder,giving up,9505204,1,0.9986,6.5753
7,decoder,giving up,9505204,1,1.0,11.2527
7,decoder,giving up,9505204,1,0.9997,7.983
7,decoder,giving up,9505204,1,0.9985,6.4688
7,decoder,giving up,9505204,1,0.9993,7.2653
7,decoder,giving up,9505204,1,0.9999,8.9216
7,decoder,giving up,9505204,1,0.9999,9.3985
7,decoder,giving up,9505204,1,0.9246,2.506
7,decoder,giving up,9505204,1,0.9998,8.4033
7,decoder,giving up,9505204,1,0.9972,5.8838
7,decoder,giving up,9505204,1,0.9513,2.9719
7,decoder,turn up,5009908,1,0.993,4.9533
7,decoder,turn up,5009908,1,0.9996,7.9455
7,decoder,turn up,5009908,1,1.0,11.5172
7,decoder,turn up,5009908,1,0.9999,9.8166
7,decoder,turn up,5009908,1,1.0,12.4743
7,decoder,turn up,5009908,1,0.9966,5.6835
7,decoder,turn up,5009908,1,1.0,12.3778
7,decoder,turn up,5009908,1,0.9999,9.3717
7,decoder,turn up,5009908,1,0.9984,6.4642
7,decoder,turn up,5009908,1,1.0,13.6922
7,decoder,turn up,5009908,1,1.0,13.8379
7,decoder,turn up,5009908,1,1.0,13.4424
7,decoder,turn up,5009908,1,1.0,16.3787
7,decoder,turn up,5009908,1,1.0,12.4502
7,decoder,turn up,5009908,1,0.9998,8.3572
7,decoder,turn up,5009908,1,1.0,11.7791
7,decoder,turn up,5009908,1,0.9901,4.6065
7,decoder,turn up,5009908,1,0.9903,4.6219
7,decoder,turn up,5009908,1,1.0,12.3385
7,decoder,turn up,5009908,1,0.9999,8.8251
7,decoder,re up,21807,1,0.9999,9.4587
7,decoder,re up,21807,1,1.0,18.5754
7,decoder,re up,21807,1,1.0,11.5948
7,decoder,re up,21807,1,0.9999,8.8466
7,decoder,re up,21807,1,1.0,13.02
7,decoder,re up,21807,1,1.0,17.4776
7,decoder,re up,21807,1,1.0,15.8816
7,decoder,re up,21807,1,1.0,9.9416
7,decoder,re up,21807,1,0.9999,9.876
7,decoder,re up,21807,1,1.0,19.3854
7,decoder,re up,21807,1,1.0,14.6041
7,decoder,re up,21807,1,1.0,12.0199
7,decoder,re up,21807,1,1.0,21.235
7,decoder,re up,21807,1,1.0,11.5317
7,decoder,re up,21807,1,1.0,17.3273
7,decoder,re up,21807,1,0.9928,4.9303
7,decoder,re up,21807,1,1.0,12.5505
7,decoder,re up,21807,1,1.0,11.0132
7,decoder,re up,21807,1,1.0,14.8785
7,decoder,re up,21807,1,1.0,14.4316
7,decoder,break up,7359582,1,0.9998,8.7595
7,decoder,break up,7359582,1,1.0,11.9485
7,decoder,break up,7359582,1,0.9969,5.7766
7,decoder,break up,7359582,1,0.9999,9.5451
7,decoder,break up,7359582,1,0.9994,7.4691
7,decoder,break up,7359582,1,1.0,13.4082
7,decoder,break up,7359582,1,0.9982,6.3007
7,decoder,break up,7359582,1,0.9999,9.3853
7,decoder,break up,7359582,1,0.9999,9.6439
7,decoder,break up,7359582,1,0.9999,9.2148
7,decoder,break up,7359582,1,1.0,11.4474
7,decoder,break up,7359582,1,0.9954,5.3783
7,decoder,break up,7359582,1,1.0,10.8839
7,decoder,break up,7359582,1,0.9981,6.2838
7,decoder,break up,7359582,1,0.9998,8.7027
7,decoder,break up,7359582,1,1.0,13.7723
7,decoder,break up,7359582,1,1.0,10.3404
7,decoder,break up,7359582,1,1.0,11.2616
7,decoder,break up,7359582,1,1.0,10.9466
7,decoder,break up,7359582,1,0.9982,6.3227
7,decoder,hold up,6275256,1,0.892,2.1111
7,decoder,hold up,6275256,1,0.9995,7.5319
7,decoder,hold up,6275256,1,1.0,12.5923
7,decoder,hold up,6275256,1,1.0,15.633
7,decoder,hold up,6275256,1,1.0,10.0499
7,decoder,hold up,6275256,1,1.0,11.5314
7,decoder,hold up,6275256,1,1.0,10.6253
7,decoder,hold up,6275256,1,0.9972,5.8667
7,decoder,hold up,6275256,1,0.9674,3.3914
7,decoder,hold up,6275256,1,0.8833,2.0239
7,decoder,hold up,6275256,1,0.8965,2.1592
7,decoder,hold up,6275256,1,0.9636,3.2749
7,decoder,hold up,6275256,1,0.9999,9.4372
7,decoder,hold up,6275256,1,0.8823,2.0142
7,decoder,hold up,6275256,1,1.0,11.1053
7,decoder,hold up,6275256,1,0.9568,3.0981
7,decoder,hold up,6275256,1,0.9998,8.5805
7,decoder,hold up,6275256,1,1.0,10.9476
7,decoder,hold up,6275256,1,0.9999,9.0005
7,decoder,hold up,6275256,1,1.0,10.1934
7,decoder,add up,7598054,1,1.0,16.1253
7,decoder,add up,7598054,1,1.0,10.9904
7,decoder,add up,7598054,1,1.0,11.9837
7,decoder,add up,7598054,1,0.9999,9.0713
7,decoder,add up,7598054,1,0.9993,7.2236
7,decoder,add up,7598054,1,1.0,13.7853
7,decoder,add up,7598054,1,1.0,17.2128
7,decoder,add up,7598054,1,0.9328,2.6301
7,decoder,add up,7598054,1,0.9998,8.6364
7,decoder,add up,7598054,1,1.0,10.6894
7,decoder,add up,7598054,1,0.9791,3.8447
7,decoder,add up,7598054,1,0.9999,9.788
7,decoder,add up,7598054,1,0.9999,9.2028
7,decoder,add up,7598054,1,0.9938,5.0818
7,decoder,add up,7598054,1,1.0,11.064
7,decoder,add up,7598054,1,1.0,12.3064
7,decoder,add up,7598054,1,0.9996,7.8509
7,decoder,add up,7598054,1,1.0,9.915
7,decoder,add up,7598054,1,1.0,14.4476
7,decoder,add up,7598054,1,1.0,14.1389
7,decoder,gone up,2907797,1,0.9846,4.1602
7,decoder,gone up,2907797,1,0.9901,4.6054
7,decoder,gone up,2907797,1,0.9996,7.7532
7,decoder,gone up,2907797,1,0.9997,8.082
7,decoder,gone up,2907797,1,0.9999,9.4123
7,decoder,gone up,2907797,1,1.0,10.3055
7,decoder,gone up,2907797,1,1.0,10.573
7,decoder,gone up,2907797,1,0.9992,7.1848
7,decoder,gone up,2907797,1,0.9996,7.8751
7,decoder,gone up,2907797,1,0.9973,5.894
7,decoder,gone up,2907797,1,0.9999,9.0507
7,decoder,gone up,2907797,1,1.0,14.5587
7,decoder,gone up,2907797,1,1.0,10.9956
7,decoder,gone up,2907797,1,0.9984,6.4153
7,decoder,gone up,2907797,1,0.9995,7.6883
7,decoder,gone up,2907797,1,1.0,14.0899
7,decoder,gone up,2907797,1,0.9891,4.5121
7,decoder,gone up,2907797,1,1.0,12.0303
7,decoder,gone up,2907797,1,0.9984,6.4088
7,decoder,gone up,2907797,1,1.0,11.6152
7,decoder,called up,2302870,1,1.0,12.1034
7,decoder,called up,2302870,1,0.9989,6.7755
7,decoder,called up,2302870,1,0.9999,9.6599
7,decoder,called up,2302870,1,0.9976,6.0104
7,decoder,called up,2302870,1,1.0,11.7188
7,decoder,called up,2302870,1,1.0,10.4602
7,decoder,called up,2302870,1,0.9999,9.6903
7,decoder,called up,2302870,1,1.0,11.0075
7,decoder,called up,2302870,1,0.9998,8.3734
7,decoder,called up,2302870,1,1.0,10.0239
7,decoder,called up,2302870,1,1.0,10.5571
7,decoder,called up,2302870,1,0.9998,8.7836
7,decoder,called up,2302870,1,1.0,11.5076
7,decoder,called up,2302870,1,0.9995,7.5082
7,decoder,called up,2302870,1,1.0,14.0121
7,decoder,called up,2302870,1,0.9983,6.3733
7,decoder,called up,2302870,1,0.9999,9.8412
7,decoder,called up,2302870,1,1.0,10.4388
7,decoder,called up,2302870,1,1.0,11.7002
7,decoder,called up,2302870,1,0.9999,9.8568
7,decoder,getting up,3957240,1,1.0,11.1782
7,decoder,getting up,3957240,1,1.0,11.681
7,decoder,getting up,3957240,1,1.0,10.5032
7,decoder,getting up,3957240,1,1.0,15.2703
7,decoder,getting up,3957240,1,0.9999,9.4433
7,decoder,getting up,3957240,1,1.0,12.4434
7,decoder,getting up,3957240,1,1.0,14.586
7,decoder,getting up,3957240,1,1.0,12.6849
7,decoder,getting up,3957240,1,0.9999,9.4336
7,decoder,getting up,3957240,1,1.0,10.1315
7,decoder,getting up,3957240,1,0.9996,7.7891
7,decoder,getting up,3957240,1,0.9999,8.9424
7,decoder,getting up,3957240,1,0.999,6.8813
7,decoder,getting up,3957240,1,0.9998,8.6431
7,decoder,getting up,3957240,1,1.0,13.6371
7,decoder,getting up,3957240,1,1.0,10.1034
7,decoder,getting up,3957240,1,1.0,10.387
7,decoder,getting up,3957240,1,0.9988,6.7312
7,decoder,getting up,3957240,1,1.0,10.4675
7,decoder,getting up,3957240,1,1.0,11.988
7,decoder,sit up,1719314,1,0.8782,1.9759
7,decoder,sit up,1719314,1,1.0,10.846
7,decoder,sit up,1719314,1,0.9957,5.4492
7,decoder,sit up,1719314,1,0.9999,9.7554
7,decoder,sit up,1719314,1,0.7292,0.9905
7,decoder,sit up,1719314,1,0.9999,9.0735
7,decoder,sit up,1719314,1,0.8738,1.935
7,decoder,sit up,1719314,1,0.9992,7.1855
7,decoder,sit up,1719314,1,0.9953,5.3614
7,decoder,sit up,1719314,1,0.9895,4.5478
7,decoder,sit up,1719314,1,0.6541,0.6372
7,decoder,sit up,1719314,1,0.6453,0.5986
7,decoder,sit up,1719314,1,0.9705,3.4938
7,decoder,sit up,1719314,1,0.9547,3.049
7,decoder,sit up,1719314,1,0.558,0.2332
7,decoder,sit up,1719314,1,0.9999,9.4077
7,decoder,sit up,1719314,1,0.9996,7.9442
7,decoder,sit up,1719314,1,0.9191,2.43
7,decoder,sit up,1719314,1,0.859,1.807
7,decoder,sit up,1719314,1,1.0,10.1998
7,decoder,pull up,3239621,1,1.0,9.9668
7,decoder,pull up,3239621,1,0.9551,3.0579
7,decoder,pull up,3239621,1,0.9997,8.0565
7,decoder,pull up,3239621,1,1.0,10.3
7,decoder,pull up,3239621,1,0.9993,7.2158
7,decoder,pull up,3239621,1,0.9998,8.3058
7,decoder,pull up,3239621,1,0.9998,8.5344
7,decoder,pull up,3239621,1,0.9995,7.534
7,decoder,pull up,3239621,1,0.9975,5.9923
7,decoder,pull up,3239621,1,0.994,5.1046
7,decoder,pull up,3239621,1,1.0,10.2044
7,decoder,pull up,3239621,1,0.9998,8.7812
7,decoder,pull up,3239621,1,1.0,11.7692
7,decoder,pull up,3239621,1,0.9999,9.4177
7,decoder,pull up,3239621,1,0.9965,5.6418
7,decoder,pull up,3239621,1,0.9993,7.3346
7,decoder,pull up,3239621,1,0.9993,7.3118
7,decoder,pull up,3239621,1,1.0,10.2319
7,decoder,pull up,3239621,1,0.996,5.5176
7,decoder,pull up,3239621,1,0.9999,9.7293
7,decoder,opens up,6537090,1,0.9998,8.6037
7,decoder,opens up,6537090,1,0.9998,8.6226
7,decoder,opens up,6537090,1,0.9997,8.2696
7,decoder,opens up,6537090,1,0.9997,8.1913
7,decoder,opens up,6537090,1,1.0,10.5164
7,decoder,opens up,6537090,1,0.7033,0.863
7,decoder,opens up,6537090,1,1.0,10.9063
7,decoder,opens up,6537090,1,0.9999,9.0918
7,decoder,opens up,6537090,1,1.0,13.0745
7,decoder,opens up,6537090,1,0.9986,6.5698
7,decoder,opens up,6537090,1,0.9998,8.5333
7,decoder,opens up,6537090,1,0.9999,9.4299
7,decoder,opens up,6537090,1,0.9999,9.62
7,decoder,opens up,6537090,1,0.9956,5.4324
7,decoder,opens up,6537090,1,0.9999,9.7103
7,decoder,opens up,6537090,1,0.9679,3.4076
7,decoder,opens up,6537090,1,0.9996,7.9114
7,decoder,opens up,6537090,1,0.9999,9.6036
7,decoder,opens up,6537090,1,0.9988,6.7128
7,decoder,opens up,6537090,1,1.0,10.9333
7,decoder,rose up,979364,1,0.9986,6.5589
7,decoder,rose up,979364,1,0.9997,8.1098
7,decoder,rose up,979364,1,0.9997,8.172
7,decoder,rose up,979364,1,0.9999,8.8243
7,decoder,rose up,979364,1,0.9958,5.4678
7,decoder,rose up,979364,1,0.9998,8.5584
7,decoder,rose up,979364,1,0.7956,1.3591
7,decoder,rose up,979364,1,0.9994,7.3405
7,decoder,rose up,979364,1,0.9996,7.7444
7,decoder,rose up,979364,1,0.9978,6.1336
7,decoder,rose up,979364,1,0.9882,4.4286
7,decoder,rose up,979364,1,0.9998,8.6337
7,decoder,rose up,979364,1,0.9976,6.029
7,decoder,rose up,979364,1,0.9883,4.4348
7,decoder,rose up,979364,1,0.9997,7.962
7,decoder,rose up,979364,1,0.9995,7.5081
7,decoder,rose up,979364,1,0.969,3.4435
7,decoder,rose up,979364,1,1.0,10.6187
7,decoder,rose up,979364,1,1.0,10.8036
7,decoder,rose up,979364,1,0.6983,0.8391
7,decoder,lined up,6822063,1,0.9302,2.5903
7,decoder,lined up,6822063,1,0.9976,6.0392
7,decoder,lined up,6822063,1,0.9828,4.0433
7,decoder,lined up,6822063,1,0.9815,3.9691
7,decoder,lined up,6822063,1,0.9082,2.2913
7,decoder,lined up,6822063,1,0.9988,6.7656
7,decoder,lined up,6822063,1,0.9015,2.2136
7,decoder,lined up,6822063,1,0.9868,4.3118
7,decoder,lined up,6822063,1,0.9997,8.1502
7,decoder,lined up,6822063,1,0.596,0.389
7,decoder,lined up,6822063,1,0.9996,7.8711
7,decoder,lined up,6822063,1,1.0,10.8962
7,decoder,lined up,6822063,1,0.9979,6.1423
7,decoder,lined up,6822063,1,0.9995,7.6497
7,decoder,lined up,6822063,1,0.9995,7.5436
7,decoder,lined up,6822063,1,0.9261,2.5281
7,decoder,lined up,6822063,1,0.9998,8.4183
7,decoder,lined up,6822063,1,0.9774,3.7658
7,decoder,lined up,6822063,0,0.0451,-3.0527
7,decoder,lined up,6822063,1,0.9987,6.6567
7,decoder,walked up,2392910,1,0.9999,8.9434
7,decoder,walked up,2392910,1,1.0,12.2369
7,decoder,walked up,2392910,1,0.9998,8.5525
7,decoder,walked up,2392910,1,1.0,13.4927
7,decoder,walked up,2392910,1,1.0,10.5025
7,decoder,walked up,2392910,1,0.9995,7.6296
7,decoder,walked up,2392910,1,1.0,12.1323
7,decoder,walked up,2392910,1,0.9978,6.1076
7,decoder,walked up,2392910,1,1.0,10.2482
7,decoder,walked up,2392910,1,0.9925,4.8902
7,decoder,walked up,2392910,1,0.9967,5.7127
7,decoder,walked up,2392910,1,0.9981,6.2666
7,decoder,walked up,2392910,1,1.0,14.2963
7,decoder,walked up,2392910,1,0.9999,9.6393
7,decoder,walked up,2392910,1,0.9956,5.4147
7,decoder,walked up,2392910,1,1.0,11.5845
7,decoder,walked up,2392910,1,1.0,12.8191
7,decoder,walked up,2392910,1,1.0,14.9154
7,decoder,walked up,2392910,1,0.9999,9.8908
7,decoder,walked up,2392910,1,1.0,13.8122
7,decoder,wrap up,3410427,1,0.9867,4.3081
7,decoder,wrap up,3410427,1,0.9992,7.1375
7,decoder,wrap up,3410427,1,0.9957,5.4377
7,decoder,wrap up,3410427,1,0.9998,8.7025
7,decoder,wrap up,3410427,1,1.0,11.8297
7,decoder,wrap up,3410427,1,0.9999,9.5456
7,decoder,wrap up,3410427,1,0.9951,5.3165
7,decoder,wrap up,3410427,1,0.9999,9.6066
7,decoder,wrap up,3410427,1,0.8237,1.5415
7,decoder,wrap up,3410427,1,0.9502,2.9481
7,decoder,wrap up,3410427,1,1.0,11.731
7,decoder,wrap up,3410427,1,0.8371,1.6365
7,decoder,wrap up,3410427,1,0.9979,6.1655
7,decoder,wrap up,3410427,1,0.9994,7.3999
7,decoder,wrap up,3410427,1,0.9835,4.0877
7,decoder,wrap up,3410427,1,0.9977,6.0873
7,decoder,wrap up,3410427,1,0.9999,9.3101
7,decoder,wrap up,3410427,1,0.9984,6.426
7,decoder,wrap up,3410427,1,0.9999,9.5699
7,decoder,wrap up,3410427,1,0.9998,8.3034
7,decoder,clean up,12109268,1,0.9999,9.6683
7,decoder,clean up,12109268,1,0.9998,8.6965
7,decoder,clean up,12109268,1,1.0,10.9421
7,decoder,clean up,12109268,1,1.0,10.5329
7,decoder,clean up,12109268,1,1.0,11.3376
7,decoder,clean up,12109268,1,0.9998,8.5656
7,decoder,clean up,12109268,1,0.9999,9.4684
7,decoder,clean up,12109268,1,0.9997,8.2614
7,decoder,clean up,12109268,1,0.9998,8.6558
7,decoder,clean up,12109268,1,1.0,10.1875
7,decoder,clean up,12109268,1,1.0,10.8219
7,decoder,clean up,12109268,1,0.9999,9.5851
7,decoder,clean up,12109268,1,0.9998,8.4278
7,decoder,clean up,12109268,1,0.9997,7.996
7,decoder,clean up,12109268,1,0.9974,5.9341
7,decoder,clean up,12109268,1,1.0,9.9192
7,decoder,clean up,12109268,1,1.0,11.8383
7,decoder,clean up,12109268,1,0.9949,5.2721
7,decoder,clean up,12109268,1,0.9998,8.7474
7,decoder,clean up,12109268,1,0.9999,9.7184
7,decoder,pulled up,3080439,1,0.9999,9.8647
7,decoder,pulled up,3080439,1,0.9313,2.6074
7,decoder,pulled up,3080439,1,0.9968,5.7367
7,decoder,pulled up,3080439,1,0.9908,4.6781
7,decoder,pulled up,3080439,1,1.0,12.9024
7,decoder,pulled up,3080439,1,1.0,11.8452
7,decoder,pulled up,3080439,1,0.9999,9.1291
7,decoder,pulled up,3080439,1,1.0,10.1241
7,decoder,pulled up,3080439,1,0.9993,7.2154
7,decoder,pulled up,3080439,1,0.9997,8.2421
7,decoder,pulled up,3080439,1,0.9994,7.4939
7,decoder,pulled up,3080439,1,0.9943,5.1688
7,decoder,pulled up,3080439,1,0.9983,6.3812
7,decoder,pulled up,3080439,1,0.9968,5.7271
7,decoder,pulled up,3080439,1,0.9937,5.0575
7,decoder,pulled up,3080439,1,0.9999,9.6499
7,decoder,pulled up,3080439,1,1.0,10.7706
7,decoder,pulled up,3080439,1,1.0,10.9954
7,decoder,pulled up,3080439,1,0.9997,8.2016
7,decoder,pulled up,3080439,1,0.9997,7.9674
7,decoder,wind up,5600252,1,1.0,9.9881
7,decoder,wind up,5600252,1,0.9997,8.2686
7,decoder,wind up,5600252,1,1.0,13.0274
7,decoder,wind up,5600252,1,0.9999,8.8838
7,decoder,wind up,5600252,1,0.9996,7.8343
7,decoder,wind up,5600252,1,0.9997,8.2545
7,decoder,wind up,5600252,1,0.9289,2.5704
7,decoder,wind up,5600252,1,0.9998,8.7089
7,decoder,wind up,5600252,1,1.0,11.3003
7,decoder,wind up,5600252,1,0.9887,4.4712
7,decoder,wind up,5600252,1,0.9968,5.7269
7,decoder,wind up,5600252,1,0.9989,6.8475
7,decoder,wind up,5600252,1,1.0,10.577
7,decoder,wind up,5600252,1,0.991,4.7053
7,decoder,wind up,5600252,1,0.9984,6.454
7,decoder,wind up,5600252,1,0.9996,7.7537
7,decoder,wind up,5600252,1,0.9983,6.3686
7,decoder,wind up,5600252,1,1.0,13.9046
7,decoder,wind up,5600252,1,0.9999,8.8924
7,decoder,wind up,5600252,1,1.0,11.7721
7,decoder,waking up,6018241,1,0.9339,2.6489
7,decoder,waking up,6018241,1,1.0,10.6782
7,decoder,waking up,6018241,1,0.9999,9.7043
7,decoder,waking up,6018241,1,0.9607,3.1977
7,decoder,waking up,6018241,1,1.0,10.5405
7,decoder,waking up,6018241,1,0.9958,5.4571
7,decoder,waking up,6018241,1,0.9994,7.3482
7,decoder,waking up,6018241,1,0.9996,7.7538
7,decoder,waking up,6018241,1,1.0,10.1267
7,decoder,waking up,6018241,1,0.9645,3.3008
7,decoder,waking up,6018241,1,0.9785,3.8167
7,decoder,waking up,6018241,1,0.999,6.955
7,decoder,waking up,6018241,1,0.9717,3.5363
7,decoder,waking up,6018241,1,0.9875,4.3731
7,decoder,waking up,6018241,1,0.977,3.7503
7,decoder,waking up,6018241,1,0.9996,7.7145
7,decoder,waking up,6018241,1,0.9968,5.7455
7,decoder,waking up,6018241,1,0.9999,9.2993
7,decoder,waking up,6018241,1,0.9997,8.1319
7,decoder,waking up,6018241,1,1.0,11.3667
7,decoder,pop up,7739681,1,0.9948,5.2483
7,decoder,pop up,7739681,1,0.9999,8.9237
7,decoder,pop up,7739681,1,0.9999,8.9437
7,decoder,pop up,7739681,1,0.9857,4.2355
7,decoder,pop up,7739681,1,0.9989,6.8143
7,decoder,pop up,7739681,1,1.0,10.7539
7,decoder,pop up,7739681,1,1.0,9.945
7,decoder,pop up,7739681,1,1.0,11.6842
7,decoder,pop up,7739681,1,0.9946,5.2167
7,decoder,pop up,7739681,1,0.8747,1.9435
7,decoder,pop up,7739681,1,0.7202,0.9453
7,decoder,pop up,7739681,1,1.0,15.5662
7,decoder,pop up,7739681,1,0.9999,9.4353
7,decoder,pop up,7739681,1,0.9999,9.0108
7,decoder,pop up,7739681,1,0.985,4.1866
7,decoder,pop up,7739681,1,0.9923,4.8589
7,decoder,pop up,7739681,1,0.9995,7.5401
7,decoder,pop up,7739681,1,0.9997,8.1631
7,decoder,pop up,7739681,1,0.9998,8.3202
7,decoder,pop up,7739681,1,0.6015,0.4118
7,decoder,taking up,5239952,1,1.0,9.9086
7,decoder,taking up,5239952,1,0.9998,8.4718
7,decoder,taking up,5239952,1,1.0,9.9933
7,decoder,taking up,5239952,1,0.9995,7.5479
7,decoder,taking up,5239952,1,0.9998,8.6166
7,decoder,taking up,5239952,1,1.0,14.2313
7,decoder,taking up,5239952,1,0.992,4.8168
7,decoder,taking up,5239952,1,0.9999,9.5771
7,decoder,taking up,5239952,1,0.999,6.8903
7,decoder,taking up,5239952,1,0.9996,7.7406
7,decoder,taking up,5239952,1,1.0,13.0372
7,decoder,taking up,5239952,1,0.9992,7.1557
7,decoder,taking up,5239952,1,1.0,12.0146
7,decoder,taking up,5239952,1,0.9998,8.5743
7,decoder,taking up,5239952,1,1.0,14.3306
7,decoder,taking up,5239952,1,1.0,10.8076
7,decoder,taking up,5239952,1,0.9995,7.6386
7,decoder,taking up,5239952,1,0.995,5.2936
7,decoder,taking up,5239952,1,1.0,15.4073
7,decoder,taking up,5239952,1,0.9289,2.5693
7,decoder,building up,5393444,1,1.0,14.2979
7,decoder,building up,5393444,1,0.9955,5.398
7,decoder,building up,5393444,1,1.0,13.5246
7,decoder,building up,5393444,1,1.0,10.3798
7,decoder,building up,5393444,1,1.0,16.4133
7,decoder,building up,5393444,1,0.9999,9.7165
7,decoder,building up,5393444,1,1.0,12.2627
7,decoder,building up,5393444,1,1.0,18.3054
7,decoder,building up,5393444,1,1.0,11.9429
7,decoder,building up,5393444,1,1.0,15.5863
7,decoder,building up,5393444,1,0.9999,9.6937
7,decoder,building up,5393444,1,0.9992,7.1065
7,decoder,building up,5393444,1,1.0,11.0325
7,decoder,building up,5393444,1,1.0,14.2666
7,decoder,building up,5393444,1,1.0,14.2208
7,decoder,building up,5393444,1,1.0,15.3059
7,decoder,building up,5393444,1,1.0,10.9932
7,decoder,building up,5393444,1,1.0,13.4027
7,decoder,building up,5393444,1,1.0,12.497
7,decoder,building up,5393444,1,1.0,13.7281
7,decoder,kept up,2808981,1,0.9999,9.4258
7,decoder,kept up,2808981,1,0.9999,9.3853
7,decoder,kept up,2808981,1,0.9883,4.4359
7,decoder,kept up,2808981,1,0.9999,9.8733
7,decoder,kept up,2808981,1,0.9996,7.7416
7,decoder,kept up,2808981,1,0.9284,2.562
7,decoder,kept up,2808981,1,0.9975,6.0075
7,decoder,kept up,2808981,1,0.9999,8.9701
7,decoder,kept up,2808981,1,1.0,13.4932
7,decoder,kept up,2808981,1,1.0,12.4824
7,decoder,kept up,2808981,1,0.9999,9.8521
7,decoder,kept up,2808981,1,0.9999,9.2814
7,decoder,kept up,2808981,1,0.9999,9.3585
7,decoder,kept up,2808981,1,0.9998,8.5804
7,decoder,kept up,2808981,1,1.0,10.4413
7,decoder,kept up,2808981,1,0.9976,6.0406
7,decoder,kept up,2808981,1,0.9995,7.7017
7,decoder,kept up,2808981,1,0.9985,6.4877
7,decoder,kept up,2808981,1,1.0,14.0192
7,decoder,kept up,2808981,1,1.0,10.8736
7,decoder,wrapped up,5553097,1,0.5022,0.0087
7,decoder,wrapped up,5553097,1,0.9514,2.9744
7,decoder,wrapped up,5553097,1,0.9979,6.1405
7,decoder,wrapped up,5553097,1,0.9997,8.2287
7,decoder,wrapped up,5553097,1,0.7936,1.3468
7,decoder,wrapped up,5553097,1,0.5403,0.1614
7,decoder,wrapped up,5553097,1,0.9562,3.0838
7,decoder,wrapped up,5553097,1,0.9993,7.2775
7,decoder,wrapped up,5553097,1,0.9768,3.7414
7,decoder,wrapped up,5553097,1,0.9924,4.8744
7,decoder,wrapped up,5553097,1,0.9993,7.2155
7,decoder,wrapped up,5553097,1,0.7223,0.956
7,decoder,wrapped up,5553097,1,0.9989,6.8341
7,decoder,wrapped up,5553097,0,0.4971,-0.0115
7,decoder,wrapped up,5553097,1,0.9985,6.5325
7,decoder,wrapped up,5553097,1,0.9999,9.4504
7,decoder,wrapped up,5553097,1,0.9999,9.7738
7,decoder,wrapped up,5553097,1,0.9354,2.6727
7,decoder,wrapped up,5553097,1,0.9997,8.1388
7,decoder,wrapped up,5553097,1,0.9839,4.1107
7,decoder,leading up,7688614,1,1.0,11.8731
7,decoder,leading up,7688614,1,1.0,19.2329
7,decoder,leading up,7688614,1,1.0,12.165
7,decoder,leading up,7688614,1,1.0,15.3505
7,decoder,leading up,7688614,1,0.9999,9.1874
7,decoder,leading up,7688614,1,1.0,11.9144
7,decoder,leading up,7688614,1,1.0,17.8719
7,decoder,leading up,7688614,1,1.0,12.9044
7,decoder,leading up,7688614,1,1.0,13.7055
7,decoder,leading up,7688614,1,1.0,17.1465
7,decoder,leading up,7688614,1,1.0,18.9263
7,decoder,leading up,7688614,1,1.0,12.9198
7,decoder,leading up,7688614,1,1.0,15.488
7,decoder,leading up,7688614,1,1.0,9.9881
7,decoder,leading up,7688614,1,1.0,10.208
7,decoder,leading up,7688614,1,1.0,20.5018
7,decoder,leading up,7688614,1,1.0,10.6319
7,decoder,leading up,7688614,1,1.0,16.9466
7,decoder,leading up,7688614,1,1.0,14.1832
7,decoder,leading up,7688614,1,1.0,16.1217
7,decoder,tied up,0,1,1.0,10.7349
7,decoder,tied up,0,1,0.9999,9.8961
7,decoder,tied up,0,1,1.0,10.4932
7,decoder,tied up,0,1,0.9949,5.2809
7,decoder,tied up,0,1,1.0,12.4474
7,decoder,tied up,0,1,1.0,11.1734
7,decoder,tied up,0,1,0.9998,8.3259
7,decoder,tied up,0,1,0.9998,8.4801
7,decoder,tied up,0,1,1.0,10.014
7,decoder,tied up,0,1,0.8813,2.0051
7,decoder,tied up,0,1,0.9777,3.7798
7,decoder,tied up,0,1,1.0,11.2668
7,decoder,tied up,0,1,0.9999,9.1798
7,decoder,tied up,0,1,0.9997,8.132
7,decoder,tied up,0,1,0.9998,8.3942
7,decoder,tied up,0,1,1.0,12.0135
7,decoder,tied up,0,1,1.0,14.0009
7,decoder,tied up,0,1,0.9448,2.8403
7,decoder,tied up,0,1,0.9842,4.1329
7,decoder,tied up,0,1,1.0,11.4783
7,decoder,lift up,1452810,1,0.9981,6.2389
7,decoder,lift up,1452810,1,0.9953,5.3587
7,decoder,lift up,1452810,1,1.0,10.0637
7,decoder,lift up,1452810,1,0.9999,9.3066
7,decoder,lift up,1452810,1,0.999,6.8939
7,decoder,lift up,1452810,1,0.9999,9.402
7,decoder,lift up,1452810,1,0.9999,9.1287
7,decoder,lift up,1452810,1,1.0,11.897
7,decoder,lift up,1452810,1,1.0,10.6199
7,decoder,lift up,1452810,1,0.999,6.8902
7,decoder,lift up,1452810,1,0.9973,5.8979
7,decoder,lift up,1452810,1,0.9999,8.8813
7,decoder,lift up,1452810,1,0.9999,9.5559
7,decoder,lift up,1452810,1,1.0,10.0196
7,decoder,lift up,1452810,1,0.9978,6.1385
7,decoder,lift up,1452810,1,1.0,10.7062
7,decoder,lift up,1452810,1,0.998,6.2346
7,decoder,lift up,1452810,1,0.9999,9.3991
7,decoder,lift up,1452810,1,0.9998,8.323
7,decoder,lift up,1452810,1,0.9991,7.022
7,decoder,messed up,5103811,1,0.772,1.2195
7,decoder,messed up,5103811,1,0.9718,3.5399
7,decoder,messed up,5103811,1,1.0,9.9106
7,decoder,messed up,5103811,1,0.9984,6.4417
7,decoder,messed up,5103811,1,0.9995,7.6758
7,decoder,messed up,5103811,1,1.0,10.1767
7,decoder,messed up,5103811,1,0.9992,7.171
7,decoder,messed up,5103811,1,0.9961,5.5493
7,decoder,messed up,5103811,1,1.0,22.3768
7,decoder,messed up,5103811,1,1.0,11.1073
7,decoder,messed up,5103811,1,0.9964,5.6331
7,decoder,messed up,5103811,1,0.9991,7.0669
7,decoder,messed up,5103811,1,0.9999,9.8341
7,decoder,messed up,5103811,1,0.9951,5.3215
7,decoder,messed up,5103811,1,0.9994,7.4544
7,decoder,messed up,5103811,1,0.9939,5.091
7,decoder,messed up,5103811,1,0.9996,7.7318
7,decoder,messed up,5103811,1,0.6546,0.6392
7,decoder,messed up,5103811,1,0.9904,4.6366
7,decoder,messed up,5103811,1,1.0,10.0968
7,decoder,step up,8791113,1,0.9992,7.0973
7,decoder,step up,8791113,1,0.9984,6.4318
7,decoder,step up,8791113,1,1.0,11.9515
7,decoder,step up,8791113,1,1.0,13.6871
7,decoder,step up,8791113,1,1.0,10.8157
7,decoder,step up,8791113,1,1.0,12.3081
7,decoder,step up,8791113,1,1.0,11.7197
7,decoder,step up,8791113,1,1.0,15.3191
7,decoder,step up,8791113,1,1.0,12.5934
7,decoder,step up,8791113,1,1.0,13.7706
7,decoder,step up,8791113,1,0.9999,9.8991
7,decoder,step up,8791113,1,1.0,12.572
7,decoder,step up,8791113,1,0.9999,9.329
7,decoder,step up,8791113,1,0.9965,5.6561
7,decoder,step up,8791113,1,1.0,10.9489
7,decoder,step up,8791113,1,1.0,15.0834
7,decoder,step up,8791113,1,0.9922,4.8497
7,decoder,step up,8791113,1,1.0,12.1955
7,decoder,step up,8791113,1,1.0,14.6632
7,decoder,step up,8791113,1,1.0,15.2102
7,decoder,sprang up,497955,1,0.9999,8.8059
7,decoder,sprang up,497955,1,1.0,11.4459
7,decoder,sprang up,497955,1,0.9984,6.4141
7,decoder,sprang up,497955,1,1.0,10.0942
7,decoder,sprang up,497955,1,0.9997,8.0746
7,decoder,sprang up,497955,1,1.0,9.927
7,decoder,sprang up,497955,1,0.9154,2.3815
7,decoder,sprang up,497955,1,0.9722,3.5544
7,decoder,sprang up,497955,1,0.9987,6.6744
7,decoder,sprang up,497955,1,1.0,13.9677
7,decoder,sprang up,497955,1,0.9591,3.154
7,decoder,sprang up,497955,0,0.3833,-0.4754
7,decoder,sprang up,497955,1,1.0,12.2179
7,decoder,sprang up,497955,1,0.9999,9.5684
7,decoder,sprang up,497955,1,0.9999,9.0056
7,decoder,sprang up,497955,1,0.9999,9.5891
7,decoder,sprang up,497955,1,0.9983,6.3858
7,decoder,sprang up,497955,1,1.0,10.726
7,decoder,sprang up,497955,1,0.9999,8.8184
7,decoder,sprang up,497955,1,1.0,17.3592
7,decoder,rise up,2317083,1,0.9985,6.4848
7,decoder,rise up,2317083,1,1.0,13.2378
7,decoder,rise up,2317083,1,1.0,13.9343
7,decoder,rise up,2317083,1,0.9991,6.9773
7,decoder,rise up,2317083,1,0.9958,5.4651
7,decoder,rise up,2317083,1,1.0,14.7322
7,decoder,rise up,2317083,1,1.0,12.0038
7,decoder,rise up,2317083,1,0.9999,9.8666
7,decoder,rise up,2317083,1,1.0,14.3707
7,decoder,rise up,2317083,1,0.9793,3.8568
7,decoder,rise up,2317083,1,1.0,14.2632
7,decoder,rise up,2317083,1,1.0,13.2069
7,decoder,rise up,2317083,1,1.0,14.0008
7,decoder,rise up,2317083,1,0.9999,9.0448
7,decoder,rise up,2317083,1,0.9999,9.4596
7,decoder,rise up,2317083,1,0.9996,7.8167
7,decoder,rise up,2317083,1,0.9998,8.7095
7,decoder,rise up,2317083,1,1.0,15.7104
7,decoder,rise up,2317083,1,1.0,11.9744
7,decoder,rise up,2317083,1,0.9999,9.8403
7,decoder,speak up,3292878,1,1.0,13.0813
7,decoder,speak up,3292878,1,0.9995,7.5941
7,decoder,speak up,3292878,1,1.0,13.0422
7,decoder,speak up,3292878,1,1.0,14.9379
7,decoder,speak up,3292878,1,0.9993,7.3334
7,decoder,speak up,3292878,1,0.9997,8.1268
7,decoder,speak up,3292878,1,0.9999,8.8119
7,decoder,speak up,3292878,1,1.0,10.9469
7,decoder,speak up,3292878,1,0.995,5.3033
7,decoder,speak up,3292878,1,0.9999,9.74
7,decoder,speak up,3292878,1,0.9925,4.8816
7,decoder,speak up,3292878,1,1.0,11.2737
7,decoder,speak up,3292878,1,1.0,11.7061
7,decoder,speak up,3292878,1,1.0,10.8148
7,decoder,speak up,3292878,1,1.0,11.3793
7,decoder,speak up,3292878,1,1.0,14.3288
7,decoder,speak up,3292878,1,0.9999,9.7235
7,decoder,speak up,3292878,1,1.0,11.4705
7,decoder,speak up,3292878,1,0.9999,9.4081
7,decoder,speak up,3292878,1,1.0,13.0342
7,decoder,line up,7994536,1,0.6022,0.4148
7,decoder,line up,7994536,1,0.9996,7.7395
7,decoder,line up,7994536,1,0.9969,5.7625
7,decoder,line up,7994536,1,1.0,10.5484
7,decoder,line up,7994536,1,1.0,12.132
7,decoder,line up,7994536,1,0.9269,2.5401
7,decoder,line up,7994536,1,0.9989,6.7669
7,decoder,line up,7994536,1,1.0,9.9195
7,decoder,line up,7994536,1,0.7017,0.8553
7,decoder,line up,7994536,1,0.9997,8.0817
7,decoder,line up,7994536,1,0.9901,4.6046
7,decoder,line up,7994536,1,0.9721,3.5518
7,decoder,line up,7994536,1,0.9956,5.411
7,decoder,line up,7994536,1,0.9989,6.8246
7,decoder,line up,7994536,1,0.9967,5.6981
7,decoder,line up,7994536,1,0.9822,4.0113
7,decoder,line up,7994536,1,0.9998,8.6803
7,decoder,line up,7994536,1,0.9999,9.2823
7,decoder,line up,7994536,1,0.9995,7.5972
7,decoder,line up,7994536,1,0.9992,7.1216
7,decoder,lit up,3384705,1,0.9984,6.4624
7,decoder,lit up,3384705,1,0.9986,6.5581
7,decoder,lit up,3384705,1,0.9998,8.3867
7,decoder,lit up,3384705,1,0.9987,6.6101
7,decoder,lit up,3384705,1,1.0,11.7506
7,decoder,lit up,3384705,1,0.9993,7.2108
7,decoder,lit up,3384705,1,1.0,10.2991
7,decoder,lit up,3384705,1,1.0,14.3261
7,decoder,lit up,3384705,1,1.0,9.9956
7,decoder,lit up,3384705,1,0.9998,8.6249
7,decoder,lit up,3384705,1,1.0,14.3659
7,decoder,lit up,3384705,1,0.9998,8.4133
7,decoder,lit up,3384705,1,1.0,18.9049
7,decoder,lit up,3384705,1,1.0,14.3439
7,decoder,lit up,3384705,1,1.0,10.7548
7,decoder,lit up,3384705,1,0.9995,7.5693
7,decoder,lit up,3384705,1,0.9937,5.0645
7,decoder,lit up,3384705,1,1.0,10.6501
7,decoder,lit up,3384705,1,0.9999,9.2529
7,decoder,lit up,3384705,1,1.0,11.4966
7,decoder,mixed up,2457423,1,1.0,13.3973
7,decoder,mixed up,2457423,1,0.9995,7.5364
7,decoder,mixed up,2457423,1,0.9997,8.1206
7,decoder,mixed up,2457423,1,1.0,11.4373
7,decoder,mixed up,2457423,1,1.0,10.3664
7,decoder,mixed up,2457423,1,1.0,12.0164
7,decoder,mixed up,2457423,1,0.9935,5.0362
7,decoder,mixed up,2457423,1,1.0,10.7312
7,decoder,mixed up,2457423,1,0.9996,7.9232
7,decoder,mixed up,2457423,1,1.0,11.4883
7,decoder,mixed up,2457423,1,0.9996,7.887
7,decoder,mixed up,2457423,1,1.0,11.3906
7,decoder,mixed up,2457423,1,1.0,14.4695
7,decoder,mixed up,2457423,1,0.9998,8.5644
7,decoder,mixed up,2457423,1,0.9992,7.0783
7,decoder,mixed up,2457423,1,0.994,5.1114
7,decoder,mixed up,2457423,1,1.0,10.103
7,decoder,mixed up,2457423,1,0.9977,6.0688
7,decoder,mixed up,2457423,1,1.0,10.1975
7,decoder,mixed up,2457423,1,1.0,10.5913
7,decoder,holding up,2632148,1,0.998,6.2379
7,decoder,holding up,2632148,1,1.0,12.2285
7,decoder,holding up,2632148,1,0.9998,8.4665
7,decoder,holding up,2632148,1,0.9997,8.1399
7,decoder,holding up,2632148,1,0.9999,9.5154
7,decoder,holding up,2632148,1,1.0,11.9532
7,decoder,holding up,2632148,1,0.9962,5.5579
7,decoder,holding up,2632148,1,1.0,11.6238
7,decoder,holding up,2632148,1,0.9998,8.4237
7,decoder,holding up,2632148,1,0.9992,7.0839
7,decoder,holding up,2632148,1,1.0,10.4389
7,decoder,holding up,2632148,1,0.99,4.5944
7,decoder,holding up,2632148,1,0.9998,8.7891
7,decoder,holding up,2632148,1,0.9998,8.7766
7,decoder,holding up,2632148,1,0.9999,9.4844
7,decoder,holding up,2632148,1,1.0,10.9741
7,decoder,holding up,2632148,1,0.9996,7.8778
7,decoder,holding up,2632148,1,1.0,9.9181
7,decoder,holding up,2632148,1,1.0,13.1347
7,decoder,holding up,2632148,1,1.0,12.8749
7,decoder,drawn up,2199132,1,0.9976,6.0411
7,decoder,drawn up,2199132,1,0.9998,8.361
7,decoder,drawn up,2199132,1,1.0,10.671
7,decoder,drawn up,2199132,1,0.9999,9.1966
7,decoder,drawn up,2199132,1,0.9999,8.8085
7,decoder,drawn up,2199132,1,1.0,12.171
7,decoder,drawn up,2199132,1,0.9996,7.8238
7,decoder,drawn up,2199132,1,1.0,10.666
7,decoder,drawn up,2199132,1,1.0,10.9368
7,decoder,drawn up,2199132,1,1.0,11.7422
7,decoder,drawn up,2199132,1,0.9229,2.4818
7,decoder,drawn up,2199132,1,1.0,10.0268
7,decoder,drawn up,2199132,1,1.0,10.4803
7,decoder,drawn up,2199132,1,1.0,11.9851
7,decoder,drawn up,2199132,1,0.9989,6.8505
7,decoder,drawn up,2199132,1,0.9978,6.1391
7,decoder,drawn up,2199132,1,0.9979,6.1578
7,decoder,drawn up,2199132,1,0.9987,6.6189
7,decoder,drawn up,2199132,1,1.0,10.3878
7,decoder,drawn up,2199132,1,0.9978,6.135
7,decoder,broken up,2900305,1,0.9982,6.3282
7,decoder,broken up,2900305,1,0.8808,2.0001
7,decoder,broken up,2900305,1,0.9993,7.2259
7,decoder,broken up,2900305,1,0.9996,7.7957
7,decoder,broken up,2900305,1,0.9999,9.0658
7,decoder,broken up,2900305,1,0.8509,1.7417
7,decoder,broken up,2900305,1,0.6718,0.7166
7,decoder,broken up,2900305,1,0.7004,0.8492
7,decoder,broken up,2900305,1,0.9689,3.4384
7,decoder,broken up,2900305,1,0.9788,3.8311
7,decoder,broken up,2900305,1,0.9938,5.0696
7,decoder,broken up,2900305,1,0.999,6.8582
7,decoder,broken up,2900305,1,1.0,10.6934
7,decoder,broken up,2900305,1,0.9999,9.668
7,decoder,broken up,2900305,1,0.9741,3.6289
7,decoder,broken up,2900305,1,0.9999,9.2778
7,decoder,broken up,2900305,1,0.7684,1.1994
7,decoder,broken up,2900305,1,1.0,10.1701
7,decoder,broken up,2900305,1,0.9539,3.0292
7,decoder,broken up,2900305,1,0.9922,4.8398
7,decoder,broke up,3841527,1,0.9998,8.7469
7,decoder,broke up,3841527,1,0.9859,4.249
7,decoder,broke up,3841527,1,0.9996,7.7716
7,decoder,broke up,3841527,1,0.9992,7.149
7,decoder,broke up,3841527,1,0.9895,4.5471
7,decoder,broke up,3841527,0,0.0764,-2.4919
7,decoder,broke up,3841527,1,0.621,0.4938
7,decoder,broke up,3841527,1,0.9999,9.8204
7,decoder,broke up,3841527,1,0.9524,2.9951
7,decoder,broke up,3841527,1,0.9996,7.7823
7,decoder,broke up,3841527,1,1.0,10.0006
7,decoder,broke up,3841527,1,0.975,3.6619
7,decoder,broke up,3841527,1,0.9994,7.3955
7,decoder,broke up,3841527,1,1.0,10.2881
7,decoder,broke up,3841527,0,0.0189,-3.9482
7,decoder,broke up,3841527,1,0.9997,8.1025
7,decoder,broke up,3841527,1,0.9991,6.9906
7,decoder,broke up,3841527,1,1.0,10.4064
7,decoder,broke up,3841527,1,0.9997,8.0397
7,decoder,broke up,3841527,0,0.2862,-0.9139
7,decoder,picks up,5320969,1,0.9997,8.1856
7,decoder,picks up,5320969,1,0.9991,6.9671
7,decoder,picks up,5320969,1,0.9995,7.6661
7,decoder,picks up,5320969,1,0.912,2.3384
7,decoder,picks up,5320969,1,0.7988,1.3789
7,decoder,picks up,5320969,1,0.9999,8.8133
7,decoder,picks up,5320969,1,0.9929,4.9367
7,decoder,picks up,5320969,1,1.0,12.2048
7,decoder,picks up,5320969,1,0.9999,9.0385
7,decoder,picks up,5320969,1,0.9547,3.0477
7,decoder,picks up,5320969,1,0.9883,4.4325
7,decoder,picks up,5320969,1,0.9997,8.2345
7,decoder,picks up,5320969,1,0.9997,8.2069
7,decoder,picks up,5320969,1,0.9999,9.6001
7,decoder,picks up,5320969,1,0.9844,4.144
7,decoder,picks up,5320969,1,0.7799,1.2651
7,decoder,picks up,5320969,1,1.0,11.7075
7,decoder,picks up,5320969,1,0.9991,6.982
7,decoder,picks up,5320969,1,0.9798,3.8808
7,decoder,picks up,5320969,1,0.9997,8.1535
7,decoder,fucked up,1227621,1,0.9999,9.5115
7,decoder,fucked up,1227621,1,1.0,11.036
7,decoder,fucked up,1227621,1,0.9993,7.2848
7,decoder,fucked up,1227621,1,1.0,11.2665
7,decoder,fucked up,1227621,1,0.9993,7.2378
7,decoder,fucked up,1227621,1,0.9999,9.8355
7,decoder,fucked up,1227621,1,1.0,10.4709
7,decoder,fucked up,1227621,1,0.9999,9.3011
7,decoder,fucked up,1227621,1,0.9883,4.4376
7,decoder,fucked up,1227621,1,1.0,11.6857
7,decoder,fucked up,1227621,1,1.0,12.1124
7,decoder,fucked up,1227621,1,0.9999,9.2543
7,decoder,fucked up,1227621,1,1.0,10.5083
7,decoder,fucked up,1227621,1,1.0,12.0468
7,decoder,fucked up,1227621,1,0.9991,6.975
7,decoder,fucked up,1227621,1,1.0,10.3766
7,decoder,fucked up,1227621,1,1.0,11.0484
7,decoder,fucked up,1227621,1,1.0,15.128
7,decoder,fucked up,1227621,1,1.0,10.8433
7,decoder,fucked up,1227621,1,0.9998,8.3348
7,decoder,hung up,3393576,1,0.9999,9.4716
7,decoder,hung up,3393576,1,0.9999,9.3032
7,decoder,hung up,3393576,1,0.8875,2.0658
7,decoder,hung up,3393576,1,0.804,1.4115
7,decoder,hung up,3393576,1,0.9932,4.9791
7,decoder,hung up,3393576,1,0.9998,8.3487
7,decoder,hung up,3393576,1,0.986,4.2524
7,decoder,hung up,3393576,1,1.0,10.1625
7,decoder,hung up,3393576,1,0.9995,7.5469
7,decoder,hung up,3393576,1,0.7891,1.3194
7,decoder,hung up,3393576,1,0.9993,7.2757
7,decoder,hung up,3393576,1,0.9495,2.9341
7,decoder,hung up,3393576,1,0.9773,3.7606
7,decoder,hung up,3393576,1,0.5264,0.1055
7,decoder,hung up,3393576,1,0.9999,9.7746
7,decoder,hung up,3393576,1,0.9834,4.0826
7,decoder,hung up,3393576,0,0.4673,-0.131
7,decoder,hung up,3393576,1,0.9999,9.1882
7,decoder,hung up,3393576,1,0.9996,7.7497
7,decoder,hung up,3393576,1,0.9999,9.2731
7,decoder,walk up,2638510,1,0.9974,5.9521
7,decoder,walk up,2638510,1,1.0,12.6108
7,decoder,walk up,2638510,1,0.9995,7.5115
7,decoder,walk up,2638510,1,1.0,13.036
7,decoder,walk up,2638510,1,0.9999,9.2325
7,decoder,walk up,2638510,1,0.9999,9.0646
7,decoder,walk up,2638510,1,1.0,10.9755
7,decoder,walk up,2638510,1,0.9994,7.4027
7,decoder,walk up,2638510,1,0.9999,8.8836
7,decoder,walk up,2638510,1,1.0,11.9446
7,decoder,walk up,2638510,1,1.0,15.2545
7,decoder,walk up,2638510,1,0.9999,9.1559
7,decoder,walk up,2638510,1,1.0,9.9209
7,decoder,walk up,2638510,1,1.0,10.0137
7,decoder,walk up,2638510,1,0.9997,7.9683
7,decoder,walk up,2638510,1,0.9998,8.6231
7,decoder,walk up,2638510,1,0.9999,9.808
7,decoder,walk up,2638510,1,1.0,12.7332
7,decoder,walk up,2638510,1,0.9999,9.7345
7,decoder,walk up,2638510,1,0.9999,9.2449
7,decoder,ran up,1204119,1,1.0,13.2662
7,decoder,ran up,1204119,1,0.9997,8.0718
7,decoder,ran up,1204119,1,1.0,11.069
7,decoder,ran up,1204119,1,1.0,14.6241
7,decoder,ran up,1204119,1,0.9999,9.1341
7,decoder,ran up,1204119,1,1.0,16.9524
7,decoder,ran up,1204119,1,1.0,14.485
7,decoder,ran up,1204119,1,1.0,11.297
7,decoder,ran up,1204119,1,1.0,10.6485
7,decoder,ran up,1204119,1,0.9991,7.0055
7,decoder,ran up,1204119,1,0.9998,8.4471
7,decoder,ran up,1204119,1,1.0,10.9374
7,decoder,ran up,1204119,1,1.0,14.7234
7,decoder,ran up,1204119,1,1.0,15.645
7,decoder,ran up,1204119,1,1.0,14.0467
7,decoder,ran up,1204119,1,1.0,11.1939
7,decoder,ran up,1204119,1,1.0,13.4883
7,decoder,ran up,1204119,1,1.0,10.4386
7,decoder,ran up,1204119,1,1.0,13.5317
7,decoder,ran up,1204119,1,1.0,13.0863
7,decoder,live up,5729639,1,1.0,15.3076
7,decoder,live up,5729639,1,1.0,18.8778
7,decoder,live up,5729639,1,1.0,10.395
7,decoder,live up,5729639,1,1.0,16.4711
7,decoder,live up,5729639,1,1.0,19.1327
7,decoder,live up,5729639,1,1.0,14.5435
7,decoder,live up,5729639,1,1.0,10.1776
7,decoder,live up,5729639,1,1.0,13.815
7,decoder,live up,5729639,1,1.0,16.3797
7,decoder,live up,5729639,1,1.0,18.2687
7,decoder,live up,5729639,1,1.0,13.6196
7,decoder,live up,5729639,1,1.0,13.9205
7,decoder,live up,5729639,1,1.0,21.6216
7,decoder,live up,5729639,1,1.0,13.4834
7,decoder,live up,5729639,1,1.0,12.0066
7,decoder,live up,5729639,1,1.0,18.8601
7,decoder,live up,5729639,1,1.0,12.1937
7,decoder,live up,5729639,1,1.0,15.3414
7,decoder,live up,5729639,1,1.0,12.4916
7,decoder,live up,5729639,1,1.0,15.4701
7,decoder,started up,1519567,1,0.9999,9.8715
7,decoder,started up,1519567,1,0.9994,7.458
7,decoder,started up,1519567,1,1.0,15.399
7,decoder,started up,1519567,1,0.9999,9.2208
7,decoder,started up,1519567,1,1.0,11.2838
7,decoder,started up,1519567,1,0.9999,9.7065
7,decoder,started up,1519567,1,1.0,12.7443
7,decoder,started up,1519567,1,1.0,10.0237
7,decoder,started up,1519567,1,1.0,10.447
7,decoder,started up,1519567,1,1.0,16.2232
7,decoder,started up,1519567,1,1.0,13.2028
7,decoder,started up,1519567,1,1.0,11.2192
7,decoder,started up,1519567,1,1.0,10.4836
7,decoder,started up,1519567,1,0.7554,1.1274
7,decoder,started up,1519567,1,0.9954,5.3672
7,decoder,started up,1519567,1,0.9968,5.7302
7,decoder,started up,1519567,1,0.9977,6.0538
7,decoder,started up,1519567,1,0.9979,6.1484
7,decoder,started up,1519567,1,0.9998,8.4216
7,decoder,started up,1519567,1,0.9999,8.9117
7,decoder,making up,4242717,1,0.9988,6.7343
7,decoder,making up,4242717,1,1.0,14.7271
7,decoder,making up,4242717,1,1.0,14.5846
7,decoder,making up,4242717,1,1.0,11.1127
7,decoder,making up,4242717,1,1.0,12.7668
7,decoder,making up,4242717,1,0.9996,7.8772
7,decoder,making up,4242717,1,1.0,11.7755
7,decoder,making up,4242717,1,0.9977,6.082
7,decoder,making up,4242717,1,1.0,16.1599
7,decoder,making up,4242717,1,1.0,10.3407
7,decoder,making up,4242717,1,0.9998,8.3929
7,decoder,making up,4242717,1,1.0,14.7556
7,decoder,making up,4242717,1,1.0,12.4556
7,decoder,making up,4242717,1,1.0,11.0383
7,decoder,making up,4242717,1,0.9995,7.6095
7,decoder,making up,4242717,1,0.9908,4.6782
7,decoder,making up,4242717,1,1.0,13.7189
7,decoder,making up,4242717,1,1.0,10.5394
7,decoder,making up,4242717,1,1.0,16.7968
7,decoder,making up,4242717,1,0.9993,7.3091
7,decoder,drew up,655872,1,0.9999,9.1107
7,decoder,drew up,655872,1,0.9991,7.0604
7,decoder,drew up,655872,1,0.9999,8.9686
7,decoder,drew up,655872,1,0.9999,9.2714
7,decoder,drew up,655872,1,0.9334,2.6404
7,decoder,drew up,655872,1,0.9974,5.9677
7,decoder,drew up,655872,1,1.0,11.5092
7,decoder,drew up,655872,1,0.9992,7.0789
7,decoder,drew up,655872,1,1.0,11.6288
7,decoder,drew up,655872,1,1.0,10.6125
7,decoder,drew up,655872,1,0.9962,5.568
7,decoder,drew up,655872,1,0.9998,8.5503
7,decoder,drew up,655872,1,0.9996,7.9054
7,decoder,drew up,655872,1,0.9997,8.1426
7,decoder,drew up,655872,1,1.0,10.4234
7,decoder,drew up,655872,1,1.0,11.777
7,decoder,drew up,655872,1,0.9981,6.24
7,decoder,drew up,655872,1,1.0,10.1574
7,decoder,drew up,655872,1,0.9997,8.1685
7,decoder,drew up,655872,1,1.0,12.1371
7,decoder,fill up,5221604,1,0.9994,7.4114
7,decoder,fill up,5221604,1,1.0,10.5942
7,decoder,fill up,5221604,1,0.9992,7.163
7,decoder,fill up,5221604,1,0.9987,6.6456
7,decoder,fill up,5221604,1,0.9765,3.7252
7,decoder,fill up,5221604,1,1.0,10.4394
7,decoder,fill up,5221604,1,1.0,11.1413
7,decoder,fill up,5221604,1,0.9986,6.5727
7,decoder,fill up,5221604,1,0.9995,7.5979
7,decoder,fill up,5221604,1,0.9996,7.822
7,decoder,fill up,5221604,1,0.9969,5.7824
7,decoder,fill up,5221604,1,0.9992,7.1102
7,decoder,fill up,5221604,1,1.0,12.6097
7,decoder,fill up,5221604,1,0.995,5.2876
7,decoder,fill up,5221604,1,1.0,12.4002
7,decoder,fill up,5221604,1,1.0,13.7009
7,decoder,fill up,5221604,1,0.9999,9.7213
7,decoder,fill up,5221604,1,0.9998,8.7713
7,decoder,fill up,5221604,1,0.9986,6.5609
7,decoder,fill up,5221604,1,1.0,11.6673
7,decoder,putting up,3986450,1,0.9998,8.7042
7,decoder,putting up,3986450,1,0.9999,8.9801
7,decoder,putting up,3986450,1,1.0,16.0237
7,decoder,putting up,3986450,1,1.0,10.04
7,decoder,putting up,3986450,1,1.0,12.355
7,decoder,putting up,3986450,1,1.0,12.2624
7,decoder,putting up,3986450,1,0.9995,7.5615
7,decoder,putting up,3986450,1,0.9978,6.0952
7,decoder,putting up,3986450,1,0.9998,8.4448
7,decoder,putting up,3986450,1,1.0,14.1352
7,decoder,putting up,3986450,1,0.9991,7.0052
7,decoder,putting up,3986450,1,1.0,11.7713
7,decoder,putting up,3986450,1,0.9992,7.12
7,decoder,putting up,3986450,1,0.9999,9.3854
7,decoder,putting up,3986450,1,0.9981,6.2874
7,decoder,putting up,3986450,1,0.9993,7.2857
7,decoder,putting up,3986450,1,0.8239,1.5433
7,decoder,putting up,3986450,1,0.9999,9.7698
7,decoder,putting up,3986450,1,1.0,10.6743
7,decoder,putting up,3986450,1,1.0,11.3689
7,decoder,back up,23878851,1,1.0,12.4432
7,decoder,back up,23878851,1,0.9997,8.0103
7,decoder,back up,23878851,1,0.9957,5.4378
7,decoder,back up,23878851,1,0.9943,5.1667
7,decoder,back up,23878851,1,1.0,12.3218
7,decoder,back up,23878851,1,1.0,10.0369
7,decoder,back up,23878851,1,1.0,13.824
7,decoder,back up,23878851,1,1.0,12.9773
7,decoder,back up,23878851,1,0.9978,6.1226
7,decoder,back up,23878851,1,1.0,11.0904
7,decoder,back up,23878851,1,0.9933,4.9977
7,decoder,back up,23878851,1,0.9986,6.5489
7,decoder,back up,23878851,1,0.9997,8.0109
7,decoder,back up,23878851,1,0.9999,9.6311
7,decoder,back up,23878851,1,1.0,12.2963
7,decoder,back up,23878851,1,0.9998,8.3121
7,decoder,back up,23878851,1,1.0,13.3675
7,decoder,back up,23878851,1,0.9982,6.346
7,decoder,back up,23878851,1,0.9993,7.2957
7,decoder,back up,23878851,1,1.0,9.9505
7,decoder,sitting up,904494,1,0.9992,7.1612
7,decoder,sitting up,904494,1,0.9999,9.1705
7,decoder,sitting up,904494,1,0.9911,4.7125
7,decoder,sitting up,904494,1,0.9998,8.3612
7,decoder,sitting up,904494,1,1.0,10.1356
7,decoder,sitting up,904494,1,0.9995,7.5122
7,decoder,sitting up,904494,1,0.9997,8.2657
7,decoder,sitting up,904494,1,0.999,6.9183
7,decoder,sitting up,904494,1,1.0,10.1298
7,decoder,sitting up,904494,1,1.0,10.3623
7,decoder,sitting up,904494,1,0.9999,9.8679
7,decoder,sitting up,904494,1,1.0,13.0492
7,decoder,sitting up,904494,1,0.9997,8.0866
7,decoder,sitting up,904494,1,0.9999,8.8972
7,decoder,sitting up,904494,1,0.8998,2.1953
7,decoder,sitting up,904494,1,0.9745,3.6445
7,decoder,sitting up,904494,1,1.0,12.6114
7,decoder,sitting up,904494,1,0.9999,9.5286
7,decoder,sitting up,904494,1,0.9916,4.7686
7,decoder,sitting up,904494,1,0.9999,9.1792
7,decoder,bringing up,2143017,1,0.9987,6.6473
7,decoder,bringing up,2143017,1,0.9986,6.563
7,decoder,bringing up,2143017,1,0.9968,5.7313
7,decoder,bringing up,2143017,1,1.0,13.9048
7,decoder,bringing up,2143017,1,0.9999,9.109
7,decoder,bringing up,2143017,1,0.9995,7.6791
7,decoder,bringing up,2143017,1,0.9995,7.5475
7,decoder,bringing up,2143017,1,1.0,10.8039
7,decoder,bringing up,2143017,1,1.0,11.127
7,decoder,bringing up,2143017,1,0.9999,9.6724
7,decoder,bringing up,2143017,1,0.9797,3.8771
7,decoder,bringing up,2143017,1,0.9997,8.1847
7,decoder,bringing up,2143017,1,1.0,11.9776
7,decoder,bringing up,2143017,1,1.0,15.4886
7,decoder,bringing up,2143017,1,1.0,10.0671
7,decoder,bringing up,2143017,1,0.9999,8.9981
7,decoder,bringing up,2143017,1,0.9998,8.6013
7,decoder,bringing up,2143017,1,0.9997,8.2242
7,decoder,bringing up,2143017,1,1.0,10.4507
7,decoder,bringing up,2143017,1,0.9994,7.4703
7,decoder,brings up,2745978,1,0.995,5.2861
7,decoder,brings up,2745978,1,0.9995,7.6342
7,decoder,brings up,2745978,1,0.9999,9.6272
7,decoder,brings up,2745978,1,1.0,10.2991
7,decoder,brings up,2745978,1,1.0,11.9915
7,decoder,brings up,2745978,1,0.9999,8.8485
7,decoder,brings up,2745978,1,0.9999,9.1621
7,decoder,brings up,2745978,1,1.0,11.6027
7,decoder,brings up,2745978,1,1.0,10.1917
7,decoder,brings up,2745978,1,1.0,12.1519
7,decoder,brings up,2745978,1,1.0,13.4912
7,decoder,brings up,2745978,1,0.9997,8.22
7,decoder,brings up,2745978,1,1.0,12.9379
7,decoder,brings up,2745978,1,0.9993,7.2366
7,decoder,brings up,2745978,1,0.9999,9.2164
7,decoder,brings up,2745978,1,1.0,9.956
7,decoder,brings up,2745978,1,1.0,11.3676
7,decoder,brings up,2745978,1,1.0,11.0079
7,decoder,brings up,2745978,1,0.9961,5.5306
7,decoder,brings up,2745978,1,1.0,11.2624
7,decoder,keeping up,4508110,1,1.0,12.5102
7,decoder,keeping up,4508110,1,0.9994,7.4097
7,decoder,keeping up,4508110,1,1.0,13.3624
7,decoder,keeping up,4508110,0,0.2753,-0.9678
7,decoder,keeping up,4508110,1,0.9998,8.4459
7,decoder,keeping up,4508110,1,1.0,13.7017
7,decoder,keeping up,4508110,1,1.0,12.1211
7,decoder,keeping up,4508110,1,0.998,6.2003
7,decoder,keeping up,4508110,1,0.9988,6.7394
7,decoder,keeping up,4508110,1,0.9962,5.5661
7,decoder,keeping up,4508110,1,0.9999,9.2257
7,decoder,keeping up,4508110,1,0.9997,8.2756
7,decoder,keeping up,4508110,1,0.9719,3.5424
7,decoder,keeping up,4508110,1,1.0,10.2389
7,decoder,keeping up,4508110,1,0.9999,9.5185
7,decoder,keeping up,4508110,1,1.0,11.6277
7,decoder,keeping up,4508110,1,0.9996,7.8126
7,decoder,keeping up,4508110,1,1.0,13.4784
7,decoder,keeping up,4508110,1,0.9943,5.1581
7,decoder,keeping up,4508110,1,1.0,14.7978
7,decoder,run up,3178218,1,1.0,13.8448
7,decoder,run up,3178218,1,1.0,11.5762
7,decoder,run up,3178218,1,1.0,15.1257
7,decoder,run up,3178218,1,1.0,14.6606
7,decoder,run up,3178218,1,1.0,9.9134
7,decoder,run up,3178218,1,1.0,17.3741
7,decoder,run up,3178218,1,1.0,14.9118
7,decoder,run up,3178218,1,1.0,15.2344
7,decoder,run up,3178218,1,1.0,11.3393
7,decoder,run up,3178218,1,0.9998,8.7576
7,decoder,run up,3178218,1,1.0,15.4768
7,decoder,run up,3178218,1,1.0,12.4418
7,decoder,run up,3178218,1,1.0,14.681
7,decoder,run up,3178218,1,1.0,16.2553
7,decoder,run up,3178218,1,0.9999,9.8224
7,decoder,run up,3178218,1,1.0,16.6163
7,decoder,run up,3178218,1,1.0,11.8254
7,decoder,run up,3178218,1,1.0,17.8874
7,decoder,run up,3178218,1,1.0,19.4441
7,decoder,run up,3178218,1,1.0,11.7117
7,decoder,blow up,2964789,1,1.0,11.049
7,decoder,blow up,2964789,1,1.0,10.3723
7,decoder,blow up,2964789,1,0.9993,7.3167
7,decoder,blow up,2964789,1,1.0,11.9749
7,decoder,blow up,2964789,1,1.0,10.2276
7,decoder,blow up,2964789,1,1.0,11.5004
7,decoder,blow up,2964789,1,1.0,13.8769
7,decoder,blow up,2964789,1,1.0,11.8132
7,decoder,blow up,2964789,1,0.9997,8.1873
7,decoder,blow up,2964789,1,0.9965,5.6506
7,decoder,blow up,2964789,1,0.9997,8.1258
7,decoder,blow up,2964789,1,0.9993,7.3036
7,decoder,blow up,2964789,1,0.9964,5.6194
7,decoder,blow up,2964789,1,1.0,13.0271
7,decoder,blow up,2964789,1,0.9998,8.3956
7,decoder,blow up,2964789,1,0.9978,6.1064
7,decoder,blow up,2964789,1,0.9999,9.2186
7,decoder,blow up,2964789,1,0.9998,8.768
7,decoder,blow up,2964789,1,1.0,11.7255
7,decoder,blow up,2964789,1,1.0,12.3214
7,decoder,lifted up,1090573,1,0.9999,9.2317
7,decoder,lifted up,1090573,1,0.9999,9.5555
7,decoder,lifted up,1090573,1,0.9929,4.9376
7,decoder,lifted up,1090573,1,0.998,6.1936
7,decoder,lifted up,1090573,1,0.9655,3.333
7,decoder,lifted up,1090573,1,1.0,13.9866
7,decoder,lifted up,1090573,1,0.982,4.0002
7,decoder,lifted up,1090573,1,0.9945,5.2062
7,decoder,lifted up,1090573,1,0.9775,3.7731
7,decoder,lifted up,1090573,1,0.9508,2.9604
7,decoder,lifted up,1090573,1,0.999,6.8734
7,decoder,lifted up,1090573,1,0.9999,9.6187
7,decoder,lifted up,1090573,1,1.0,10.274
7,decoder,lifted up,1090573,1,0.9997,8.2651
7,decoder,lifted up,1090573,1,0.9995,7.6954
7,decoder,lifted up,1090573,1,1.0,10.1877
7,decoder,lifted up,1090573,1,0.9999,9.0376
7,decoder,lifted up,1090573,1,0.9986,6.5925
7,decoder,lifted up,1090573,1,0.9481,2.9055
7,decoder,lifted up,1090573,1,1.0,10.3594
7,decoder,walking up,1354560,1,1.0,9.9252
7,decoder,walking up,1354560,1,1.0,15.3087
7,decoder,walking up,1354560,1,1.0,10.0023
7,decoder,walking up,1354560,1,1.0,10.3871
7,decoder,walking up,1354560,1,0.9999,9.2455
7,decoder,walking up,1354560,1,1.0,12.1345
7,decoder,walking up,1354560,1,1.0,15.0304
7,decoder,walking up,1354560,1,1.0,10.3947
7,decoder,walking up,1354560,1,1.0,15.1473
7,decoder,walking up,1354560,1,1.0,10.6503
7,decoder,walking up,1354560,1,0.9999,9.3382
7,decoder,walking up,1354560,1,1.0,14.4303
7,decoder,walking up,1354560,1,0.9998,8.461
7,decoder,walking up,1354560,1,1.0,11.319
7,decoder,walking up,1354560,1,1.0,13.0464
7,decoder,walking up,1354560,1,1.0,14.2033
7,decoder,walking up,1354560,1,0.9999,9.7012
7,decoder,walking up,1354560,1,1.0,13.1599
7,decoder,walking up,1354560,1,1.0,14.8465
7,decoder,walking up,1354560,1,1.0,12.1963
7,decoder,call up,1465110,1,1.0,10.4816
7,decoder,call up,1465110,1,1.0,12.737
7,decoder,call up,1465110,1,1.0,12.4999
7,decoder,call up,1465110,1,1.0,10.5588
7,decoder,call up,1465110,1,1.0,11.3902
7,decoder,call up,1465110,1,0.9994,7.4948
7,decoder,call up,1465110,1,1.0,13.1344
7,decoder,call up,1465110,1,1.0,12.3807
7,decoder,call up,1465110,1,1.0,13.0617
7,decoder,call up,1465110,1,1.0,14.5622
7,decoder,call up,1465110,1,0.9999,8.8203
7,decoder,call up,1465110,1,0.9998,8.7462
7,decoder,call up,1465110,1,1.0,10.4464
7,decoder,call up,1465110,1,0.9994,7.3991
7,decoder,call up,1465110,1,1.0,15.4644
7,decoder,call up,1465110,1,1.0,12.9226
7,decoder,call up,1465110,1,0.9999,9.0114
7,decoder,call up,1465110,1,0.9999,9.3601
7,decoder,call up,1465110,1,1.0,12.8742
7,decoder,call up,1465110,1,1.0,13.2656
7,decoder,signing up,7282609,1,1.0,12.9075
7,decoder,signing up,7282609,1,1.0,14.5104
7,decoder,signing up,7282609,1,0.9999,9.5031
7,decoder,signing up,7282609,1,0.9997,8.1893
7,decoder,signing up,7282609,1,1.0,13.3316
7,decoder,signing up,7282609,1,1.0,13.1345
7,decoder,signing up,7282609,1,1.0,11.8697
7,decoder,signing up,7282609,1,1.0,14.1058
7,decoder,signing up,7282609,1,1.0,12.8199
7,decoder,signing up,7282609,1,1.0,10.7816
7,decoder,signing up,7282609,1,1.0,15.2951
7,decoder,signing up,7282609,1,1.0,12.8514
7,decoder,signing up,7282609,1,1.0,15.4434
7,decoder,signing up,7282609,1,1.0,14.227
7,decoder,signing up,7282609,1,1.0,13.1125
7,decoder,signing up,7282609,1,0.9999,8.9815
7,decoder,signing up,7282609,1,1.0,15.5759
7,decoder,signing up,7282609,1,1.0,10.9433
7,decoder,signing up,7282609,1,1.0,11.8523
7,decoder,signing up,7282609,1,1.0,15.8922
7,decoder,makes up,5602921,1,1.0,10.1262
7,decoder,makes up,5602921,1,1.0,13.6003
7,decoder,makes up,5602921,1,0.9998,8.3158
7,decoder,makes up,5602921,1,1.0,10.8007
7,decoder,makes up,5602921,1,1.0,13.0221
7,decoder,makes up,5602921,1,0.9999,9.216
7,decoder,makes up,5602921,1,0.9999,9.0423
7,decoder,makes up,5602921,1,1.0,12.7851
7,decoder,makes up,5602921,1,1.0,11.3202
7,decoder,makes up,5602921,1,0.9999,9.4386
7,decoder,makes up,5602921,1,0.9889,4.4851
7,decoder,makes up,5602921,1,0.9999,9.085
7,decoder,makes up,5602921,1,0.6633,0.678
7,decoder,makes up,5602921,1,0.9971,5.8351
7,decoder,makes up,5602921,1,0.9999,9.545
7,decoder,makes up,5602921,1,0.9885,4.4582
7,decoder,makes up,5602921,1,1.0,10.1707
7,decoder,makes up,5602921,1,0.9988,6.6969
7,decoder,makes up,5602921,1,1.0,11.8841
7,decoder,makes up,5602921,1,0.9999,9.8765
7,decoder,speed up,9235432,1,1.0,10.1579
7,decoder,speed up,9235432,1,1.0,14.6846
7,decoder,speed up,9235432,1,0.9998,8.4459
7,decoder,speed up,9235432,1,0.9998,8.4342
7,decoder,speed up,9235432,1,0.9998,8.3336
7,decoder,speed up,9235432,1,1.0,11.8798
7,decoder,speed up,9235432,1,0.9999,9.2559
7,decoder,speed up,9235432,1,0.9755,3.6823
7,decoder,speed up,9235432,1,1.0,13.8591
7,decoder,speed up,9235432,1,1.0,9.9834
7,decoder,speed up,9235432,1,1.0,12.7369
7,decoder,speed up,9235432,1,1.0,10.9538
7,decoder,speed up,9235432,1,1.0,12.6052
7,decoder,speed up,9235432,1,0.9998,8.5259
7,decoder,speed up,9235432,1,1.0,11.9437
7,decoder,speed up,9235432,1,0.9999,8.837
7,decoder,speed up,9235432,1,1.0,10.2688
7,decoder,speed up,9235432,1,1.0,11.0171
7,decoder,speed up,9235432,1,0.9426,2.7979
7,decoder,speed up,9235432,1,1.0,9.9951
7,decoder,stay up,4591312,1,0.9999,9.6493
7,decoder,stay up,4591312,1,0.9999,9.0748
7,decoder,stay up,4591312,1,1.0,10.3287
7,decoder,stay up,4591312,1,1.0,11.2285
7,decoder,stay up,4591312,1,1.0,12.4605
7,decoder,stay up,4591312,1,1.0,10.8175
7,decoder,stay up,4591312,1,1.0,10.9611
7,decoder,stay up,4591312,1,1.0,12.613
7,decoder,stay up,4591312,1,0.9985,6.517
7,decoder,stay up,4591312,1,1.0,16.2987
7,decoder,stay up,4591312,1,0.9999,8.9487
7,decoder,stay up,4591312,1,0.9859,4.2452
7,decoder,stay up,4591312,1,1.0,10.7096
7,decoder,stay up,4591312,1,0.9995,7.5939
7,decoder,stay up,4591312,1,0.9989,6.7724
7,decoder,stay up,4591312,1,1.0,10.6777
7,decoder,stay up,4591312,1,1.0,11.1301
7,decoder,stay up,4591312,1,1.0,14.8695
7,decoder,stay up,4591312,1,0.9999,8.9932
7,decoder,stay up,4591312,1,0.9999,9.5771
7,decoder,dressed up,3234891,1,0.9994,7.4107
7,decoder,dressed up,3234891,1,0.999,6.9361
7,decoder,dressed up,3234891,1,0.9962,5.5709
7,decoder,dressed up,3234891,1,1.0,11.6059
7,decoder,dressed up,3234891,1,0.9916,4.7761
7,decoder,dressed up,3234891,1,0.9998,8.3314
7,decoder,dressed up,3234891,1,0.9923,4.8582
7,decoder,dressed up,3234891,1,0.9972,5.8806
7,decoder,dressed up,3234891,1,0.945,2.8431
7,decoder,dressed up,3234891,1,0.9998,8.2987
7,decoder,dressed up,3234891,1,0.7949,1.355
7,decoder,dressed up,3234891,1,0.9702,3.4839
7,decoder,dressed up,3234891,1,0.9053,2.2576
7,decoder,dressed up,3234891,0,0.4329,-0.27
7,decoder,dressed up,3234891,1,0.9442,2.8282
7,decoder,dressed up,3234891,1,1.0,11.9664
7,decoder,dressed up,3234891,1,0.9967,5.7045
7,decoder,dressed up,3234891,1,0.9816,3.9759
7,decoder,dressed up,3234891,0,0.0535,-2.8722
7,decoder,dressed up,3234891,1,0.9999,9.2818
7,decoder,jumped up,1289640,1,0.9999,8.8079
7,decoder,jumped up,1289640,1,0.9999,9.2468
7,decoder,jumped up,1289640,1,0.9994,7.4438
7,decoder,jumped up,1289640,1,0.9996,7.7281
7,decoder,jumped up,1289640,1,0.9997,8.0493
7,decoder,jumped up,1289640,1,0.9998,8.5296
7,decoder,jumped up,1289640,1,1.0,10.5746
7,decoder,jumped up,1289640,1,0.9939,5.0983
7,decoder,jumped up,1289640,1,0.9996,7.9264
7,decoder,jumped up,1289640,1,1.0,11.4305
7,decoder,jumped up,1289640,1,0.9995,7.6622
7,decoder,jumped up,1289640,1,0.9998,8.6897
7,decoder,jumped up,1289640,1,1.0,10.3192
7,decoder,jumped up,1289640,1,0.9979,6.1869
7,decoder,jumped up,1289640,1,0.9995,7.687
7,decoder,jumped up,1289640,1,0.9998,8.6417
7,decoder,jumped up,1289640,1,0.9975,5.9698
7,decoder,jumped up,1289640,1,0.9389,2.7321
7,decoder,jumped up,1289640,1,1.0,16.144
7,decoder,jumped up,1289640,1,0.9999,9.2255
7,decoder,running up,1449391,1,1.0,14.0354
7,decoder,running up,1449391,1,1.0,14.6877
7,decoder,running up,1449391,1,1.0,13.7128
7,decoder,running up,1449391,1,1.0,12.7515
7,decoder,running up,1449391,1,0.9997,7.9575
7,decoder,running up,1449391,1,1.0,19.3125
7,decoder,running up,1449391,1,1.0,19.8203
7,decoder,running up,1449391,1,1.0,16.7149
7,decoder,running up,1449391,1,0.9999,9.5574
7,decoder,running up,1449391,1,1.0,14.7938
7,decoder,running up,1449391,1,0.9992,7.1254
7,decoder,running up,1449391,1,1.0,14.4168
7,decoder,running up,1449391,1,1.0,10.4984
7,decoder,running up,1449391,1,1.0,11.9871
7,decoder,running up,1449391,1,0.9986,6.6058
7,decoder,running up,1449391,1,0.9992,7.1848
7,decoder,running up,1449391,1,0.9999,9.6588
7,decoder,running up,1449391,1,0.9996,7.9002
7,decoder,running up,1449391,1,1.0,16.5575
7,decoder,running up,1449391,1,1.0,14.5604
7,decoder,cut up,1953401,1,1.0,15.1129
7,decoder,cut up,1953401,1,0.9998,8.7914
7,decoder,cut up,1953401,1,0.9996,7.8191
7,decoder,cut up,1953401,1,0.9996,7.9183
7,decoder,cut up,1953401,1,0.9954,5.3743
7,decoder,cut up,1953401,1,0.9976,6.0441
7,decoder,cut up,1953401,1,1.0,10.8459
7,decoder,cut up,1953401,1,0.8963,2.157
7,decoder,cut up,1953401,1,0.9989,6.8424
7,decoder,cut up,1953401,1,0.9967,5.7039
7,decoder,cut up,1953401,1,0.9996,7.718
7,decoder,cut up,1953401,1,0.9955,5.4052
7,decoder,cut up,1953401,1,0.9997,8.162
7,decoder,cut up,1953401,1,0.9988,6.751
7,decoder,cut up,1953401,1,0.9868,4.312
7,decoder,cut up,1953401,1,0.9997,8.2675
7,decoder,cut up,1953401,1,0.9991,7.0104
7,decoder,cut up,1953401,1,0.9999,9.1435
7,decoder,cut up,1953401,1,1.0,10.842
7,decoder,cut up,1953401,1,1.0,10.063
7,decoder,hang up,1815156,1,0.9999,9.0407
7,decoder,hang up,1815156,1,0.9913,4.7317
7,decoder,hang up,1815156,1,0.999,6.9061
7,decoder,hang up,1815156,1,1.0,12.1805
7,decoder,hang up,1815156,1,1.0,11.5011
7,decoder,hang up,1815156,1,0.9863,4.2755
7,decoder,hang up,1815156,1,0.9999,9.2782
7,decoder,hang up,1815156,1,0.9986,6.5552
7,decoder,hang up,1815156,1,0.9998,8.4855
7,decoder,hang up,1815156,1,0.9997,8.2024
7,decoder,hang up,1815156,1,0.9994,7.3479
7,decoder,hang up,1815156,1,0.9999,9.3699
7,decoder,hang up,1815156,1,0.9711,3.5145
7,decoder,hang up,1815156,1,0.9996,7.8369
7,decoder,hang up,1815156,1,1.0,10.0107
7,decoder,hang up,1815156,1,1.0,11.0494
7,decoder,hang up,1815156,1,0.994,5.1164
7,decoder,hang up,1815156,1,0.9989,6.8193
7,decoder,hang up,1815156,1,1.0,10.2465
7,decoder,hang up,1815156,1,0.9999,8.948
7,decoder,move up,4602753,1,1.0,20.8314
7,decoder,move up,4602753,1,1.0,15.4408
7,decoder,move up,4602753,1,0.9997,8.1375
7,decoder,move up,4602753,1,1.0,13.9215
7,decoder,move up,4602753,1,0.9999,9.4187
7,decoder,move up,4602753,1,1.0,11.608
7,decoder,move up,4602753,1,1.0,9.9189
7,decoder,move up,4602753,1,1.0,16.0995
7,decoder,move up,4602753,1,1.0,10.8299
7,decoder,move up,4602753,1,1.0,13.5817
7,decoder,move up,4602753,1,1.0,15.7196
7,decoder,move up,4602753,1,1.0,12.6028
7,decoder,move up,4602753,1,0.9963,5.5837
7,decoder,move up,4602753,1,0.999,6.9315
7,decoder,move up,4602753,1,0.9957,5.4473
7,decoder,move up,4602753,1,1.0,11.1073
7,decoder,move up,4602753,1,0.9999,9.2415
7,decoder,move up,4602753,1,1.0,10.7825
7,decoder,move up,4602753,1,1.0,13.4425
7,decoder,move up,4602753,1,0.9999,9.5807
7,decoder,stepped up,4460379,1,1.0,10.0365
7,decoder,stepped up,4460379,0,0.0283,-3.5374
7,decoder,stepped up,4460379,1,0.9995,7.5724
7,decoder,stepped up,4460379,1,0.9731,3.5865
7,decoder,stepped up,4460379,1,1.0,11.88
7,decoder,stepped up,4460379,1,0.9991,7.0562
7,decoder,stepped up,4460379,1,0.9853,4.202
7,decoder,stepped up,4460379,1,1.0,10.6207
7,decoder,stepped up,4460379,1,0.9994,7.3951
7,decoder,stepped up,4460379,1,0.9973,5.9149
7,decoder,stepped up,4460379,1,0.9999,9.6046
7,decoder,stepped up,4460379,1,0.9999,9.5634
7,decoder,stepped up,4460379,1,0.9962,5.5674
7,decoder,stepped up,4460379,1,0.9998,8.8014
7,decoder,stepped up,4460379,1,0.9998,8.3644
7,decoder,stepped up,4460379,1,0.9963,5.597
7,decoder,stepped up,4460379,1,0.9965,5.6405
7,decoder,stepped up,4460379,1,0.9987,6.6145
7,decoder,stepped up,4460379,1,0.7524,1.1112
7,decoder,stepped up,4460379,1,1.0,10.2883
7,decoder,light up,4176828,1,1.0,10.3344
7,decoder,light up,4176828,1,0.9999,9.0679
7,decoder,light up,4176828,1,1.0,12.3436
7,decoder,light up,4176828,1,1.0,10.9356
7,decoder,light up,4176828,1,1.0,10.9971
7,decoder,light up,4176828,1,1.0,13.1297
7,decoder,light up,4176828,1,1.0,13.4061
7,decoder,light up,4176828,1,0.9999,9.6184
7,decoder,light up,4176828,1,1.0,13.3195
7,decoder,light up,4176828,1,1.0,11.557
7,decoder,light up,4176828,1,1.0,14.7447
7,decoder,light up,4176828,1,1.0,11.6701
7,decoder,light up,4176828,1,1.0,15.3105
7,decoder,light up,4176828,1,0.9998,8.3108
7,decoder,light up,4176828,1,1.0,14.0845
7,decoder,light up,4176828,1,1.0,11.6928
7,decoder,light up,4176828,1,1.0,13.6214
7,decoder,light up,4176828,1,1.0,16.0282
7,decoder,light up,4176828,1,1.0,11.8105
7,decoder,light up,4176828,1,0.9997,8.1094
7,decoder,backed up,5305406,1,0.9967,5.7258
7,decoder,backed up,5305406,1,1.0,10.0873
7,decoder,backed up,5305406,1,0.9986,6.5953
7,decoder,backed up,5305406,1,0.9968,5.7287
7,decoder,backed up,5305406,1,1.0,12.004
7,decoder,backed up,5305406,1,0.9988,6.7223
7,decoder,backed up,5305406,1,1.0,12.069
7,decoder,backed up,5305406,1,1.0,13.2566
7,decoder,backed up,5305406,1,0.9999,8.9527
7,decoder,backed up,5305406,1,1.0,12.9918
7,decoder,backed up,5305406,1,0.9702,3.4833
7,decoder,backed up,5305406,1,0.9959,5.4923
7,decoder,backed up,5305406,1,0.9999,9.7913
7,decoder,backed up,5305406,1,0.9999,9.0814
7,decoder,backed up,5305406,1,1.0,13.2114
7,decoder,backed up,5305406,1,1.0,12.7773
7,decoder,backed up,5305406,1,0.9993,7.2064
7,decoder,backed up,5305406,1,0.9999,9.5295
7,decoder,backed up,5305406,1,0.9999,9.0905
7,decoder,backed up,5305406,1,1.0,11.3905
7,decoder,takes up,4500891,1,1.0,10.2078
7,decoder,takes up,4500891,1,1.0,11.9974
7,decoder,takes up,4500891,1,0.9985,6.5127
7,decoder,takes up,4500891,1,0.95,2.9446
7,decoder,takes up,4500891,1,0.999,6.9331
7,decoder,takes up,4500891,1,0.9533,3.0156
7,decoder,takes up,4500891,1,1.0,10.5892
7,decoder,takes up,4500891,1,1.0,10.1845
7,decoder,takes up,4500891,1,0.984,4.1207
7,decoder,takes up,4500891,1,1.0,12.5884
7,decoder,takes up,4500891,1,0.9998,8.6737
7,decoder,takes up,4500891,1,0.9994,7.3498
7,decoder,takes up,4500891,1,0.9999,9.8003
7,decoder,takes up,4500891,1,0.9998,8.7469
7,decoder,takes up,4500891,1,0.9999,8.8553
7,decoder,takes up,4500891,1,0.9969,5.7675
7,decoder,takes up,4500891,1,1.0,13.5485
7,decoder,takes up,4500891,1,0.9996,7.7446
7,decoder,takes up,4500891,1,1.0,10.7537
7,decoder,takes up,4500891,1,0.9999,9.6549
7,decoder,popping up,3615667,1,1.0,11.3055
7,decoder,popping up,3615667,1,1.0,10.102
7,decoder,popping up,3615667,1,0.9993,7.2445
7,decoder,popping up,3615667,1,0.9982,6.2955
7,decoder,popping up,3615667,1,1.0,10.6565
7,decoder,popping up,3615667,1,0.9999,9.7115
7,decoder,popping up,3615667,1,0.9804,3.9104
7,decoder,popping up,3615667,1,0.9998,8.4542
7,decoder,popping up,3615667,1,0.9991,6.9957
7,decoder,popping up,3615667,1,0.6985,0.8401
7,decoder,popping up,3615667,1,0.9991,7.0628
7,decoder,popping up,3615667,1,0.9989,6.7978
7,decoder,popping up,3615667,1,1.0,12.8985
7,decoder,popping up,3615667,1,0.9804,3.9134
7,decoder,popping up,3615667,1,0.9986,6.592
7,decoder,popping up,3615667,1,0.9997,8.0745
7,decoder,popping up,3615667,1,0.9999,9.3025
7,decoder,popping up,3615667,1,1.0,10.8734
7,decoder,popping up,3615667,1,0.9929,4.9412
7,decoder,popping up,3615667,1,1.0,11.8173
7,decoder,breaking up,2522046,1,0.9854,4.2148
7,decoder,breaking up,2522046,1,1.0,10.5383
7,decoder,breaking up,2522046,1,0.9945,5.1897
7,decoder,breaking up,2522046,1,0.9995,7.604
7,decoder,breaking up,2522046,1,0.9993,7.2412
7,decoder,breaking up,2522046,1,1.0,10.9593
7,decoder,breaking up,2522046,1,0.9992,7.0934
7,decoder,breaking up,2522046,1,0.9993,7.2101
7,decoder,breaking up,2522046,1,0.981,3.9446
7,decoder,breaking up,2522046,1,0.9964,5.6257
7,decoder,breaking up,2522046,1,1.0,10.4327
7,decoder,breaking up,2522046,1,1.0,11.0407
7,decoder,breaking up,2522046,1,0.9999,9.5495
7,decoder,breaking up,2522046,1,0.9999,9.0942
7,decoder,breaking up,2522046,1,0.9998,8.3599
7,decoder,breaking up,2522046,1,0.9728,3.5751
7,decoder,breaking up,2522046,1,0.9998,8.4419
7,decoder,breaking up,2522046,1,1.0,10.7835
7,decoder,breaking up,2522046,1,1.0,12.0218
7,decoder,breaking up,2522046,1,0.9999,9.092
7,decoder,rolled up,1874372,1,0.9954,5.3702
7,decoder,rolled up,1874372,1,0.9967,5.7087
7,decoder,rolled up,1874372,1,0.9992,7.1373
7,decoder,rolled up,1874372,1,0.9999,9.0393
7,decoder,rolled up,1874372,1,0.9993,7.265
7,decoder,rolled up,1874372,1,0.9994,7.4411
7,decoder,rolled up,1874372,1,0.9973,5.9061
7,decoder,rolled up,1874372,1,0.9964,5.6272
7,decoder,rolled up,1874372,1,0.9986,6.5449
7,decoder,rolled up,1874372,1,1.0,10.1996
7,decoder,rolled up,1874372,1,0.9993,7.2244
7,decoder,rolled up,1874372,1,0.9999,8.8764
7,decoder,rolled up,1874372,1,0.9991,7.0395
7,decoder,rolled up,1874372,1,0.9962,5.5743
7,decoder,rolled up,1874372,1,0.9966,5.6863
7,decoder,rolled up,1874372,1,0.99,4.5938
7,decoder,rolled up,1874372,1,0.9991,6.9839
7,decoder,rolled up,1874372,1,0.9998,8.7463
7,decoder,rolled up,1874372,1,0.9997,8.1424
7,decoder,rolled up,1874372,1,0.9996,7.7777
7,decoder,spin up,606960,1,1.0,13.3576
7,decoder,spin up,606960,1,0.9997,8.1341
7,decoder,spin up,606960,1,0.9995,7.6011
7,decoder,spin up,606960,1,1.0,14.9494
7,decoder,spin up,606960,1,1.0,15.3354
7,decoder,spin up,606960,1,1.0,14.7503
7,decoder,spin up,606960,1,1.0,11.3148
7,decoder,spin up,606960,1,1.0,10.5742
7,decoder,spin up,606960,1,0.9994,7.4545
7,decoder,spin up,606960,1,1.0,11.707
7,decoder,spin up,606960,1,1.0,17.8896
7,decoder,spin up,606960,1,1.0,14.8188
7,decoder,spin up,606960,1,1.0,16.6574
7,decoder,spin up,606960,1,1.0,15.3354
7,decoder,spin up,606960,1,1.0,16.9874
7,decoder,spin up,606960,1,1.0,15.7267
7,decoder,spin up,606960,1,1.0,12.4163
7,decoder,spin up,606960,1,1.0,10.8462
7,decoder,spin up,606960,1,1.0,14.0008
7,decoder,spin up,606960,1,1.0,17.6924
7,decoder,throw up,1622999,1,1.0,12.8499
7,decoder,throw up,1622999,1,1.0,13.08
7,decoder,throw up,1622999,1,0.9999,9.5418
7,decoder,throw up,1622999,1,0.9907,4.6644
7,decoder,throw up,1622999,1,0.9996,7.8219
7,decoder,throw up,1622999,1,0.9963,5.5929
7,decoder,throw up,1622999,1,0.9924,4.8725
7,decoder,throw up,1622999,1,0.9996,7.9438
7,decoder,throw up,1622999,1,0.9987,6.6554
7,decoder,throw up,1622999,1,0.9723,3.5589
7,decoder,throw up,1622999,1,1.0,11.483
7,decoder,throw up,1622999,1,0.9879,4.4043
7,decoder,throw up,1622999,1,0.9999,9.5163
7,decoder,throw up,1622999,1,0.9488,2.9194
7,decoder,throw up,1622999,1,0.9997,7.9776
7,decoder,throw up,1622999,1,0.9998,8.5027
7,decoder,throw up,1622999,1,1.0,11.6409
7,decoder,throw up,1622999,1,0.9495,2.9334
7,decoder,throw up,1622999,1,0.9556,3.0687
7,decoder,throw up,1622999,1,1.0,10.2739
7,decoder,cover up,4126526,1,0.9999,9.5902
7,decoder,cover up,4126526,1,1.0,12.548
7,decoder,cover up,4126526,1,0.999,6.9464
7,decoder,cover up,4126526,1,0.9999,9.0923
7,decoder,cover up,4126526,1,0.9997,7.9643
7,decoder,cover up,4126526,1,1.0,11.7166
7,decoder,cover up,4126526,1,0.9997,7.9959
7,decoder,cover up,4126526,1,1.0,10.662
7,decoder,cover up,4126526,1,1.0,15.4922
7,decoder,cover up,4126526,1,0.9988,6.6985
7,decoder,cover up,4126526,1,0.9999,8.9237
7,decoder,cover up,4126526,1,0.993,4.9585
7,decoder,cover up,4126526,1,1.0,14.1232
7,decoder,cover up,4126526,1,0.9999,9.0467
7,decoder,cover up,4126526,1,1.0,10.9242
7,decoder,cover up,4126526,1,0.9932,4.9812
7,decoder,cover up,4126526,1,1.0,13.9481
7,decoder,cover up,4126526,1,1.0,12.2858
7,decoder,cover up,4126526,1,1.0,15.0764
7,decoder,cover up,4126526,1,1.0,11.6475
7,decoder,filled up,2058087,1,0.9997,8.0342
7,decoder,filled up,2058087,1,0.9993,7.3301
7,decoder,filled up,2058087,1,0.9127,2.3466
7,decoder,filled up,2058087,1,0.9999,9.1214
7,decoder,filled up,2058087,1,0.9998,8.8032
7,decoder,filled up,2058087,1,0.9998,8.3758
7,decoder,filled up,2058087,1,0.996,5.5133
7,decoder,filled up,2058087,1,0.9999,9.5931
7,decoder,filled up,2058087,1,0.9996,7.7273
7,decoder,filled up,2058087,1,0.9994,7.4639
7,decoder,filled up,2058087,1,0.9976,6.0389
7,decoder,filled up,2058087,1,0.9999,9.7537
7,decoder,filled up,2058087,1,1.0,11.8226
7,decoder,filled up,2058087,1,0.999,6.9059
7,decoder,filled up,2058087,1,0.9992,7.0824
7,decoder,filled up,2058087,1,1.0,10.3153
7,decoder,filled up,2058087,1,0.9999,8.9319
7,decoder,filled up,2058087,1,1.0,11.7866
7,decoder,filled up,2058087,1,0.9999,9.298
7,decoder,filled up,2058087,1,0.9996,7.9032
7,decoder,meet up,6064060,1,0.9998,8.6128
7,decoder,meet up,6064060,1,0.9932,4.9909
7,decoder,meet up,6064060,1,1.0,13.0501
7,decoder,meet up,6064060,1,1.0,11.3758
7,decoder,meet up,6064060,1,0.9213,2.4597
7,decoder,meet up,6064060,1,1.0,10.6738
7,decoder,meet up,6064060,1,0.9987,6.6677
7,decoder,meet up,6064060,1,0.9975,5.9706
7,decoder,meet up,6064060,1,1.0,11.0254
7,decoder,meet up,6064060,1,1.0,12.0982
7,decoder,meet up,6064060,1,0.9602,3.1843
7,decoder,meet up,6064060,1,0.9997,7.9781
7,decoder,meet up,6064060,1,1.0,14.9481
7,decoder,meet up,6064060,1,1.0,11.2717
7,decoder,meet up,6064060,1,1.0,14.6214
7,decoder,meet up,6064060,1,0.9825,4.0296
7,decoder,meet up,6064060,1,1.0,15.6475
7,decoder,meet up,6064060,1,1.0,11.3658
7,decoder,meet up,6064060,1,0.9796,3.8738
7,decoder,meet up,6064060,1,0.9999,9.3327
7,decoder,catching up,4486664,1,0.998,6.2049
7,decoder,catching up,4486664,1,1.0,12.4645
7,decoder,catching up,4486664,1,0.9997,8.0535
7,decoder,catching up,4486664,1,0.9997,8.1663
7,decoder,catching up,4486664,1,0.9692,3.4483
7,decoder,catching up,4486664,1,0.9997,8.0693
7,decoder,catching up,4486664,1,0.9914,4.7525
7,decoder,catching up,4486664,1,1.0,10.4136
7,decoder,catching up,4486664,1,0.9969,5.7835
7,decoder,catching up,4486664,1,0.9999,9.3671
7,decoder,catching up,4486664,1,0.9994,7.448
7,decoder,catching up,4486664,1,0.9945,5.1945
7,decoder,catching up,4486664,1,0.9999,9.5177
7,decoder,catching up,4486664,1,0.9716,3.5327
7,decoder,catching up,4486664,1,0.9999,9.2319
7,decoder,catching up,4486664,1,1.0,10.9203
7,decoder,catching up,4486664,1,1.0,10.1018
7,decoder,catching up,4486664,1,0.921,2.4565
7,decoder,catching up,4486664,1,0.9999,9.2085
7,decoder,catching up,4486664,1,1.0,10.6219
7,decoder,screwed up,1996613,1,1.0,9.9089
7,decoder,screwed up,1996613,1,0.9985,6.511
7,decoder,screwed up,1996613,1,1.0,12.7342
7,decoder,screwed up,1996613,1,1.0,12.3308
7,decoder,screwed up,1996613,1,1.0,10.5661
7,decoder,screwed up,1996613,1,0.9996,7.8447
7,decoder,screwed up,1996613,1,0.9988,6.7281
7,decoder,screwed up,1996613,1,0.9998,8.5538
7,decoder,screwed up,1996613,1,0.9996,7.8655
7,decoder,screwed up,1996613,1,1.0,12.947
7,decoder,screwed up,1996613,1,0.9994,7.4065
7,decoder,screwed up,1996613,1,0.9997,8.0873
7,decoder,screwed up,1996613,1,0.9998,8.4258
7,decoder,screwed up,1996613,1,0.9999,9.3316
7,decoder,screwed up,1996613,1,0.9999,9.8109
7,decoder,screwed up,1996613,1,0.9999,9.49
7,decoder,screwed up,1996613,1,1.0,14.0404
7,decoder,screwed up,1996613,1,1.0,12.0333
7,decoder,screwed up,1996613,1,0.9699,3.4736
7,decoder,screwed up,1996613,1,0.9991,6.9872
7,decoder,sets up,3274047,1,1.0,11.1404
7,decoder,sets up,3274047,1,0.9752,3.6738
7,decoder,sets up,3274047,1,0.9999,9.2319
7,decoder,sets up,3274047,1,1.0,10.4565
7,decoder,sets up,3274047,1,0.9998,8.3881
7,decoder,sets up,3274047,1,0.9991,7.0409
7,decoder,sets up,3274047,1,1.0,10.7617
7,decoder,sets up,3274047,1,0.9999,9.8966
7,decoder,sets up,3274047,1,1.0,10.4923
7,decoder,sets up,3274047,1,1.0,13.3736
7,decoder,sets up,3274047,1,0.9998,8.7686
7,decoder,sets up,3274047,1,0.9902,4.6133
7,decoder,sets up,3274047,1,1.0,10.0166
7,decoder,sets up,3274047,1,0.9999,9.0927
7,decoder,sets up,3274047,1,0.9973,5.9163
7,decoder,sets up,3274047,1,0.9991,6.9855
7,decoder,sets up,3274047,1,0.9973,5.9242
7,decoder,sets up,3274047,1,1.0,11.4816
7,decoder,sets up,3274047,1,1.0,12.9463
7,decoder,sets up,3274047,1,0.9984,6.4157
7,decoder,hooked up,3375781,1,0.9994,7.4147
7,decoder,hooked up,3375781,1,0.9999,9.8155
7,decoder,hooked up,3375781,1,1.0,11.0174
7,decoder,hooked up,3375781,1,0.9998,8.4493
7,decoder,hooked up,3375781,1,0.9998,8.4153
7,decoder,hooked up,3375781,1,1.0,12.7655
7,decoder,hooked up,3375781,1,0.9995,7.5957
7,decoder,hooked up,3375781,1,1.0,12.1596
7,decoder,hooked up,3375781,1,0.9999,9.1415
7,decoder,hooked up,3375781,1,0.9998,8.7117
7,decoder,hooked up,3375781,1,0.9997,8.1217
7,decoder,hooked up,3375781,1,0.9935,5.0262
7,decoder,hooked up,3375781,1,0.9998,8.6495
7,decoder,hooked up,3375781,1,0.9998,8.7364
7,decoder,hooked up,3375781,1,0.9999,9.6708
7,decoder,hooked up,3375781,1,0.9775,3.7705
7,decoder,hooked up,3375781,1,0.9998,8.7775
7,decoder,hooked up,3375781,1,0.998,6.2343
7,decoder,hooked up,3375781,1,0.9995,7.6405
7,decoder,hooked up,3375781,1,0.9999,9.4908
7,decoder,popped up,3217845,1,1.0,9.9736
7,decoder,popped up,3217845,1,0.9999,9.0925
7,decoder,popped up,3217845,1,0.9999,9.2347
7,decoder,popped up,3217845,1,0.9885,4.4496
7,decoder,popped up,3217845,1,0.9999,9.1055
7,decoder,popped up,3217845,1,0.9914,4.7521
7,decoder,popped up,3217845,1,0.9993,7.2577
7,decoder,popped up,3217845,1,0.9996,7.9418
7,decoder,popped up,3217845,1,0.9999,9.2591
7,decoder,popped up,3217845,1,0.9997,8.1156
7,decoder,popped up,3217845,1,0.9813,3.9597
7,decoder,popped up,3217845,1,0.9999,8.9758
7,decoder,popped up,3217845,1,0.7905,1.3279
7,decoder,popped up,3217845,1,0.9881,4.4156
7,decoder,popped up,3217845,1,1.0,10.5357
7,decoder,popped up,3217845,1,1.0,16.1451
7,decoder,popped up,3217845,1,1.0,11.03
7,decoder,popped up,3217845,1,0.9999,8.8104
7,decoder,popped up,3217845,1,0.9854,4.2122
7,decoder,popped up,3217845,1,0.9997,8.1598
7,decoder,cleaning up,4296989,1,0.9996,7.728
7,decoder,cleaning up,4296989,1,0.9841,4.1247
7,decoder,cleaning up,4296989,1,0.9983,6.3724
7,decoder,cleaning up,4296989,1,0.9975,5.9926
7,decoder,cleaning up,4296989,1,0.9997,8.1128
7,decoder,cleaning up,4296989,1,1.0,13.0075
7,decoder,cleaning up,4296989,1,1.0,10.0874
7,decoder,cleaning up,4296989,1,1.0,10.4101
7,decoder,cleaning up,4296989,1,0.9995,7.6669
7,decoder,cleaning up,4296989,1,0.969,3.4438
7,decoder,cleaning up,4296989,1,0.9999,8.8604
7,decoder,cleaning up,4296989,1,0.9999,9.5701
7,decoder,cleaning up,4296989,1,1.0,11.4692
7,decoder,cleaning up,4296989,1,1.0,12.1423
7,decoder,cleaning up,4296989,1,0.9875,4.3694
7,decoder,cleaning up,4296989,1,1.0,11.7306
7,decoder,cleaning up,4296989,1,1.0,10.0436
7,decoder,cleaning up,4296989,1,0.9999,9.277
7,decoder,cleaning up,4296989,1,0.9989,6.8142
7,decoder,cleaning up,4296989,1,0.9999,9.6671
7,decoder,pops up,2983019,1,0.9997,8.2828
7,decoder,pops up,2983019,1,0.8691,1.8931
7,decoder,pops up,2983019,1,1.0,12.0219
7,decoder,pops up,2983019,1,0.9946,5.2135
7,decoder,pops up,2983019,1,0.9768,3.74
7,decoder,pops up,2983019,1,0.884,2.0306
7,decoder,pops up,2983019,1,0.9894,4.5401
7,decoder,pops up,2983019,1,0.8869,2.0593
7,decoder,pops up,2983019,1,1.0,10.2211
7,decoder,pops up,2983019,1,0.9782,3.8043
7,decoder,pops up,2983019,1,0.9647,3.3065
7,decoder,pops up,2983019,1,0.984,4.1177
7,decoder,pops up,2983019,1,0.9991,7.055
7,decoder,pops up,2983019,1,0.9998,8.5113
7,decoder,pops up,2983019,1,0.9649,3.3148
7,decoder,pops up,2983019,1,0.8452,1.6973
7,decoder,pops up,2983019,1,1.0,10.8016
7,decoder,pops up,2983019,1,0.9997,8.047
7,decoder,pops up,2983019,1,0.9998,8.4352
7,decoder,pops up,2983019,1,0.972,3.5477
7,decoder,start up,4644225,1,1.0,14.0431
7,decoder,start up,4644225,1,0.9993,7.3295
7,decoder,start up,4644225,1,0.9996,7.9375
7,decoder,start up,4644225,1,1.0,11.7972
7,decoder,start up,4644225,1,1.0,13.0918
7,decoder,start up,4644225,1,1.0,15.7317
7,decoder,start up,4644225,1,1.0,20.0184
7,decoder,start up,4644225,1,0.9977,6.0617
7,decoder,start up,4644225,1,1.0,16.1748
7,decoder,start up,4644225,1,1.0,10.4224
7,decoder,start up,4644225,1,1.0,11.3435
7,decoder,start up,4644225,1,1.0,15.4593
7,decoder,start up,4644225,1,1.0,11.1938
7,decoder,start up,4644225,1,1.0,13.6287
7,decoder,start up,4644225,1,0.9999,9.3306
7,decoder,start up,4644225,1,0.9915,4.7644
7,decoder,start up,4644225,1,1.0,11.4139
7,decoder,start up,4644225,1,1.0,12.6642
7,decoder,start up,4644225,1,0.9762,3.7135
7,decoder,start up,4644225,1,1.0,13.3202
7,decoder,gets up,1691324,1,1.0,11.8176
7,decoder,gets up,1691324,1,0.9999,9.8351
7,decoder,gets up,1691324,1,0.9991,7.0683
7,decoder,gets up,1691324,1,0.9996,7.9169
7,decoder,gets up,1691324,1,0.9999,9.6933
7,decoder,gets up,1691324,1,1.0,13.7166
7,decoder,gets up,1691324,1,1.0,12.4764
7,decoder,gets up,1691324,1,0.9989,6.7978
7,decoder,gets up,1691324,1,0.9998,8.7792
7,decoder,gets up,1691324,1,1.0,11.8221
7,decoder,gets up,1691324,1,0.9993,7.1985
7,decoder,gets up,1691324,1,1.0,11.1408
7,decoder,gets up,1691324,1,0.9938,5.0746
7,decoder,gets up,1691324,1,0.9991,6.9595
7,decoder,gets up,1691324,1,0.9998,8.6847
7,decoder,gets up,1691324,1,0.9999,9.5451
7,decoder,gets up,1691324,1,1.0,10.7609
7,decoder,gets up,1691324,1,1.0,13.3422
7,decoder,gets up,1691324,1,1.0,11.1546
7,decoder,gets up,1691324,1,1.0,14.941
7,decoder,climb up,2469114,1,1.0,10.0198
7,decoder,climb up,2469114,1,0.9998,8.6684
7,decoder,climb up,2469114,1,1.0,13.9648
7,decoder,climb up,2469114,1,1.0,10.8511
7,decoder,climb up,2469114,1,1.0,15.1875
7,decoder,climb up,2469114,1,1.0,12.253
7,decoder,climb up,2469114,1,1.0,11.4906
7,decoder,climb up,2469114,1,1.0,14.6929
7,decoder,climb up,2469114,1,1.0,14.6279
7,decoder,climb up,2469114,1,0.9999,9.09
7,decoder,climb up,2469114,1,1.0,12.1469
7,decoder,climb up,2469114,1,0.9999,9.7296
7,decoder,climb up,2469114,1,1.0,15.3896
7,decoder,climb up,2469114,1,1.0,10.2597
7,decoder,climb up,2469114,1,1.0,13.697
7,decoder,climb up,2469114,1,1.0,11.3272
7,decoder,climb up,2469114,1,1.0,12.8139
7,decoder,climb up,2469114,1,1.0,14.0174
7,decoder,climb up,2469114,1,1.0,18.1838
7,decoder,climb up,2469114,1,1.0,15.7732
7,decoder,threw up,930135,1,0.9986,6.5513
7,decoder,threw up,930135,1,1.0,12.9659
7,decoder,threw up,930135,1,0.9998,8.7953
7,decoder,threw up,930135,1,0.9908,4.6748
7,decoder,threw up,930135,1,1.0,10.6725
7,decoder,threw up,930135,1,0.8661,1.867
7,decoder,threw up,930135,1,1.0,16.6723
7,decoder,threw up,930135,0,0.1715,-1.5754
7,decoder,threw up,930135,1,0.9409,2.7677
7,decoder,threw up,930135,1,0.9997,8.0226
7,decoder,threw up,930135,1,1.0,10.8847
7,decoder,threw up,930135,1,0.9957,5.4409
7,decoder,threw up,930135,1,0.995,5.3024
7,decoder,threw up,930135,1,1.0,10.3792
7,decoder,threw up,930135,1,0.9772,3.7559
7,decoder,threw up,930135,1,0.9758,3.6973
7,decoder,threw up,930135,1,1.0,14.1876
7,decoder,threw up,930135,1,0.9999,9.2888
7,decoder,threw up,930135,1,0.9995,7.6101
7,decoder,threw up,930135,1,0.9999,8.971
7,decoder,scale up,2161613,1,1.0,11.5731
7,decoder,scale up,2161613,1,0.9994,7.4409
7,decoder,scale up,2161613,1,1.0,10.171
7,decoder,scale up,2161613,1,0.9911,4.7177
7,decoder,scale up,2161613,1,1.0,11.2695
7,decoder,scale up,2161613,1,1.0,12.071
7,decoder,scale up,2161613,1,0.9999,9.463
7,decoder,scale up,2161613,1,0.9995,7.5212
7,decoder,scale up,2161613,1,0.9966,5.6777
7,decoder,scale up,2161613,1,1.0,13.913
7,decoder,scale up,2161613,1,0.9997,8.1561
7,decoder,scale up,2161613,1,1.0,12.3751
7,decoder,scale up,2161613,1,1.0,13.7529
7,decoder,scale up,2161613,1,0.9991,7.0374
7,decoder,scale up,2161613,1,1.0,11.3496
7,decoder,scale up,2161613,1,1.0,13.4945
7,decoder,scale up,2161613,1,1.0,14.233
7,decoder,scale up,2161613,1,1.0,11.2198
7,decoder,scale up,2161613,1,1.0,12.1367
7,decoder,scale up,2161613,1,1.0,12.2686
7,decoder,following up,2025157,1,1.0,16.4961
7,decoder,following up,2025157,1,0.9999,9.068
7,decoder,following up,2025157,1,1.0,16.4618
7,decoder,following up,2025157,1,0.939,2.7344
7,decoder,following up,2025157,1,1.0,10.7731
7,decoder,following up,2025157,1,1.0,12.5681
7,decoder,following up,2025157,1,1.0,11.1767
7,decoder,following up,2025157,1,1.0,11.1601
7,decoder,following up,2025157,1,0.9984,6.4246
7,decoder,following up,2025157,1,0.995,5.3021
7,decoder,following up,2025157,1,1.0,11.2989
7,decoder,following up,2025157,1,1.0,12.1978
7,decoder,following up,2025157,1,1.0,11.5102
7,decoder,following up,2025157,1,1.0,16.5014
7,decoder,following up,2025157,1,1.0,12.6815
7,decoder,following up,2025157,1,0.9999,9.4858
7,decoder,following up,2025157,1,1.0,15.38
7,decoder,following up,2025157,1,1.0,10.1466
7,decoder,following up,2025157,1,1.0,10.9775
7,decoder,following up,2025157,1,0.9995,7.6776
7,decoder,split up,2991304,1,1.0,12.5885
7,decoder,split up,2991304,1,1.0,11.6112
7,decoder,split up,2991304,1,0.9991,6.973
7,decoder,split up,2991304,1,0.9999,9.4298
7,decoder,split up,2991304,1,1.0,14.5894
7,decoder,split up,2991304,1,1.0,11.521
7,decoder,split up,2991304,1,0.9806,3.9254
7,decoder,split up,2991304,1,1.0,10.4399
7,decoder,split up,2991304,1,1.0,13.0206
7,decoder,split up,2991304,1,0.9827,4.0376
7,decoder,split up,2991304,1,0.9996,7.7267
7,decoder,split up,2991304,1,1.0,13.5177
7,decoder,split up,2991304,1,1.0,10.2085
7,decoder,split up,2991304,1,1.0,12.022
7,decoder,split up,2991304,1,1.0,12.5171
7,decoder,split up,2991304,1,1.0,12.8241
7,decoder,split up,2991304,1,0.8705,1.9053
7,decoder,split up,2991304,1,0.9998,8.3002
7,decoder,split up,2991304,1,0.9946,5.2166
7,decoder,split up,2991304,1,1.0,12.4815
7,decoder,climbed up,955909,1,1.0,12.1842
7,decoder,climbed up,955909,1,0.9999,8.9173
7,decoder,climbed up,955909,1,0.9994,7.4566
7,decoder,climbed up,955909,1,1.0,10.2906
7,decoder,climbed up,955909,1,0.9994,7.4308
7,decoder,climbed up,955909,1,1.0,11.7214
7,decoder,climbed up,955909,1,0.9998,8.7971
7,decoder,climbed up,955909,1,1.0,11.9308
7,decoder,climbed up,955909,1,0.9999,9.3788
7,decoder,climbed up,955909,1,0.9999,9.6679
7,decoder,climbed up,955909,1,1.0,10.8359
7,decoder,climbed up,955909,1,0.9986,6.582
7,decoder,climbed up,955909,1,0.9991,7.0337
7,decoder,climbed up,955909,1,0.9991,6.9963
7,decoder,climbed up,955909,1,1.0,10.7096
7,decoder,climbed up,955909,1,0.8259,1.5565
7,decoder,climbed up,955909,1,0.9991,7.0474
7,decoder,climbed up,955909,1,0.9986,6.5946
7,decoder,climbed up,955909,1,0.9987,6.67
7,decoder,climbed up,955909,1,0.9999,9.4832
7,decoder,hurry up,1215725,1,0.9996,7.7705
7,decoder,hurry up,1215725,1,0.9996,7.7104
7,decoder,hurry up,1215725,1,0.9997,8.1842
7,decoder,hurry up,1215725,1,0.9992,7.1112
7,decoder,hurry up,1215725,1,1.0,10.9692
7,decoder,hurry up,1215725,1,1.0,13.4051
7,decoder,hurry up,1215725,1,1.0,10.6845
7,decoder,hurry up,1215725,1,0.9999,9.7034
7,decoder,hurry up,1215725,1,0.9844,4.146
7,decoder,hurry up,1215725,1,1.0,11.3533
7,decoder,hurry up,1215725,1,1.0,11.6057
7,decoder,hurry up,1215725,1,0.9999,9.7242
7,decoder,hurry up,1215725,1,1.0,12.7078
7,decoder,hurry up,1215725,1,1.0,11.2403
7,decoder,hurry up,1215725,1,0.9998,8.6453
7,decoder,hurry up,1215725,1,1.0,10.9776
7,decoder,hurry up,1215725,1,1.0,9.9335
7,decoder,hurry up,1215725,1,0.9998,8.5333
7,decoder,hurry up,1215725,1,0.9999,9.5901
7,decoder,hurry up,1215725,1,0.9996,7.8291
7,decoder,blown up,1480824,1,1.0,10.2793
7,decoder,blown up,1480824,1,0.9995,7.6101
7,decoder,blown up,1480824,1,1.0,12.2449
7,decoder,blown up,1480824,1,1.0,11.739
7,decoder,blown up,1480824,1,0.9982,6.3323
7,decoder,blown up,1480824,1,1.0,11.3148
7,decoder,blown up,1480824,1,0.9972,5.8792
7,decoder,blown up,1480824,1,0.9993,7.2186
7,decoder,blown up,1480824,1,1.0,11.9821
7,decoder,blown up,1480824,1,1.0,10.2651
7,decoder,blown up,1480824,1,0.9988,6.6965
7,decoder,blown up,1480824,1,0.9999,9.6984
7,decoder,blown up,1480824,1,0.9999,8.9553
7,decoder,blown up,1480824,1,0.9996,7.7067
7,decoder,blown up,1480824,1,0.9995,7.601
7,decoder,blown up,1480824,1,0.9998,8.6679
7,decoder,blown up,1480824,1,0.9994,7.3619
7,decoder,blown up,1480824,1,0.9972,5.8896
7,decoder,blown up,1480824,1,1.0,11.4177
7,decoder,blown up,1480824,1,0.9999,9.2409
7,decoder,cleaned up,3899201,1,0.9998,8.6204
7,decoder,cleaned up,3899201,1,0.9966,5.6876
7,decoder,cleaned up,3899201,1,1.0,11.5521
7,decoder,cleaned up,3899201,1,0.9248,2.509
7,decoder,cleaned up,3899201,1,0.9868,4.3169
7,decoder,cleaned up,3899201,1,0.6012,0.4105
7,decoder,cleaned up,3899201,1,0.9998,8.4784
7,decoder,cleaned up,3899201,1,0.7197,0.9429
7,decoder,cleaned up,3899201,1,0.9305,2.595
7,decoder,cleaned up,3899201,1,0.9986,6.6046
7,decoder,cleaned up,3899201,1,0.9903,4.6311
7,decoder,cleaned up,3899201,1,1.0,11.0513
7,decoder,cleaned up,3899201,1,0.9999,9.6278
7,decoder,cleaned up,3899201,1,1.0,11.9733
7,decoder,cleaned up,3899201,1,0.9471,2.8849
7,decoder,cleaned up,3899201,1,0.9997,8.1477
7,decoder,cleaned up,3899201,1,0.9999,9.4608
7,decoder,cleaned up,3899201,1,0.9998,8.5771
7,decoder,cleaned up,3899201,1,1.0,11.668
7,decoder,cleaned up,3899201,1,0.9995,7.5792
7,decoder,blew up,1719775,1,1.0,13.3233
7,decoder,blew up,1719775,1,0.9992,7.1065
7,decoder,blew up,1719775,1,1.0,10.3459
7,decoder,blew up,1719775,1,0.9999,9.5888
7,decoder,blew up,1719775,1,1.0,11.724
7,decoder,blew up,1719775,1,1.0,12.0677
7,decoder,blew up,1719775,1,0.9998,8.417
7,decoder,blew up,1719775,1,0.9896,4.5536
7,decoder,blew up,1719775,1,1.0,11.9664
7,decoder,blew up,1719775,1,0.9368,2.697
7,decoder,blew up,1719775,1,1.0,11.8323
7,decoder,blew up,1719775,1,0.9992,7.1611
7,decoder,blew up,1719775,1,0.9986,6.5757
7,decoder,blew up,1719775,1,0.9999,9.0529
7,decoder,blew up,1719775,1,0.9997,8.2594
7,decoder,blew up,1719775,1,0.9987,6.656
7,decoder,blew up,1719775,1,0.9971,5.8262
7,decoder,blew up,1719775,1,1.0,11.864
7,decoder,blew up,1719775,1,0.998,6.2342
7,decoder,blew up,1719775,1,1.0,11.1442
7,decoder,summed up,2577571,1,1.0,11.5455
7,decoder,summed up,2577571,1,1.0,14.7527
7,decoder,summed up,2577571,1,1.0,10.6787
7,decoder,summed up,2577571,1,0.9999,9.7206
7,decoder,summed up,2577571,1,1.0,13.3003
7,decoder,summed up,2577571,1,0.9998,8.5218
7,decoder,summed up,2577571,1,1.0,10.284
7,decoder,summed up,2577571,1,0.9911,4.7142
7,decoder,summed up,2577571,1,1.0,10.5611
7,decoder,summed up,2577571,1,0.9999,9.3878
7,decoder,summed up,2577571,1,0.9999,8.9083
7,decoder,summed up,2577571,1,0.9899,4.5812
7,decoder,summed up,2577571,1,0.9998,8.3935
7,decoder,summed up,2577571,1,1.0,10.4637
7,decoder,summed up,2577571,1,1.0,11.9311
7,decoder,summed up,2577571,1,1.0,12.118
7,decoder,summed up,2577571,1,0.9833,4.0771
7,decoder,summed up,2577571,1,0.9993,7.331
7,decoder,summed up,2577571,1,0.9736,3.6075
7,decoder,summed up,2577571,1,0.9963,5.5936
7,decoder,followed up,4092993,1,1.0,12.8091
7,decoder,followed up,4092993,1,0.9984,6.4679
7,decoder,followed up,4092993,1,0.999,6.8864
7,decoder,followed up,4092993,1,1.0,11.9769
7,decoder,followed up,4092993,1,1.0,11.154
7,decoder,followed up,4092993,1,0.9997,7.9679
7,decoder,followed up,4092993,1,0.9997,8.1999
7,decoder,followed up,4092993,1,0.9999,9.2409
7,decoder,followed up,4092993,1,1.0,10.1969
7,decoder,followed up,4092993,1,0.9997,8.1406
7,decoder,followed up,4092993,1,0.9997,7.9803
7,decoder,followed up,4092993,1,0.9999,9.8584
7,decoder,followed up,4092993,1,0.9996,7.7738
7,decoder,followed up,4092993,1,0.9998,8.7537
7,decoder,followed up,4092993,1,0.9922,4.8415
7,decoder,followed up,4092993,1,0.9999,8.9918
7,decoder,followed up,4092993,1,0.9986,6.6034
7,decoder,followed up,4092993,1,0.9998,8.3406
7,decoder,followed up,4092993,1,0.9997,8.0016
7,decoder,followed up,4092993,1,0.9996,7.7508
7,decoder,ending up,3168536,1,0.9707,3.5007
7,decoder,ending up,3168536,1,0.9445,2.835
7,decoder,ending up,3168536,1,0.9744,3.6382
7,decoder,ending up,3168536,1,1.0,10.076
7,decoder,ending up,3168536,1,0.9753,3.6753
7,decoder,ending up,3168536,1,0.9807,3.9298
7,decoder,ending up,3168536,1,0.8112,1.4581
7,decoder,ending up,3168536,0,0.2823,-0.933
7,decoder,ending up,3168536,1,0.9999,9.1175
7,decoder,ending up,3168536,1,0.9996,7.8416
7,decoder,ending up,3168536,1,1.0,10.4456
7,decoder,ending up,3168536,1,0.9985,6.5283
7,decoder,ending up,3168536,1,0.9999,9.5989
7,decoder,ending up,3168536,1,0.8715,1.9139
7,decoder,ending up,3168536,1,0.9635,3.2722
7,decoder,ending up,3168536,1,0.99,4.5941
7,decoder,ending up,3168536,1,0.9886,4.4655
7,decoder,ending up,3168536,1,0.9999,9.0477
7,decoder,ending up,3168536,1,0.9994,7.4949
7,decoder,ending up,3168536,1,1.0,12.3908
7,decoder,used up,2401269,1,0.999,6.8661
7,decoder,used up,2401269,1,1.0,11.2029
7,decoder,used up,2401269,1,0.9997,8.0158
7,decoder,used up,2401269,1,0.9997,7.9843
7,decoder,used up,2401269,1,1.0,12.1213
7,decoder,used up,2401269,1,0.9999,9.7695
7,decoder,used up,2401269,1,0.9988,6.7512
7,decoder,used up,2401269,1,0.9864,4.2858
7,decoder,used up,2401269,1,0.9908,4.6839
7,decoder,used up,2401269,1,0.9993,7.2441
7,decoder,used up,2401269,1,0.9963,5.5892
7,decoder,used up,2401269,1,0.9999,9.1966
7,decoder,used up,2401269,1,0.9296,2.5812
7,decoder,used up,2401269,1,0.9964,5.6165
7,decoder,used up,2401269,1,0.9999,9.2177
7,decoder,used up,2401269,1,0.9986,6.5721
7,decoder,used up,2401269,1,1.0,15.2963
7,decoder,used up,2401269,1,1.0,15.6052
7,decoder,used up,2401269,1,0.9997,8.0634
7,decoder,used up,2401269,1,1.0,11.6334
7,decoder,worked up,1788639,1,1.0,10.8858
7,decoder,worked up,1788639,1,0.9987,6.6644
7,decoder,worked up,1788639,1,0.9999,9.6881
7,decoder,worked up,1788639,1,0.9898,4.571
7,decoder,worked up,1788639,1,1.0,12.9331
7,decoder,worked up,1788639,0,0.4597,-0.1615
7,decoder,worked up,1788639,1,0.9999,9.0385
7,decoder,worked up,1788639,1,1.0,9.9776
7,decoder,worked up,1788639,1,0.5777,0.3134
7,decoder,worked up,1788639,1,0.9795,3.8669
7,decoder,worked up,1788639,1,0.9999,9.3579
7,decoder,worked up,1788639,1,1.0,13.835
7,decoder,worked up,1788639,1,0.9988,6.6872
7,decoder,worked up,1788639,1,0.8305,1.5894
7,decoder,worked up,1788639,1,0.9787,3.8293
7,decoder,worked up,1788639,1,1.0,9.9864
7,decoder,worked up,1788639,1,1.0,12.6034
7,decoder,worked up,1788639,0,0.19,-1.4501
7,decoder,worked up,1788639,1,0.9944,5.1786
7,decoder,worked up,1788639,1,0.992,4.8158
7,decoder,turning up,1522115,1,0.7656,1.1834
7,decoder,turning up,1522115,1,0.9998,8.3465
7,decoder,turning up,1522115,1,0.9988,6.7144
7,decoder,turning up,1522115,1,0.9998,8.4096
7,decoder,turning up,1522115,1,1.0,10.1852
7,decoder,turning up,1522115,1,0.9999,9.456
7,decoder,turning up,1522115,1,1.0,12.849
7,decoder,turning up,1522115,1,0.9998,8.4743
7,decoder,turning up,1522115,1,1.0,16.061
7,decoder,turning up,1522115,1,1.0,10.6777
7,decoder,turning up,1522115,1,0.9999,9.6551
7,decoder,turning up,1522115,1,1.0,15.0054
7,decoder,turning up,1522115,1,1.0,12.2387
7,decoder,turning up,1522115,1,1.0,11.0211
7,decoder,turning up,1522115,1,1.0,10.721
7,decoder,turning up,1522115,1,1.0,10.3093
7,decoder,turning up,1522115,1,0.992,4.8251
7,decoder,turning up,1522115,1,0.9999,9.3397
7,decoder,turning up,1522115,1,1.0,11.9399
7,decoder,turning up,1522115,1,0.9991,7.053
7,decoder,sum up,3064830,1,1.0,11.5538
7,decoder,sum up,3064830,1,1.0,10.4992
7,decoder,sum up,3064830,1,1.0,10.3104
7,decoder,sum up,3064830,1,0.9991,6.9977
7,decoder,sum up,3064830,1,0.9997,8.2718
7,decoder,sum up,3064830,1,0.9741,3.6286
7,decoder,sum up,3064830,1,1.0,15.0773
7,decoder,sum up,3064830,1,1.0,13.0167
7,decoder,sum up,3064830,1,1.0,11.4433
7,decoder,sum up,3064830,1,1.0,9.9704
7,decoder,sum up,3064830,1,1.0,16.1983
7,decoder,sum up,3064830,1,0.9998,8.5377
7,decoder,sum up,3064830,1,1.0,12.932
7,decoder,sum up,3064830,1,1.0,10.3446
7,decoder,sum up,3064830,1,1.0,11.3697
7,decoder,sum up,3064830,1,1.0,13.9827
7,decoder,sum up,3064830,1,1.0,9.9903
7,decoder,sum up,3064830,1,0.9956,5.4296
7,decoder,sum up,3064830,1,1.0,12.9177
7,decoder,sum up,3064830,1,0.9999,8.8394
7,decoder,shot up,1621292,1,1.0,13.6821
7,decoder,shot up,1621292,1,0.9997,7.9777
7,decoder,shot up,1621292,1,1.0,10.3261
7,decoder,shot up,1621292,1,0.9999,9.3207
7,decoder,shot up,1621292,1,0.9935,5.0224
7,decoder,shot up,1621292,1,0.9999,9.4423
7,decoder,shot up,1621292,1,1.0,10.3755
7,decoder,shot up,1621292,1,0.9999,9.8228
7,decoder,shot up,1621292,1,0.9999,9.3601
7,decoder,shot up,1621292,1,0.9999,9.2779
7,decoder,shot up,1621292,1,1.0,10.8839
7,decoder,shot up,1621292,1,1.0,12.001
7,decoder,shot up,1621292,1,1.0,10.4943
7,decoder,shot up,1621292,1,0.9989,6.8126
7,decoder,shot up,1621292,1,1.0,13.5505
7,decoder,shot up,1621292,1,0.9998,8.3551
7,decoder,shot up,1621292,1,0.9984,6.4305
7,decoder,shot up,1621292,1,1.0,9.9544
7,decoder,shot up,1621292,1,0.9989,6.8434
7,decoder,shot up,1621292,1,0.9992,7.0853
7,decoder,clear up,2890922,1,1.0,10.8013
7,decoder,clear up,2890922,1,0.9994,7.4695
7,decoder,clear up,2890922,1,1.0,10.6601
7,decoder,clear up,2890922,1,0.9982,6.3161
7,decoder,clear up,2890922,1,1.0,11.8594
7,decoder,clear up,2890922,1,0.9996,7.9501
7,decoder,clear up,2890922,1,0.9996,7.7891
7,decoder,clear up,2890922,1,0.9998,8.3406
7,decoder,clear up,2890922,1,1.0,10.6164
7,decoder,clear up,2890922,1,0.9917,4.7777
7,decoder,clear up,2890922,1,0.9999,9.7903
7,decoder,clear up,2890922,1,1.0,12.2551
7,decoder,clear up,2890922,1,0.9999,9.757
7,decoder,clear up,2890922,1,0.9906,4.659
7,decoder,clear up,2890922,1,1.0,10.2073
7,decoder,clear up,2890922,1,0.9987,6.6751
7,decoder,clear up,2890922,1,0.9993,7.2479
7,decoder,clear up,2890922,1,0.9996,7.7486
7,decoder,clear up,2890922,1,1.0,11.8199
7,decoder,clear up,2890922,1,0.9958,5.4658
7,decoder,spoke up,853794,1,0.9987,6.6486
7,decoder,spoke up,853794,1,0.9999,9.2271
7,decoder,spoke up,853794,1,0.9998,8.732
7,decoder,spoke up,853794,1,1.0,12.9504
7,decoder,spoke up,853794,1,1.0,10.388
7,decoder,spoke up,853794,1,0.999,6.9335
7,decoder,spoke up,853794,1,1.0,11.953
7,decoder,spoke up,853794,1,1.0,12.1497
7,decoder,spoke up,853794,1,0.9992,7.1875
7,decoder,spoke up,853794,1,0.9999,9.6825
7,decoder,spoke up,853794,1,0.9997,8.1194
7,decoder,spoke up,853794,1,1.0,12.5507
7,decoder,spoke up,853794,1,1.0,10.6145
7,decoder,spoke up,853794,1,1.0,12.0405
7,decoder,spoke up,853794,1,1.0,10.9857
7,decoder,spoke up,853794,1,0.8313,1.5951
7,decoder,spoke up,853794,1,0.9995,7.6951
7,decoder,spoke up,853794,1,0.9997,8.2795
7,decoder,spoke up,853794,1,1.0,11.7773
7,decoder,spoke up,853794,1,1.0,11.0292
7,decoder,fed up,3119833,1,1.0,11.3473
7,decoder,fed up,3119833,1,1.0,12.4936
7,decoder,fed up,3119833,1,0.9998,8.479
7,decoder,fed up,3119833,1,1.0,10.7345
7,decoder,fed up,3119833,1,1.0,13.9048
7,decoder,fed up,3119833,1,0.9991,6.9765
7,decoder,fed up,3119833,1,1.0,11.6322
7,decoder,fed up,3119833,1,0.9804,3.9107
7,decoder,fed up,3119833,1,0.9989,6.8205
7,decoder,fed up,3119833,1,1.0,14.0075
7,decoder,fed up,3119833,1,1.0,12.9398
7,decoder,fed up,3119833,1,0.9999,9.5185
7,decoder,fed up,3119833,1,0.9979,6.1746
7,decoder,fed up,3119833,1,0.9995,7.529
7,decoder,fed up,3119833,1,1.0,10.7577
7,decoder,fed up,3119833,1,1.0,12.9721
7,decoder,fed up,3119833,1,0.9992,7.1065
7,decoder,fed up,3119833,1,0.9999,9.847
7,decoder,fed up,3119833,1,1.0,15.8947
7,decoder,fed up,3119833,1,0.9991,7.0657
7,decoder,beat up,1969115,1,0.9996,7.8338
7,decoder,beat up,1969115,1,0.989,4.5001
7,decoder,beat up,1969115,1,0.9883,4.438
7,decoder,beat up,1969115,1,1.0,10.0932
7,decoder,beat up,1969115,1,0.9979,6.1581
7,decoder,beat up,1969115,1,1.0,13.4726
7,decoder,beat up,1969115,1,0.9995,7.6361
7,decoder,beat up,1969115,1,0.9939,5.0993
7,decoder,beat up,1969115,1,1.0,14.251
7,decoder,beat up,1969115,1,0.8668,1.8728
7,decoder,beat up,1969115,1,0.975,3.6649
7,decoder,beat up,1969115,1,1.0,12.5299
7,decoder,beat up,1969115,1,0.9998,8.4229
7,decoder,beat up,1969115,1,0.9983,6.3644
7,decoder,beat up,1969115,1,0.9997,8.2434
7,decoder,beat up,1969115,1,0.9939,5.0907
7,decoder,beat up,1969115,1,1.0,11.4201
7,decoder,beat up,1969115,1,1.0,15.2513
7,decoder,beat up,1969115,1,0.9999,8.9586
7,decoder,beat up,1969115,1,1.0,9.9647
7,decoder,glanced up,410663,1,0.9998,8.5223
7,decoder,glanced up,410663,1,1.0,9.9626
7,decoder,glanced up,410663,1,1.0,10.2433
7,decoder,glanced up,410663,1,1.0,14.5644
7,decoder,glanced up,410663,1,0.9981,6.2674
7,decoder,glanced up,410663,1,0.9996,7.7644
7,decoder,glanced up,410663,1,0.9999,9.6674
7,decoder,glanced up,410663,1,0.9992,7.0833
7,decoder,glanced up,410663,1,0.8887,2.0771
7,decoder,glanced up,410663,1,0.9954,5.3813
7,decoder,glanced up,410663,1,0.9999,9.729
7,decoder,glanced up,410663,1,0.9999,9.71
7,decoder,glanced up,410663,1,0.9998,8.4365
7,decoder,glanced up,410663,1,0.9998,8.3739
7,decoder,glanced up,410663,1,0.9962,5.5694
7,decoder,glanced up,410663,1,0.9983,6.3839
7,decoder,glanced up,410663,1,1.0,10.508
7,decoder,glanced up,410663,1,0.9999,8.9849
7,decoder,glanced up,410663,1,1.0,9.911
7,decoder,glanced up,410663,1,1.0,11.7099
7,decoder,curled up,1282613,1,0.9997,8.2462
7,decoder,curled up,1282613,1,1.0,13.7031
7,decoder,curled up,1282613,1,1.0,12.2448
7,decoder,curled up,1282613,1,0.9998,8.4194
7,decoder,curled up,1282613,1,0.999,6.912
7,decoder,curled up,1282613,1,0.9999,8.998
7,decoder,curled up,1282613,1,0.9999,9.7559
7,decoder,curled up,1282613,1,1.0,11.7157
7,decoder,curled up,1282613,1,1.0,11.1428
7,decoder,curled up,1282613,1,1.0,10.3417
7,decoder,curled up,1282613,1,1.0,11.1401
7,decoder,curled up,1282613,1,0.9999,9.6835
7,decoder,curled up,1282613,1,0.9998,8.5069
7,decoder,curled up,1282613,1,0.9993,7.305
7,decoder,curled up,1282613,1,0.9991,7.0102
7,decoder,curled up,1282613,1,1.0,11.9061
7,decoder,curled up,1282613,1,0.9998,8.4941
7,decoder,curled up,1282613,1,0.9998,8.4708
7,decoder,curled up,1282613,1,0.9966,5.6863
7,decoder,curled up,1282613,1,1.0,14.733
7,decoder,sent up,574405,1,1.0,12.3065
7,decoder,sent up,574405,1,0.9999,9.4952
7,decoder,sent up,574405,1,0.9997,8.2425
7,decoder,sent up,574405,1,1.0,10.5505
7,decoder,sent up,574405,1,1.0,10.3395
7,decoder,sent up,574405,1,1.0,11.5398
7,decoder,sent up,574405,1,0.9993,7.2211
7,decoder,sent up,574405,1,1.0,13.2565
7,decoder,sent up,574405,1,1.0,11.7002
7,decoder,sent up,574405,1,0.9997,8.2413
7,decoder,sent up,574405,1,1.0,10.6852
7,decoder,sent up,574405,1,1.0,13.8619
7,decoder,sent up,574405,1,0.9986,6.562
7,decoder,sent up,574405,1,1.0,10.9293
7,decoder,sent up,574405,1,1.0,10.1047
7,decoder,sent up,574405,1,0.9982,6.2985
7,decoder,sent up,574405,1,1.0,11.2391
7,decoder,sent up,574405,1,1.0,12.924
7,decoder,sent up,574405,1,1.0,13.7029
7,decoder,sent up,574405,1,1.0,14.4619
7,decoder,bound up,613685,1,1.0,11.3348
7,decoder,bound up,613685,1,0.9998,8.4356
7,decoder,bound up,613685,1,1.0,10.1338
7,decoder,bound up,613685,1,1.0,10.7296
7,decoder,bound up,613685,1,1.0,12.9683
7,decoder,bound up,613685,1,1.0,11.6622
7,decoder,bound up,613685,1,0.9999,9.491
7,decoder,bound up,613685,1,0.9996,7.7077
7,decoder,bound up,613685,1,0.9993,7.2128
7,decoder,bound up,613685,1,1.0,13.4134
7,decoder,bound up,613685,1,0.9999,8.8501
7,decoder,bound up,613685,1,1.0,10.6247
7,decoder,bound up,613685,1,1.0,10.0293
7,decoder,bound up,613685,1,0.9998,8.7493
7,decoder,bound up,613685,1,1.0,14.7038
7,decoder,bound up,613685,1,1.0,10.2623
7,decoder,bound up,613685,1,1.0,10.7427
7,decoder,bound up,613685,1,1.0,11.8138
7,decoder,bound up,613685,1,1.0,10.2133
7,decoder,bound up,613685,1,0.9995,7.7014
7,decoder,lighted up,128001,1,0.9999,9.6739
7,decoder,lighted up,128001,1,1.0,10.4902
7,decoder,lighted up,128001,1,1.0,10.3697
7,decoder,lighted up,128001,1,1.0,10.8262
7,decoder,lighted up,128001,1,0.9992,7.1879
7,decoder,lighted up,128001,1,1.0,10.222
7,decoder,lighted up,128001,1,0.9992,7.1359
7,decoder,lighted up,128001,1,0.9992,7.1651
7,decoder,lighted up,128001,1,0.992,4.8207
7,decoder,lighted up,128001,1,1.0,11.5708
7,decoder,lighted up,128001,1,1.0,10.9729
7,decoder,lighted up,128001,1,1.0,11.3502
7,decoder,lighted up,128001,1,0.9925,4.8861
7,decoder,lighted up,128001,1,1.0,15.0862
7,decoder,lighted up,128001,1,1.0,12.637
7,decoder,lighted up,128001,1,1.0,11.1339
7,decoder,lighted up,128001,1,1.0,10.1758
7,decoder,lighted up,128001,1,0.9999,9.0031
7,decoder,lighted up,128001,1,0.9982,6.3274
7,decoder,lighted up,128001,1,1.0,15.099
7,decoder,wakes up,3205412,1,1.0,10.6607
7,decoder,wakes up,3205412,1,0.9999,9.8213
7,decoder,wakes up,3205412,1,0.9939,5.0916
7,decoder,wakes up,3205412,1,1.0,10.1493
7,decoder,wakes up,3205412,1,1.0,10.8449
7,decoder,wakes up,3205412,1,0.9999,8.8121
7,decoder,wakes up,3205412,1,0.6115,0.4537
7,decoder,wakes up,3205412,1,0.9994,7.491
7,decoder,wakes up,3205412,1,0.9951,5.312
7,decoder,wakes up,3205412,1,0.9414,2.7765
7,decoder,wakes up,3205412,1,0.9886,4.4664
7,decoder,wakes up,3205412,1,0.9547,3.0481
7,decoder,wakes up,3205412,1,0.9928,4.9274
7,decoder,wakes up,3205412,1,0.5282,0.1127
7,decoder,wakes up,3205412,1,0.9905,4.6498
7,decoder,wakes up,3205412,1,1.0,10.9537
7,decoder,wakes up,3205412,1,1.0,10.8673
7,decoder,wakes up,3205412,1,0.9886,4.4616
7,decoder,wakes up,3205412,1,0.9999,9.1574
7,decoder,wakes up,3205412,1,0.9245,2.5057
7,decoder,drove up,952614,1,0.999,6.8695
7,decoder,drove up,952614,1,1.0,12.8856
7,decoder,drove up,952614,1,0.9999,9.8074
7,decoder,drove up,952614,1,1.0,10.356
7,decoder,drove up,952614,1,1.0,15.2118
7,decoder,drove up,952614,1,0.9999,8.968
7,decoder,drove up,952614,1,1.0,11.408
7,decoder,drove up,952614,1,1.0,17.1888
7,decoder,drove up,952614,1,1.0,10.0147
7,decoder,drove up,952614,1,0.9997,8.2647
7,decoder,drove up,952614,1,0.9999,9.7429
7,decoder,drove up,952614,1,1.0,10.0483
7,decoder,drove up,952614,1,1.0,11.7135
7,decoder,drove up,952614,1,1.0,16.5598
7,decoder,drove up,952614,1,1.0,12.1015
7,decoder,drove up,952614,1,1.0,12.9469
7,decoder,drove up,952614,1,1.0,16.1327
7,decoder,drove up,952614,1,1.0,13.1806
7,decoder,drove up,952614,1,1.0,14.174
7,decoder,drove up,952614,1,1.0,12.2661
7,decoder,mess up,2820275,1,0.9994,7.4932
7,decoder,mess up,2820275,1,1.0,10.5732
7,decoder,mess up,2820275,1,1.0,14.2531
7,decoder,mess up,2820275,1,0.9868,4.3116
7,decoder,mess up,2820275,1,1.0,11.1561
7,decoder,mess up,2820275,1,0.9755,3.6843
7,decoder,mess up,2820275,1,1.0,10.0055
7,decoder,mess up,2820275,1,0.9999,9.3556
7,decoder,mess up,2820275,1,0.9928,4.931
7,decoder,mess up,2820275,1,0.9995,7.5199
7,decoder,mess up,2820275,1,1.0,16.2553
7,decoder,mess up,2820275,1,0.9994,7.3936
7,decoder,mess up,2820275,1,0.9859,4.25
7,decoder,mess up,2820275,1,0.9999,8.8935
7,decoder,mess up,2820275,1,0.9966,5.6881
7,decoder,mess up,2820275,1,1.0,10.5822
7,decoder,mess up,2820275,1,0.9975,5.9966
7,decoder,mess up,2820275,1,0.9906,4.6547
7,decoder,mess up,2820275,1,0.9961,5.5385
7,decoder,mess up,2820275,1,1.0,13.6159
7,decoder,roll up,1787819,1,0.9999,9.2556
7,decoder,roll up,1787819,1,1.0,10.1769
7,decoder,roll up,1787819,1,0.9961,5.5381
7,decoder,roll up,1787819,1,1.0,13.2762
7,decoder,roll up,1787819,1,1.0,11.5795
7,decoder,roll up,1787819,1,1.0,11.4716
7,decoder,roll up,1787819,1,1.0,11.4868
7,decoder,roll up,1787819,1,0.986,4.2561
7,decoder,roll up,1787819,1,0.9873,4.3559
7,decoder,roll up,1787819,1,0.9985,6.4887
7,decoder,roll up,1787819,1,1.0,10.2719
7,decoder,roll up,1787819,1,0.9873,4.3511
7,decoder,roll up,1787819,1,0.9996,7.8992
7,decoder,roll up,1787819,1,0.9993,7.283
7,decoder,roll up,1787819,1,1.0,11.6
7,decoder,roll up,1787819,1,0.9984,6.4496
7,decoder,roll up,1787819,1,1.0,11.1013
7,decoder,roll up,1787819,1,0.9995,7.7049
7,decoder,roll up,1787819,1,0.9955,5.3932
7,decoder,roll up,1787819,1,1.0,11.616
7,decoder,match up,3667509,1,1.0,12.5343
7,decoder,match up,3667509,1,1.0,11.5005
7,decoder,match up,3667509,1,0.9986,6.5683
7,decoder,match up,3667509,1,1.0,14.7494
7,decoder,match up,3667509,1,1.0,14.8714
7,decoder,match up,3667509,1,0.998,6.2067
7,decoder,match up,3667509,1,1.0,19.1245
7,decoder,match up,3667509,1,0.9996,7.8688
7,decoder,match up,3667509,1,1.0,13.4539
7,decoder,match up,3667509,1,1.0,15.9263
7,decoder,match up,3667509,1,1.0,12.2832
7,decoder,match up,3667509,1,1.0,14.9219
7,decoder,match up,3667509,1,1.0,15.3629
7,decoder,match up,3667509,1,1.0,9.9144
7,decoder,match up,3667509,1,1.0,13.0422
7,decoder,match up,3667509,1,0.9848,4.1718
7,decoder,match up,3667509,1,1.0,15.1547
7,decoder,match up,3667509,1,0.9999,9.7677
7,decoder,match up,3667509,1,1.0,16.965
7,decoder,match up,3667509,1,0.9999,9.6892
7,decoder,fired up,1861026,1,1.0,11.0369
7,decoder,fired up,1861026,1,0.9999,8.8217
7,decoder,fired up,1861026,1,0.9962,5.5653
7,decoder,fired up,1861026,1,0.9944,5.1715
7,decoder,fired up,1861026,1,0.8871,2.061
7,decoder,fired up,1861026,1,0.9959,5.4984
7,decoder,fired up,1861026,1,0.9436,2.817
7,decoder,fired up,1861026,1,0.9998,8.5193
7,decoder,fired up,1861026,1,0.5533,0.214
7,decoder,fired up,1861026,1,0.9942,5.138
7,decoder,fired up,1861026,1,0.9975,5.9981
7,decoder,fired up,1861026,1,0.995,5.3026
7,decoder,fired up,1861026,1,0.9999,9.3854
7,decoder,fired up,1861026,1,1.0,9.9474
7,decoder,fired up,1861026,1,0.9996,7.748
7,decoder,fired up,1861026,1,0.9999,9.2071
7,decoder,fired up,1861026,0,0.4164,-0.3377
7,decoder,fired up,1861026,1,0.999,6.8633
7,decoder,fired up,1861026,1,1.0,14.7923
7,decoder,fired up,1861026,1,0.9657,3.3369
7,decoder,stirred up,814129,1,0.9998,8.4074
7,decoder,stirred up,814129,1,0.9994,7.3848
7,decoder,stirred up,814129,1,1.0,13.6406
7,decoder,stirred up,814129,1,1.0,17.5674
7,decoder,stirred up,814129,1,1.0,12.5255
7,decoder,stirred up,814129,1,1.0,13.2514
7,decoder,stirred up,814129,1,0.9999,9.3564
7,decoder,stirred up,814129,1,1.0,12.0233
7,decoder,stirred up,814129,1,0.9966,5.6752
7,decoder,stirred up,814129,1,0.9999,9.117
7,decoder,stirred up,814129,1,0.9886,4.4584
7,decoder,stirred up,814129,1,1.0,10.0628
7,decoder,stirred up,814129,1,0.9884,4.449
7,decoder,stirred up,814129,1,1.0,10.6188
7,decoder,stirred up,814129,1,0.9987,6.6355
7,decoder,stirred up,814129,1,0.9859,4.2478
7,decoder,stirred up,814129,1,1.0,13.8318
7,decoder,stirred up,814129,1,1.0,11.0948
7,decoder,stirred up,814129,1,1.0,11.9365
7,decoder,stirred up,814129,1,1.0,10.2434
7,decoder,sprung up,893904,1,0.9981,6.2777
7,decoder,sprung up,893904,1,0.9998,8.5053
7,decoder,sprung up,893904,1,0.9912,4.7256
7,decoder,sprung up,893904,1,1.0,9.9545
7,decoder,sprung up,893904,1,1.0,9.9834
7,decoder,sprung up,893904,1,0.9924,4.8718
7,decoder,sprung up,893904,1,0.9999,9.4626
7,decoder,sprung up,893904,1,0.9999,9.5944
7,decoder,sprung up,893904,1,0.9989,6.7889
7,decoder,sprung up,893904,1,0.9999,9.1363
7,decoder,sprung up,893904,1,1.0,13.3272
7,decoder,sprung up,893904,1,0.9999,9.0715
7,decoder,sprung up,893904,1,1.0,10.0087
7,decoder,sprung up,893904,1,0.9994,7.4906
7,decoder,sprung up,893904,1,0.9999,9.8264
7,decoder,sprung up,893904,1,0.9903,4.6291
7,decoder,sprung up,893904,1,0.9996,7.7065
7,decoder,sprung up,893904,1,0.9999,9.176
7,decoder,sprung up,893904,1,0.9183,2.4196
7,decoder,sprung up,893904,1,1.0,12.0996
7,decoder,rising up,906084,1,1.0,12.9401
7,decoder,rising up,906084,1,0.9961,5.5436
7,decoder,rising up,906084,1,1.0,11.8472
7,decoder,rising up,906084,1,0.9999,9.8701
7,decoder,rising up,906084,1,1.0,13.1067
7,decoder,rising up,906084,1,0.997,5.8008
7,decoder,rising up,906084,1,1.0,15.5723
7,decoder,rising up,906084,1,1.0,11.8207
7,decoder,rising up,906084,1,1.0,13.4038
7,decoder,rising up,906084,1,1.0,13.224
7,decoder,rising up,906084,1,0.9998,8.6613
7,decoder,rising up,906084,1,0.9999,9.7673
7,decoder,rising up,906084,1,0.9997,7.9773
7,decoder,rising up,906084,1,1.0,11.8125
7,decoder,rising up,906084,1,1.0,10.1852
7,decoder,rising up,906084,1,0.9996,7.9244
7,decoder,rising up,906084,1,1.0,11.1807
7,decoder,rising up,906084,1,0.9987,6.6112
7,decoder,rising up,906084,1,0.9999,8.875
7,decoder,rising up,906084,1,0.9996,7.8189
7,decoder,filling up,2195720,1,1.0,10.6818
7,decoder,filling up,2195720,1,1.0,10.2181
7,decoder,filling up,2195720,1,0.9999,9.3382
7,decoder,filling up,2195720,1,0.9999,9.6682
7,decoder,filling up,2195720,1,0.9993,7.2891
7,decoder,filling up,2195720,1,0.9999,9.4964
7,decoder,filling up,2195720,1,0.9998,8.7936
7,decoder,filling up,2195720,1,0.9967,5.7151
7,decoder,filling up,2195720,1,0.9997,8.2389
7,decoder,filling up,2195720,1,1.0,10.158
7,decoder,filling up,2195720,1,0.9995,7.562
7,decoder,filling up,2195720,1,1.0,10.2518
7,decoder,filling up,2195720,1,0.9999,9.5797
7,decoder,filling up,2195720,1,0.999,6.9445
7,decoder,filling up,2195720,1,0.9998,8.3191
7,decoder,filling up,2195720,1,0.9999,9.3286
7,decoder,filling up,2195720,1,0.9998,8.4388
7,decoder,filling up,2195720,1,0.9997,8.2747
7,decoder,filling up,2195720,1,0.997,5.8112
7,decoder,filling up,2195720,1,0.9993,7.2808
7,decoder,finish up,2054644,1,0.9972,5.8759
7,decoder,finish up,2054644,1,0.9998,8.7564
7,decoder,finish up,2054644,1,1.0,10.0403
7,decoder,finish up,2054644,1,1.0,12.9135
7,decoder,finish up,2054644,1,1.0,10.4935
7,decoder,finish up,2054644,1,0.9968,5.7328
7,decoder,finish up,2054644,1,0.9999,9.4849
7,decoder,finish up,2054644,1,0.9998,8.7186
7,decoder,finish up,2054644,1,0.9999,9.225
7,decoder,finish up,2054644,1,1.0,10.9047
7,decoder,finish up,2054644,1,1.0,11.156
7,decoder,finish up,2054644,1,0.9999,8.9962
7,decoder,finish up,2054644,1,1.0,12.0916
7,decoder,finish up,2054644,1,0.9072,2.2797
7,decoder,finish up,2054644,1,0.9992,7.1117
7,decoder,finish up,2054644,1,0.9987,6.6315
7,decoder,finish up,2054644,1,0.963,3.2579
7,decoder,finish up,2054644,1,0.9999,9.4362
7,decoder,finish up,2054644,1,0.9998,8.5425
7,decoder,finish up,2054644,1,1.0,10.6224
7,decoder,m up,39350,1,1.0,16.5486
7,decoder,m up,39350,1,0.9999,9.3187
7,decoder,m up,39350,1,1.0,15.3085
7,decoder,m up,39350,1,1.0,13.1878
7,decoder,m up,39350,1,0.9998,8.7088
7,decoder,m up,39350,1,1.0,9.9401
7,decoder,m up,39350,1,1.0,20.6539
7,decoder,m up,39350,1,0.9999,9.7936
7,decoder,m up,39350,1,0.9998,8.4566
7,decoder,m up,39350,1,1.0,19.9235
7,decoder,m up,39350,1,1.0,15.1242
7,decoder,m up,39350,1,1.0,17.1122
7,decoder,m up,39350,1,1.0,19.1877
7,decoder,m up,39350,1,1.0,18.0007
7,decoder,m up,39350,1,0.9994,7.36
7,decoder,m up,39350,1,1.0,13.9514
7,decoder,m up,39350,1,1.0,17.7095
7,decoder,m up,39350,1,1.0,19.1046
7,decoder,m up,39350,1,1.0,12.2305
7,decoder,m up,39350,1,1.0,18.3082
7,decoder,led up,660027,1,1.0,16.442
7,decoder,led up,660027,1,1.0,19.0592
7,decoder,led up,660027,1,1.0,11.3206
7,decoder,led up,660027,1,1.0,10.1096
7,decoder,led up,660027,1,1.0,14.0959
7,decoder,led up,660027,1,1.0,11.4711
7,decoder,led up,660027,1,1.0,14.3646
7,decoder,led up,660027,1,1.0,11.6539
7,decoder,led up,660027,1,1.0,13.3356
7,decoder,led up,660027,1,1.0,15.3458
7,decoder,led up,660027,1,1.0,11.8661
7,decoder,led up,660027,1,1.0,13.9409
7,decoder,led up,660027,1,1.0,14.1708
7,decoder,led up,660027,1,1.0,19.7975
7,decoder,led up,660027,1,1.0,13.9496
7,decoder,led up,660027,1,1.0,13.9028
7,decoder,led up,660027,1,1.0,20.2921
7,decoder,led up,660027,1,1.0,18.6865
7,decoder,led up,660027,1,1.0,14.4581
7,decoder,led up,660027,1,1.0,13.192
7,decoder,gathered up,484941,1,0.9993,7.2083
7,decoder,gathered up,484941,1,0.9988,6.717
7,decoder,gathered up,484941,1,0.9999,8.9908
7,decoder,gathered up,484941,1,0.9997,8.183
7,decoder,gathered up,484941,1,1.0,11.5599
7,decoder,gathered up,484941,1,0.9938,5.0694
7,decoder,gathered up,484941,1,0.9993,7.2778
7,decoder,gathered up,484941,1,1.0,12.8944
7,decoder,gathered up,484941,1,0.9999,9.2759
7,decoder,gathered up,484941,1,0.9986,6.5562
7,decoder,gathered up,484941,1,1.0,15.2847
7,decoder,gathered up,484941,1,0.9954,5.3812
7,decoder,gathered up,484941,1,0.9999,8.9069
7,decoder,gathered up,484941,1,0.9977,6.0859
7,decoder,gathered up,484941,1,1.0,10.0063
7,decoder,gathered up,484941,1,1.0,11.4707
7,decoder,gathered up,484941,1,0.9997,8.186
7,decoder,gathered up,484941,1,0.9997,8.1824
7,decoder,gathered up,484941,1,0.9743,3.6341
7,decoder,gathered up,484941,1,1.0,10.4278
7,decoder,cleared up,1375176,1,0.9776,3.7744
7,decoder,cleared up,1375176,1,0.9457,2.8573
7,decoder,cleared up,1375176,1,0.9513,2.9727
7,decoder,cleared up,1375176,1,0.9704,3.4888
7,decoder,cleared up,1375176,1,0.9961,5.538
7,decoder,cleared up,1375176,1,0.961,3.2037
7,decoder,cleared up,1375176,1,1.0,10.4755
7,decoder,cleared up,1375176,1,0.9999,8.8832
7,decoder,cleared up,1375176,1,0.7722,1.2207
7,decoder,cleared up,1375176,1,0.991,4.6995
7,decoder,cleared up,1375176,1,0.9201,2.444
7,decoder,cleared up,1375176,1,0.9998,8.6298
7,decoder,cleared up,1375176,1,0.7372,1.0314
7,decoder,cleared up,1375176,1,0.9859,4.2502
7,decoder,cleared up,1375176,1,0.9982,6.3288
7,decoder,cleared up,1375176,1,0.9994,7.3558
7,decoder,cleared up,1375176,1,0.9894,4.5365
7,decoder,cleared up,1375176,1,0.6052,0.4271
7,decoder,cleared up,1375176,1,0.9891,4.5042
7,decoder,cleared up,1375176,1,0.9958,5.4592
7,decoder,covered up,1424880,1,1.0,10.0386
7,decoder,covered up,1424880,1,0.9977,6.0615
7,decoder,covered up,1424880,1,0.9999,9.2937
7,decoder,covered up,1424880,1,0.9988,6.7496
7,decoder,covered up,1424880,1,0.9996,7.8325
7,decoder,covered up,1424880,1,0.9999,9.1085
7,decoder,covered up,1424880,1,0.9999,8.881
7,decoder,covered up,1424880,1,1.0,10.516
7,decoder,covered up,1424880,1,0.9999,9.2915
7,decoder,covered up,1424880,1,0.9987,6.6346
7,decoder,covered up,1424880,1,0.9837,4.0987
7,decoder,covered up,1424880,1,0.9999,9.5513
7,decoder,covered up,1424880,1,0.9999,9.3818
7,decoder,covered up,1424880,1,1.0,12.0559
7,decoder,covered up,1424880,1,0.9998,8.3432
7,decoder,covered up,1424880,1,0.9999,8.9477
7,decoder,covered up,1424880,1,0.9887,4.4725
7,decoder,covered up,1424880,1,0.9937,5.0535
7,decoder,covered up,1424880,1,0.995,5.2869
7,decoder,covered up,1424880,1,0.9917,4.7835
7,decoder,hook up,3661605,1,1.0,12.1493
7,decoder,hook up,3661605,1,1.0,11.5941
7,decoder,hook up,3661605,1,1.0,10.6315
7,decoder,hook up,3661605,1,1.0,10.6536
7,decoder,hook up,3661605,1,0.9748,3.6541
7,decoder,hook up,3661605,1,0.9998,8.6396
7,decoder,hook up,3661605,1,1.0,14.6866
7,decoder,hook up,3661605,1,1.0,12.0889
7,decoder,hook up,3661605,1,1.0,12.6994
7,decoder,hook up,3661605,1,1.0,16.7431
7,decoder,hook up,3661605,1,1.0,11.1847
7,decoder,hook up,3661605,1,0.9984,6.4168
7,decoder,hook up,3661605,1,1.0,15.4453
7,decoder,hook up,3661605,1,0.9997,8.2433
7,decoder,hook up,3661605,1,0.9976,6.0127
7,decoder,hook up,3661605,1,1.0,13.5932
7,decoder,hook up,3661605,1,1.0,13.188
7,decoder,hook up,3661605,1,1.0,10.1163
7,decoder,hook up,3661605,1,1.0,11.5489
7,decoder,hook up,3661605,1,0.9996,7.7986
7,decoder,piled up,1196533,1,0.9814,3.9683
7,decoder,piled up,1196533,1,0.9996,7.8973
7,decoder,piled up,1196533,1,0.9863,4.2733
7,decoder,piled up,1196533,1,0.9973,5.9123
7,decoder,piled up,1196533,1,1.0,12.1277
7,decoder,piled up,1196533,1,0.9995,7.6756
7,decoder,piled up,1196533,1,0.9983,6.4027
7,decoder,piled up,1196533,1,0.9998,8.6322
7,decoder,piled up,1196533,1,0.9991,6.9867
7,decoder,piled up,1196533,1,0.9999,9.0577
7,decoder,piled up,1196533,1,0.9999,8.9538
7,decoder,piled up,1196533,1,0.9997,7.9803
7,decoder,piled up,1196533,1,0.9999,9.8586
7,decoder,piled up,1196533,1,0.9996,7.8201
7,decoder,piled up,1196533,1,0.9998,8.4839
7,decoder,piled up,1196533,1,0.9979,6.1695
7,decoder,piled up,1196533,1,1.0,14.1202
7,decoder,piled up,1196533,1,1.0,11.2636
7,decoder,piled up,1196533,1,0.9999,9.7756
7,decoder,piled up,1196533,1,1.0,12.9387
7,decoder,dried up,1616818,1,0.9997,8.0254
7,decoder,dried up,1616818,1,0.9997,7.9637
7,decoder,dried up,1616818,1,0.9485,2.9134
7,decoder,dried up,1616818,1,0.5549,0.2206
7,decoder,dried up,1616818,1,0.8346,1.6188
7,decoder,dried up,1616818,1,0.999,6.9009
7,decoder,dried up,1616818,1,0.5288,0.1154
7,decoder,dried up,1616818,0,0.3885,-0.4536
7,decoder,dried up,1616818,1,0.9905,4.6448
7,decoder,dried up,1616818,1,0.9996,7.876
7,decoder,dried up,1616818,1,0.9889,4.4917
7,decoder,dried up,1616818,1,0.977,3.7498
7,decoder,dried up,1616818,1,0.9996,7.7931
7,decoder,dried up,1616818,1,0.9986,6.5533
7,decoder,dried up,1616818,1,0.9986,6.5576
7,decoder,dried up,1616818,1,1.0,11.0537
7,decoder,dried up,1616818,1,0.7426,1.0597
7,decoder,dried up,1616818,1,0.8805,1.997
7,decoder,dried up,1616818,1,0.9292,2.5738
7,decoder,dried up,1616818,1,0.9996,7.8583
7,decoder,draw up,1529007,1,1.0,12.3656
7,decoder,draw up,1529007,1,1.0,13.6778
7,decoder,draw up,1529007,1,0.9995,7.5191
7,decoder,draw up,1529007,1,1.0,11.0849
7,decoder,draw up,1529007,1,0.9998,8.4408
7,decoder,draw up,1529007,1,1.0,11.7138
7,decoder,draw up,1529007,1,0.9996,7.9551
7,decoder,draw up,1529007,1,0.9999,9.0323
7,decoder,draw up,1529007,1,0.9999,9.5427
7,decoder,draw up,1529007,1,1.0,11.1756
7,decoder,draw up,1529007,1,0.9983,6.3968
7,decoder,draw up,1529007,1,1.0,10.3541
7,decoder,draw up,1529007,1,1.0,10.4116
7,decoder,draw up,1529007,1,0.9989,6.8417
7,decoder,draw up,1529007,1,0.9999,9.5702
7,decoder,draw up,1529007,1,0.9997,7.9595
7,decoder,draw up,1529007,1,1.0,13.0495
7,decoder,draw up,1529007,1,1.0,15.6195
7,decoder,draw up,1529007,1,0.9998,8.7388
7,decoder,draw up,1529007,1,0.9999,8.9503
7,decoder,moving up,2240690,1,1.0,13.6737
7,decoder,moving up,2240690,1,1.0,13.6873
7,decoder,moving up,2240690,1,1.0,13.0401
7,decoder,moving up,2240690,1,1.0,15.0776
7,decoder,moving up,2240690,1,1.0,13.7184
7,decoder,moving up,2240690,1,0.9999,9.0154
7,decoder,moving up,2240690,1,1.0,15.8965
7,decoder,moving up,2240690,1,1.0,14.3176
7,decoder,moving up,2240690,1,1.0,17.7012
7,decoder,moving up,2240690,1,1.0,12.7974
7,decoder,moving up,2240690,1,1.0,12.3967
7,decoder,moving up,2240690,1,1.0,14.3104
7,decoder,moving up,2240690,1,0.9997,8.231
7,decoder,moving up,2240690,1,1.0,16.3037
7,decoder,moving up,2240690,1,1.0,12.6764
7,decoder,moving up,2240690,1,1.0,16.8825
7,decoder,moving up,2240690,1,1.0,13.9378
7,decoder,moving up,2240690,1,1.0,11.819
7,decoder,moving up,2240690,1,0.9999,9.4319
7,decoder,moving up,2240690,1,0.9999,9.1287
7,decoder,swallowed up,625169,1,0.9939,5.0987
7,decoder,swallowed up,625169,1,0.9968,5.7286
7,decoder,swallowed up,625169,1,0.9963,5.5884
7,decoder,swallowed up,625169,1,0.9999,9.8338
7,decoder,swallowed up,625169,1,0.9961,5.5545
7,decoder,swallowed up,625169,1,0.9845,4.1516
7,decoder,swallowed up,625169,1,0.959,3.1531
7,decoder,swallowed up,625169,1,0.9996,7.9511
7,decoder,swallowed up,625169,1,1.0,10.7336
7,decoder,swallowed up,625169,1,0.9811,3.9493
7,decoder,swallowed up,625169,1,0.9996,7.8962
7,decoder,swallowed up,625169,1,0.988,4.4108
7,decoder,swallowed up,625169,1,1.0,11.8781
7,decoder,swallowed up,625169,1,0.9934,5.0068
7,decoder,swallowed up,625169,1,1.0,11.5938
7,decoder,swallowed up,625169,1,0.9952,5.337
7,decoder,swallowed up,625169,1,0.9746,3.6471
7,decoder,swallowed up,625169,1,1.0,11.0669
7,decoder,swallowed up,625169,1,0.9995,7.5633
7,decoder,swallowed up,625169,1,0.9992,7.1002
7,decoder,stands up,1640242,1,0.9781,3.799
7,decoder,stands up,1640242,1,0.9929,4.9373
7,decoder,stands up,1640242,1,1.0,10.4264
7,decoder,stands up,1640242,1,0.9991,7.003
7,decoder,stands up,1640242,1,0.9988,6.7383
7,decoder,stands up,1640242,1,1.0,10.5031
7,decoder,stands up,1640242,1,0.9998,8.3468
7,decoder,stands up,1640242,1,0.8681,1.8845
7,decoder,stands up,1640242,1,0.9998,8.5723
7,decoder,stands up,1640242,1,0.9998,8.3706
7,decoder,stands up,1640242,1,1.0,11.214
7,decoder,stands up,1640242,1,1.0,10.2076
7,decoder,stands up,1640242,1,0.9547,3.0479
7,decoder,stands up,1640242,1,0.9996,7.8359
7,decoder,stands up,1640242,1,0.9285,2.5633
7,decoder,stands up,1640242,1,1.0,10.3199
7,decoder,stands up,1640242,1,0.9999,9.1682
7,decoder,stands up,1640242,1,0.6337,0.5482
7,decoder,stands up,1640242,1,0.988,4.4147
7,decoder,stands up,1640242,1,0.9932,4.9812
7,decoder,stepping up,2075818,1,1.0,11.4664
7,decoder,stepping up,2075818,1,1.0,11.4207
7,decoder,stepping up,2075818,1,1.0,11.6436
7,decoder,stepping up,2075818,1,0.9996,7.744
7,decoder,stepping up,2075818,1,1.0,13.3833
7,decoder,stepping up,2075818,1,1.0,13.1927
7,decoder,stepping up,2075818,1,0.9999,9.6029
7,decoder,stepping up,2075818,1,0.9893,4.5293
7,decoder,stepping up,2075818,1,0.9993,7.2877
7,decoder,stepping up,2075818,1,0.9914,4.7531
7,decoder,stepping up,2075818,1,1.0,16.8847
7,decoder,stepping up,2075818,1,1.0,12.556
7,decoder,stepping up,2075818,1,0.9999,9.7557
7,decoder,stepping up,2075818,1,1.0,14.3715
7,decoder,stepping up,2075818,1,1.0,12.5584
7,decoder,stepping up,2075818,1,0.9996,7.7203
7,decoder,stepping up,2075818,1,0.9996,7.925
7,decoder,stepping up,2075818,1,0.9998,8.446
7,decoder,stepping up,2075818,1,1.0,12.366
7,decoder,stepping up,2075818,1,1.0,10.8663
7,decoder,blowing up,1411306,1,0.9999,8.8558
7,decoder,blowing up,1411306,1,0.9998,8.7359
7,decoder,blowing up,1411306,1,1.0,13.2201
7,decoder,blowing up,1411306,1,1.0,12.9734
7,decoder,blowing up,1411306,1,1.0,14.8122
7,decoder,blowing up,1411306,1,1.0,13.1428
7,decoder,blowing up,1411306,1,1.0,11.2818
7,decoder,blowing up,1411306,1,0.9999,9.3058
7,decoder,blowing up,1411306,1,1.0,13.5925
7,decoder,blowing up,1411306,1,0.9995,7.6455
7,decoder,blowing up,1411306,1,0.9928,4.9205
7,decoder,blowing up,1411306,1,1.0,13.6148
7,decoder,blowing up,1411306,1,1.0,11.5936
7,decoder,blowing up,1411306,1,1.0,14.4168
7,decoder,blowing up,1411306,1,1.0,13.3047
7,decoder,blowing up,1411306,1,1.0,10.2598
7,decoder,blowing up,1411306,1,1.0,11.5968
7,decoder,blowing up,1411306,1,0.9964,5.6338
7,decoder,blowing up,1411306,1,1.0,10.0526
7,decoder,blowing up,1411306,1,1.0,14.8786
7,decoder,lining up,2275423,1,0.9999,9.3026
7,decoder,lining up,2275423,1,0.9868,4.3155
7,decoder,lining up,2275423,1,0.9994,7.3868
7,decoder,lining up,2275423,1,0.9925,4.8857
7,decoder,lining up,2275423,1,0.7635,1.1719
7,decoder,lining up,2275423,0,0.2531,-1.0821
7,decoder,lining up,2275423,1,0.9964,5.6358
7,decoder,lining up,2275423,1,1.0,12.3374
7,decoder,lining up,2275423,1,0.9919,4.808
7,decoder,lining up,2275423,1,0.9996,7.8768
7,decoder,lining up,2275423,1,1.0,12.4033
7,decoder,lining up,2275423,1,0.9033,2.2349
7,decoder,lining up,2275423,1,0.9999,9.2019
7,decoder,lining up,2275423,1,0.9985,6.4798
7,decoder,lining up,2275423,1,1.0,11.1816
7,decoder,lining up,2275423,1,1.0,10.0058
7,decoder,lining up,2275423,1,0.9766,3.7298
7,decoder,lining up,2275423,1,0.9997,8.2272
7,decoder,lining up,2275423,1,0.9795,3.8663
7,decoder,lining up,2275423,1,0.9994,7.3983
7,decoder,adds up,2470859,1,1.0,10.3897
7,decoder,adds up,2470859,1,1.0,10.2912
7,decoder,adds up,2470859,1,1.0,11.4133
7,decoder,adds up,2470859,1,1.0,15.4168
7,decoder,adds up,2470859,1,0.9999,9.3592
7,decoder,adds up,2470859,1,1.0,12.3993
7,decoder,adds up,2470859,1,1.0,13.3596
7,decoder,adds up,2470859,1,1.0,10.8377
7,decoder,adds up,2470859,1,0.9999,9.3986
7,decoder,adds up,2470859,1,1.0,11.8829
7,decoder,adds up,2470859,1,0.9997,8.17
7,decoder,adds up,2470859,1,1.0,14.6954
7,decoder,adds up,2470859,1,1.0,11.9898
7,decoder,adds up,2470859,1,1.0,10.7985
7,decoder,adds up,2470859,1,1.0,12.0656
7,decoder,adds up,2470859,1,0.998,6.2106
7,decoder,adds up,2470859,1,1.0,14.8124
7,decoder,adds up,2470859,1,0.9988,6.765
7,decoder,adds up,2470859,1,1.0,11.1756
7,decoder,adds up,2470859,1,1.0,12.7683
7,decoder,lifting up,436046,1,0.9945,5.197
7,decoder,lifting up,436046,1,0.9995,7.6041
7,decoder,lifting up,436046,1,0.9998,8.3553
7,decoder,lifting up,436046,1,1.0,10.4501
7,decoder,lifting up,436046,1,0.9999,9.8443
7,decoder,lifting up,436046,1,1.0,9.991
7,decoder,lifting up,436046,1,0.9999,9.0802
7,decoder,lifting up,436046,1,1.0,10.5792
7,decoder,lifting up,436046,1,0.9996,7.9291
7,decoder,lifting up,436046,1,0.9996,7.8699
7,decoder,lifting up,436046,1,0.9997,8.1684
7,decoder,lifting up,436046,1,0.9995,7.5526
7,decoder,lifting up,436046,1,0.989,4.498
7,decoder,lifting up,436046,1,0.9989,6.7723
7,decoder,lifting up,436046,1,0.9998,8.4003
7,decoder,lifting up,436046,1,0.9998,8.331
7,decoder,lifting up,436046,1,0.9958,5.4736
7,decoder,lifting up,436046,1,0.9993,7.267
7,decoder,lifting up,436046,1,0.9999,9.649
7,decoder,lifting up,436046,1,0.9999,9.4134
7,decoder,packed up,1614467,1,0.9994,7.4056
7,decoder,packed up,1614467,1,0.9852,4.1993
7,decoder,packed up,1614467,1,0.9999,9.8676
7,decoder,packed up,1614467,1,0.9999,8.8759
7,decoder,packed up,1614467,1,0.9994,7.4715
7,decoder,packed up,1614467,1,0.9999,9.281
7,decoder,packed up,1614467,1,0.8756,1.951
7,decoder,packed up,1614467,1,0.9788,3.8313
7,decoder,packed up,1614467,1,0.9996,7.9103
7,decoder,packed up,1614467,1,0.9967,5.7255
7,decoder,packed up,1614467,1,0.993,4.9523
7,decoder,packed up,1614467,1,0.9835,4.085
7,decoder,packed up,1614467,1,0.9991,7.026
7,decoder,packed up,1614467,1,0.9945,5.1956
7,decoder,packed up,1614467,1,0.9998,8.6136
7,decoder,packed up,1614467,1,0.9998,8.5453
7,decoder,packed up,1614467,1,1.0,10.9035
7,decoder,packed up,1614467,1,0.973,3.5835
7,decoder,packed up,1614467,1,0.9999,9.7566
7,decoder,packed up,1614467,1,0.9497,2.9376
7,decoder,ramp up,2489575,1,1.0,12.8412
7,decoder,ramp up,2489575,1,0.9999,9.3208
7,decoder,ramp up,2489575,1,0.9997,8.0361
7,decoder,ramp up,2489575,1,0.9991,7.0176
7,decoder,ramp up,2489575,1,1.0,15.0865
7,decoder,ramp up,2489575,1,1.0,13.3821
7,decoder,ramp up,2489575,1,0.9876,4.3789
7,decoder,ramp up,2489575,1,1.0,10.6981
7,decoder,ramp up,2489575,1,1.0,14.9226
7,decoder,ramp up,2489575,1,1.0,12.1806
7,decoder,ramp up,2489575,1,1.0,12.7455
7,decoder,ramp up,2489575,1,1.0,12.498
7,decoder,ramp up,2489575,1,1.0,14.0234
7,decoder,ramp up,2489575,1,1.0,11.1954
7,decoder,ramp up,2489575,1,1.0,15.359
7,decoder,ramp up,2489575,1,1.0,11.4662
7,decoder,ramp up,2489575,1,0.9998,8.8037
7,decoder,ramp up,2489575,1,1.0,14.7134
7,decoder,ramp up,2489575,1,0.9976,6.0227
7,decoder,ramp up,2489575,1,1.0,11.1037
7,decoder,lighting up,1015315,1,0.9999,9.197
7,decoder,lighting up,1015315,1,0.9968,5.7517
7,decoder,lighting up,1015315,1,1.0,13.5538
7,decoder,lighting up,1015315,1,1.0,12.1661
7,decoder,lighting up,1015315,1,1.0,15.6223
7,decoder,lighting up,1015315,1,0.9926,4.8969
7,decoder,lighting up,1015315,1,0.9993,7.2996
7,decoder,lighting up,1015315,1,0.9999,9.4176
7,decoder,lighting up,1015315,1,0.9999,9.0779
7,decoder,lighting up,1015315,1,1.0,12.0113
7,decoder,lighting up,1015315,1,0.9998,8.4526
7,decoder,lighting up,1015315,1,0.9998,8.7115
7,decoder,lighting up,1015315,1,0.9969,5.7752
7,decoder,lighting up,1015315,1,1.0,11.9682
7,decoder,lighting up,1015315,1,1.0,10.4263
7,decoder,lighting up,1015315,1,1.0,12.6826
7,decoder,lighting up,1015315,1,1.0,14.6521
7,decoder,lighting up,1015315,1,1.0,18.1316
7,decoder,lighting up,1015315,1,0.9999,8.9725
7,decoder,lighting up,1015315,1,0.9996,7.7292
7,decoder,starting up,1824289,1,0.9867,4.3032
7,decoder,starting up,1824289,1,1.0,10.3563
7,decoder,starting up,1824289,1,1.0,10.7943
7,decoder,starting up,1824289,1,0.9996,7.8211
7,decoder,starting up,1824289,1,1.0,13.6916
7,decoder,starting up,1824289,1,1.0,10.3651
7,decoder,starting up,1824289,1,1.0,11.9692
7,decoder,starting up,1824289,1,0.9985,6.4797
7,decoder,starting up,1824289,1,0.9998,8.3721
7,decoder,starting up,1824289,1,0.9912,4.7214
7,decoder,starting up,1824289,1,1.0,11.4896
7,decoder,starting up,1824289,1,1.0,13.2416
7,decoder,starting up,1824289,1,1.0,15.8759
7,decoder,starting up,1824289,1,1.0,17.4434
7,decoder,starting up,1824289,1,1.0,12.1586
7,decoder,starting up,1824289,1,0.9998,8.3056
7,decoder,starting up,1824289,1,0.9999,9.4934
7,decoder,starting up,1824289,1,1.0,12.6005
7,decoder,starting up,1824289,1,1.0,11.9345
7,decoder,starting up,1824289,1,1.0,10.5717
7,decoder,pulling up,911905,1,1.0,11.8515
7,decoder,pulling up,911905,1,1.0,10.3383
7,decoder,pulling up,911905,1,1.0,11.5572
7,decoder,pulling up,911905,1,0.9928,4.9307
7,decoder,pulling up,911905,1,1.0,14.4885
7,decoder,pulling up,911905,1,1.0,12.2799
7,decoder,pulling up,911905,1,0.9993,7.3067
7,decoder,pulling up,911905,1,1.0,12.0055
7,decoder,pulling up,911905,1,0.9999,9.032
7,decoder,pulling up,911905,1,0.9998,8.7247
7,decoder,pulling up,911905,1,1.0,11.4481
7,decoder,pulling up,911905,1,0.9999,8.9758
7,decoder,pulling up,911905,1,0.9994,7.4178
7,decoder,pulling up,911905,1,0.9995,7.6996
7,decoder,pulling up,911905,1,1.0,10.0636
7,decoder,pulling up,911905,1,0.9965,5.6468
7,decoder,pulling up,911905,1,1.0,9.9189
7,decoder,pulling up,911905,1,1.0,12.5568
7,decoder,pulling up,911905,1,1.0,13.0214
7,decoder,pulling up,911905,1,0.991,4.6975
7,decoder,grows up,1497233,1,0.9995,7.5914
7,decoder,grows up,1497233,1,0.9997,8.2331
7,decoder,grows up,1497233,1,0.9982,6.3119
7,decoder,grows up,1497233,1,0.9999,9.2185
7,decoder,grows up,1497233,1,0.9719,3.5426
7,decoder,grows up,1497233,1,0.9999,9.1913
7,decoder,grows up,1497233,1,0.9995,7.5055
7,decoder,grows up,1497233,1,0.9999,9.8816
7,decoder,grows up,1497233,1,0.9972,5.8911
7,decoder,grows up,1497233,1,1.0,9.9999
7,decoder,grows up,1497233,1,0.9997,8.2505
7,decoder,grows up,1497233,1,0.9997,8.1458
7,decoder,grows up,1497233,1,0.9999,9.9017
7,decoder,grows up,1497233,1,1.0,11.3187
7,decoder,grows up,1497233,1,0.9976,6.0261
7,decoder,grows up,1497233,1,1.0,11.2319
7,decoder,grows up,1497233,0,0.3505,-0.6167
7,decoder,grows up,1497233,1,0.9906,4.6536
7,decoder,grows up,1497233,1,1.0,10.327
7,decoder,grows up,1497233,1,0.9993,7.2671
7,decoder,moved up,2971653,1,1.0,13.2813
7,decoder,moved up,2971653,1,1.0,13.9533
7,decoder,moved up,2971653,1,1.0,11.8365
7,decoder,moved up,2971653,1,1.0,13.9158
7,decoder,moved up,2971653,1,1.0,11.896
7,decoder,moved up,2971653,1,1.0,10.333
7,decoder,moved up,2971653,1,1.0,11.4965
7,decoder,moved up,2971653,1,1.0,17.1685
7,decoder,moved up,2971653,1,0.9999,9.9011
7,decoder,moved up,2971653,1,0.9979,6.1715
7,decoder,moved up,2971653,1,1.0,10.9455
7,decoder,moved up,2971653,1,1.0,11.0972
7,decoder,moved up,2971653,1,1.0,12.1577
7,decoder,moved up,2971653,1,0.9999,9.397
7,decoder,moved up,2971653,1,0.9935,5.027
7,decoder,moved up,2971653,1,0.9999,9.8923
7,decoder,moved up,2971653,1,1.0,14.1626
7,decoder,moved up,2971653,1,1.0,13.3478
7,decoder,moved up,2971653,1,1.0,14.6091
7,decoder,moved up,2971653,1,1.0,11.4342
7,decoder,throwing up,1086685,1,1.0,10.055
7,decoder,throwing up,1086685,1,0.9981,6.2734
7,decoder,throwing up,1086685,1,1.0,14.3426
7,decoder,throwing up,1086685,1,1.0,11.9606
7,decoder,throwing up,1086685,1,1.0,11.1755
7,decoder,throwing up,1086685,1,0.9998,8.5815
7,decoder,throwing up,1086685,1,0.9906,4.6606
7,decoder,throwing up,1086685,1,0.9997,8.0331
7,decoder,throwing up,1086685,1,1.0,11.0477
7,decoder,throwing up,1086685,1,1.0,12.3555
7,decoder,throwing up,1086685,1,1.0,10.572
7,decoder,throwing up,1086685,1,0.9989,6.8347
7,decoder,throwing up,1086685,1,0.9974,5.9423
7,decoder,throwing up,1086685,1,0.9977,6.0729
7,decoder,throwing up,1086685,1,1.0,11.4342
7,decoder,throwing up,1086685,1,0.9997,8.0169
7,decoder,throwing up,1086685,1,0.996,5.5105
7,decoder,throwing up,1086685,1,1.0,9.9148
7,decoder,throwing up,1086685,1,0.9995,7.6437
7,decoder,throwing up,1086685,1,1.0,10.0918
7,decoder,turns up,1482244,1,0.9704,3.4892
7,decoder,turns up,1482244,1,0.9993,7.2978
7,decoder,turns up,1482244,1,0.9999,9.617
7,decoder,turns up,1482244,1,0.9999,9.1555
7,decoder,turns up,1482244,1,1.0,10.7076
7,decoder,turns up,1482244,1,0.9992,7.1892
7,decoder,turns up,1482244,1,0.9996,7.7314
7,decoder,turns up,1482244,1,0.9993,7.2092
7,decoder,turns up,1482244,1,0.9984,6.457
7,decoder,turns up,1482244,1,0.9999,9.496
7,decoder,turns up,1482244,1,0.9996,7.8808
7,decoder,turns up,1482244,1,1.0,11.6029
7,decoder,turns up,1482244,1,0.9997,8.0753
7,decoder,turns up,1482244,1,1.0,12.653
7,decoder,turns up,1482244,1,0.9999,9.652
7,decoder,turns up,1482244,1,0.9309,2.6007
7,decoder,turns up,1482244,1,0.9976,6.0231
7,decoder,turns up,1482244,1,0.9991,7.0318
7,decoder,turns up,1482244,1,0.9997,8.166
7,decoder,turns up,1482244,1,0.9999,9.3604
7,decoder,level up,2761636,1,1.0,12.3477
7,decoder,level up,2761636,1,1.0,10.3937
7,decoder,level up,2761636,1,1.0,10.2356
7,decoder,level up,2761636,1,1.0,11.8262
7,decoder,level up,2761636,1,0.9992,7.0702
7,decoder,level up,2761636,1,1.0,10.2119
7,decoder,level up,2761636,1,1.0,12.045
7,decoder,level up,2761636,1,1.0,10.7473
7,decoder,level up,2761636,1,1.0,15.0867
7,decoder,level up,2761636,1,1.0,10.6439
7,decoder,level up,2761636,1,0.9976,6.0316
7,decoder,level up,2761636,1,1.0,10.456
7,decoder,level up,2761636,1,1.0,10.2105
7,decoder,level up,2761636,1,1.0,10.4874
7,decoder,level up,2761636,1,0.9997,8.2694
7,decoder,level up,2761636,1,0.9997,8.0378
7,decoder,level up,2761636,1,1.0,10.7262
7,decoder,level up,2761636,1,1.0,10.517
7,decoder,level up,2761636,1,1.0,10.0514
7,decoder,level up,2761636,1,1.0,9.9744
7,decoder,dug up,1081183,1,1.0,11.5809
7,decoder,dug up,1081183,1,0.9845,4.1532
7,decoder,dug up,1081183,1,0.9993,7.2795
7,decoder,dug up,1081183,1,0.9999,9.0348
7,decoder,dug up,1081183,1,0.9954,5.3714
7,decoder,dug up,1081183,1,0.9998,8.7149
7,decoder,dug up,1081183,1,0.9995,7.6271
7,decoder,dug up,1081183,1,1.0,11.0761
7,decoder,dug up,1081183,1,0.9936,5.0471
7,decoder,dug up,1081183,1,0.998,6.1892
7,decoder,dug up,1081183,1,0.999,6.8875
7,decoder,dug up,1081183,1,0.9995,7.5294
7,decoder,dug up,1081183,1,0.9993,7.2361
7,decoder,dug up,1081183,1,0.9978,6.1122
7,decoder,dug up,1081183,1,0.9982,6.3029
7,decoder,dug up,1081183,1,0.9997,8.0709
7,decoder,dug up,1081183,1,0.9997,8.0437
7,decoder,dug up,1081183,1,0.9998,8.5392
7,decoder,dug up,1081183,1,0.9999,9.3347
7,decoder,dug up,1081183,1,1.0,11.8648
7,decoder,wrapping up,1511607,1,0.9954,5.379
7,decoder,wrapping up,1511607,1,0.9893,4.5285
7,decoder,wrapping up,1511607,1,0.9996,7.794
7,decoder,wrapping up,1511607,1,0.9999,8.9252
7,decoder,wrapping up,1511607,1,0.9984,6.4544
7,decoder,wrapping up,1511607,1,0.9996,7.8901
7,decoder,wrapping up,1511607,1,0.9964,5.6234
7,decoder,wrapping up,1511607,1,1.0,10.3456
7,decoder,wrapping up,1511607,1,0.992,4.8197
7,decoder,wrapping up,1511607,1,0.987,4.3284
7,decoder,wrapping up,1511607,1,1.0,10.0554
7,decoder,wrapping up,1511607,1,1.0,13.073
7,decoder,wrapping up,1511607,1,1.0,10.5367
7,decoder,wrapping up,1511607,1,0.8467,1.7089
7,decoder,wrapping up,1511607,1,0.9993,7.2104
7,decoder,wrapping up,1511607,1,0.9997,8.1729
7,decoder,wrapping up,1511607,1,1.0,10.1168
7,decoder,wrapping up,1511607,1,0.9951,5.3134
7,decoder,wrapping up,1511607,1,0.9997,8.2286
7,decoder,wrapping up,1511607,1,0.9768,3.7416
7,decoder,met up,2367267,1,1.0,12.1996
7,decoder,met up,2367267,1,1.0,15.1288
7,decoder,met up,2367267,1,1.0,14.5477
7,decoder,met up,2367267,1,0.9999,9.5141
7,decoder,met up,2367267,1,1.0,11.5576
7,decoder,met up,2367267,1,1.0,13.538
7,decoder,met up,2367267,1,1.0,12.5212
7,decoder,met up,2367267,1,1.0,12.5648
7,decoder,met up,2367267,1,1.0,10.1244
7,decoder,met up,2367267,1,1.0,13.0376
7,decoder,met up,2367267,1,1.0,15.2553
7,decoder,met up,2367267,1,1.0,13.4158
7,decoder,met up,2367267,1,1.0,10.2766
7,decoder,met up,2367267,1,0.9999,9.7942
7,decoder,met up,2367267,1,1.0,11.5444
7,decoder,met up,2367267,1,1.0,12.1343
7,decoder,met up,2367267,1,1.0,11.7951
7,decoder,met up,2367267,1,1.0,12.458
7,decoder,met up,2367267,1,1.0,14.7044
7,decoder,met up,2367267,1,1.0,11.068
7,decoder,screw up,1555829,1,1.0,10.1154
7,decoder,screw up,1555829,1,0.9777,3.7812
7,decoder,screw up,1555829,1,0.9999,8.964
7,decoder,screw up,1555829,1,0.9996,7.719
7,decoder,screw up,1555829,1,1.0,11.6941
7,decoder,screw up,1555829,1,1.0,10.9409
7,decoder,screw up,1555829,1,1.0,16.2362
7,decoder,screw up,1555829,1,0.9978,6.1177
7,decoder,screw up,1555829,1,1.0,10.0695
7,decoder,screw up,1555829,1,1.0,10.5564
7,decoder,screw up,1555829,1,1.0,10.3484
7,decoder,screw up,1555829,1,0.9992,7.1471
7,decoder,screw up,1555829,1,0.9999,9.0954
7,decoder,screw up,1555829,1,1.0,10.8304
7,decoder,screw up,1555829,1,1.0,10.3957
7,decoder,screw up,1555829,1,0.9999,9.097
7,decoder,screw up,1555829,1,1.0,9.9608
7,decoder,screw up,1555829,1,1.0,11.0975
7,decoder,screw up,1555829,1,0.9985,6.5048
7,decoder,screw up,1555829,1,1.0,11.9091
7,decoder,dig up,1378211,1,0.9999,9.8379
7,decoder,dig up,1378211,1,0.9995,7.5777
7,decoder,dig up,1378211,1,1.0,12.5092
7,decoder,dig up,1378211,1,1.0,12.0733
7,decoder,dig up,1378211,1,0.9969,5.7891
7,decoder,dig up,1378211,1,0.9991,7.0221
7,decoder,dig up,1378211,1,0.9998,8.7046
7,decoder,dig up,1378211,1,0.9999,9.3617
7,decoder,dig up,1378211,1,0.9999,9.7697
7,decoder,dig up,1378211,1,1.0,10.6873
7,decoder,dig up,1378211,1,1.0,11.5657
7,decoder,dig up,1378211,1,0.9997,8.1357
7,decoder,dig up,1378211,1,1.0,10.8774
7,decoder,dig up,1378211,1,0.9998,8.3573
7,decoder,dig up,1378211,1,0.9866,4.2976
7,decoder,dig up,1378211,1,1.0,13.332
7,decoder,dig up,1378211,1,0.9998,8.5995
7,decoder,dig up,1378211,1,1.0,12.2507
7,decoder,dig up,1378211,1,0.9999,9.663
7,decoder,dig up,1378211,0,0.0722,-2.5531
7,decoder,laid up,389867,1,0.9988,6.7311
7,decoder,laid up,389867,1,0.9991,6.9708
7,decoder,laid up,389867,1,0.9988,6.7384
7,decoder,laid up,389867,1,0.9939,5.0988
7,decoder,laid up,389867,1,0.9959,5.4931
7,decoder,laid up,389867,1,0.9992,7.0729
7,decoder,laid up,389867,1,0.9988,6.757
7,decoder,laid up,389867,1,0.9993,7.314
7,decoder,laid up,389867,1,0.9999,8.9271
7,decoder,laid up,389867,1,0.9919,4.8076
7,decoder,laid up,389867,1,0.9996,7.8631
7,decoder,laid up,389867,1,0.9845,4.1516
7,decoder,laid up,389867,1,0.9998,8.6625
7,decoder,laid up,389867,1,0.9994,7.4502
7,decoder,laid up,389867,1,1.0,10.3208
7,decoder,laid up,389867,1,0.9992,7.1704
7,decoder,laid up,389867,1,1.0,11.3825
7,decoder,laid up,389867,1,1.0,10.742
7,decoder,laid up,389867,1,0.9813,3.9611
7,decoder,laid up,389867,1,0.9997,8.2042
7,decoder,rode up,232184,1,1.0,11.6473
7,decoder,rode up,232184,1,1.0,12.6384
7,decoder,rode up,232184,1,1.0,15.1138
7,decoder,rode up,232184,1,1.0,13.5659
7,decoder,rode up,232184,1,1.0,14.3422
7,decoder,rode up,232184,1,1.0,12.8915
7,decoder,rode up,232184,1,0.9997,8.1603
7,decoder,rode up,232184,1,0.9997,8.0581
7,decoder,rode up,232184,1,0.9999,9.195
7,decoder,rode up,232184,1,0.7351,1.0208
7,decoder,rode up,232184,1,1.0,12.1725
7,decoder,rode up,232184,1,1.0,13.632
7,decoder,rode up,232184,1,1.0,15.9361
7,decoder,rode up,232184,1,1.0,13.9365
7,decoder,rode up,232184,1,1.0,12.8328
7,decoder,rode up,232184,1,1.0,10.9887
7,decoder,rode up,232184,1,1.0,13.6044
7,decoder,rode up,232184,1,1.0,12.0074
7,decoder,rode up,232184,1,1.0,12.1556
7,decoder,rode up,232184,1,1.0,14.3226
7,decoder,pack up,1579560,1,0.9999,9.3446
7,decoder,pack up,1579560,1,1.0,11.7078
7,decoder,pack up,1579560,1,0.9973,5.9153
7,decoder,pack up,1579560,1,1.0,10.6774
7,decoder,pack up,1579560,1,1.0,11.7175
7,decoder,pack up,1579560,1,0.9975,6.0055
7,decoder,pack up,1579560,1,0.9718,3.5394
7,decoder,pack up,1579560,1,0.9911,4.7163
7,decoder,pack up,1579560,1,1.0,10.1316
7,decoder,pack up,1579560,1,0.9999,9.5734
7,decoder,pack up,1579560,1,0.9999,9.7472
7,decoder,pack up,1579560,1,0.9997,8.1207
7,decoder,pack up,1579560,1,1.0,10.9209
7,decoder,pack up,1579560,1,0.9998,8.4777
7,decoder,pack up,1579560,1,0.9921,4.8337
7,decoder,pack up,1579560,1,0.9793,3.8573
7,decoder,pack up,1579560,1,0.9998,8.5367
7,decoder,pack up,1579560,1,0.9992,7.1711
7,decoder,pack up,1579560,1,0.9028,2.2286
7,decoder,pack up,1579560,1,1.0,12.1424
7,decoder,have up,0,1,1.0,12.4997
7,decoder,have up,0,1,1.0,13.2019
7,decoder,have up,0,1,1.0,15.4917
7,decoder,have up,0,1,1.0,10.0074
7,decoder,have up,0,1,1.0,11.8856
7,decoder,have up,0,1,1.0,14.161
7,decoder,have up,0,1,0.9998,8.7907
7,decoder,have up,0,1,1.0,11.6072
7,decoder,have up,0,1,1.0,15.9278
7,decoder,have up,0,1,1.0,11.6258
7,decoder,have up,0,1,0.9998,8.3052
7,decoder,have up,0,1,1.0,13.4681
7,decoder,have up,0,1,0.9997,8.2916
7,decoder,have up,0,1,1.0,15.1832
7,decoder,have up,0,1,1.0,13.1167
7,decoder,have up,0,1,0.9998,8.7146
7,decoder,have up,0,1,1.0,10.3534
7,decoder,have up,0,1,1.0,11.6641
7,decoder,have up,0,1,1.0,10.7061
7,decoder,have up,0,1,1.0,11.0502
7,decoder,teamed up,5197144,1,0.9999,9.4149
7,decoder,teamed up,5197144,1,1.0,10.3272
7,decoder,teamed up,5197144,1,0.9996,7.8407
7,decoder,teamed up,5197144,1,1.0,11.2569
7,decoder,teamed up,5197144,1,0.9992,7.1557
7,decoder,teamed up,5197144,1,0.9999,8.851
7,decoder,teamed up,5197144,1,0.9948,5.2628
7,decoder,teamed up,5197144,1,1.0,12.6819
7,decoder,teamed up,5197144,1,0.9221,2.4716
7,decoder,teamed up,5197144,1,0.9999,9.731
7,decoder,teamed up,5197144,1,0.9994,7.4367
7,decoder,teamed up,5197144,1,0.9996,7.801
7,decoder,teamed up,5197144,1,0.9999,9.6327
7,decoder,teamed up,5197144,1,0.9693,3.4522
7,decoder,teamed up,5197144,1,0.9999,9.473
7,decoder,teamed up,5197144,1,1.0,9.9365
7,decoder,teamed up,5197144,1,1.0,11.1119
7,decoder,teamed up,5197144,1,0.9996,7.8142
7,decoder,teamed up,5197144,1,0.9999,9.334
7,decoder,teamed up,5197144,1,1.0,10.3088
7,decoder,stir up,1105197,1,1.0,10.6339
7,decoder,stir up,1105197,1,1.0,13.211
7,decoder,stir up,1105197,1,1.0,13.0284
7,decoder,stir up,1105197,1,1.0,11.024
7,decoder,stir up,1105197,1,1.0,10.604
7,decoder,stir up,1105197,1,1.0,11.9088
7,decoder,stir up,1105197,1,1.0,11.2022
7,decoder,stir up,1105197,1,1.0,10.6031
7,decoder,stir up,1105197,1,0.9999,8.9307
7,decoder,stir up,1105197,1,1.0,13.0723
7,decoder,stir up,1105197,1,0.9998,8.6682
7,decoder,stir up,1105197,1,1.0,11.1828
7,decoder,stir up,1105197,1,1.0,14.5016
7,decoder,stir up,1105197,1,1.0,10.683
7,decoder,stir up,1105197,1,1.0,9.9051
7,decoder,stir up,1105197,1,1.0,15.4854
7,decoder,stir up,1105197,1,1.0,15.2831
7,decoder,stir up,1105197,1,1.0,12.917
7,decoder,stir up,1105197,1,1.0,12.5543
7,decoder,stir up,1105197,1,1.0,10.3399
7,decoder,heads up,3292793,1,0.9997,8.0875
7,decoder,heads up,3292793,1,1.0,10.8266
7,decoder,heads up,3292793,1,1.0,10.8953
7,decoder,heads up,3292793,1,1.0,10.6668
7,decoder,heads up,3292793,1,0.998,6.2263
7,decoder,heads up,3292793,1,1.0,11.4901
7,decoder,heads up,3292793,1,0.9999,8.9896
7,decoder,heads up,3292793,1,0.9999,9.4741
7,decoder,heads up,3292793,1,0.9998,8.787
7,decoder,heads up,3292793,1,0.998,6.224
7,decoder,heads up,3292793,1,0.9989,6.786
7,decoder,heads up,3292793,1,1.0,11.6189
7,decoder,heads up,3292793,1,0.9883,4.4373
7,decoder,heads up,3292793,1,0.9952,5.3433
7,decoder,heads up,3292793,1,1.0,11.2364
7,decoder,heads up,3292793,1,0.988,4.4105
7,decoder,heads up,3292793,1,1.0,11.3777
7,decoder,heads up,3292793,1,1.0,9.9231
7,decoder,heads up,3292793,1,1.0,11.6794
7,decoder,heads up,3292793,1,1.0,11.5232
7,decoder,propped up,869270,1,0.996,5.5259
7,decoder,propped up,869270,1,0.9991,7.0009
7,decoder,propped up,869270,1,0.9992,7.1434
7,decoder,propped up,869270,1,1.0,10.436
7,decoder,propped up,869270,1,0.9998,8.3447
7,decoder,propped up,869270,1,0.9782,3.805
7,decoder,propped up,869270,1,0.9996,7.8063
7,decoder,propped up,869270,1,0.9987,6.6332
7,decoder,propped up,869270,1,0.998,6.2326
7,decoder,propped up,869270,1,1.0,12.3664
7,decoder,propped up,869270,1,0.9912,4.7233
7,decoder,propped up,869270,1,0.9997,8.2354
7,decoder,propped up,869270,1,1.0,10.7518
7,decoder,propped up,869270,1,0.9999,9.4615
7,decoder,propped up,869270,1,0.9972,5.8579
7,decoder,propped up,869270,1,0.9997,8.0666
7,decoder,propped up,869270,1,1.0,10.6334
7,decoder,propped up,869270,1,0.9999,9.8579
7,decoder,propped up,869270,1,0.998,6.2045
7,decoder,propped up,869270,1,1.0,11.5612
7,decoder,offered up,1089734,1,0.9997,8.177
7,decoder,offered up,1089734,1,0.9994,7.3969
7,decoder,offered up,1089734,1,1.0,11.3926
7,decoder,offered up,1089734,1,1.0,12.796
7,decoder,offered up,1089734,1,1.0,10.2414
7,decoder,offered up,1089734,1,1.0,11.9508
7,decoder,offered up,1089734,1,1.0,12.8081
7,decoder,offered up,1089734,1,1.0,13.5636
7,decoder,offered up,1089734,1,0.9999,9.7377
7,decoder,offered up,1089734,1,0.9998,8.3255
7,decoder,offered up,1089734,1,1.0,12.2154
7,decoder,offered up,1089734,1,0.9998,8.6255
7,decoder,offered up,1089734,1,0.9999,9.5439
7,decoder,offered up,1089734,1,1.0,13.8028
7,decoder,offered up,1089734,1,0.9998,8.4638
7,decoder,offered up,1089734,1,1.0,10.1407
7,decoder,offered up,1089734,1,1.0,14.7192
7,decoder,offered up,1089734,1,0.9999,9.8518
7,decoder,offered up,1089734,1,1.0,14.6844
7,decoder,offered up,1089734,1,1.0,11.8619
7,decoder,reach up,1049870,1,0.9986,6.5558
7,decoder,reach up,1049870,1,0.9998,8.7403
7,decoder,reach up,1049870,1,0.994,5.1089
7,decoder,reach up,1049870,1,1.0,10.3502
7,decoder,reach up,1049870,1,0.9932,4.9847
7,decoder,reach up,1049870,1,1.0,10.9337
7,decoder,reach up,1049870,1,0.9998,8.4543
7,decoder,reach up,1049870,1,0.9999,8.9806
7,decoder,reach up,1049870,1,1.0,10.47
7,decoder,reach up,1049870,1,0.9999,9.4964
7,decoder,reach up,1049870,1,0.9997,8.0493
7,decoder,reach up,1049870,1,1.0,11.0125
7,decoder,reach up,1049870,1,1.0,10.8814
7,decoder,reach up,1049870,1,0.9995,7.6537
7,decoder,reach up,1049870,1,0.9913,4.7393
7,decoder,reach up,1049870,1,0.9999,9.1365
7,decoder,reach up,1049870,1,1.0,11.0785
7,decoder,reach up,1049870,1,1.0,11.2389
7,decoder,reach up,1049870,1,0.9998,8.5815
7,decoder,reach up,1049870,1,0.9999,8.9166
7,decoder,use up,3080387,1,1.0,18.1727
7,decoder,use up,3080387,1,0.9965,5.6416
7,decoder,use up,3080387,1,0.9999,9.0531
7,decoder,use up,3080387,1,1.0,15.6317
7,decoder,use up,3080387,1,1.0,11.553
7,decoder,use up,3080387,1,1.0,12.0773
7,decoder,use up,3080387,1,1.0,13.0333
7,decoder,use up,3080387,1,0.9966,5.6796
7,decoder,use up,3080387,1,1.0,10.1036
7,decoder,use up,3080387,1,1.0,10.9483
7,decoder,use up,3080387,1,0.9994,7.3654
7,decoder,use up,3080387,1,1.0,11.5255
7,decoder,use up,3080387,1,1.0,10.5023
7,decoder,use up,3080387,1,0.9991,7.0491
7,decoder,use up,3080387,1,0.9975,5.972
7,decoder,use up,3080387,1,1.0,13.1563
7,decoder,use up,3080387,1,1.0,15.6059
7,decoder,use up,3080387,1,1.0,12.8917
7,decoder,use up,3080387,1,0.9999,9.6911
7,decoder,use up,3080387,1,0.9996,7.8994
7,decoder,winds up,1352974,1,0.9983,6.3973
7,decoder,winds up,1352974,1,0.9993,7.2652
7,decoder,winds up,1352974,1,1.0,10.7663
7,decoder,winds up,1352974,1,0.9998,8.738
7,decoder,winds up,1352974,1,1.0,10.5134
7,decoder,winds up,1352974,1,0.9999,9.6458
7,decoder,winds up,1352974,1,0.9999,9.5326
7,decoder,winds up,1352974,1,1.0,12.2394
7,decoder,winds up,1352974,1,1.0,10.2729
7,decoder,winds up,1352974,1,0.9999,9.7812
7,decoder,winds up,1352974,1,0.9999,8.8926
7,decoder,winds up,1352974,1,1.0,11.3298
7,decoder,winds up,1352974,1,1.0,11.4672
7,decoder,winds up,1352974,1,0.9993,7.2647
7,decoder,winds up,1352974,1,0.9805,3.9165
7,decoder,winds up,1352974,1,0.9999,9.2455
7,decoder,winds up,1352974,1,1.0,15.4129
7,decoder,winds up,1352974,1,0.9984,6.4648
7,decoder,winds up,1352974,1,0.9997,7.9841
7,decoder,winds up,1352974,1,1.0,10.7132
7,decoder,spring up,626171,1,0.9995,7.6194
7,decoder,spring up,626171,1,0.9999,9.2935
7,decoder,spring up,626171,1,1.0,14.542
7,decoder,spring up,626171,1,0.9995,7.6103
7,decoder,spring up,626171,1,0.9996,7.7937
7,decoder,spring up,626171,1,0.9998,8.6675
7,decoder,spring up,626171,1,1.0,10.7046
7,decoder,spring up,626171,1,1.0,12.3717
7,decoder,spring up,626171,1,1.0,10.3681
7,decoder,spring up,626171,1,0.9999,8.8979
7,decoder,spring up,626171,1,0.9991,7.0269
7,decoder,spring up,626171,1,0.9999,9.2047
7,decoder,spring up,626171,1,1.0,12.3902
7,decoder,spring up,626171,1,0.9963,5.5894
7,decoder,spring up,626171,1,1.0,15.6142
7,decoder,spring up,626171,1,1.0,11.4811
7,decoder,spring up,626171,1,0.9984,6.4266
7,decoder,spring up,626171,1,1.0,9.9688
7,decoder,spring up,626171,1,1.0,9.9832
7,decoder,spring up,626171,1,0.9999,9.0313
7,decoder,done up,632169,1,1.0,12.0989
7,decoder,done up,632169,1,0.9943,5.1627
7,decoder,done up,632169,1,1.0,10.9762
7,decoder,done up,632169,1,1.0,19.3
7,decoder,done up,632169,1,1.0,10.1945
7,decoder,done up,632169,1,1.0,11.9967
7,decoder,done up,632169,1,1.0,10.3266
7,decoder,done up,632169,1,0.9992,7.1689
7,decoder,done up,632169,1,0.9994,7.3755
7,decoder,done up,632169,1,1.0,12.6815
7,decoder,done up,632169,1,0.9999,9.3604
7,decoder,done up,632169,1,1.0,12.1275
7,decoder,done up,632169,1,1.0,9.9218
7,decoder,done up,632169,1,1.0,12.8762
7,decoder,done up,632169,1,0.9235,2.4914
7,decoder,done up,632169,1,0.9999,9.7538
7,decoder,done up,632169,1,0.9999,9.2328
7,decoder,done up,632169,1,0.9999,9.0526
7,decoder,done up,632169,1,0.9983,6.352
7,decoder,done up,632169,1,0.9997,8.2294
7,decoder,written up,683873,1,1.0,10.5457
7,decoder,written up,683873,1,0.9994,7.3718
7,decoder,written up,683873,1,1.0,11.3998
7,decoder,written up,683873,1,0.9997,8.2162
7,decoder,written up,683873,1,0.9997,7.9612
7,decoder,written up,683873,1,0.9974,5.9668
7,decoder,written up,683873,1,1.0,13.4391
7,decoder,written up,683873,1,0.9997,8.1937
7,decoder,written up,683873,1,1.0,11.3131
7,decoder,written up,683873,1,1.0,12.0462
7,decoder,written up,683873,1,0.9994,7.4075
7,decoder,written up,683873,1,0.9975,6.0022
7,decoder,written up,683873,1,1.0,12.6432
7,decoder,written up,683873,1,0.9981,6.2621
7,decoder,written up,683873,1,0.9996,7.8012
7,decoder,written up,683873,1,0.9994,7.427
7,decoder,written up,683873,1,1.0,11.8714
7,decoder,written up,683873,1,1.0,11.0267
7,decoder,written up,683873,1,0.9986,6.5955
7,decoder,written up,683873,1,1.0,15.7334
7,decoder,divided up,682400,1,0.9999,9.7003
7,decoder,divided up,682400,1,0.9996,7.8933
7,decoder,divided up,682400,1,0.9985,6.4713
7,decoder,divided up,682400,1,1.0,10.401
7,decoder,divided up,682400,1,1.0,15.1248
7,decoder,divided up,682400,1,0.9972,5.8905
7,decoder,divided up,682400,1,1.0,13.0483
7,decoder,divided up,682400,1,0.9999,9.1227
7,decoder,divided up,682400,1,1.0,13.3367
7,decoder,divided up,682400,1,1.0,11.8006
7,decoder,divided up,682400,1,0.9995,7.6608
7,decoder,divided up,682400,1,0.9989,6.7875
7,decoder,divided up,682400,1,1.0,12.3386
7,decoder,divided up,682400,1,1.0,13.5955
7,decoder,divided up,682400,1,0.9999,9.0345
7,decoder,divided up,682400,1,0.9995,7.6271
7,decoder,divided up,682400,1,0.9999,9.0353
7,decoder,divided up,682400,1,0.9992,7.1804
7,decoder,divided up,682400,1,0.9999,9.2884
7,decoder,divided up,682400,1,0.9972,5.8578
7,decoder,jumping up,850545,1,0.9965,5.6658
7,decoder,jumping up,850545,1,1.0,10.8566
7,decoder,jumping up,850545,1,1.0,14.9843
7,decoder,jumping up,850545,1,1.0,11.4024
7,decoder,jumping up,850545,1,0.9998,8.6853
7,decoder,jumping up,850545,1,1.0,11.5071
7,decoder,jumping up,850545,1,0.9526,3.0008
7,decoder,jumping up,850545,1,1.0,11.4294
7,decoder,jumping up,850545,1,0.9995,7.5806
7,decoder,jumping up,850545,1,0.9878,4.3909
7,decoder,jumping up,850545,1,1.0,10.3167
7,decoder,jumping up,850545,1,1.0,14.7562
7,decoder,jumping up,850545,1,0.9998,8.4596
7,decoder,jumping up,850545,1,1.0,11.742
7,decoder,jumping up,850545,1,1.0,11.4396
7,decoder,jumping up,850545,1,1.0,10.9884
7,decoder,jumping up,850545,1,1.0,10.5162
7,decoder,jumping up,850545,1,1.0,10.2295
7,decoder,jumping up,850545,1,1.0,12.4585
7,decoder,jumping up,850545,1,1.0,14.2466
7,decoder,lived up,1782731,1,1.0,14.5972
7,decoder,lived up,1782731,1,0.9999,9.3319
7,decoder,lived up,1782731,1,0.9999,9.3486
7,decoder,lived up,1782731,1,1.0,10.3922
7,decoder,lived up,1782731,1,1.0,12.9163
7,decoder,lived up,1782731,1,1.0,12.9851
7,decoder,lived up,1782731,1,1.0,10.4
7,decoder,lived up,1782731,1,1.0,16.0038
7,decoder,lived up,1782731,1,1.0,10.2487
7,decoder,lived up,1782731,1,1.0,11.6787
7,decoder,lived up,1782731,1,1.0,11.8183
7,decoder,lived up,1782731,1,1.0,11.0988
7,decoder,lived up,1782731,1,1.0,15.8922
7,decoder,lived up,1782731,1,1.0,11.3835
7,decoder,lived up,1782731,1,1.0,11.7963
7,decoder,lived up,1782731,1,1.0,15.8718
7,decoder,lived up,1782731,1,0.9999,9.0918
7,decoder,lived up,1782731,1,1.0,12.8409
7,decoder,lived up,1782731,1,1.0,12.1104
7,decoder,lived up,1782731,1,1.0,14.2223
7,decoder,dress up,3622140,1,0.8613,1.8263
7,decoder,dress up,3622140,1,0.9938,5.0704
7,decoder,dress up,3622140,0,0.4487,-0.2058
7,decoder,dress up,3622140,1,0.8713,1.9129
7,decoder,dress up,3622140,1,0.7178,0.9334
7,decoder,dress up,3622140,1,0.9997,8.0452
7,decoder,dress up,3622140,1,1.0,12.0554
7,decoder,dress up,3622140,1,0.9937,5.0609
7,decoder,dress up,3622140,1,0.9864,4.2842
7,decoder,dress up,3622140,1,0.9996,7.732
7,decoder,dress up,3622140,1,0.9056,2.261
7,decoder,dress up,3622140,1,0.9976,6.0383
7,decoder,dress up,3622140,1,0.9995,7.5469
7,decoder,dress up,3622140,1,0.9972,5.8811
7,decoder,dress up,3622140,1,0.9662,3.3532
7,decoder,dress up,3622140,1,0.9917,4.7837
7,decoder,dress up,3622140,0,0.4798,-0.081
7,decoder,dress up,3622140,1,1.0,10.849
7,decoder,dress up,3622140,1,0.5512,0.2054
7,decoder,dress up,3622140,1,0.9991,6.9946
7,decoder,lock up,1341400,1,0.9999,9.281
7,decoder,lock up,1341400,1,0.9889,4.4881
7,decoder,lock up,1341400,1,0.9998,8.4982
7,decoder,lock up,1341400,1,0.9994,7.4406
7,decoder,lock up,1341400,1,1.0,10.4759
7,decoder,lock up,1341400,1,0.9997,8.263
7,decoder,lock up,1341400,1,0.9994,7.3868
7,decoder,lock up,1341400,1,0.9893,4.524
7,decoder,lock up,1341400,1,1.0,11.7812
7,decoder,lock up,1341400,1,0.9781,3.7978
7,decoder,lock up,1341400,1,0.9989,6.7673
7,decoder,lock up,1341400,1,0.9998,8.308
7,decoder,lock up,1341400,1,0.9999,8.9987
7,decoder,lock up,1341400,1,0.9968,5.7553
7,decoder,lock up,1341400,1,0.9998,8.6776
7,decoder,lock up,1341400,1,0.9978,6.0949
7,decoder,lock up,1341400,1,0.9999,9.5708
7,decoder,lock up,1341400,1,0.9988,6.7235
7,decoder,lock up,1341400,1,0.9999,8.9249
7,decoder,lock up,1341400,1,0.9935,5.0242
7,decoder,work up,2017884,1,0.9996,7.8213
7,decoder,work up,2017884,1,1.0,9.964
7,decoder,work up,2017884,1,1.0,14.979
7,decoder,work up,2017884,1,1.0,14.9225
7,decoder,work up,2017884,1,1.0,13.9618
7,decoder,work up,2017884,1,1.0,12.5048
7,decoder,work up,2017884,1,0.9998,8.4925
7,decoder,work up,2017884,1,0.9978,6.131
7,decoder,work up,2017884,1,0.9999,9.7957
7,decoder,work up,2017884,1,1.0,14.3776
7,decoder,work up,2017884,1,0.9999,9.0058
7,decoder,work up,2017884,1,1.0,13.8339
7,decoder,work up,2017884,1,1.0,10.0752
7,decoder,work up,2017884,1,1.0,14.49
7,decoder,work up,2017884,1,0.9999,9.0425
7,decoder,work up,2017884,1,1.0,14.6725
7,decoder,work up,2017884,1,0.9983,6.3921
7,decoder,work up,2017884,1,1.0,10.014
7,decoder,work up,2017884,1,0.9999,9.2138
7,decoder,work up,2017884,1,1.0,13.6703
7,decoder,climbing up,1043241,1,1.0,10.2431
7,decoder,climbing up,1043241,1,1.0,11.9861
7,decoder,climbing up,1043241,1,1.0,12.414
7,decoder,climbing up,1043241,1,1.0,13.3832
7,decoder,climbing up,1043241,1,1.0,12.2723
7,decoder,climbing up,1043241,1,1.0,12.712
7,decoder,climbing up,1043241,1,1.0,12.7955
7,decoder,climbing up,1043241,1,1.0,11.5441
7,decoder,climbing up,1043241,1,1.0,9.9406
7,decoder,climbing up,1043241,1,0.9999,8.8778
7,decoder,climbing up,1043241,1,1.0,12.9132
7,decoder,climbing up,1043241,1,1.0,10.5516
7,decoder,climbing up,1043241,1,1.0,12.5463
7,decoder,climbing up,1043241,1,1.0,10.2105
7,decoder,climbing up,1043241,1,1.0,11.649
7,decoder,climbing up,1043241,1,1.0,12.9002
7,decoder,climbing up,1043241,1,0.9994,7.3982
7,decoder,climbing up,1043241,1,1.0,14.5754
7,decoder,climbing up,1043241,1,0.9999,9.4609
7,decoder,climbing up,1043241,1,0.9999,9.8112
7,decoder,rounded up,2060333,1,0.9989,6.84
7,decoder,rounded up,2060333,1,0.9954,5.3737
7,decoder,rounded up,2060333,1,1.0,12.6538
7,decoder,rounded up,2060333,1,0.996,5.5275
7,decoder,rounded up,2060333,1,0.5201,0.0806
7,decoder,rounded up,2060333,1,0.995,5.2943
7,decoder,rounded up,2060333,1,0.999,6.9314
7,decoder,rounded up,2060333,1,1.0,11.1682
7,decoder,rounded up,2060333,1,0.999,6.9071
7,decoder,rounded up,2060333,1,1.0,13.2184
7,decoder,rounded up,2060333,1,0.9942,5.1369
7,decoder,rounded up,2060333,0,0.3688,-0.5372
7,decoder,rounded up,2060333,1,0.9025,2.2248
7,decoder,rounded up,2060333,1,0.9987,6.6645
7,decoder,rounded up,2060333,1,0.9955,5.4001
7,decoder,rounded up,2060333,0,0.0506,-2.9314
7,decoder,rounded up,2060333,1,1.0,11.7376
7,decoder,rounded up,2060333,1,0.9996,7.9075
7,decoder,rounded up,2060333,0,0.18,-1.5161
7,decoder,rounded up,2060333,1,0.9329,2.6314
7,decoder,jump up,1216276,1,0.9998,8.4907
7,decoder,jump up,1216276,1,0.9999,8.9808
7,decoder,jump up,1216276,1,0.9997,8.2219
7,decoder,jump up,1216276,1,1.0,13.87
7,decoder,jump up,1216276,1,1.0,14.1937
7,decoder,jump up,1216276,1,1.0,12.5507
7,decoder,jump up,1216276,1,0.9999,8.8871
7,decoder,jump up,1216276,1,0.6222,0.4991
7,decoder,jump up,1216276,1,1.0,17.6804
7,decoder,jump up,1216276,1,0.9998,8.5575
7,decoder,jump up,1216276,1,1.0,10.6767
7,decoder,jump up,1216276,1,1.0,14.6691
7,decoder,jump up,1216276,1,1.0,11.2705
7,decoder,jump up,1216276,1,1.0,10.4803
7,decoder,jump up,1216276,1,0.992,4.8203
7,decoder,jump up,1216276,1,0.9999,8.8875
7,decoder,jump up,1216276,1,0.9999,9.6896
7,decoder,jump up,1216276,1,1.0,14.6107
7,decoder,jump up,1216276,1,1.0,14.2946
7,decoder,jump up,1216276,1,0.9999,9.8801
7,decoder,finishing up,1672785,1,0.9999,9.027
7,decoder,finishing up,1672785,1,1.0,10.9476
7,decoder,finishing up,1672785,1,0.9999,9.5217
7,decoder,finishing up,1672785,1,1.0,10.808
7,decoder,finishing up,1672785,1,0.9999,9.5731
7,decoder,finishing up,1672785,1,1.0,11.0854
7,decoder,finishing up,1672785,1,1.0,10.7685
7,decoder,finishing up,1672785,1,0.9995,7.5577
7,decoder,finishing up,1672785,1,0.9564,3.088
7,decoder,finishing up,1672785,1,1.0,11.2104
7,decoder,finishing up,1672785,1,0.9089,2.3003
7,decoder,finishing up,1672785,1,1.0,11.7747
7,decoder,finishing up,1672785,1,1.0,10.55
7,decoder,finishing up,1672785,1,0.9998,8.4477
7,decoder,finishing up,1672785,1,0.9985,6.4693
7,decoder,finishing up,1672785,1,0.9983,6.381
7,decoder,finishing up,1672785,1,1.0,11.8544
7,decoder,finishing up,1672785,1,1.0,10.829
7,decoder,finishing up,1672785,1,0.9987,6.6509
7,decoder,finishing up,1672785,1,0.9921,4.8315
7,decoder,piling up,1226832,1,1.0,10.2877
7,decoder,piling up,1226832,1,0.9982,6.3339
7,decoder,piling up,1226832,1,0.9996,7.7664
7,decoder,piling up,1226832,1,0.9995,7.5902
7,decoder,piling up,1226832,1,0.9997,8.2322
7,decoder,piling up,1226832,1,0.9988,6.7061
7,decoder,piling up,1226832,1,1.0,10.2673
7,decoder,piling up,1226832,1,0.9956,5.4128
7,decoder,piling up,1226832,1,0.9112,2.3284
7,decoder,piling up,1226832,1,0.9998,8.3147
7,decoder,piling up,1226832,1,1.0,10.8273
7,decoder,piling up,1226832,1,0.9982,6.2923
7,decoder,piling up,1226832,1,1.0,10.4433
7,decoder,piling up,1226832,1,1.0,10.1766
7,decoder,piling up,1226832,1,1.0,12.1693
7,decoder,piling up,1226832,1,0.9999,8.8901
7,decoder,piling up,1226832,1,0.9999,9.6096
7,decoder,piling up,1226832,1,1.0,15.2621
7,decoder,piling up,1226832,1,0.9999,9.7826
7,decoder,piling up,1226832,1,1.0,10.1969
7,decoder,drive up,2229535,1,1.0,11.0583
7,decoder,drive up,2229535,1,1.0,16.5796
7,decoder,drive up,2229535,1,0.9997,8.2785
7,decoder,drive up,2229535,1,1.0,13.2325
7,decoder,drive up,2229535,1,1.0,14.732
7,decoder,drive up,2229535,1,0.9995,7.6406
7,decoder,drive up,2229535,1,0.9997,7.9587
7,decoder,drive up,2229535,1,1.0,15.5185
7,decoder,drive up,2229535,1,1.0,12.6035
7,decoder,drive up,2229535,1,1.0,14.6679
7,decoder,drive up,2229535,1,0.9975,5.9953
7,decoder,drive up,2229535,1,0.9999,9.3106
7,decoder,drive up,2229535,1,1.0,16.4351
7,decoder,drive up,2229535,1,1.0,18.6772
7,decoder,drive up,2229535,1,1.0,11.2613
7,decoder,drive up,2229535,1,1.0,15.5614
7,decoder,drive up,2229535,1,0.9999,9.144
7,decoder,drive up,2229535,1,1.0,12.8086
7,decoder,drive up,2229535,1,1.0,10.9987
7,decoder,drive up,2229535,1,1.0,13.007
7,decoder,flew up,402687,1,0.9999,9.5318
7,decoder,flew up,402687,1,1.0,10.4537
7,decoder,flew up,402687,1,0.9997,8.0056
7,decoder,flew up,402687,1,1.0,14.0409
7,decoder,flew up,402687,1,0.9958,5.4774
7,decoder,flew up,402687,1,1.0,11.5118
7,decoder,flew up,402687,1,0.9967,5.6964
7,decoder,flew up,402687,1,0.9989,6.7805
7,decoder,flew up,402687,1,1.0,13.8891
7,decoder,flew up,402687,1,0.9996,7.7405
7,decoder,flew up,402687,1,0.998,6.2215
7,decoder,flew up,402687,1,0.9999,8.9918
7,decoder,flew up,402687,1,0.9997,7.9992
7,decoder,flew up,402687,1,0.9998,8.3417
7,decoder,flew up,402687,1,0.9999,9.867
7,decoder,flew up,402687,1,0.999,6.8811
7,decoder,flew up,402687,1,0.9991,7.0617
7,decoder,flew up,402687,1,0.9998,8.4106
7,decoder,flew up,402687,1,0.9807,3.9262
7,decoder,flew up,402687,1,0.9998,8.5415
7,decoder,shown up,1329792,1,0.9997,8.0464
7,decoder,shown up,1329792,1,1.0,10.1019
7,decoder,shown up,1329792,1,0.9922,4.8465
7,decoder,shown up,1329792,1,0.9876,4.3812
7,decoder,shown up,1329792,1,0.9999,9.0845
7,decoder,shown up,1329792,1,0.9902,4.6188
7,decoder,shown up,1329792,1,0.8962,2.1552
7,decoder,shown up,1329792,1,0.9964,5.6094
7,decoder,shown up,1329792,1,0.9994,7.4067
7,decoder,shown up,1329792,1,0.9846,4.1601
7,decoder,shown up,1329792,1,0.9886,4.4607
7,decoder,shown up,1329792,1,0.905,2.2538
7,decoder,shown up,1329792,1,0.9999,9.5642
7,decoder,shown up,1329792,1,0.9994,7.4953
7,decoder,shown up,1329792,1,0.9999,9.5819
7,decoder,shown up,1329792,1,0.9999,8.824
7,decoder,shown up,1329792,1,0.9999,9.1475
7,decoder,shown up,1329792,1,0.9944,5.1834
7,decoder,shown up,1329792,1,0.9999,9.1895
7,decoder,shown up,1329792,1,1.0,13.1164
7,decoder,close up,2712846,1,0.9999,8.8144
7,decoder,close up,2712846,1,0.9995,7.6433
7,decoder,close up,2712846,1,0.9998,8.641
7,decoder,close up,2712846,1,0.9998,8.3873
7,decoder,close up,2712846,1,0.9979,6.1463
7,decoder,close up,2712846,1,0.9999,8.9346
7,decoder,close up,2712846,1,1.0,11.7095
7,decoder,close up,2712846,1,0.9993,7.287
7,decoder,close up,2712846,1,0.9984,6.4068
7,decoder,close up,2712846,1,0.9994,7.452
7,decoder,close up,2712846,1,1.0,10.9204
7,decoder,close up,2712846,1,0.9999,8.9771
7,decoder,close up,2712846,1,1.0,16.9282
7,decoder,close up,2712846,1,0.9983,6.3517
7,decoder,close up,2712846,1,0.9969,5.7637
7,decoder,close up,2712846,1,0.9999,9.8148
7,decoder,close up,2712846,1,1.0,11.0741
7,decoder,close up,2712846,1,1.0,10.9776
7,decoder,close up,2712846,1,1.0,13.1049
7,decoder,close up,2712846,1,0.9928,4.9253
7,decoder,springing up,528162,1,1.0,12.6687
7,decoder,springing up,528162,1,1.0,12.5941
7,decoder,springing up,528162,1,0.9997,7.9896
7,decoder,springing up,528162,1,0.9788,3.8321
7,decoder,springing up,528162,1,1.0,10.2324
7,decoder,springing up,528162,1,1.0,11.1098
7,decoder,springing up,528162,1,1.0,12.3259
7,decoder,springing up,528162,1,1.0,11.2616
7,decoder,springing up,528162,1,1.0,13.3963
7,decoder,springing up,528162,1,0.9999,9.8221
7,decoder,springing up,528162,1,0.9994,7.3454
7,decoder,springing up,528162,1,0.9977,6.092
7,decoder,springing up,528162,1,0.9943,5.1549
7,decoder,springing up,528162,1,1.0,11.6797
7,decoder,springing up,528162,1,1.0,10.616
7,decoder,springing up,528162,1,1.0,10.0229
7,decoder,springing up,528162,1,0.9995,7.6782
7,decoder,springing up,528162,1,1.0,11.5744
7,decoder,springing up,528162,1,1.0,12.7022
7,decoder,springing up,528162,1,1.0,10.929
7,decoder,woken up,1572982,1,0.9839,4.1136
7,decoder,woken up,1572982,1,1.0,12.3111
7,decoder,woken up,1572982,1,0.8039,1.411
7,decoder,woken up,1572982,1,0.9991,7.065
7,decoder,woken up,1572982,1,0.9981,6.2782
7,decoder,woken up,1572982,1,0.9988,6.7016
7,decoder,woken up,1572982,1,0.916,2.3898
7,decoder,woken up,1572982,1,0.9502,2.9494
7,decoder,woken up,1572982,1,0.9986,6.5584
7,decoder,woken up,1572982,1,1.0,11.2132
7,decoder,woken up,1572982,1,0.7401,1.0466
7,decoder,woken up,1572982,1,1.0,13.5431
7,decoder,woken up,1572982,1,0.9993,7.213
7,decoder,woken up,1572982,1,1.0,9.9643
7,decoder,woken up,1572982,1,1.0,14.5509
7,decoder,woken up,1572982,1,0.9999,9.3922
7,decoder,woken up,1572982,1,0.9835,4.0862
7,decoder,woken up,1572982,1,0.9878,4.3903
7,decoder,woken up,1572982,1,0.9996,7.7456
7,decoder,woken up,1572982,1,0.9988,6.6953
7,decoder,ramping up,1497521,1,0.9996,7.7625
7,decoder,ramping up,1497521,1,1.0,10.752
7,decoder,ramping up,1497521,1,0.9995,7.5278
7,decoder,ramping up,1497521,1,1.0,11.2787
7,decoder,ramping up,1497521,1,0.9997,8.1193
7,decoder,ramping up,1497521,1,1.0,11.2671
7,decoder,ramping up,1497521,1,0.9996,7.941
7,decoder,ramping up,1497521,1,1.0,12.676
7,decoder,ramping up,1497521,1,1.0,10.4394
7,decoder,ramping up,1497521,1,1.0,13.2901
7,decoder,ramping up,1497521,1,0.9996,7.8238
7,decoder,ramping up,1497521,1,1.0,17.9458
7,decoder,ramping up,1497521,1,1.0,15.0517
7,decoder,ramping up,1497521,1,1.0,10.4737
7,decoder,ramping up,1497521,1,1.0,13.1925
7,decoder,ramping up,1497521,1,1.0,12.3874
7,decoder,ramping up,1497521,1,0.9985,6.5251
7,decoder,ramping up,1497521,1,1.0,11.4272
7,decoder,ramping up,1497521,1,1.0,12.5875
7,decoder,ramping up,1497521,1,1.0,11.346
7,decoder,speaking up,978549,1,0.9998,8.3364
7,decoder,speaking up,978549,1,1.0,10.5262
7,decoder,speaking up,978549,1,1.0,14.6422
7,decoder,speaking up,978549,1,0.9996,7.9476
7,decoder,speaking up,978549,1,1.0,12.4241
7,decoder,speaking up,978549,1,0.9999,9.2043
7,decoder,speaking up,978549,1,0.9997,8.2449
7,decoder,speaking up,978549,1,0.9995,7.5546
7,decoder,speaking up,978549,1,1.0,11.8589
7,decoder,speaking up,978549,1,1.0,12.3181
7,decoder,speaking up,978549,1,1.0,12.0878
7,decoder,speaking up,978549,1,1.0,11.7135
7,decoder,speaking up,978549,1,1.0,19.3722
7,decoder,speaking up,978549,1,0.9996,7.9107
7,decoder,speaking up,978549,1,0.9999,9.0943
7,decoder,speaking up,978549,1,1.0,11.3399
7,decoder,speaking up,978549,1,1.0,14.891
7,decoder,speaking up,978549,1,0.9995,7.5229
7,decoder,speaking up,978549,1,1.0,15.0711
7,decoder,speaking up,978549,1,0.9998,8.5052
7,decoder,load up,1863674,1,1.0,15.6359
7,decoder,load up,1863674,1,1.0,13.3236
7,decoder,load up,1863674,1,0.9943,5.1575
7,decoder,load up,1863674,1,0.9999,9.0902
7,decoder,load up,1863674,1,1.0,11.3124
7,decoder,load up,1863674,1,0.9999,9.4786
7,decoder,load up,1863674,1,0.9999,8.8821
7,decoder,load up,1863674,1,1.0,12.0649
7,decoder,load up,1863674,1,1.0,11.1085
7,decoder,load up,1863674,1,1.0,9.9859
7,decoder,load up,1863674,1,1.0,14.621
7,decoder,load up,1863674,1,1.0,11.0078
7,decoder,load up,1863674,1,1.0,12.5051
7,decoder,load up,1863674,1,0.9999,9.3654
7,decoder,load up,1863674,1,1.0,10.0852
7,decoder,load up,1863674,1,1.0,10.4875
7,decoder,load up,1863674,1,1.0,13.3954
7,decoder,load up,1863674,1,1.0,15.7214
7,decoder,load up,1863674,1,0.9992,7.1919
7,decoder,load up,1863674,1,0.9999,9.6732
7,decoder,own up,832195,1,1.0,19.0743
7,decoder,own up,832195,1,1.0,10.6212
7,decoder,own up,832195,1,1.0,12.7678
7,decoder,own up,832195,1,1.0,13.9684
7,decoder,own up,832195,1,0.9999,9.6253
7,decoder,own up,832195,1,1.0,17.0243
7,decoder,own up,832195,1,1.0,16.4624
7,decoder,own up,832195,1,1.0,12.3387
7,decoder,own up,832195,1,1.0,12.5671
7,decoder,own up,832195,1,1.0,13.1068
7,decoder,own up,832195,1,1.0,16.0567
7,decoder,own up,832195,1,0.9998,8.342
7,decoder,own up,832195,1,1.0,13.5444
7,decoder,own up,832195,1,1.0,16.4726
7,decoder,own up,832195,1,1.0,15.0008
7,decoder,own up,832195,1,0.9998,8.4305
7,decoder,own up,832195,1,1.0,10.6475
7,decoder,own up,832195,1,1.0,15.4935
7,decoder,own up,832195,1,1.0,15.5862
7,decoder,own up,832195,1,1.0,20.6144
7,decoder,see up,543111,1,1.0,14.4959
7,decoder,see up,543111,1,1.0,11.7279
7,decoder,see up,543111,1,0.9955,5.3913
7,decoder,see up,543111,1,1.0,11.6594
7,decoder,see up,543111,1,1.0,14.9565
7,decoder,see up,543111,1,1.0,13.6227
7,decoder,see up,543111,1,1.0,13.8022
7,decoder,see up,543111,1,0.9999,9.4335
7,decoder,see up,543111,1,1.0,12.3764
7,decoder,see up,543111,1,0.9999,8.9087
7,decoder,see up,543111,1,1.0,11.2204
7,decoder,see up,543111,1,1.0,11.5191
7,decoder,see up,543111,1,0.9991,7.0629
7,decoder,see up,543111,1,0.9999,9.0923
7,decoder,see up,543111,1,0.9999,8.95
7,decoder,see up,543111,1,1.0,15.3252
7,decoder,see up,543111,1,0.9996,7.7535
7,decoder,see up,543111,1,0.9999,9.0872
7,decoder,see up,543111,1,0.9995,7.6624
7,decoder,see up,543111,1,1.0,10.912
7,decoder,rolling up,501067,1,1.0,9.9136
7,decoder,rolling up,501067,1,1.0,11.8846
7,decoder,rolling up,501067,1,0.9992,7.1884
7,decoder,rolling up,501067,1,0.9999,9.518
7,decoder,rolling up,501067,1,1.0,14.9566
7,decoder,rolling up,501067,1,1.0,11.5601
7,decoder,rolling up,501067,1,0.9999,8.8646
7,decoder,rolling up,501067,1,0.9999,9.8203
7,decoder,rolling up,501067,1,0.9999,9.8582
7,decoder,rolling up,501067,1,1.0,11.1997
7,decoder,rolling up,501067,1,0.9994,7.4345
7,decoder,rolling up,501067,1,1.0,10.9437
7,decoder,rolling up,501067,1,1.0,10.9642
7,decoder,rolling up,501067,1,0.9998,8.7393
7,decoder,rolling up,501067,1,0.999,6.9117
7,decoder,rolling up,501067,1,0.9997,8.0068
7,decoder,rolling up,501067,1,1.0,11.252
7,decoder,rolling up,501067,1,1.0,10.3046
7,decoder,rolling up,501067,1,1.0,10.2883
7,decoder,rolling up,501067,1,0.9999,9.0293
7,decoder,think up,614447,1,0.9996,7.7375
7,decoder,think up,614447,1,1.0,12.9083
7,decoder,think up,614447,1,0.999,6.9446
7,decoder,think up,614447,1,1.0,12.614
7,decoder,think up,614447,1,1.0,10.3212
7,decoder,think up,614447,1,0.9997,8.0989
7,decoder,think up,614447,1,1.0,14.3839
7,decoder,think up,614447,1,0.9991,6.9966
7,decoder,think up,614447,1,0.9994,7.3507
7,decoder,think up,614447,1,0.9969,5.7663
7,decoder,think up,614447,1,0.9999,9.3458
7,decoder,think up,614447,1,1.0,10.4978
7,decoder,think up,614447,1,0.9998,8.5101
7,decoder,think up,614447,1,0.9994,7.3544
7,decoder,think up,614447,1,1.0,15.3643
7,decoder,think up,614447,1,0.9999,9.2346
7,decoder,think up,614447,1,1.0,18.0164
7,decoder,think up,614447,1,1.0,10.703
7,decoder,think up,614447,1,0.9998,8.6482
7,decoder,think up,614447,1,1.0,11.0111
7,decoder,warm up,5434333,1,1.0,10.4975
7,decoder,warm up,5434333,1,0.9998,8.4035
7,decoder,warm up,5434333,1,1.0,10.0873
7,decoder,warm up,5434333,1,1.0,11.4082
7,decoder,warm up,5434333,1,0.999,6.9255
7,decoder,warm up,5434333,1,0.9998,8.5179
7,decoder,warm up,5434333,1,1.0,12.5597
7,decoder,warm up,5434333,1,1.0,11.8339
7,decoder,warm up,5434333,1,1.0,10.7317
7,decoder,warm up,5434333,1,1.0,14.3243
7,decoder,warm up,5434333,1,1.0,12.3773
7,decoder,warm up,5434333,1,0.9978,6.132
7,decoder,warm up,5434333,1,1.0,13.5293
7,decoder,warm up,5434333,1,0.9999,8.9778
7,decoder,warm up,5434333,1,1.0,12.3295
7,decoder,warm up,5434333,1,0.9994,7.5002
7,decoder,warm up,5434333,1,1.0,13.537
7,decoder,warm up,5434333,1,0.9998,8.3635
7,decoder,warm up,5434333,1,1.0,11.5267
7,decoder,warm up,5434333,1,1.0,10.4498
7,decoder,thrown up,591649,1,1.0,10.3452
7,decoder,thrown up,591649,1,1.0,12.8242
7,decoder,thrown up,591649,1,1.0,10.3494
7,decoder,thrown up,591649,1,0.997,5.8224
7,decoder,thrown up,591649,1,0.9998,8.3106
7,decoder,thrown up,591649,1,0.9993,7.1993
7,decoder,thrown up,591649,1,0.9932,4.9834
7,decoder,thrown up,591649,1,1.0,11.0152
7,decoder,thrown up,591649,1,0.9989,6.8444
7,decoder,thrown up,591649,1,0.9975,5.986
7,decoder,thrown up,591649,1,0.9807,3.928
7,decoder,thrown up,591649,1,1.0,10.8667
7,decoder,thrown up,591649,1,0.9997,8.2744
7,decoder,thrown up,591649,1,0.9935,5.0252
7,decoder,thrown up,591649,1,0.9999,9.314
7,decoder,thrown up,591649,1,0.9999,9.8367
7,decoder,thrown up,591649,1,0.9903,4.6234
7,decoder,thrown up,591649,1,0.9996,7.786
7,decoder,thrown up,591649,1,0.9996,7.8151
7,decoder,thrown up,591649,1,1.0,10.3433
7,decoder,builds up,1917794,1,0.9944,5.1715
7,decoder,builds up,1917794,1,1.0,10.6133
7,decoder,builds up,1917794,1,0.9837,4.0996
7,decoder,builds up,1917794,1,0.9999,9.102
7,decoder,builds up,1917794,1,0.9998,8.3828
7,decoder,builds up,1917794,1,1.0,12.1079
7,decoder,builds up,1917794,1,0.9993,7.3338
7,decoder,builds up,1917794,1,0.9997,8.0009
7,decoder,builds up,1917794,1,1.0,12.0324
7,decoder,builds up,1917794,1,0.9981,6.2631
7,decoder,builds up,1917794,1,1.0,10.9566
7,decoder,builds up,1917794,1,0.9991,7.0038
7,decoder,builds up,1917794,1,0.9982,6.346
7,decoder,builds up,1917794,1,0.9992,7.1217
7,decoder,builds up,1917794,1,1.0,11.2231
7,decoder,builds up,1917794,1,1.0,11.5087
7,decoder,builds up,1917794,1,1.0,10.5607
7,decoder,builds up,1917794,1,1.0,9.97
7,decoder,builds up,1917794,1,0.9998,8.7028
7,decoder,builds up,1917794,1,0.9999,9.749
7,decoder,thumbs up,2287053,1,1.0,12.4355
7,decoder,thumbs up,2287053,1,0.9994,7.3985
7,decoder,thumbs up,2287053,1,1.0,11.0976
7,decoder,thumbs up,2287053,1,1.0,15.1123
7,decoder,thumbs up,2287053,1,1.0,13.2966
7,decoder,thumbs up,2287053,1,1.0,11.0323
7,decoder,thumbs up,2287053,1,0.9999,9.5663
7,decoder,thumbs up,2287053,1,0.9996,7.7552
7,decoder,thumbs up,2287053,1,0.9999,9.6001
7,decoder,thumbs up,2287053,1,1.0,14.1672
7,decoder,thumbs up,2287053,1,0.9998,8.7697
7,decoder,thumbs up,2287053,1,1.0,14.2315
7,decoder,thumbs up,2287053,1,1.0,10.2997
7,decoder,thumbs up,2287053,1,1.0,12.9363
7,decoder,thumbs up,2287053,1,1.0,11.6312
7,decoder,thumbs up,2287053,1,0.9999,9.6058
7,decoder,thumbs up,2287053,1,1.0,18.0407
7,decoder,thumbs up,2287053,1,1.0,10.5905
7,decoder,thumbs up,2287053,1,1.0,11.8792
7,decoder,thumbs up,2287053,1,1.0,13.8434
7,decoder,swept up,966553,1,0.9958,5.4633
7,decoder,swept up,966553,1,0.999,6.8643
7,decoder,swept up,966553,1,0.9999,9.0343
7,decoder,swept up,966553,1,0.9901,4.6006
7,decoder,swept up,966553,1,0.9935,5.0304
7,decoder,swept up,966553,1,1.0,11.4119
7,decoder,swept up,966553,1,1.0,12.9644
7,decoder,swept up,966553,1,0.9994,7.3492
7,decoder,swept up,966553,1,0.9455,2.8532
7,decoder,swept up,966553,1,0.858,1.7986
7,decoder,swept up,966553,1,0.998,6.2317
7,decoder,swept up,966553,1,0.9999,9.5092
7,decoder,swept up,966553,1,0.9958,5.467
7,decoder,swept up,966553,1,0.9923,4.8539
7,decoder,swept up,966553,1,0.9932,4.9906
7,decoder,swept up,966553,1,0.7726,1.2229
7,decoder,swept up,966553,1,0.9999,9.5661
7,decoder,swept up,966553,1,0.9996,7.8773
7,decoder,swept up,966553,1,0.9998,8.4761
7,decoder,swept up,966553,1,0.9979,6.152
7,decoder,heat up,3263367,1,0.9965,5.6454
7,decoder,heat up,3263367,1,1.0,12.1301
7,decoder,heat up,3263367,1,0.9999,9.5816
7,decoder,heat up,3263367,1,1.0,11.0444
7,decoder,heat up,3263367,1,0.9996,7.736
7,decoder,heat up,3263367,1,0.9839,4.1122
7,decoder,heat up,3263367,1,0.9983,6.3854
7,decoder,heat up,3263367,1,0.9948,5.2602
7,decoder,heat up,3263367,1,1.0,13.4718
7,decoder,heat up,3263367,1,0.9999,9.329
7,decoder,heat up,3263367,1,0.9986,6.594
7,decoder,heat up,3263367,1,1.0,11.2721
7,decoder,heat up,3263367,1,1.0,10.435
7,decoder,heat up,3263367,1,1.0,16.7625
7,decoder,heat up,3263367,1,0.9994,7.4782
7,decoder,heat up,3263367,1,1.0,15.531
7,decoder,heat up,3263367,1,0.9989,6.7856
7,decoder,heat up,3263367,1,1.0,11.8536
7,decoder,heat up,3263367,1,1.0,11.6516
7,decoder,heat up,3263367,1,0.9995,7.6272
7,decoder,holds up,2180803,1,0.9995,7.6728
7,decoder,holds up,2180803,1,0.9999,9.3441
7,decoder,holds up,2180803,1,0.9998,8.7878
7,decoder,holds up,2180803,1,1.0,10.6281
7,decoder,holds up,2180803,1,0.9961,5.5367
7,decoder,holds up,2180803,1,0.9999,8.9094
7,decoder,holds up,2180803,1,0.9996,7.7267
7,decoder,holds up,2180803,1,1.0,10.0598
7,decoder,holds up,2180803,1,1.0,9.9949
7,decoder,holds up,2180803,1,0.9995,7.6331
7,decoder,holds up,2180803,1,0.999,6.8953
7,decoder,holds up,2180803,1,1.0,19.2384
7,decoder,holds up,2180803,1,1.0,10.3869
7,decoder,holds up,2180803,1,0.9943,5.1701
7,decoder,holds up,2180803,1,1.0,12.2137
7,decoder,holds up,2180803,1,0.9999,9.3325
7,decoder,holds up,2180803,1,0.9999,9.8802
7,decoder,holds up,2180803,1,0.9998,8.366
7,decoder,holds up,2180803,1,0.9768,3.7418
7,decoder,holds up,2180803,1,0.9962,5.5702
7,decoder,cheer up,466328,1,1.0,10.5096
7,decoder,cheer up,466328,1,0.9999,9.4599
7,decoder,cheer up,466328,1,0.9509,2.9628
7,decoder,cheer up,466328,1,0.9995,7.5187
7,decoder,cheer up,466328,1,0.9996,7.8678
7,decoder,cheer up,466328,1,1.0,11.0168
7,decoder,cheer up,466328,1,0.9999,9.2049
7,decoder,cheer up,466328,1,1.0,10.4986
7,decoder,cheer up,466328,1,1.0,11.761
7,decoder,cheer up,466328,1,0.9981,6.286
7,decoder,cheer up,466328,1,0.9983,6.3799
7,decoder,cheer up,466328,1,0.9998,8.7752
7,decoder,cheer up,466328,1,1.0,10.2891
7,decoder,cheer up,466328,1,1.0,16.799
7,decoder,cheer up,466328,1,1.0,10.2427
7,decoder,cheer up,466328,1,1.0,12.3874
7,decoder,cheer up,466328,1,1.0,11.5568
7,decoder,cheer up,466328,1,0.9994,7.4589
7,decoder,cheer up,466328,1,0.9995,7.6449
7,decoder,cheer up,466328,1,0.9999,9.1949
7,decoder,closed up,769262,1,0.9998,8.7272
7,decoder,closed up,769262,1,0.9989,6.8063
7,decoder,closed up,769262,1,0.9644,3.2985
7,decoder,closed up,769262,1,0.9999,9.0156
7,decoder,closed up,769262,1,0.9996,7.8233
7,decoder,closed up,769262,1,0.9998,8.7403
7,decoder,closed up,769262,1,1.0,10.2248
7,decoder,closed up,769262,1,0.995,5.2954
7,decoder,closed up,769262,1,1.0,10.2049
7,decoder,closed up,769262,1,0.9998,8.6052
7,decoder,closed up,769262,1,0.9999,9.0209
7,decoder,closed up,769262,1,0.9998,8.605
7,decoder,closed up,769262,1,1.0,10.0035
7,decoder,closed up,769262,1,0.9938,5.0705
7,decoder,closed up,769262,1,0.9999,9.8057
7,decoder,closed up,769262,1,0.993,4.9591
7,decoder,closed up,769262,1,0.9335,2.6417
7,decoder,closed up,769262,1,0.5866,0.3501
7,decoder,closed up,769262,1,0.9999,9.4216
7,decoder,closed up,769262,1,0.8677,1.881
7,decoder,speeding up,1589235,1,1.0,14.8715
7,decoder,speeding up,1589235,1,1.0,15.8337
7,decoder,speeding up,1589235,1,0.9996,7.7484
7,decoder,speeding up,1589235,1,1.0,10.2638
7,decoder,speeding up,1589235,1,0.9997,8.2559
7,decoder,speeding up,1589235,1,0.9999,9.3145
7,decoder,speeding up,1589235,1,1.0,12.0047
7,decoder,speeding up,1589235,1,1.0,11.5606
7,decoder,speeding up,1589235,1,1.0,11.2149
7,decoder,speeding up,1589235,1,1.0,13.4887
7,decoder,speeding up,1589235,1,0.9999,9.8812
7,decoder,speeding up,1589235,1,1.0,12.772
7,decoder,speeding up,1589235,1,0.9999,9.597
7,decoder,speeding up,1589235,1,1.0,11.5777
7,decoder,speeding up,1589235,1,0.9998,8.3216
7,decoder,speeding up,1589235,1,1.0,11.3445
7,decoder,speeding up,1589235,1,1.0,18.6701
7,decoder,speeding up,1589235,1,0.9952,5.3308
7,decoder,speeding up,1589235,1,1.0,9.9619
7,decoder,speeding up,1589235,1,1.0,12.6523
7,decoder,raised up,703403,1,1.0,11.29
7,decoder,raised up,703403,1,0.9958,5.458
7,decoder,raised up,703403,1,0.9859,4.2455
7,decoder,raised up,703403,1,0.9999,9.5851
7,decoder,raised up,703403,1,1.0,10.3906
7,decoder,raised up,703403,1,0.9998,8.4603
7,decoder,raised up,703403,1,0.5887,0.3585
7,decoder,raised up,703403,1,1.0,11.2332
7,decoder,raised up,703403,1,0.9995,7.6758
7,decoder,raised up,703403,1,1.0,10.7579
7,decoder,raised up,703403,1,1.0,11.396
7,decoder,raised up,703403,1,0.9645,3.302
7,decoder,raised up,703403,1,1.0,14.1074
7,decoder,raised up,703403,1,0.9996,7.8162
7,decoder,raised up,703403,1,1.0,10.5279
7,decoder,raised up,703403,1,0.9999,9.5879
7,decoder,raised up,703403,1,0.992,4.824
7,decoder,raised up,703403,1,0.9993,7.315
7,decoder,raised up,703403,1,1.0,14.1695
7,decoder,raised up,703403,1,1.0,13.4586
7,decoder,sums up,2264032,1,1.0,10.4854
7,decoder,sums up,2264032,1,1.0,10.5095
7,decoder,sums up,2264032,1,1.0,10.7533
7,decoder,sums up,2264032,1,0.9996,7.7836
7,decoder,sums up,2264032,1,0.9999,9.8286
7,decoder,sums up,2264032,1,1.0,10.8888
7,decoder,sums up,2264032,1,1.0,12.8334
7,decoder,sums up,2264032,1,0.9997,8.0978
7,decoder,sums up,2264032,1,1.0,12.1606
7,decoder,sums up,2264032,1,0.9999,8.9524
7,decoder,sums up,2264032,1,0.9997,8.092
7,decoder,sums up,2264032,1,1.0,11.9641
7,decoder,sums up,2264032,1,0.9997,8.1963
7,decoder,sums up,2264032,1,1.0,10.1071
7,decoder,sums up,2264032,1,0.9995,7.6071
7,decoder,sums up,2264032,1,0.9999,9.758
7,decoder,sums up,2264032,1,1.0,10.5018
7,decoder,sums up,2264032,1,0.9999,9.5393
7,decoder,sums up,2264032,1,1.0,10.0919
7,decoder,sums up,2264032,1,1.0,10.382
7,decoder,eat up,1003575,1,1.0,10.1633
7,decoder,eat up,1003575,1,1.0,13.8604
7,decoder,eat up,1003575,1,1.0,11.0961
7,decoder,eat up,1003575,1,1.0,13.0845
7,decoder,eat up,1003575,1,1.0,13.9945
7,decoder,eat up,1003575,1,0.9999,9.5484
7,decoder,eat up,1003575,1,1.0,12.5183
7,decoder,eat up,1003575,1,1.0,12.5519
7,decoder,eat up,1003575,1,1.0,10.2206
7,decoder,eat up,1003575,1,1.0,10.6031
7,decoder,eat up,1003575,1,1.0,10.4319
7,decoder,eat up,1003575,1,0.9999,9.1328
7,decoder,eat up,1003575,1,1.0,11.599
7,decoder,eat up,1003575,1,1.0,10.5978
7,decoder,eat up,1003575,1,1.0,11.3234
7,decoder,eat up,1003575,1,1.0,16.6388
7,decoder,eat up,1003575,1,1.0,11.7205
7,decoder,eat up,1003575,1,1.0,10.6819
7,decoder,eat up,1003575,1,1.0,10.426
7,decoder,eat up,1003575,1,1.0,14.9073
7,decoder,struck up,484249,1,0.8955,2.1487
7,decoder,struck up,484249,1,0.9999,9.5259
7,decoder,struck up,484249,1,0.9877,4.3831
7,decoder,struck up,484249,1,0.9954,5.374
7,decoder,struck up,484249,1,0.9997,8.2797
7,decoder,struck up,484249,1,0.9998,8.3996
7,decoder,struck up,484249,1,1.0,10.1246
7,decoder,struck up,484249,1,0.9993,7.2841
7,decoder,struck up,484249,1,0.998,6.2049
7,decoder,struck up,484249,1,1.0,10.5884
7,decoder,struck up,484249,1,1.0,10.5004
7,decoder,struck up,484249,1,0.9999,9.5593
7,decoder,struck up,484249,1,0.9973,5.9144
7,decoder,struck up,484249,1,0.9908,4.6805
7,decoder,struck up,484249,1,0.9999,9.742
7,decoder,struck up,484249,1,0.9998,8.7189
7,decoder,struck up,484249,1,0.9999,9.6701
7,decoder,struck up,484249,1,1.0,10.1253
7,decoder,struck up,484249,1,1.0,10.3518
7,decoder,struck up,484249,1,0.9997,8.2418
7,decoder,covering up,1113220,1,1.0,11.3302
7,decoder,covering up,1113220,1,1.0,16.3001
7,decoder,covering up,1113220,1,1.0,14.3525
7,decoder,covering up,1113220,1,0.9884,4.4412
7,decoder,covering up,1113220,1,0.9998,8.3885
7,decoder,covering up,1113220,1,0.9998,8.776
7,decoder,covering up,1113220,1,1.0,12.6477
7,decoder,covering up,1113220,1,0.999,6.8742
7,decoder,covering up,1113220,1,1.0,15.1043
7,decoder,covering up,1113220,1,0.9924,4.8756
7,decoder,covering up,1113220,1,0.9998,8.3078
7,decoder,covering up,1113220,1,0.9999,9.5918
7,decoder,covering up,1113220,1,1.0,13.9272
7,decoder,covering up,1113220,1,0.9999,8.8884
7,decoder,covering up,1113220,1,1.0,11.3529
7,decoder,covering up,1113220,1,1.0,10.648
7,decoder,covering up,1113220,1,1.0,12.8725
7,decoder,covering up,1113220,1,0.9999,9.2059
7,decoder,covering up,1113220,1,0.9999,9.5721
7,decoder,covering up,1113220,1,0.9995,7.539
7,decoder,fixed up,521589,1,0.9995,7.544
7,decoder,fixed up,521589,1,0.9999,9.2582
7,decoder,fixed up,521589,1,0.997,5.8211
7,decoder,fixed up,521589,1,0.9977,6.0568
7,decoder,fixed up,521589,1,1.0,10.2804
7,decoder,fixed up,521589,1,0.9998,8.6097
7,decoder,fixed up,521589,1,0.9996,7.9295
7,decoder,fixed up,521589,1,0.9986,6.5874
7,decoder,fixed up,521589,1,0.9995,7.5731
7,decoder,fixed up,521589,1,0.9994,7.3597
7,decoder,fixed up,521589,1,0.9997,8.0664
7,decoder,fixed up,521589,1,0.9974,5.9341
7,decoder,fixed up,521589,1,0.9999,9.884
7,decoder,fixed up,521589,1,1.0,12.721
7,decoder,fixed up,521589,1,0.9998,8.5973
7,decoder,fixed up,521589,1,1.0,11.8044
7,decoder,fixed up,521589,1,1.0,11.4706
7,decoder,fixed up,521589,1,0.9999,9.8754
7,decoder,fixed up,521589,1,0.9998,8.4932
7,decoder,fixed up,521589,1,1.0,10.765
7,decoder,free up,3190714,1,1.0,13.6651
7,decoder,free up,3190714,1,1.0,12.4023
7,decoder,free up,3190714,1,1.0,11.014
7,decoder,free up,3190714,1,1.0,13.0775
7,decoder,free up,3190714,1,1.0,13.1268
7,decoder,free up,3190714,1,1.0,14.6438
7,decoder,free up,3190714,1,1.0,12.6799
7,decoder,free up,3190714,1,0.9999,9.8157
7,decoder,free up,3190714,1,1.0,11.2917
7,decoder,free up,3190714,1,1.0,13.77
7,decoder,free up,3190714,1,0.9998,8.6467
7,decoder,free up,3190714,1,0.9998,8.3956
7,decoder,free up,3190714,1,1.0,13.9338
7,decoder,free up,3190714,1,1.0,15.4965
7,decoder,free up,3190714,1,1.0,13.7853
7,decoder,free up,3190714,1,1.0,16.4053
7,decoder,free up,3190714,1,1.0,16.3679
7,decoder,free up,3190714,1,1.0,14.8187
7,decoder,free up,3190714,1,1.0,14.9917
7,decoder,free up,3190714,1,1.0,13.7585
7,decoder,ramped up,1110002,1,0.9997,8.1214
7,decoder,ramped up,1110002,1,1.0,11.5499
7,decoder,ramped up,1110002,1,1.0,11.5313
7,decoder,ramped up,1110002,1,0.9999,9.5701
7,decoder,ramped up,1110002,1,0.9918,4.7996
7,decoder,ramped up,1110002,1,0.9999,9.1912
7,decoder,ramped up,1110002,1,0.9994,7.4202
7,decoder,ramped up,1110002,1,0.9999,9.9024
7,decoder,ramped up,1110002,1,0.9993,7.232
7,decoder,ramped up,1110002,1,0.9996,7.8255
7,decoder,ramped up,1110002,1,0.9846,4.1566
7,decoder,ramped up,1110002,1,0.9995,7.5576
7,decoder,ramped up,1110002,1,0.9998,8.7939
7,decoder,ramped up,1110002,1,0.9999,9.118
7,decoder,ramped up,1110002,1,1.0,15.5826
7,decoder,ramped up,1110002,1,0.9993,7.2745
7,decoder,ramped up,1110002,1,0.9938,5.0846
7,decoder,ramped up,1110002,1,0.9999,8.9365
7,decoder,ramped up,1110002,1,1.0,10.1256
7,decoder,ramped up,1110002,1,1.0,10.1914
7,decoder,warmed up,1842688,1,0.9997,8.1512
7,decoder,warmed up,1842688,1,0.9941,5.1285
7,decoder,warmed up,1842688,1,0.9986,6.5752
7,decoder,warmed up,1842688,1,0.9988,6.7068
7,decoder,warmed up,1842688,1,0.998,6.2312
7,decoder,warmed up,1842688,1,0.9102,2.3156
7,decoder,warmed up,1842688,1,0.9353,2.6706
7,decoder,warmed up,1842688,1,0.9918,4.7995
7,decoder,warmed up,1842688,1,0.9998,8.3866
7,decoder,warmed up,1842688,1,1.0,10.3791
7,decoder,warmed up,1842688,1,0.9992,7.0711
7,decoder,warmed up,1842688,1,0.9989,6.842
7,decoder,warmed up,1842688,1,1.0,10.5457
7,decoder,warmed up,1842688,1,0.9979,6.1647
7,decoder,warmed up,1842688,1,0.976,3.7056
7,decoder,warmed up,1842688,1,0.9621,3.2341
7,decoder,warmed up,1842688,1,0.9751,3.6665
7,decoder,warmed up,1842688,1,0.9976,6.038
7,decoder,warmed up,1842688,1,0.9956,5.4164
7,decoder,warmed up,1842688,1,1.0,11.4282
7,decoder,added up,982400,1,0.9998,8.3703
7,decoder,added up,982400,1,0.9989,6.7684
7,decoder,added up,982400,1,0.9998,8.6741
7,decoder,added up,982400,1,0.9999,9.7693
7,decoder,added up,982400,1,0.9979,6.1725
7,decoder,added up,982400,1,1.0,11.0047
7,decoder,added up,982400,1,0.9984,6.4584
7,decoder,added up,982400,1,1.0,14.6913
7,decoder,added up,982400,1,1.0,10.2747
7,decoder,added up,982400,1,0.9998,8.6923
7,decoder,added up,982400,1,0.9998,8.7629
7,decoder,added up,982400,1,1.0,10.7634
7,decoder,added up,982400,1,0.9999,9.8482
7,decoder,added up,982400,1,0.9991,7.0345
7,decoder,added up,982400,1,1.0,14.4517
7,decoder,added up,982400,1,1.0,15.283
7,decoder,added up,982400,1,1.0,13.561
7,decoder,added up,982400,1,0.9985,6.5193
7,decoder,added up,982400,1,0.9969,5.7661
7,decoder,added up,982400,1,1.0,12.8049
7,decoder,stack up,1488887,1,0.9997,7.9992
7,decoder,stack up,1488887,1,0.997,5.8201
7,decoder,stack up,1488887,1,0.9999,9.3932
7,decoder,stack up,1488887,1,1.0,11.7328
7,decoder,stack up,1488887,1,1.0,11.8925
7,decoder,stack up,1488887,1,0.9963,5.5881
7,decoder,stack up,1488887,1,0.9868,4.3133
7,decoder,stack up,1488887,1,0.9993,7.2662
7,decoder,stack up,1488887,1,0.997,5.8176
7,decoder,stack up,1488887,1,1.0,13.4614
7,decoder,stack up,1488887,1,0.9903,4.6245
7,decoder,stack up,1488887,1,0.9999,9.5123
7,decoder,stack up,1488887,1,0.9971,5.848
7,decoder,stack up,1488887,1,0.9933,4.9935
7,decoder,stack up,1488887,1,0.9998,8.7894
7,decoder,stack up,1488887,1,0.8253,1.5525
7,decoder,stack up,1488887,1,0.9999,9.1089
7,decoder,stack up,1488887,1,0.9217,2.4653
7,decoder,stack up,1488887,1,0.9881,4.419
7,decoder,stack up,1488887,1,0.985,4.1828
7,decoder,living up,1215577,1,1.0,16.473
7,decoder,living up,1215577,1,1.0,13.4472
7,decoder,living up,1215577,1,1.0,13.6927
7,decoder,living up,1215577,1,1.0,12.8358
7,decoder,living up,1215577,1,1.0,12.5349
7,decoder,living up,1215577,1,1.0,14.8684
7,decoder,living up,1215577,1,1.0,11.2777
7,decoder,living up,1215577,1,1.0,17.2087
7,decoder,living up,1215577,1,1.0,14.7407
7,decoder,living up,1215577,1,1.0,14.2269
7,decoder,living up,1215577,1,0.9998,8.5761
7,decoder,living up,1215577,1,1.0,10.7587
7,decoder,living up,1215577,1,1.0,10.8828
7,decoder,living up,1215577,1,1.0,14.6185
7,decoder,living up,1215577,1,1.0,11.6767
7,decoder,living up,1215577,1,1.0,17.3759
7,decoder,living up,1215577,1,1.0,14.6818
7,decoder,living up,1215577,1,1.0,16.1155
7,decoder,living up,1215577,1,1.0,18.3438
7,decoder,living up,1215577,1,1.0,13.5821
7,decoder,write up,2619838,1,0.9998,8.4285
7,decoder,write up,2619838,1,0.9997,8.1043
7,decoder,write up,2619838,1,0.9998,8.5613
7,decoder,write up,2619838,1,1.0,17.3646
7,decoder,write up,2619838,1,1.0,18.5972
7,decoder,write up,2619838,1,1.0,10.6346
7,decoder,write up,2619838,1,0.9999,9.8541
7,decoder,write up,2619838,1,1.0,17.2805
7,decoder,write up,2619838,1,1.0,10.3508
7,decoder,write up,2619838,1,1.0,10.0369
7,decoder,write up,2619838,1,0.9972,5.8894
7,decoder,write up,2619838,1,1.0,11.4805
7,decoder,write up,2619838,1,1.0,13.3082
7,decoder,write up,2619838,1,1.0,12.5123
7,decoder,write up,2619838,1,1.0,12.2196
7,decoder,write up,2619838,1,0.9997,8.0649
7,decoder,write up,2619838,1,1.0,10.0485
7,decoder,write up,2619838,1,1.0,12.5782
7,decoder,write up,2619838,1,1.0,12.8482
7,decoder,write up,2619838,1,0.9997,7.9808
7,decoder,crept up,418323,1,0.9994,7.4447
7,decoder,crept up,418323,1,1.0,12.0151
7,decoder,crept up,418323,1,1.0,10.3213
7,decoder,crept up,418323,1,0.9993,7.3325
7,decoder,crept up,418323,1,0.9982,6.3386
7,decoder,crept up,418323,1,1.0,10.3592
7,decoder,crept up,418323,1,0.9999,9.8164
7,decoder,crept up,418323,1,0.9998,8.3735
7,decoder,crept up,418323,1,0.9964,5.6333
7,decoder,crept up,418323,1,0.9991,7.0598
7,decoder,crept up,418323,1,1.0,12.0271
7,decoder,crept up,418323,1,0.9997,8.1595
7,decoder,crept up,418323,1,0.9943,5.1665
7,decoder,crept up,418323,1,1.0,11.8338
7,decoder,crept up,418323,1,0.9999,9.1166
7,decoder,crept up,418323,1,0.9995,7.5468
7,decoder,crept up,418323,1,0.9973,5.9069
7,decoder,crept up,418323,1,0.953,3.0084
7,decoder,crept up,418323,1,1.0,12.1953
7,decoder,crept up,418323,1,0.9091,2.303
7,decoder,gives up,1515115,1,0.9255,2.5202
7,decoder,gives up,1515115,1,0.9998,8.3365
7,decoder,gives up,1515115,1,0.9782,3.8016
7,decoder,gives up,1515115,1,0.9998,8.7213
7,decoder,gives up,1515115,1,0.9988,6.7153
7,decoder,gives up,1515115,1,0.9998,8.5154
7,decoder,gives up,1515115,1,0.9999,9.3202
7,decoder,gives up,1515115,1,1.0,13.0776
7,decoder,gives up,1515115,1,0.9252,2.5149
7,decoder,gives up,1515115,1,0.9943,5.1531
7,decoder,gives up,1515115,1,0.838,1.6433
7,decoder,gives up,1515115,1,0.9957,5.4499
7,decoder,gives up,1515115,1,0.8294,1.5816
7,decoder,gives up,1515115,1,0.9314,2.6092
7,decoder,gives up,1515115,1,0.9918,4.7977
7,decoder,gives up,1515115,1,0.9999,9.082
7,decoder,gives up,1515115,1,0.9987,6.6278
7,decoder,gives up,1515115,1,0.9997,8.2194
7,decoder,gives up,1515115,1,0.884,2.0313
7,decoder,gives up,1515115,1,0.7513,1.1054
7,decoder,eaten up,360743,1,1.0,15.4062
7,decoder,eaten up,360743,1,0.9998,8.4565
7,decoder,eaten up,360743,1,0.9998,8.6767
7,decoder,eaten up,360743,1,0.9991,6.9842
7,decoder,eaten up,360743,1,0.9968,5.7291
7,decoder,eaten up,360743,1,0.9956,5.4159
7,decoder,eaten up,360743,1,0.9997,8.1024
7,decoder,eaten up,360743,1,0.9518,2.9837
7,decoder,eaten up,360743,1,0.9996,7.8784
7,decoder,eaten up,360743,1,1.0,14.2292
7,decoder,eaten up,360743,1,0.998,6.206
7,decoder,eaten up,360743,1,0.9998,8.5682
7,decoder,eaten up,360743,1,1.0,12.7077
7,decoder,eaten up,360743,1,0.9999,9.753
7,decoder,eaten up,360743,1,1.0,10.4452
7,decoder,eaten up,360743,1,1.0,10.2192
7,decoder,eaten up,360743,1,0.9933,5.0008
7,decoder,eaten up,360743,1,0.9994,7.4939
7,decoder,eaten up,360743,1,1.0,10.315
7,decoder,eaten up,360743,1,0.9998,8.5521
7,decoder,scaling up,919925,1,1.0,13.1634
7,decoder,scaling up,919925,1,1.0,10.2624
7,decoder,scaling up,919925,1,1.0,9.9766
7,decoder,scaling up,919925,1,1.0,11.7003
7,decoder,scaling up,919925,1,1.0,13.1611
7,decoder,scaling up,919925,1,0.9999,9.4808
7,decoder,scaling up,919925,1,0.9997,8.1331
7,decoder,scaling up,919925,1,1.0,11.6027
7,decoder,scaling up,919925,1,0.9758,3.6959
7,decoder,scaling up,919925,1,0.9999,9.6505
7,decoder,scaling up,919925,1,1.0,16.2961
7,decoder,scaling up,919925,1,0.9997,8.0493
7,decoder,scaling up,919925,1,0.9998,8.5566
7,decoder,scaling up,919925,1,0.9999,9.6709
7,decoder,scaling up,919925,1,1.0,10.1355
7,decoder,scaling up,919925,1,1.0,10.4386
7,decoder,scaling up,919925,1,1.0,14.5656
7,decoder,scaling up,919925,1,1.0,12.9029
7,decoder,scaling up,919925,1,1.0,14.0131
7,decoder,scaling up,919925,1,1.0,11.1589
7,decoder,save up,2833460,1,0.9952,5.3392
7,decoder,save up,2833460,1,1.0,13.8403
7,decoder,save up,2833460,1,1.0,10.7423
7,decoder,save up,2833460,1,0.9997,8.066
7,decoder,save up,2833460,1,0.9999,9.6717
7,decoder,save up,2833460,1,1.0,14.8027
7,decoder,save up,2833460,1,0.9999,9.5133
7,decoder,save up,2833460,1,0.9999,9.4225
7,decoder,save up,2833460,1,1.0,16.6666
7,decoder,save up,2833460,1,0.9832,4.0692
7,decoder,save up,2833460,1,1.0,13.451
7,decoder,save up,2833460,1,0.9977,6.0886
7,decoder,save up,2833460,1,1.0,14.0596
7,decoder,save up,2833460,1,1.0,10.3496
7,decoder,save up,2833460,1,1.0,13.4279
7,decoder,save up,2833460,1,0.998,6.1975
7,decoder,save up,2833460,1,1.0,11.3529
7,decoder,save up,2833460,1,0.9997,8.0691
7,decoder,save up,2833460,1,1.0,16.9527
7,decoder,save up,2833460,1,1.0,12.6281
7,decoder,snatched up,313564,1,0.9957,5.4544
7,decoder,snatched up,313564,1,0.9989,6.8037
7,decoder,snatched up,313564,1,1.0,12.625
7,decoder,snatched up,313564,1,0.9991,6.9962
7,decoder,snatched up,313564,1,0.9999,9.5274
7,decoder,snatched up,313564,1,0.9999,9.0999
7,decoder,snatched up,313564,1,0.9993,7.2628
7,decoder,snatched up,313564,1,0.9996,7.8687
7,decoder,snatched up,313564,1,0.9995,7.6998
7,decoder,snatched up,313564,1,1.0,10.6268
7,decoder,snatched up,313564,1,1.0,10.1871
7,decoder,snatched up,313564,1,1.0,13.612
7,decoder,snatched up,313564,1,0.9953,5.3456
7,decoder,snatched up,313564,1,1.0,15.3436
7,decoder,snatched up,313564,1,0.981,3.9438
7,decoder,snatched up,313564,1,1.0,10.3486
7,decoder,snatched up,313564,1,0.9998,8.5973
7,decoder,snatched up,313564,1,1.0,10.2629
7,decoder,snatched up,313564,1,1.0,15.4573
7,decoder,snatched up,313564,1,0.9997,8.2444
7,decoder,gather up,515930,1,0.9987,6.6386
7,decoder,gather up,515930,1,0.9999,9.7511
7,decoder,gather up,515930,1,1.0,14.929
7,decoder,gather up,515930,1,1.0,11.0553
7,decoder,gather up,515930,1,1.0,10.2682
7,decoder,gather up,515930,1,1.0,10.9106
7,decoder,gather up,515930,1,1.0,12.1564
7,decoder,gather up,515930,1,0.9998,8.5485
7,decoder,gather up,515930,1,0.9991,7.0043
7,decoder,gather up,515930,1,1.0,10.4425
7,decoder,gather up,515930,1,0.9999,9.8237
7,decoder,gather up,515930,1,0.9999,9.726
7,decoder,gather up,515930,1,1.0,12.6079
7,decoder,gather up,515930,1,1.0,11.9119
7,decoder,gather up,515930,1,1.0,13.4166
7,decoder,gather up,515930,1,0.887,2.0606
7,decoder,gather up,515930,1,0.9872,4.3416
7,decoder,gather up,515930,1,0.9999,9.3538
7,decoder,gather up,515930,1,1.0,12.9445
7,decoder,gather up,515930,1,0.9988,6.7216
7,decoder,looks up,1403612,1,1.0,13.8517
7,decoder,looks up,1403612,1,1.0,12.5875
7,decoder,looks up,1403612,1,0.9996,7.7144
7,decoder,looks up,1403612,1,1.0,12.2929
7,decoder,looks up,1403612,1,0.9996,7.9208
7,decoder,looks up,1403612,1,0.9999,9.2781
7,decoder,looks up,1403612,1,0.9997,8.2226
7,decoder,looks up,1403612,1,1.0,13.1624
7,decoder,looks up,1403612,1,0.9998,8.6328
7,decoder,looks up,1403612,1,0.9999,9.7695
7,decoder,looks up,1403612,1,1.0,10.664
7,decoder,looks up,1403612,1,0.9996,7.8925
7,decoder,looks up,1403612,1,1.0,18.3542
7,decoder,looks up,1403612,1,1.0,13.8749
7,decoder,looks up,1403612,1,0.9999,9.3068
7,decoder,looks up,1403612,1,1.0,12.6048
7,decoder,looks up,1403612,1,0.9997,8.0808
7,decoder,looks up,1403612,1,0.9992,7.1055
7,decoder,looks up,1403612,1,1.0,16.2964
7,decoder,looks up,1403612,1,1.0,11.1453
7,decoder,offer up,1832685,1,0.9997,8.1721
7,decoder,offer up,1832685,1,0.9998,8.7698
7,decoder,offer up,1832685,1,1.0,11.8814
7,decoder,offer up,1832685,1,0.9999,9.0203
7,decoder,offer up,1832685,1,1.0,13.5607
7,decoder,offer up,1832685,1,1.0,13.6987
7,decoder,offer up,1832685,1,1.0,15.5619
7,decoder,offer up,1832685,1,0.9999,9.1702
7,decoder,offer up,1832685,1,0.9999,9.4729
7,decoder,offer up,1832685,1,0.9993,7.2407
7,decoder,offer up,1832685,1,1.0,13.2984
7,decoder,offer up,1832685,1,0.9978,6.1121
7,decoder,offer up,1832685,1,0.9993,7.3183
7,decoder,offer up,1832685,1,1.0,10.2814
7,decoder,offer up,1832685,1,1.0,12.353
7,decoder,offer up,1832685,1,0.9998,8.474
7,decoder,offer up,1832685,1,1.0,10.0923
7,decoder,offer up,1832685,1,1.0,13.7568
7,decoder,offer up,1832685,1,0.9989,6.8305
7,decoder,offer up,1832685,1,0.9999,9.5472
7,decoder,pushed up,787743,1,0.9987,6.6524
7,decoder,pushed up,787743,1,0.9999,8.9595
7,decoder,pushed up,787743,1,0.9983,6.37
7,decoder,pushed up,787743,1,1.0,10.8041
7,decoder,pushed up,787743,1,1.0,11.4424
7,decoder,pushed up,787743,1,1.0,14.8003
7,decoder,pushed up,787743,1,1.0,11.5484
7,decoder,pushed up,787743,1,0.9753,3.6772
7,decoder,pushed up,787743,1,1.0,12.697
7,decoder,pushed up,787743,1,0.9999,9.1521
7,decoder,pushed up,787743,1,1.0,10.0964
7,decoder,pushed up,787743,1,0.9997,8.2744
7,decoder,pushed up,787743,1,1.0,12.008
7,decoder,pushed up,787743,1,1.0,12.0865
7,decoder,pushed up,787743,1,0.9966,5.6919
7,decoder,pushed up,787743,1,0.9833,4.078
7,decoder,pushed up,787743,1,0.9998,8.4546
7,decoder,pushed up,787743,1,0.9993,7.3021
7,decoder,pushed up,787743,1,0.9992,7.1276
7,decoder,pushed up,787743,1,0.9999,9.2949
7,decoder,stayed up,1057686,1,0.9986,6.5936
7,decoder,stayed up,1057686,1,0.9894,4.533
7,decoder,stayed up,1057686,1,0.9985,6.5153
7,decoder,stayed up,1057686,1,0.9998,8.5321
7,decoder,stayed up,1057686,1,0.9897,4.5609
7,decoder,stayed up,1057686,1,1.0,10.7568
7,decoder,stayed up,1057686,1,1.0,10.1755
7,decoder,stayed up,1057686,1,0.9999,9.4002
7,decoder,stayed up,1057686,1,0.9999,9.2886
7,decoder,stayed up,1057686,1,0.9999,9.295
7,decoder,stayed up,1057686,1,1.0,10.3154
7,decoder,stayed up,1057686,1,0.8044,1.4138
7,decoder,stayed up,1057686,1,0.9998,8.5185
7,decoder,stayed up,1057686,1,0.9997,8.0971
7,decoder,stayed up,1057686,1,1.0,11.6231
7,decoder,stayed up,1057686,1,0.9997,8.0746
7,decoder,stayed up,1057686,1,0.9989,6.8177
7,decoder,stayed up,1057686,1,1.0,12.504
7,decoder,stayed up,1057686,1,0.9936,5.0458
7,decoder,stayed up,1057686,1,0.999,6.8888
7,decoder,folded up,459166,1,0.9995,7.5476
7,decoder,folded up,459166,1,0.9844,4.1469
7,decoder,folded up,459166,1,0.9995,7.6607
7,decoder,folded up,459166,1,0.981,3.942
7,decoder,folded up,459166,1,0.9964,5.6228
7,decoder,folded up,459166,1,0.9999,9.7999
7,decoder,folded up,459166,1,0.9997,8.2031
7,decoder,folded up,459166,1,1.0,12.0561
7,decoder,folded up,459166,1,1.0,11.1797
7,decoder,folded up,459166,1,0.9849,4.175
7,decoder,folded up,459166,1,0.9811,3.9475
7,decoder,folded up,459166,1,0.9944,5.1813
7,decoder,folded up,459166,1,0.9997,8.15
7,decoder,folded up,459166,1,0.9998,8.4797
7,decoder,folded up,459166,1,0.9997,8.2563
7,decoder,folded up,459166,1,0.9974,5.9576
7,decoder,folded up,459166,1,0.8967,2.1616
7,decoder,folded up,459166,1,0.9991,7.0677
7,decoder,folded up,459166,1,1.0,10.8124
7,decoder,folded up,459166,1,0.9994,7.4253
7,decoder,head up,2673025,1,1.0,14.0513
7,decoder,head up,2673025,1,1.0,12.8786
7,decoder,head up,2673025,1,1.0,18.1086
7,decoder,head up,2673025,1,1.0,15.7603
7,decoder,head up,2673025,1,1.0,13.5966
7,decoder,head up,2673025,1,1.0,11.6159
7,decoder,head up,2673025,1,1.0,10.5177
7,decoder,head up,2673025,1,0.9998,8.2957
7,decoder,head up,2673025,1,1.0,15.0068
7,decoder,head up,2673025,1,0.9999,9.4418
7,decoder,head up,2673025,1,1.0,15.6337
7,decoder,head up,2673025,1,1.0,11.09
7,decoder,head up,2673025,1,1.0,14.2396
7,decoder,head up,2673025,1,1.0,16.794
7,decoder,head up,2673025,1,1.0,10.8766
7,decoder,head up,2673025,1,1.0,10.1925
7,decoder,head up,2673025,1,1.0,13.734
7,decoder,head up,2673025,1,1.0,14.6935
7,decoder,head up,2673025,1,1.0,12.5436
7,decoder,head up,2673025,1,1.0,10.4078
7,decoder,know up,246248,1,1.0,16.9006
7,decoder,know up,246248,1,1.0,11.9867
7,decoder,know up,246248,1,1.0,16.1669
7,decoder,know up,246248,1,0.9997,8.1458
7,decoder,know up,246248,1,1.0,12.8832
7,decoder,know up,246248,1,1.0,13.6707
7,decoder,know up,246248,1,1.0,16.0066
7,decoder,know up,246248,1,1.0,11.8247
7,decoder,know up,246248,1,1.0,10.3438
7,decoder,know up,246248,1,1.0,12.0759
7,decoder,know up,246248,1,1.0,9.9392
7,decoder,know up,246248,1,1.0,11.0294
7,decoder,know up,246248,1,1.0,12.9973
7,decoder,know up,246248,1,1.0,17.1487
7,decoder,know up,246248,1,1.0,16.1036
7,decoder,know up,246248,1,1.0,12.4092
7,decoder,know up,246248,1,1.0,14.253
7,decoder,know up,246248,1,1.0,10.5145
7,decoder,know up,246248,1,1.0,14.0052
7,decoder,know up,246248,1,1.0,13.7281
7,decoder,driving up,1079440,1,1.0,18.9638
7,decoder,driving up,1079440,1,1.0,11.5273
7,decoder,driving up,1079440,1,1.0,16.9589
7,decoder,driving up,1079440,1,1.0,13.4606
7,decoder,driving up,1079440,1,1.0,13.883
7,decoder,driving up,1079440,1,1.0,14.4266
7,decoder,driving up,1079440,1,0.9994,7.413
7,decoder,driving up,1079440,1,1.0,11.7929
7,decoder,driving up,1079440,1,1.0,15.384
7,decoder,driving up,1079440,1,1.0,11.3011
7,decoder,driving up,1079440,1,1.0,12.3482
7,decoder,driving up,1079440,1,1.0,14.0467
7,decoder,driving up,1079440,1,1.0,14.1523
7,decoder,driving up,1079440,1,1.0,13.6968
7,decoder,driving up,1079440,1,1.0,15.0444
7,decoder,driving up,1079440,1,1.0,16.2665
7,decoder,driving up,1079440,1,1.0,16.5744
7,decoder,driving up,1079440,1,1.0,18.2902
7,decoder,driving up,1079440,1,1.0,17.2084
7,decoder,driving up,1079440,1,1.0,14.3096
7,decoder,mix up,1485450,1,0.9997,8.2514
7,decoder,mix up,1485450,1,1.0,12.0998
7,decoder,mix up,1485450,1,0.9999,9.5564
7,decoder,mix up,1485450,1,1.0,14.4127
7,decoder,mix up,1485450,1,1.0,12.3241
7,decoder,mix up,1485450,1,1.0,11.9227
7,decoder,mix up,1485450,1,1.0,14.3204
7,decoder,mix up,1485450,1,1.0,11.3912
7,decoder,mix up,1485450,1,1.0,13.3006
7,decoder,mix up,1485450,1,1.0,13.319
7,decoder,mix up,1485450,1,1.0,17.522
7,decoder,mix up,1485450,1,1.0,15.3262
7,decoder,mix up,1485450,1,1.0,14.4967
7,decoder,mix up,1485450,1,0.9993,7.2128
7,decoder,mix up,1485450,1,1.0,9.9046
7,decoder,mix up,1485450,1,1.0,10.9956
7,decoder,mix up,1485450,1,0.9998,8.4975
7,decoder,mix up,1485450,1,0.9997,8.1308
7,decoder,mix up,1485450,1,1.0,11.2265
7,decoder,mix up,1485450,1,1.0,12.6366
7,decoder,digging up,673036,1,1.0,13.6221
7,decoder,digging up,673036,1,1.0,10.9555
7,decoder,digging up,673036,1,1.0,14.3363
7,decoder,digging up,673036,1,1.0,15.2513
7,decoder,digging up,673036,1,0.9934,5.0176
7,decoder,digging up,673036,1,1.0,13.9413
7,decoder,digging up,673036,1,1.0,12.1007
7,decoder,digging up,673036,1,0.9999,9.7021
7,decoder,digging up,673036,1,1.0,11.108
7,decoder,digging up,673036,1,0.9991,7.0235
7,decoder,digging up,673036,1,0.9999,9.2614
7,decoder,digging up,673036,1,0.9998,8.643
7,decoder,digging up,673036,1,1.0,13.605
7,decoder,digging up,673036,1,1.0,10.7767
7,decoder,digging up,673036,1,0.9999,8.8903
7,decoder,digging up,673036,1,1.0,12.5728
7,decoder,digging up,673036,1,0.9998,8.6319
7,decoder,digging up,673036,1,1.0,11.2242
7,decoder,digging up,673036,1,1.0,14.2115
7,decoder,digging up,673036,1,1.0,12.4263
7,decoder,face up,1785233,1,1.0,11.7521
7,decoder,face up,1785233,1,0.9982,6.303
7,decoder,face up,1785233,1,1.0,18.6731
7,decoder,face up,1785233,1,0.9996,7.9495
7,decoder,face up,1785233,1,0.9999,8.8068
7,decoder,face up,1785233,1,1.0,14.7745
7,decoder,face up,1785233,1,0.9866,4.2982
7,decoder,face up,1785233,1,0.9999,9.0641
7,decoder,face up,1785233,1,1.0,15.1347
7,decoder,face up,1785233,1,1.0,13.0556
7,decoder,face up,1785233,1,0.9994,7.4724
7,decoder,face up,1785233,1,0.9646,3.3063
7,decoder,face up,1785233,1,1.0,14.5125
7,decoder,face up,1785233,1,1.0,14.8583
7,decoder,face up,1785233,1,1.0,11.1251
7,decoder,face up,1785233,1,1.0,12.7872
7,decoder,face up,1785233,1,1.0,15.5604
7,decoder,face up,1785233,1,0.9984,6.4245
7,decoder,face up,1785233,1,0.9999,8.9829
7,decoder,face up,1785233,1,0.9996,7.9316
7,decoder,fix up,640553,1,1.0,13.8232
7,decoder,fix up,640553,1,1.0,16.3174
7,decoder,fix up,640553,1,1.0,10.0913
7,decoder,fix up,640553,1,1.0,11.1774
7,decoder,fix up,640553,1,1.0,11.3067
7,decoder,fix up,640553,1,1.0,10.0185
7,decoder,fix up,640553,1,1.0,11.5816
7,decoder,fix up,640553,1,0.9998,8.5559
7,decoder,fix up,640553,1,1.0,14.6158
7,decoder,fix up,640553,1,0.9999,9.5683
7,decoder,fix up,640553,1,1.0,12.5585
7,decoder,fix up,640553,1,0.9987,6.6096
7,decoder,fix up,640553,1,0.9997,8.1269
7,decoder,fix up,640553,1,1.0,10.7237
7,decoder,fix up,640553,1,1.0,11.83
7,decoder,fix up,640553,1,1.0,11.4213
7,decoder,fix up,640553,1,1.0,11.99
7,decoder,fix up,640553,1,1.0,14.4152
7,decoder,fix up,640553,1,0.9992,7.1392
7,decoder,fix up,640553,1,0.9999,8.8497
7,decoder,rushed up,244779,1,1.0,13.285
7,decoder,rushed up,244779,1,1.0,13.273
7,decoder,rushed up,244779,1,1.0,14.2503
7,decoder,rushed up,244779,1,1.0,14.8037
7,decoder,rushed up,244779,1,0.9998,8.3009
7,decoder,rushed up,244779,1,0.9999,9.4149
7,decoder,rushed up,244779,1,0.9994,7.3511
7,decoder,rushed up,244779,1,0.9995,7.5825
7,decoder,rushed up,244779,1,1.0,10.338
7,decoder,rushed up,244779,1,1.0,15.5302
7,decoder,rushed up,244779,1,0.9782,3.8046
7,decoder,rushed up,244779,1,1.0,11.3932
7,decoder,rushed up,244779,1,0.9999,8.9486
7,decoder,rushed up,244779,1,1.0,13.0402
7,decoder,rushed up,244779,1,0.9973,5.9232
7,decoder,rushed up,244779,1,0.9999,9.4287
7,decoder,rushed up,244779,1,0.9997,8.1294
7,decoder,rushed up,244779,1,1.0,14.8761
7,decoder,rushed up,244779,1,1.0,14.5694
7,decoder,rushed up,244779,1,0.9996,7.8817
7,decoder,dry up,1154783,1,0.9992,7.1924
7,decoder,dry up,1154783,1,0.9989,6.8324
7,decoder,dry up,1154783,1,0.964,3.2871
7,decoder,dry up,1154783,1,0.9899,4.5889
7,decoder,dry up,1154783,1,0.9987,6.653
7,decoder,dry up,1154783,1,0.9993,7.2003
7,decoder,dry up,1154783,1,0.9999,9.2698
7,decoder,dry up,1154783,1,0.9885,4.4502
7,decoder,dry up,1154783,1,0.8436,1.6849
7,decoder,dry up,1154783,1,0.9999,9.2283
7,decoder,dry up,1154783,1,0.999,6.8969
7,decoder,dry up,1154783,1,0.9988,6.7022
7,decoder,dry up,1154783,1,0.9999,8.9332
7,decoder,dry up,1154783,1,0.843,1.6811
7,decoder,dry up,1154783,1,0.9912,4.7186
7,decoder,dry up,1154783,1,0.9992,7.1744
7,decoder,dry up,1154783,1,0.9991,6.9915
7,decoder,dry up,1154783,1,0.9999,9.1428
7,decoder,dry up,1154783,1,1.0,10.5564
7,decoder,dry up,1154783,1,1.0,11.3034
7,decoder,cooped up,522210,1,0.9999,8.8771
7,decoder,cooped up,522210,1,0.9993,7.3152
7,decoder,cooped up,522210,1,0.9985,6.5092
7,decoder,cooped up,522210,1,0.9981,6.2648
7,decoder,cooped up,522210,1,0.9972,5.8717
7,decoder,cooped up,522210,1,1.0,10.4884
7,decoder,cooped up,522210,1,1.0,10.485
7,decoder,cooped up,522210,1,1.0,10.8982
7,decoder,cooped up,522210,1,1.0,12.8418
7,decoder,cooped up,522210,1,0.999,6.9037
7,decoder,cooped up,522210,1,1.0,13.1921
7,decoder,cooped up,522210,1,0.9993,7.3059
7,decoder,cooped up,522210,1,0.9999,9.3584
7,decoder,cooped up,522210,1,1.0,12.9465
7,decoder,cooped up,522210,1,1.0,14.0483
7,decoder,cooped up,522210,1,0.9999,8.8736
7,decoder,cooped up,522210,1,1.0,13.8968
7,decoder,cooped up,522210,1,0.9957,5.4504
7,decoder,cooped up,522210,1,0.9999,9.5042
7,decoder,cooped up,522210,1,0.9999,9.0518
7,decoder,drawing up,838459,1,1.0,12.8826
7,decoder,drawing up,838459,1,1.0,11.8447
7,decoder,drawing up,838459,1,1.0,12.4369
7,decoder,drawing up,838459,1,0.9999,8.8142
7,decoder,drawing up,838459,1,1.0,13.4692
7,decoder,drawing up,838459,1,0.9996,7.7287
7,decoder,drawing up,838459,1,1.0,13.4895
7,decoder,drawing up,838459,1,0.9998,8.5767
7,decoder,drawing up,838459,1,1.0,13.2925
7,decoder,drawing up,838459,1,1.0,14.2912
7,decoder,drawing up,838459,1,0.9999,9.7281
7,decoder,drawing up,838459,1,0.9921,4.836
7,decoder,drawing up,838459,1,0.9999,9.775
7,decoder,drawing up,838459,1,0.9999,9.7163
7,decoder,drawing up,838459,1,0.9997,8.1989
7,decoder,drawing up,838459,1,0.9999,9.0652
7,decoder,drawing up,838459,1,0.9999,9.8578
7,decoder,drawing up,838459,1,1.0,12.5475
7,decoder,drawing up,838459,1,0.9999,9.2044
7,decoder,drawing up,838459,1,1.0,11.3578
7,decoder,buy up,709063,1,1.0,13.2058
7,decoder,buy up,709063,1,1.0,12.8521
7,decoder,buy up,709063,1,1.0,15.1786
7,decoder,buy up,709063,1,1.0,11.4148
7,decoder,buy up,709063,1,0.9999,9.0804
7,decoder,buy up,709063,1,1.0,13.8861
7,decoder,buy up,709063,1,1.0,14.0305
7,decoder,buy up,709063,1,1.0,16.3107
7,decoder,buy up,709063,1,1.0,16.0463
7,decoder,buy up,709063,1,1.0,10.6986
7,decoder,buy up,709063,1,1.0,10.3635
7,decoder,buy up,709063,1,0.9997,8.1049
7,decoder,buy up,709063,1,1.0,15.4774
7,decoder,buy up,709063,1,0.9998,8.6665
7,decoder,buy up,709063,1,1.0,10.8416
7,decoder,buy up,709063,1,1.0,12.9754
7,decoder,buy up,709063,1,0.9998,8.7943
7,decoder,buy up,709063,1,1.0,14.6846
7,decoder,buy up,709063,1,1.0,13.182
7,decoder,buy up,709063,1,1.0,11.6142
7,decoder,gathering up,204294,1,1.0,10.1898
7,decoder,gathering up,204294,1,0.9993,7.2261
7,decoder,gathering up,204294,1,1.0,11.0613
7,decoder,gathering up,204294,1,1.0,10.1335
7,decoder,gathering up,204294,1,0.9997,8.0645
7,decoder,gathering up,204294,1,0.9999,8.9016
7,decoder,gathering up,204294,1,0.9994,7.4939
7,decoder,gathering up,204294,1,1.0,10.9282
7,decoder,gathering up,204294,1,0.9998,8.486
7,decoder,gathering up,204294,1,0.9993,7.3026
7,decoder,gathering up,204294,1,0.9974,5.9638
7,decoder,gathering up,204294,1,0.9999,8.8633
7,decoder,gathering up,204294,1,1.0,10.2828
7,decoder,gathering up,204294,1,0.9999,9.033
7,decoder,gathering up,204294,1,1.0,11.6284
7,decoder,gathering up,204294,1,1.0,10.0623
7,decoder,gathering up,204294,1,1.0,12.2263
7,decoder,gathering up,204294,1,1.0,12.536
7,decoder,gathering up,204294,1,1.0,15.281
7,decoder,gathering up,204294,1,1.0,14.1692
7,decoder,buying up,635091,1,0.998,6.2163
7,decoder,buying up,635091,1,1.0,16.8065
7,decoder,buying up,635091,1,1.0,10.1934
7,decoder,buying up,635091,1,1.0,14.6573
7,decoder,buying up,635091,1,1.0,13.2999
7,decoder,buying up,635091,1,1.0,13.1702
7,decoder,buying up,635091,1,1.0,14.4395
7,decoder,buying up,635091,1,0.9999,9.3047
7,decoder,buying up,635091,1,1.0,15.9751
7,decoder,buying up,635091,1,1.0,10.6403
7,decoder,buying up,635091,1,0.9999,9.3627
7,decoder,buying up,635091,1,1.0,17.2218
7,decoder,buying up,635091,1,0.9977,6.059
7,decoder,buying up,635091,1,1.0,12.4117
7,decoder,buying up,635091,1,1.0,15.0213
7,decoder,buying up,635091,1,1.0,10.6314
7,decoder,buying up,635091,1,1.0,13.7116
7,decoder,buying up,635091,1,0.9999,9.2523
7,decoder,buying up,635091,1,1.0,12.2527
7,decoder,buying up,635091,1,1.0,12.7027
7,decoder,spinning up,165892,1,1.0,10.2005
7,decoder,spinning up,165892,1,1.0,10.1629
7,decoder,spinning up,165892,1,1.0,10.5111
7,decoder,spinning up,165892,1,0.9998,8.6636
7,decoder,spinning up,165892,1,1.0,12.0508
7,decoder,spinning up,165892,1,1.0,14.883
7,decoder,spinning up,165892,1,0.9999,9.0474
7,decoder,spinning up,165892,1,0.9999,9.3443
7,decoder,spinning up,165892,1,1.0,11.5853
7,decoder,spinning up,165892,1,1.0,12.3996
7,decoder,spinning up,165892,1,1.0,13.3855
7,decoder,spinning up,165892,1,1.0,11.6193
7,decoder,spinning up,165892,1,0.9999,8.8254
7,decoder,spinning up,165892,1,1.0,13.1193
7,decoder,spinning up,165892,1,1.0,13.6307
7,decoder,spinning up,165892,1,0.9998,8.5933
7,decoder,spinning up,165892,1,1.0,13.3712
7,decoder,spinning up,165892,1,1.0,10.977
7,decoder,spinning up,165892,1,1.0,12.6138
7,decoder,spinning up,165892,1,1.0,12.9447
7,decoder,backing up,2175570,1,1.0,11.5498
7,decoder,backing up,2175570,1,1.0,11.1232
7,decoder,backing up,2175570,1,0.9998,8.3745
7,decoder,backing up,2175570,1,1.0,12.0421
7,decoder,backing up,2175570,1,1.0,12.4881
7,decoder,backing up,2175570,1,0.9978,6.0962
7,decoder,backing up,2175570,1,0.9993,7.2695
7,decoder,backing up,2175570,1,0.9999,8.9956
7,decoder,backing up,2175570,1,0.9954,5.3843
7,decoder,backing up,2175570,1,0.9998,8.4642
7,decoder,backing up,2175570,1,1.0,16.0808
7,decoder,backing up,2175570,1,1.0,10.8358
7,decoder,backing up,2175570,1,0.9998,8.3427
7,decoder,backing up,2175570,1,0.9916,4.7673
7,decoder,backing up,2175570,1,0.9701,3.4798
7,decoder,backing up,2175570,1,0.9995,7.6598
7,decoder,backing up,2175570,1,1.0,14.7105
7,decoder,backing up,2175570,1,0.9998,8.4619
7,decoder,backing up,2175570,1,0.9999,9.2594
7,decoder,backing up,2175570,1,0.9987,6.6684
7,decoder,creeping up,548967,1,1.0,12.1428
7,decoder,creeping up,548967,1,1.0,10.8432
7,decoder,creeping up,548967,1,0.9999,9.6172
7,decoder,creeping up,548967,1,1.0,10.5617
7,decoder,creeping up,548967,1,0.9998,8.4459
7,decoder,creeping up,548967,1,1.0,11.2339
7,decoder,creeping up,548967,1,1.0,10.8388
7,decoder,creeping up,548967,1,0.9994,7.3851
7,decoder,creeping up,548967,1,0.9977,6.0853
7,decoder,creeping up,548967,1,0.9986,6.5607
7,decoder,creeping up,548967,1,0.999,6.8744
7,decoder,creeping up,548967,1,0.9999,9.4824
7,decoder,creeping up,548967,1,1.0,11.4039
7,decoder,creeping up,548967,1,0.9994,7.3924
7,decoder,creeping up,548967,1,1.0,14.0462
7,decoder,creeping up,548967,1,0.9982,6.3391
7,decoder,creeping up,548967,1,0.9998,8.3618
7,decoder,creeping up,548967,1,0.9998,8.7752
7,decoder,creeping up,548967,1,1.0,10.7075
7,decoder,creeping up,548967,1,0.9986,6.5412
7,decoder,tie up,1177216,1,1.0,12.1884
7,decoder,tie up,1177216,1,1.0,10.2411
7,decoder,tie up,1177216,1,0.9998,8.768
7,decoder,tie up,1177216,1,0.9999,9.7863
7,decoder,tie up,1177216,1,0.9999,9.805
7,decoder,tie up,1177216,1,0.9999,9.4828
7,decoder,tie up,1177216,1,0.9928,4.9245
7,decoder,tie up,1177216,1,1.0,10.4437
7,decoder,tie up,1177216,1,0.9999,8.8246
7,decoder,tie up,1177216,1,1.0,11.2848
7,decoder,tie up,1177216,1,1.0,10.7694
7,decoder,tie up,1177216,1,0.9929,4.934
7,decoder,tie up,1177216,1,1.0,10.9843
7,decoder,tie up,1177216,1,0.9998,8.7054
7,decoder,tie up,1177216,1,0.9895,4.5415
7,decoder,tie up,1177216,1,0.9969,5.7621
7,decoder,tie up,1177216,1,1.0,11.6096
7,decoder,tie up,1177216,1,1.0,10.2891
7,decoder,tie up,1177216,1,0.9993,7.3366
7,decoder,tie up,1177216,1,0.9999,9.597
7,decoder,loaded up,1227104,1,0.9983,6.3641
7,decoder,loaded up,1227104,1,1.0,9.9388
7,decoder,loaded up,1227104,1,1.0,10.5734
7,decoder,loaded up,1227104,1,1.0,14.6743
7,decoder,loaded up,1227104,1,1.0,9.9471
7,decoder,loaded up,1227104,1,1.0,15.4097
7,decoder,loaded up,1227104,1,1.0,13.2423
7,decoder,loaded up,1227104,1,0.9969,5.7653
7,decoder,loaded up,1227104,1,1.0,17.7296
7,decoder,loaded up,1227104,1,0.9987,6.6185
7,decoder,loaded up,1227104,1,1.0,10.6497
7,decoder,loaded up,1227104,1,0.9999,9.1884
7,decoder,loaded up,1227104,1,0.9999,9.7246
7,decoder,loaded up,1227104,1,0.9983,6.3788
7,decoder,loaded up,1227104,1,0.9991,7.0074
7,decoder,loaded up,1227104,1,0.9805,3.919
7,decoder,loaded up,1227104,1,1.0,9.9442
7,decoder,loaded up,1227104,1,0.9999,9.8638
7,decoder,loaded up,1227104,1,0.9999,8.867
7,decoder,loaded up,1227104,1,0.9999,9.6582
7,decoder,hanging up,797685,1,0.9999,9.1012
7,decoder,hanging up,797685,1,0.9999,8.9724
7,decoder,hanging up,797685,1,0.9993,7.2933
7,decoder,hanging up,797685,1,0.9999,9.5972
7,decoder,hanging up,797685,1,0.9999,9.665
7,decoder,hanging up,797685,1,0.9893,4.5257
7,decoder,hanging up,797685,1,0.9981,6.2843
7,decoder,hanging up,797685,1,0.9941,5.1232
7,decoder,hanging up,797685,1,0.8302,1.5874
7,decoder,hanging up,797685,1,0.9952,5.3283
7,decoder,hanging up,797685,1,1.0,9.9703
7,decoder,hanging up,797685,1,0.9999,9.1759
7,decoder,hanging up,797685,1,0.9996,7.8521
7,decoder,hanging up,797685,1,0.551,0.2047
7,decoder,hanging up,797685,1,0.9999,9.5599
7,decoder,hanging up,797685,1,0.9338,2.6466
7,decoder,hanging up,797685,1,0.995,5.3004
7,decoder,hanging up,797685,1,0.9854,4.2115
7,decoder,hanging up,797685,1,0.9994,7.451
7,decoder,hanging up,797685,1,0.9882,4.4269
7,decoder,fitted up,91482,1,0.9996,7.7821
7,decoder,fitted up,91482,1,1.0,12.083
7,decoder,fitted up,91482,1,1.0,10.3211
7,decoder,fitted up,91482,1,0.9999,9.4299
7,decoder,fitted up,91482,1,1.0,10.4701
7,decoder,fitted up,91482,1,0.9998,8.4554
7,decoder,fitted up,91482,1,1.0,10.1751
7,decoder,fitted up,91482,1,0.9999,9.7319
7,decoder,fitted up,91482,1,0.996,5.524
7,decoder,fitted up,91482,1,1.0,10.8197
7,decoder,fitted up,91482,1,0.9999,9.5361
7,decoder,fitted up,91482,1,0.9998,8.7135
7,decoder,fitted up,91482,1,1.0,10.5759
7,decoder,fitted up,91482,1,0.9999,9.1698
7,decoder,fitted up,91482,1,1.0,10.1175
7,decoder,fitted up,91482,1,1.0,11.0972
7,decoder,fitted up,91482,1,0.9997,8.0728
7,decoder,fitted up,91482,1,1.0,12.3287
7,decoder,fitted up,91482,1,1.0,10.3366
7,decoder,fitted up,91482,1,1.0,11.6611
7,decoder,raise up,682562,1,1.0,13.283
7,decoder,raise up,682562,1,1.0,13.0471
7,decoder,raise up,682562,1,0.9996,7.9325
7,decoder,raise up,682562,1,1.0,12.6315
7,decoder,raise up,682562,1,1.0,12.9035
7,decoder,raise up,682562,1,1.0,11.9781
7,decoder,raise up,682562,1,1.0,12.2265
7,decoder,raise up,682562,1,1.0,12.5163
7,decoder,raise up,682562,1,1.0,11.6294
7,decoder,raise up,682562,1,1.0,10.7369
7,decoder,raise up,682562,1,1.0,16.2986
7,decoder,raise up,682562,1,1.0,11.3888
7,decoder,raise up,682562,1,1.0,11.5024
7,decoder,raise up,682562,1,1.0,9.9331
7,decoder,raise up,682562,1,0.9994,7.4667
7,decoder,raise up,682562,1,0.9999,9.2219
7,decoder,raise up,682562,1,1.0,13.5449
7,decoder,raise up,682562,1,1.0,16.2708
7,decoder,raise up,682562,1,0.997,5.8087
7,decoder,raise up,682562,1,0.9983,6.3771
7,decoder,hit up,1295365,1,0.9963,5.592
7,decoder,hit up,1295365,1,0.9999,9.7938
7,decoder,hit up,1295365,1,0.99,4.5913
7,decoder,hit up,1295365,1,0.9998,8.6567
7,decoder,hit up,1295365,1,0.9677,3.3995
7,decoder,hit up,1295365,1,0.9998,8.7966
7,decoder,hit up,1295365,1,1.0,11.6948
7,decoder,hit up,1295365,1,1.0,13.1731
7,decoder,hit up,1295365,1,1.0,11.1892
7,decoder,hit up,1295365,1,1.0,13.1532
7,decoder,hit up,1295365,1,1.0,10.1819
7,decoder,hit up,1295365,1,1.0,11.0022
7,decoder,hit up,1295365,1,1.0,16.4984
7,decoder,hit up,1295365,1,0.9999,9.361
7,decoder,hit up,1295365,1,1.0,13.2847
7,decoder,hit up,1295365,1,1.0,12.3353
7,decoder,hit up,1295365,1,0.9615,3.2172
7,decoder,hit up,1295365,1,1.0,11.4762
7,decoder,hit up,1295365,1,0.9985,6.5027
7,decoder,hit up,1295365,1,1.0,14.9442
7,decoder,tangled up,528801,0,0.3281,-0.7167
7,decoder,tangled up,528801,1,0.9883,4.4384
7,decoder,tangled up,528801,1,0.5424,0.17
7,decoder,tangled up,528801,1,0.9987,6.679
7,decoder,tangled up,528801,1,0.9996,7.8414
7,decoder,tangled up,528801,1,0.9986,6.6049
7,decoder,tangled up,528801,1,0.9776,3.7766
7,decoder,tangled up,528801,1,0.9304,2.5932
7,decoder,tangled up,528801,1,0.9805,3.9185
7,decoder,tangled up,528801,1,1.0,17.8438
7,decoder,tangled up,528801,1,0.998,6.2233
7,decoder,tangled up,528801,1,0.9292,2.5747
7,decoder,tangled up,528801,1,0.9849,4.1769
7,decoder,tangled up,528801,1,0.9932,4.9869
7,decoder,tangled up,528801,1,0.998,6.2036
7,decoder,tangled up,528801,1,0.9914,4.7442
7,decoder,tangled up,528801,1,0.9653,3.3259
7,decoder,tangled up,528801,1,0.9779,3.7882
7,decoder,tangled up,528801,1,0.977,3.7483
7,decoder,tangled up,528801,1,0.9574,3.112
7,decoder,tear up,923108,1,1.0,11.1085
7,decoder,tear up,923108,1,0.9998,8.7277
7,decoder,tear up,923108,1,0.9911,4.7164
7,decoder,tear up,923108,1,1.0,11.5777
7,decoder,tear up,923108,1,0.9999,9.4659
7,decoder,tear up,923108,1,0.9923,4.8614
7,decoder,tear up,923108,1,0.9774,3.7652
7,decoder,tear up,923108,1,1.0,10.6984
7,decoder,tear up,923108,1,1.0,12.4465
7,decoder,tear up,923108,1,1.0,10.4655
7,decoder,tear up,923108,1,0.9928,4.9234
7,decoder,tear up,923108,1,0.9962,5.5641
7,decoder,tear up,923108,1,0.9992,7.1364
7,decoder,tear up,923108,1,0.9967,5.7245
7,decoder,tear up,923108,1,0.9998,8.703
7,decoder,tear up,923108,1,0.8997,2.1936
7,decoder,tear up,923108,1,1.0,11.4963
7,decoder,tear up,923108,1,1.0,12.2727
7,decoder,tear up,923108,1,0.9983,6.3853
7,decoder,tear up,923108,1,0.9997,8.2126
7,decoder,straightened up,213310,1,0.9936,5.0384
7,decoder,straightened up,213310,1,1.0,11.9359
7,decoder,straightened up,213310,1,0.6042,0.4231
7,decoder,straightened up,213310,1,0.9999,9.1408
7,decoder,straightened up,213310,1,0.6365,0.5603
7,decoder,straightened up,213310,0,0.4455,-0.219
7,decoder,straightened up,213310,1,0.9994,7.4867
7,decoder,straightened up,213310,1,1.0,14.308
7,decoder,straightened up,213310,1,0.9344,2.6561
7,decoder,straightened up,213310,1,0.9769,3.7427
7,decoder,straightened up,213310,1,0.9992,7.092
7,decoder,straightened up,213310,1,1.0,9.957
7,decoder,straightened up,213310,1,0.9995,7.5858
7,decoder,straightened up,213310,1,0.9999,9.6514
7,decoder,straightened up,213310,1,0.9981,6.2411
7,decoder,straightened up,213310,1,1.0,10.078
7,decoder,straightened up,213310,1,0.9986,6.5845
7,decoder,straightened up,213310,1,0.9959,5.4992
7,decoder,straightened up,213310,1,0.9999,9.0086
7,decoder,straightened up,213310,1,0.988,4.4087
7,decoder,torn up,469075,1,0.9951,5.3221
7,decoder,torn up,469075,1,0.735,1.0204
7,decoder,torn up,469075,1,0.9917,4.7798
7,decoder,torn up,469075,1,0.9637,3.2779
7,decoder,torn up,469075,1,0.9985,6.5329
7,decoder,torn up,469075,1,1.0,14.614
7,decoder,torn up,469075,1,1.0,10.5591
7,decoder,torn up,469075,1,1.0,11.1557
7,decoder,torn up,469075,1,1.0,10.1205
7,decoder,torn up,469075,1,0.9959,5.4861
7,decoder,torn up,469075,1,0.9996,7.7486
7,decoder,torn up,469075,1,0.9516,2.9778
7,decoder,torn up,469075,1,0.9999,9.9011
7,decoder,torn up,469075,1,1.0,10.6198
7,decoder,torn up,469075,1,0.9841,4.1244
7,decoder,torn up,469075,1,0.9934,5.0122
7,decoder,torn up,469075,1,1.0,11.5043
7,decoder,torn up,469075,1,0.9863,4.2735
7,decoder,torn up,469075,1,0.999,6.8767
7,decoder,torn up,469075,1,0.9678,3.4034
7,decoder,spun up,175789,1,1.0,18.1501
7,decoder,spun up,175789,1,1.0,12.9358
7,decoder,spun up,175789,1,1.0,11.5289
7,decoder,spun up,175789,1,0.9995,7.5396
7,decoder,spun up,175789,1,1.0,13.6725
7,decoder,spun up,175789,1,0.9995,7.6888
7,decoder,spun up,175789,1,1.0,10.1547
7,decoder,spun up,175789,1,0.9997,8.1169
7,decoder,spun up,175789,1,0.9947,5.2282
7,decoder,spun up,175789,1,1.0,11.1275
7,decoder,spun up,175789,1,0.9998,8.4329
7,decoder,spun up,175789,1,1.0,12.21
7,decoder,spun up,175789,1,1.0,10.4801
7,decoder,spun up,175789,1,0.9996,7.716
7,decoder,spun up,175789,1,1.0,10.4607
7,decoder,spun up,175789,1,1.0,11.8063
7,decoder,spun up,175789,1,0.9997,7.9685
7,decoder,spun up,175789,1,0.9996,7.7181
7,decoder,spun up,175789,1,1.0,15.8724
7,decoder,spun up,175789,1,1.0,14.9341
7,decoder,leaped up,83638,1,1.0,13.7126
7,decoder,leaped up,83638,1,0.9999,9.511
7,decoder,leaped up,83638,1,1.0,10.0124
7,decoder,leaped up,83638,1,0.9999,8.8871
7,decoder,leaped up,83638,1,1.0,11.5162
7,decoder,leaped up,83638,1,0.996,5.5241
7,decoder,leaped up,83638,1,1.0,12.3242
7,decoder,leaped up,83638,1,0.9995,7.609
7,decoder,leaped up,83638,1,0.9969,5.766
7,decoder,leaped up,83638,1,0.9957,5.4403
7,decoder,leaped up,83638,1,0.9994,7.3553
7,decoder,leaped up,83638,1,0.9999,9.8117
7,decoder,leaped up,83638,1,0.9154,2.3813
7,decoder,leaped up,83638,1,1.0,12.9179
7,decoder,leaped up,83638,1,1.0,10.6684
7,decoder,leaped up,83638,1,0.9997,8.1145
7,decoder,leaped up,83638,1,0.9997,7.9954
7,decoder,leaped up,83638,1,1.0,11.0961
7,decoder,leaped up,83638,1,0.9994,7.4654
7,decoder,leaped up,83638,1,0.9999,9.7047
7,decoder,walks up,552905,1,1.0,11.0409
7,decoder,walks up,552905,1,1.0,10.4601
7,decoder,walks up,552905,1,1.0,12.2198
7,decoder,walks up,552905,1,0.9946,5.2207
7,decoder,walks up,552905,1,0.9999,8.8308
7,decoder,walks up,552905,1,1.0,14.0877
7,decoder,walks up,552905,1,0.9995,7.5186
7,decoder,walks up,552905,1,0.99,4.5989
7,decoder,walks up,552905,1,1.0,12.1275
7,decoder,walks up,552905,1,0.9987,6.6243
7,decoder,walks up,552905,1,1.0,12.3616
7,decoder,walks up,552905,1,1.0,10.1611
7,decoder,walks up,552905,1,0.9999,9.8632
7,decoder,walks up,552905,1,0.9999,9.2801
7,decoder,walks up,552905,1,1.0,9.9703
7,decoder,walks up,552905,1,0.9998,8.436
7,decoder,walks up,552905,1,0.9957,5.4426
7,decoder,walks up,552905,1,1.0,11.919
7,decoder,walks up,552905,1,1.0,10.9457
7,decoder,walks up,552905,1,0.9999,9.4209
7,decoder,round up,1714978,1,0.9996,7.7554
7,decoder,round up,1714978,1,0.9999,9.6953
7,decoder,round up,1714978,1,0.9999,8.9637
7,decoder,round up,1714978,1,1.0,10.9074
7,decoder,round up,1714978,1,0.9995,7.5283
7,decoder,round up,1714978,1,0.9994,7.4852
7,decoder,round up,1714978,1,0.9998,8.3396
7,decoder,round up,1714978,1,1.0,10.7815
7,decoder,round up,1714978,1,0.9997,8.2052
7,decoder,round up,1714978,1,0.9994,7.4979
7,decoder,round up,1714978,1,1.0,12.9714
7,decoder,round up,1714978,1,1.0,10.3075
7,decoder,round up,1714978,1,0.9999,9.6226
7,decoder,round up,1714978,1,0.9992,7.0922
7,decoder,round up,1714978,1,0.9997,8.0133
7,decoder,round up,1714978,1,0.9999,8.8797
7,decoder,round up,1714978,1,1.0,9.9262
7,decoder,round up,1714978,1,1.0,10.8888
7,decoder,round up,1714978,1,0.9864,4.2851
7,decoder,round up,1714978,1,1.0,12.2814
7,decoder,read up,2264008,1,1.0,10.6113
7,decoder,read up,2264008,1,1.0,15.3218
7,decoder,read up,2264008,1,1.0,13.772
7,decoder,read up,2264008,1,1.0,12.6902
7,decoder,read up,2264008,1,1.0,14.0945
7,decoder,read up,2264008,1,1.0,12.351
7,decoder,read up,2264008,1,1.0,12.7571
7,decoder,read up,2264008,1,1.0,15.7095
7,decoder,read up,2264008,1,1.0,12.9602
7,decoder,read up,2264008,1,1.0,13.2649
7,decoder,read up,2264008,1,1.0,13.9505
7,decoder,read up,2264008,1,1.0,18.4857
7,decoder,read up,2264008,1,1.0,10.4228
7,decoder,read up,2264008,1,1.0,12.0173
7,decoder,read up,2264008,1,1.0,15.1285
7,decoder,read up,2264008,1,1.0,12.3911
7,decoder,read up,2264008,1,1.0,18.8432
7,decoder,read up,2264008,1,1.0,11.6373
7,decoder,read up,2264008,1,1.0,17.5382
7,decoder,read up,2264008,1,1.0,16.9477
7,decoder,wraps up,1077106,1,1.0,11.5043
7,decoder,wraps up,1077106,1,1.0,10.0229
7,decoder,wraps up,1077106,1,1.0,10.1853
7,decoder,wraps up,1077106,1,0.9935,5.035
7,decoder,wraps up,1077106,1,1.0,10.7489
7,decoder,wraps up,1077106,1,0.998,6.228
7,decoder,wraps up,1077106,1,0.9996,7.8226
7,decoder,wraps up,1077106,1,0.9989,6.8002
7,decoder,wraps up,1077106,1,0.9999,8.9385
7,decoder,wraps up,1077106,1,0.9999,9.6378
7,decoder,wraps up,1077106,1,1.0,10.5013
7,decoder,wraps up,1077106,1,0.9713,3.5213
7,decoder,wraps up,1077106,1,0.9996,7.9373
7,decoder,wraps up,1077106,1,1.0,9.933
7,decoder,wraps up,1077106,1,0.9999,9.8298
7,decoder,wraps up,1077106,1,1.0,10.8882
7,decoder,wraps up,1077106,1,1.0,11.6814
7,decoder,wraps up,1077106,1,0.9998,8.7765
7,decoder,wraps up,1077106,1,0.9953,5.3487
7,decoder,wraps up,1077106,1,0.9999,9.6568
7,decoder,reached up,570954,1,0.9959,5.4922
7,decoder,reached up,570954,1,0.9924,4.8721
7,decoder,reached up,570954,1,0.9997,7.971
7,decoder,reached up,570954,1,0.9908,4.6745
7,decoder,reached up,570954,1,0.9993,7.2538
7,decoder,reached up,570954,1,0.9856,4.2287
7,decoder,reached up,570954,1,0.9993,7.2128
7,decoder,reached up,570954,1,0.9996,7.8911
7,decoder,reached up,570954,1,0.9999,9.146
7,decoder,reached up,570954,1,0.9999,9.0387
7,decoder,reached up,570954,1,0.9759,3.7017
7,decoder,reached up,570954,1,0.9999,8.9089
7,decoder,reached up,570954,1,0.9961,5.543
7,decoder,reached up,570954,1,0.9991,6.975
7,decoder,reached up,570954,1,1.0,13.4526
7,decoder,reached up,570954,1,0.9996,7.9158
7,decoder,reached up,570954,1,0.9985,6.5123
7,decoder,reached up,570954,1,1.0,11.7733
7,decoder,reached up,570954,1,0.9996,7.7469
7,decoder,reached up,570954,1,0.9999,9.2323
7,decoder,gearing up,2565292,1,1.0,9.9155
7,decoder,gearing up,2565292,1,0.9999,9.2968
7,decoder,gearing up,2565292,1,0.9887,4.4691
7,decoder,gearing up,2565292,1,1.0,11.7202
7,decoder,gearing up,2565292,1,0.9992,7.1563
7,decoder,gearing up,2565292,1,0.9774,3.7664
7,decoder,gearing up,2565292,1,1.0,13.684
7,decoder,gearing up,2565292,1,1.0,10.1152
7,decoder,gearing up,2565292,1,1.0,12.6993
7,decoder,gearing up,2565292,1,0.998,6.2253
7,decoder,gearing up,2565292,1,0.9998,8.3343
7,decoder,gearing up,2565292,1,0.9982,6.316
7,decoder,gearing up,2565292,1,1.0,13.9291
7,decoder,gearing up,2565292,1,0.9999,9.4318
7,decoder,gearing up,2565292,1,0.9982,6.3158
7,decoder,gearing up,2565292,1,1.0,10.9743
7,decoder,gearing up,2565292,1,0.9991,7.032
7,decoder,gearing up,2565292,1,0.9993,7.2315
7,decoder,gearing up,2565292,1,1.0,14.9353
7,decoder,gearing up,2565292,1,1.0,14.6124
7,decoder,conjured up,458789,1,0.9997,8.2784
7,decoder,conjured up,458789,1,1.0,12.4166
7,decoder,conjured up,458789,1,0.9995,7.6384
7,decoder,conjured up,458789,1,0.9996,7.7924
7,decoder,conjured up,458789,1,0.9999,9.3685
7,decoder,conjured up,458789,1,0.9997,8.2792
7,decoder,conjured up,458789,1,1.0,14.3141
7,decoder,conjured up,458789,1,1.0,9.9885
7,decoder,conjured up,458789,1,1.0,11.7873
7,decoder,conjured up,458789,1,0.9975,5.9859
7,decoder,conjured up,458789,1,1.0,12.7209
7,decoder,conjured up,458789,1,1.0,10.3776
7,decoder,conjured up,458789,1,0.9996,7.8392
7,decoder,conjured up,458789,1,1.0,10.1995
7,decoder,conjured up,458789,1,1.0,12.1084
7,decoder,conjured up,458789,1,1.0,12.796
7,decoder,conjured up,458789,1,0.995,5.29
7,decoder,conjured up,458789,1,0.9998,8.4941
7,decoder,conjured up,458789,1,1.0,11.368
7,decoder,conjured up,458789,1,1.0,11.0998
7,decoder,blows up,673807,1,0.9997,8.1687
7,decoder,blows up,673807,1,0.9998,8.484
7,decoder,blows up,673807,1,1.0,12.4536
7,decoder,blows up,673807,1,0.9995,7.6192
7,decoder,blows up,673807,1,0.9999,8.9735
7,decoder,blows up,673807,1,1.0,11.2306
7,decoder,blows up,673807,1,1.0,12.1067
7,decoder,blows up,673807,1,1.0,10.514
7,decoder,blows up,673807,1,0.9993,7.2093
7,decoder,blows up,673807,1,1.0,12.3577
7,decoder,blows up,673807,1,0.9997,8.2129
7,decoder,blows up,673807,1,0.9943,5.1702
7,decoder,blows up,673807,1,0.9999,9.0442
7,decoder,blows up,673807,1,0.9885,4.457
7,decoder,blows up,673807,1,0.9984,6.4289
7,decoder,blows up,673807,1,0.9984,6.4676
7,decoder,blows up,673807,1,0.9998,8.6391
7,decoder,blows up,673807,1,1.0,15.6029
7,decoder,blows up,673807,1,0.9998,8.7896
7,decoder,blows up,673807,1,1.0,10.5337
7,decoder,lights up,1626936,1,1.0,10.4432
7,decoder,lights up,1626936,1,1.0,10.753
7,decoder,lights up,1626936,1,0.9999,9.071
7,decoder,lights up,1626936,1,1.0,10.242
7,decoder,lights up,1626936,1,0.9737,3.6128
7,decoder,lights up,1626936,1,1.0,12.6117
7,decoder,lights up,1626936,1,0.9858,4.2402
7,decoder,lights up,1626936,1,0.9895,4.5502
7,decoder,lights up,1626936,1,0.9996,7.9189
7,decoder,lights up,1626936,1,1.0,10.6373
7,decoder,lights up,1626936,1,1.0,11.9861
7,decoder,lights up,1626936,1,1.0,10.5105
7,decoder,lights up,1626936,1,0.9909,4.6929
7,decoder,lights up,1626936,1,1.0,10.7639
7,decoder,lights up,1626936,1,1.0,10.7275
7,decoder,lights up,1626936,1,1.0,10.9197
7,decoder,lights up,1626936,1,0.999,6.8996
7,decoder,lights up,1626936,1,0.9999,9.7433
7,decoder,lights up,1626936,1,0.9998,8.3509
7,decoder,lights up,1626936,1,0.9999,9.858
7,decoder,stuck up,449420,1,0.9944,5.1879
7,decoder,stuck up,449420,1,0.6713,0.714
7,decoder,stuck up,449420,1,0.9934,5.0093
7,decoder,stuck up,449420,1,0.9929,4.9468
7,decoder,stuck up,449420,1,0.9995,7.5659
7,decoder,stuck up,449420,1,0.9916,4.7718
7,decoder,stuck up,449420,1,1.0,11.0904
7,decoder,stuck up,449420,1,0.9879,4.4031
7,decoder,stuck up,449420,1,1.0,11.8056
7,decoder,stuck up,449420,1,0.9975,5.9822
7,decoder,stuck up,449420,1,0.9944,5.1883
7,decoder,stuck up,449420,1,0.9985,6.5138
7,decoder,stuck up,449420,1,1.0,10.3294
7,decoder,stuck up,449420,1,0.9987,6.6537
7,decoder,stuck up,449420,1,0.9981,6.2625
7,decoder,stuck up,449420,1,0.9974,5.9318
7,decoder,stuck up,449420,1,1.0,13.5122
7,decoder,stuck up,449420,1,0.9992,7.1398
7,decoder,stuck up,449420,1,1.0,11.0273
7,decoder,stuck up,449420,1,0.9992,7.0907
7,decoder,warming up,1783437,1,1.0,13.61
7,decoder,warming up,1783437,1,1.0,10.0933
7,decoder,warming up,1783437,1,0.9997,8.2923
7,decoder,warming up,1783437,1,1.0,12.252
7,decoder,warming up,1783437,1,0.9995,7.5679
7,decoder,warming up,1783437,1,0.9999,9.4979
7,decoder,warming up,1783437,1,0.9957,5.4553
7,decoder,warming up,1783437,1,1.0,13.0574
7,decoder,warming up,1783437,1,0.9974,5.9463
7,decoder,warming up,1783437,1,1.0,10.2906
7,decoder,warming up,1783437,1,1.0,10.825
7,decoder,warming up,1783437,1,0.9992,7.0838
7,decoder,warming up,1783437,1,0.9997,8.1604
7,decoder,warming up,1783437,1,0.9997,8.06
7,decoder,warming up,1783437,1,1.0,11.6555
7,decoder,warming up,1783437,1,0.9971,5.8372
7,decoder,warming up,1783437,1,0.8788,1.9814
7,decoder,warming up,1783437,1,0.9997,8.2057
7,decoder,warming up,1783437,1,0.9998,8.632
7,decoder,warming up,1783437,1,0.9994,7.3747
7,decoder,served up,1159259,1,0.9995,7.681
7,decoder,served up,1159259,1,1.0,10.5357
7,decoder,served up,1159259,1,0.9985,6.5304
7,decoder,served up,1159259,1,1.0,14.8293
7,decoder,served up,1159259,1,0.9981,6.2722
7,decoder,served up,1159259,1,0.9999,8.8959
7,decoder,served up,1159259,1,0.9997,8.2677
7,decoder,served up,1159259,1,0.9999,8.9762
7,decoder,served up,1159259,1,0.9987,6.6621
7,decoder,served up,1159259,1,0.886,2.0508
7,decoder,served up,1159259,1,0.9986,6.566
7,decoder,served up,1159259,1,0.9997,8.0438
7,decoder,served up,1159259,1,0.9991,7.037
7,decoder,served up,1159259,1,0.9992,7.1561
7,decoder,served up,1159259,1,0.9998,8.6526
7,decoder,served up,1159259,1,1.0,10.4874
7,decoder,served up,1159259,1,0.9999,9.5754
7,decoder,served up,1159259,1,0.9997,8.1237
7,decoder,served up,1159259,1,0.9894,4.5334
7,decoder,served up,1159259,1,0.9282,2.5592
7,decoder,heating up,1576022,1,1.0,13.1297
7,decoder,heating up,1576022,1,1.0,13.9484
7,decoder,heating up,1576022,1,0.9999,9.8774
7,decoder,heating up,1576022,1,0.9982,6.3415
7,decoder,heating up,1576022,1,0.9993,7.2108
7,decoder,heating up,1576022,1,0.9959,5.4894
7,decoder,heating up,1576022,1,1.0,12.9311
7,decoder,heating up,1576022,1,0.9999,9.8634
7,decoder,heating up,1576022,1,1.0,11.0958
7,decoder,heating up,1576022,1,1.0,11.6379
7,decoder,heating up,1576022,1,1.0,10.3338
7,decoder,heating up,1576022,1,1.0,12.9317
7,decoder,heating up,1576022,1,0.9985,6.5215
7,decoder,heating up,1576022,1,0.8046,1.4155
7,decoder,heating up,1576022,1,0.9867,4.3072
7,decoder,heating up,1576022,1,0.9999,9.3994
7,decoder,heating up,1576022,1,0.9984,6.4188
7,decoder,heating up,1576022,1,0.9982,6.333
7,decoder,heating up,1576022,1,0.9944,5.1708
7,decoder,heating up,1576022,1,0.9997,8.2902
7,decoder,send up,403414,1,1.0,11.465
7,decoder,send up,403414,1,1.0,13.282
7,decoder,send up,403414,1,0.9999,9.146
7,decoder,send up,403414,1,0.9968,5.7328
7,decoder,send up,403414,1,1.0,10.3375
7,decoder,send up,403414,1,0.9982,6.303
7,decoder,send up,403414,1,1.0,11.2914
7,decoder,send up,403414,1,0.9977,6.0847
7,decoder,send up,403414,1,0.9999,8.8268
7,decoder,send up,403414,1,1.0,10.1547
7,decoder,send up,403414,1,1.0,11.3552
7,decoder,send up,403414,1,1.0,10.3882
7,decoder,send up,403414,1,1.0,11.0216
7,decoder,send up,403414,1,1.0,10.3773
7,decoder,send up,403414,1,1.0,13.6017
7,decoder,send up,403414,1,0.9999,9.2668
7,decoder,send up,403414,1,1.0,11.852
7,decoder,send up,403414,1,0.9999,8.8372
7,decoder,send up,403414,1,1.0,15.124
7,decoder,send up,403414,1,0.9996,7.7673
7,decoder,washed up,875941,1,0.9941,5.1258
7,decoder,washed up,875941,1,0.9566,3.0933
7,decoder,washed up,875941,1,0.9985,6.508
7,decoder,washed up,875941,1,0.9993,7.2858
7,decoder,washed up,875941,1,0.9995,7.6919
7,decoder,washed up,875941,1,0.9997,8.2936
7,decoder,washed up,875941,1,0.956,3.078
7,decoder,washed up,875941,1,1.0,10.6722
7,decoder,washed up,875941,1,0.9986,6.5878
7,decoder,washed up,875941,1,0.9761,3.7087
7,decoder,washed up,875941,1,0.9868,4.3122
7,decoder,washed up,875941,1,0.989,4.4946
7,decoder,washed up,875941,1,0.9995,7.6646
7,decoder,washed up,875941,1,0.9999,9.396
7,decoder,washed up,875941,1,0.9896,4.5589
7,decoder,washed up,875941,1,0.9991,7.0684
7,decoder,washed up,875941,1,0.9791,3.8464
7,decoder,washed up,875941,1,0.9667,3.3681
7,decoder,washed up,875941,1,0.9841,4.1274
7,decoder,washed up,875941,1,0.9988,6.725
7,decoder,pulls up,604021,1,1.0,10.9758
7,decoder,pulls up,604021,1,0.9964,5.6144
7,decoder,pulls up,604021,1,0.9677,3.4008
7,decoder,pulls up,604021,1,0.9929,4.9447
7,decoder,pulls up,604021,1,1.0,10.4043
7,decoder,pulls up,604021,1,0.9998,8.5092
7,decoder,pulls up,604021,1,0.9971,5.8263
7,decoder,pulls up,604021,1,0.9856,4.2271
7,decoder,pulls up,604021,1,0.9999,9.6508
7,decoder,pulls up,604021,1,0.9992,7.1804
7,decoder,pulls up,604021,1,0.9999,9.6643
7,decoder,pulls up,604021,1,1.0,10.7688
7,decoder,pulls up,604021,1,0.9924,4.8659
7,decoder,pulls up,604021,1,1.0,10.9607
7,decoder,pulls up,604021,1,0.9999,9.8822
7,decoder,pulls up,604021,1,0.9996,7.9257
7,decoder,pulls up,604021,1,0.9999,8.8166
7,decoder,pulls up,604021,1,0.9881,4.4173
7,decoder,pulls up,604021,1,1.0,10.5828
7,decoder,pulls up,604021,1,1.0,12.0128
7,decoder,runs up,557986,1,1.0,10.1852
7,decoder,runs up,557986,1,1.0,12.5918
7,decoder,runs up,557986,1,1.0,11.8305
7,decoder,runs up,557986,1,1.0,10.9919
7,decoder,runs up,557986,1,1.0,10.4797
7,decoder,runs up,557986,1,0.9999,8.8055
7,decoder,runs up,557986,1,1.0,10.367
7,decoder,runs up,557986,1,1.0,11.2823
7,decoder,runs up,557986,1,0.9988,6.7523
7,decoder,runs up,557986,1,1.0,15.8795
7,decoder,runs up,557986,1,0.9995,7.6049
7,decoder,runs up,557986,1,0.9999,9.8319
7,decoder,runs up,557986,1,0.9999,9.7183
7,decoder,runs up,557986,1,1.0,10.9175
7,decoder,runs up,557986,1,0.9999,9.1093
7,decoder,runs up,557986,1,0.9998,8.7444
7,decoder,runs up,557986,1,1.0,10.637
7,decoder,runs up,557986,1,1.0,13.7167
7,decoder,runs up,557986,1,1.0,14.585
7,decoder,runs up,557986,1,0.998,6.2018
7,decoder,soak up,2648108,1,0.9976,6.034
7,decoder,soak up,2648108,1,1.0,11.4639
7,decoder,soak up,2648108,1,1.0,11.0286
7,decoder,soak up,2648108,1,0.9999,9.8787
7,decoder,soak up,2648108,1,0.9909,4.69
7,decoder,soak up,2648108,1,1.0,12.6435
7,decoder,soak up,2648108,1,0.9999,9.2926
7,decoder,soak up,2648108,1,1.0,10.4739
7,decoder,soak up,2648108,1,1.0,9.9866
7,decoder,soak up,2648108,1,1.0,11.6435
7,decoder,soak up,2648108,1,0.9996,7.9543
7,decoder,soak up,2648108,1,0.9999,9.5525
7,decoder,soak up,2648108,1,1.0,10.4654
7,decoder,soak up,2648108,1,0.9995,7.5337
7,decoder,soak up,2648108,1,0.9998,8.4132
7,decoder,soak up,2648108,1,1.0,10.1845
7,decoder,soak up,2648108,1,1.0,14.4226
7,decoder,soak up,2648108,1,0.9997,8.0933
7,decoder,soak up,2648108,1,0.9988,6.7389
7,decoder,soak up,2648108,1,0.9987,6.6277
7,decoder,locking up,525843,1,1.0,11.2163
7,decoder,locking up,525843,1,1.0,10.1807
7,decoder,locking up,525843,1,0.9996,7.7855
7,decoder,locking up,525843,1,0.9976,6.039
7,decoder,locking up,525843,1,0.9979,6.1443
7,decoder,locking up,525843,1,0.9998,8.4056
7,decoder,locking up,525843,1,1.0,11.9354
7,decoder,locking up,525843,1,1.0,10.5126
7,decoder,locking up,525843,1,1.0,9.9976
7,decoder,locking up,525843,1,0.9997,8.2533
7,decoder,locking up,525843,1,0.9996,7.8261
7,decoder,locking up,525843,1,0.9999,9.8955
7,decoder,locking up,525843,1,0.9999,9.2413
7,decoder,locking up,525843,1,0.9999,9.5283
7,decoder,locking up,525843,1,0.9999,9.0471
7,decoder,locking up,525843,1,0.9996,7.7318
7,decoder,locking up,525843,1,0.9999,9.3076
7,decoder,locking up,525843,1,0.9904,4.6383
7,decoder,locking up,525843,1,0.9991,7.0174
7,decoder,locking up,525843,1,1.0,10.7927
7,decoder,pay up,1582186,1,0.9988,6.69
7,decoder,pay up,1582186,1,0.9997,8.0432
7,decoder,pay up,1582186,1,0.9999,9.5364
7,decoder,pay up,1582186,1,0.9985,6.5156
7,decoder,pay up,1582186,1,0.9998,8.6798
7,decoder,pay up,1582186,1,0.9999,8.8252
7,decoder,pay up,1582186,1,0.9939,5.0968
7,decoder,pay up,1582186,1,0.9914,4.7498
7,decoder,pay up,1582186,1,0.9983,6.3879
7,decoder,pay up,1582186,1,0.9998,8.6271
7,decoder,pay up,1582186,1,0.9987,6.6278
7,decoder,pay up,1582186,1,1.0,10.7201
7,decoder,pay up,1582186,1,1.0,10.1286
7,decoder,pay up,1582186,1,1.0,13.3999
7,decoder,pay up,1582186,1,0.9622,3.2365
7,decoder,pay up,1582186,1,0.9999,9.2124
7,decoder,pay up,1582186,1,0.9997,7.995
7,decoder,pay up,1582186,1,1.0,10.4173
7,decoder,pay up,1582186,1,0.9998,8.5411
7,decoder,pay up,1582186,1,1.0,11.3081
7,decoder,listen up,302215,1,1.0,15.4655
7,decoder,listen up,302215,1,0.9996,7.8499
7,decoder,listen up,302215,1,0.9994,7.4025
7,decoder,listen up,302215,1,1.0,13.9859
7,decoder,listen up,302215,1,1.0,11.8693
7,decoder,listen up,302215,1,1.0,11.8156
7,decoder,listen up,302215,1,1.0,18.7739
7,decoder,listen up,302215,1,1.0,11.8631
7,decoder,listen up,302215,1,1.0,15.6957
7,decoder,listen up,302215,1,1.0,18.4407
7,decoder,listen up,302215,1,1.0,11.4326
7,decoder,listen up,302215,1,1.0,13.7921
7,decoder,listen up,302215,1,1.0,12.0559
7,decoder,listen up,302215,1,1.0,17.836
7,decoder,listen up,302215,1,1.0,13.7032
7,decoder,listen up,302215,1,0.9997,8.0928
7,decoder,listen up,302215,1,1.0,11.9979
7,decoder,listen up,302215,1,1.0,13.2832
7,decoder,listen up,302215,1,1.0,12.9755
7,decoder,listen up,302215,1,1.0,14.5293
7,decoder,adding up,1038874,1,1.0,11.057
7,decoder,adding up,1038874,1,0.9969,5.7873
7,decoder,adding up,1038874,1,1.0,12.0262
7,decoder,adding up,1038874,1,1.0,15.2111
7,decoder,adding up,1038874,1,1.0,13.8366
7,decoder,adding up,1038874,1,1.0,15.2852
7,decoder,adding up,1038874,1,1.0,13.0656
7,decoder,adding up,1038874,1,1.0,15.6733
7,decoder,adding up,1038874,1,0.9999,9.1292
7,decoder,adding up,1038874,1,1.0,11.0765
7,decoder,adding up,1038874,1,1.0,11.9094
7,decoder,adding up,1038874,1,1.0,15.1201
7,decoder,adding up,1038874,1,1.0,10.1052
7,decoder,adding up,1038874,1,1.0,11.3845
7,decoder,adding up,1038874,1,1.0,13.2792
7,decoder,adding up,1038874,1,1.0,16.4531
7,decoder,adding up,1038874,1,1.0,10.3184
7,decoder,adding up,1038874,1,0.9976,6.0426
7,decoder,adding up,1038874,1,1.0,13.5468
7,decoder,adding up,1038874,1,1.0,12.0368
7,decoder,saved up,886454,1,1.0,11.9272
7,decoder,saved up,886454,1,0.9775,3.7725
7,decoder,saved up,886454,1,1.0,9.9697
7,decoder,saved up,886454,1,1.0,10.0779
7,decoder,saved up,886454,1,1.0,12.5876
7,decoder,saved up,886454,1,1.0,10.1832
7,decoder,saved up,886454,1,0.9998,8.3555
7,decoder,saved up,886454,1,1.0,10.9669
7,decoder,saved up,886454,1,0.9806,3.923
7,decoder,saved up,886454,1,0.9696,3.4613
7,decoder,saved up,886454,1,1.0,12.6087
7,decoder,saved up,886454,1,0.9996,7.8544
7,decoder,saved up,886454,1,0.9997,8.0599
7,decoder,saved up,886454,1,0.9983,6.3556
7,decoder,saved up,886454,1,0.999,6.9435
7,decoder,saved up,886454,1,1.0,12.9391
7,decoder,saved up,886454,1,0.9971,5.8346
7,decoder,saved up,886454,1,1.0,11.8118
7,decoder,saved up,886454,1,0.9999,8.9694
7,decoder,saved up,886454,1,0.9995,7.6694
7,decoder,pile up,1390646,1,0.9911,4.7129
7,decoder,pile up,1390646,1,0.9991,6.9603
7,decoder,pile up,1390646,1,0.995,5.2947
7,decoder,pile up,1390646,1,0.9999,9.2504
7,decoder,pile up,1390646,1,0.9999,9.0302
7,decoder,pile up,1390646,1,0.9999,9.2187
7,decoder,pile up,1390646,1,0.9998,8.5728
7,decoder,pile up,1390646,1,0.9993,7.2504
7,decoder,pile up,1390646,1,0.9972,5.8817
7,decoder,pile up,1390646,1,0.9764,3.7206
7,decoder,pile up,1390646,1,0.9727,3.575
7,decoder,pile up,1390646,1,0.9788,3.8312
7,decoder,pile up,1390646,1,1.0,9.9426
7,decoder,pile up,1390646,1,0.5948,0.3837
7,decoder,pile up,1390646,1,0.9676,3.3969
7,decoder,pile up,1390646,1,0.9785,3.8176
7,decoder,pile up,1390646,1,0.9986,6.5768
7,decoder,pile up,1390646,1,0.9767,3.7349
7,decoder,pile up,1390646,1,1.0,11.2314
7,decoder,pile up,1390646,1,1.0,10.3324
7,decoder,link up,1695120,1,1.0,13.8778
7,decoder,link up,1695120,1,1.0,13.744
7,decoder,link up,1695120,1,1.0,11.7591
7,decoder,link up,1695120,1,1.0,12.9315
7,decoder,link up,1695120,1,0.9996,7.956
7,decoder,link up,1695120,1,1.0,13.2881
7,decoder,link up,1695120,1,1.0,12.5394
7,decoder,link up,1695120,1,1.0,11.3592
7,decoder,link up,1695120,1,0.9995,7.5514
7,decoder,link up,1695120,1,0.9986,6.5948
7,decoder,link up,1695120,1,1.0,10.0004
7,decoder,link up,1695120,1,0.9997,8.1357
7,decoder,link up,1695120,1,0.9993,7.2043
7,decoder,link up,1695120,1,1.0,16.46
7,decoder,link up,1695120,1,1.0,12.5176
7,decoder,link up,1695120,1,1.0,11.8853
7,decoder,link up,1695120,1,1.0,16.691
7,decoder,link up,1695120,1,0.9999,9.5195
7,decoder,link up,1695120,1,1.0,16.2332
7,decoder,link up,1695120,1,0.9939,5.093
7,decoder,staying up,1182819,1,0.9976,6.0122
7,decoder,staying up,1182819,1,0.9815,3.9701
7,decoder,staying up,1182819,1,1.0,10.513
7,decoder,staying up,1182819,1,1.0,12.0853
7,decoder,staying up,1182819,1,0.9684,3.4231
7,decoder,staying up,1182819,1,0.9996,7.7915
7,decoder,staying up,1182819,1,1.0,9.9621
7,decoder,staying up,1182819,1,1.0,14.1626
7,decoder,staying up,1182819,1,1.0,11.8291
7,decoder,staying up,1182819,1,0.977,3.7482
7,decoder,staying up,1182819,1,0.9998,8.5666
7,decoder,staying up,1182819,1,0.99,4.5949
7,decoder,staying up,1182819,1,0.9998,8.3481
7,decoder,staying up,1182819,1,1.0,11.2197
7,decoder,staying up,1182819,1,0.9995,7.5288
7,decoder,staying up,1182819,1,1.0,10.6054
7,decoder,staying up,1182819,1,0.9983,6.3493
7,decoder,staying up,1182819,1,0.9999,9.298
7,decoder,staying up,1182819,1,1.0,11.6102
7,decoder,staying up,1182819,1,1.0,10.8744
7,decoder,pass up,2029815,1,0.9996,7.742
7,decoder,pass up,2029815,1,0.9998,8.3604
7,decoder,pass up,2029815,1,1.0,12.6103
7,decoder,pass up,2029815,1,1.0,11.6028
7,decoder,pass up,2029815,1,1.0,9.9912
7,decoder,pass up,2029815,1,0.9998,8.6189
7,decoder,pass up,2029815,1,0.9998,8.5564
7,decoder,pass up,2029815,1,0.9953,5.349
7,decoder,pass up,2029815,1,0.9997,7.9743
7,decoder,pass up,2029815,1,0.8689,1.8915
7,decoder,pass up,2029815,1,1.0,12.691
7,decoder,pass up,2029815,1,1.0,10.6092
7,decoder,pass up,2029815,1,1.0,11.8188
7,decoder,pass up,2029815,1,0.9994,7.4977
7,decoder,pass up,2029815,1,1.0,10.4698
7,decoder,pass up,2029815,1,1.0,12.2294
7,decoder,pass up,2029815,1,1.0,11.1476
7,decoder,pass up,2029815,1,0.9993,7.3211
7,decoder,pass up,2029815,1,1.0,13.0178
7,decoder,pass up,2029815,1,1.0,13.3154
7,decoder,lines up,1053322,1,0.9956,5.4294
7,decoder,lines up,1053322,1,1.0,10.5303
7,decoder,lines up,1053322,1,0.9954,5.382
7,decoder,lines up,1053322,1,0.9991,7.0311
7,decoder,lines up,1053322,1,0.9957,5.4502
7,decoder,lines up,1053322,1,0.9974,5.9583
7,decoder,lines up,1053322,1,0.9822,4.0131
7,decoder,lines up,1053322,1,0.9999,9.4182
7,decoder,lines up,1053322,1,0.9937,5.0604
7,decoder,lines up,1053322,1,0.9997,8.1384
7,decoder,lines up,1053322,1,0.9998,8.4345
7,decoder,lines up,1053322,1,0.9594,3.1627
7,decoder,lines up,1053322,1,0.996,5.5113
7,decoder,lines up,1053322,1,0.9966,5.6672
7,decoder,lines up,1053322,1,0.9977,6.0902
7,decoder,lines up,1053322,1,0.9909,4.687
7,decoder,lines up,1053322,1,0.9935,5.0325
7,decoder,lines up,1053322,1,1.0,11.1884
7,decoder,lines up,1053322,1,0.9999,9.0836
7,decoder,lines up,1053322,1,0.9998,8.2988
7,decoder,packing up,903083,1,0.9964,5.6208
7,decoder,packing up,903083,1,0.9996,7.8949
7,decoder,packing up,903083,1,0.9983,6.3904
7,decoder,packing up,903083,1,1.0,10.5613
7,decoder,packing up,903083,1,1.0,10.0002
7,decoder,packing up,903083,1,0.9833,4.0762
7,decoder,packing up,903083,1,1.0,10.624
7,decoder,packing up,903083,1,0.9906,4.6606
7,decoder,packing up,903083,1,1.0,11.3329
7,decoder,packing up,903083,1,0.9978,6.1333
7,decoder,packing up,903083,1,0.9999,9.3106
7,decoder,packing up,903083,1,1.0,10.0311
7,decoder,packing up,903083,1,0.9998,8.6786
7,decoder,packing up,903083,1,0.996,5.5267
7,decoder,packing up,903083,1,1.0,10.1732
7,decoder,packing up,903083,1,0.9998,8.4882
7,decoder,packing up,903083,1,0.9996,7.8524
7,decoder,packing up,903083,1,0.9997,8.053
7,decoder,packing up,903083,1,0.9722,3.5536
7,decoder,packing up,903083,1,0.8245,1.5469
7,decoder,tighten up,681468,1,0.9997,8.0803
7,decoder,tighten up,681468,1,1.0,10.0902
7,decoder,tighten up,681468,1,0.9999,8.9832
7,decoder,tighten up,681468,1,1.0,10.8485
7,decoder,tighten up,681468,1,1.0,10.0634
7,decoder,tighten up,681468,1,0.9815,3.9722
7,decoder,tighten up,681468,1,0.9999,9.3574
7,decoder,tighten up,681468,1,1.0,14.2041
7,decoder,tighten up,681468,1,0.9982,6.3244
7,decoder,tighten up,681468,1,1.0,11.7905
7,decoder,tighten up,681468,1,0.9968,5.7398
7,decoder,tighten up,681468,1,0.9994,7.5034
7,decoder,tighten up,681468,1,0.9913,4.7366
7,decoder,tighten up,681468,1,1.0,12.0931
7,decoder,tighten up,681468,1,1.0,11.6093
7,decoder,tighten up,681468,1,1.0,11.0794
7,decoder,tighten up,681468,1,0.9997,8.0993
7,decoder,tighten up,681468,1,0.9963,5.5939
7,decoder,tighten up,681468,1,1.0,12.058
7,decoder,tighten up,681468,1,0.9998,8.7488
7,decoder,pricked up,57213,1,1.0,12.0872
7,decoder,pricked up,57213,1,0.9999,8.8362
7,decoder,pricked up,57213,1,1.0,13.0333
7,decoder,pricked up,57213,1,1.0,10.5657
7,decoder,pricked up,57213,1,0.9982,6.3191
7,decoder,pricked up,57213,1,1.0,12.9333
7,decoder,pricked up,57213,1,0.9994,7.3826
7,decoder,pricked up,57213,1,0.9994,7.3979
7,decoder,pricked up,57213,1,1.0,11.6948
7,decoder,pricked up,57213,1,0.9997,8.0336
7,decoder,pricked up,57213,1,1.0,14.7785
7,decoder,pricked up,57213,1,1.0,14.0375
7,decoder,pricked up,57213,1,1.0,11.4108
7,decoder,pricked up,57213,1,1.0,11.5443
7,decoder,pricked up,57213,1,1.0,10.8523
7,decoder,pricked up,57213,1,0.9999,9.6173
7,decoder,pricked up,57213,1,0.9998,8.4519
7,decoder,pricked up,57213,1,0.9997,7.9662
7,decoder,pricked up,57213,1,1.0,11.3804
7,decoder,pricked up,57213,1,1.0,12.8548
7,decoder,sticking up,469679,1,0.9998,8.4238
7,decoder,sticking up,469679,1,0.9987,6.6598
7,decoder,sticking up,469679,1,0.9999,9.1967
7,decoder,sticking up,469679,1,0.9998,8.3582
7,decoder,sticking up,469679,1,1.0,10.164
7,decoder,sticking up,469679,1,0.9998,8.6538
7,decoder,sticking up,469679,1,1.0,10.9928
7,decoder,sticking up,469679,1,0.999,6.9224
7,decoder,sticking up,469679,1,1.0,10.3
7,decoder,sticking up,469679,1,1.0,12.2302
7,decoder,sticking up,469679,1,0.9325,2.6255
7,decoder,sticking up,469679,1,0.9607,3.196
7,decoder,sticking up,469679,1,0.9999,9.1242
7,decoder,sticking up,469679,1,0.9702,3.482
7,decoder,sticking up,469679,1,0.9426,2.7992
7,decoder,sticking up,469679,1,0.9997,8.2848
7,decoder,sticking up,469679,1,0.9996,7.9053
7,decoder,sticking up,469679,1,0.9972,5.8584
7,decoder,sticking up,469679,1,1.0,10.4813
7,decoder,sticking up,469679,1,0.9968,5.7487
7,decoder,beaten up,937242,1,0.9893,4.527
7,decoder,beaten up,937242,1,0.998,6.2125
7,decoder,beaten up,937242,1,1.0,11.7014
7,decoder,beaten up,937242,1,0.9999,9.5835
7,decoder,beaten up,937242,1,0.9995,7.5914
7,decoder,beaten up,937242,1,0.9983,6.3602
7,decoder,beaten up,937242,1,0.9999,9.5567
7,decoder,beaten up,937242,1,0.9998,8.7188
7,decoder,beaten up,937242,1,1.0,12.7125
7,decoder,beaten up,937242,1,0.9957,5.4444
7,decoder,beaten up,937242,1,0.9987,6.666
7,decoder,beaten up,937242,1,0.9997,8.2814
7,decoder,beaten up,937242,1,0.9999,9.0776
7,decoder,beaten up,937242,1,0.9513,2.9711
7,decoder,beaten up,937242,1,0.9944,5.1736
7,decoder,beaten up,937242,1,0.9999,9.5392
7,decoder,beaten up,937242,1,0.9878,4.3958
7,decoder,beaten up,937242,1,0.9974,5.9678
7,decoder,beaten up,937242,1,0.9172,2.4043
7,decoder,beaten up,937242,1,0.9992,7.0727
7,decoder,burn up,601387,1,0.9998,8.4896
7,decoder,burn up,601387,1,1.0,10.709
7,decoder,burn up,601387,1,1.0,14.6833
7,decoder,burn up,601387,1,1.0,12.3563
7,decoder,burn up,601387,1,1.0,11.3576
7,decoder,burn up,601387,1,0.9753,3.6744
7,decoder,burn up,601387,1,1.0,11.0768
7,decoder,burn up,601387,1,0.9998,8.6073
7,decoder,burn up,601387,1,0.993,4.9616
7,decoder,burn up,601387,1,0.9996,7.8973
7,decoder,burn up,601387,1,1.0,14.8644
7,decoder,burn up,601387,1,0.9997,8.1156
7,decoder,burn up,601387,1,1.0,10.7038
7,decoder,burn up,601387,1,1.0,14.4798
7,decoder,burn up,601387,1,1.0,11.6734
7,decoder,burn up,601387,1,0.9756,3.6905
7,decoder,burn up,601387,1,1.0,13.5155
7,decoder,burn up,601387,1,1.0,12.5434
7,decoder,burn up,601387,1,0.9886,4.4624
7,decoder,burn up,601387,1,1.0,17.0342
7,decoder,finished up,1475394,1,0.9999,9.6719
7,decoder,finished up,1475394,1,0.9327,2.6282
7,decoder,finished up,1475394,1,0.9994,7.3769
7,decoder,finished up,1475394,1,0.9885,4.4554
7,decoder,finished up,1475394,1,0.9999,8.8436
7,decoder,finished up,1475394,1,0.9999,9.5649
7,decoder,finished up,1475394,1,0.9997,8.1288
7,decoder,finished up,1475394,1,0.9992,7.1853
7,decoder,finished up,1475394,1,0.9999,8.8075
7,decoder,finished up,1475394,1,0.9998,8.512
7,decoder,finished up,1475394,1,1.0,11.0191
7,decoder,finished up,1475394,1,0.9999,9.1785
7,decoder,finished up,1475394,1,0.9998,8.7279
7,decoder,finished up,1475394,1,0.9871,4.3366
7,decoder,finished up,1475394,1,0.9999,9.4721
7,decoder,finished up,1475394,1,0.97,3.4763
7,decoder,finished up,1475394,1,1.0,10.2314
7,decoder,finished up,1475394,1,0.978,3.7943
7,decoder,finished up,1475394,1,0.9992,7.1692
7,decoder,finished up,1475394,1,1.0,12.2899
7,decoder,keeps up,800180,1,1.0,12.3278
7,decoder,keeps up,800180,1,0.9919,4.8046
7,decoder,keeps up,800180,1,0.9999,9.6216
7,decoder,keeps up,800180,1,0.9998,8.7193
7,decoder,keeps up,800180,1,0.999,6.9225
7,decoder,keeps up,800180,1,0.9638,3.2804
7,decoder,keeps up,800180,1,1.0,12.0413
7,decoder,keeps up,800180,1,1.0,10.9418
7,decoder,keeps up,800180,1,1.0,10.2805
7,decoder,keeps up,800180,1,0.9999,9.4311
7,decoder,keeps up,800180,1,1.0,10.6389
7,decoder,keeps up,800180,1,0.9998,8.6106
7,decoder,keeps up,800180,1,0.9991,7.0383
7,decoder,keeps up,800180,1,1.0,10.1983
7,decoder,keeps up,800180,1,0.9999,9.0036
7,decoder,keeps up,800180,1,0.9976,6.0224
7,decoder,keeps up,800180,1,0.9993,7.3018
7,decoder,keeps up,800180,1,1.0,11.1777
7,decoder,keeps up,800180,1,1.0,9.9463
7,decoder,keeps up,800180,1,1.0,10.4268
7,decoder,bear up,96033,1,1.0,10.1172
7,decoder,bear up,96033,1,1.0,10.5906
7,decoder,bear up,96033,1,0.9999,9.7441
7,decoder,bear up,96033,1,0.9889,4.4857
7,decoder,bear up,96033,1,0.9979,6.1834
7,decoder,bear up,96033,1,0.9995,7.6511
7,decoder,bear up,96033,1,0.9997,8.1168
7,decoder,bear up,96033,1,1.0,10.0668
7,decoder,bear up,96033,1,1.0,13.6873
7,decoder,bear up,96033,1,0.9881,4.4199
7,decoder,bear up,96033,1,0.999,6.9382
7,decoder,bear up,96033,1,1.0,16.5652
7,decoder,bear up,96033,1,1.0,18.472
7,decoder,bear up,96033,1,0.9989,6.7864
7,decoder,bear up,96033,1,1.0,17.0648
7,decoder,bear up,96033,1,0.7053,0.8726
7,decoder,bear up,96033,1,1.0,12.9825
7,decoder,bear up,96033,1,1.0,11.5593
7,decoder,bear up,96033,1,1.0,14.2676
7,decoder,bear up,96033,1,0.9999,9.7543
7,decoder,messing up,968026,1,1.0,14.839
7,decoder,messing up,968026,1,1.0,15.6054
7,decoder,messing up,968026,1,1.0,14.3827
7,decoder,messing up,968026,1,0.9993,7.2409
7,decoder,messing up,968026,1,0.9976,6.0347
7,decoder,messing up,968026,1,0.9957,5.4445
7,decoder,messing up,968026,1,1.0,13.3359
7,decoder,messing up,968026,1,1.0,15.4782
7,decoder,messing up,968026,1,0.9981,6.2495
7,decoder,messing up,968026,1,1.0,11.4779
7,decoder,messing up,968026,1,0.9995,7.6115
7,decoder,messing up,968026,1,1.0,14.8402
7,decoder,messing up,968026,1,1.0,14.7623
7,decoder,messing up,968026,1,0.9948,5.2534
7,decoder,messing up,968026,1,1.0,15.6784
7,decoder,messing up,968026,1,1.0,10.2845
7,decoder,messing up,968026,1,0.9998,8.4366
7,decoder,messing up,968026,1,1.0,10.7338
7,decoder,messing up,968026,1,1.0,10.7346
7,decoder,messing up,968026,1,0.9992,7.1832
7,decoder,tearing up,745498,1,1.0,11.2697
7,decoder,tearing up,745498,1,1.0,10.5415
7,decoder,tearing up,745498,1,1.0,10.2595
7,decoder,tearing up,745498,1,0.9998,8.705
7,decoder,tearing up,745498,1,1.0,11.175
7,decoder,tearing up,745498,1,0.9996,7.9108
7,decoder,tearing up,745498,1,0.9999,9.5112
7,decoder,tearing up,745498,1,0.9998,8.4332
7,decoder,tearing up,745498,1,0.9999,9.8702
7,decoder,tearing up,745498,1,0.9989,6.8405
7,decoder,tearing up,745498,1,0.9998,8.772
7,decoder,tearing up,745498,1,1.0,10.9504
7,decoder,tearing up,745498,1,1.0,12.0142
7,decoder,tearing up,745498,1,0.9999,9.5193
7,decoder,tearing up,745498,1,0.9919,4.8016
7,decoder,tearing up,745498,1,0.9985,6.4876
7,decoder,tearing up,745498,1,0.9947,5.2254
7,decoder,tearing up,745498,1,0.9998,8.6447
7,decoder,tearing up,745498,1,0.9992,7.1071
7,decoder,tearing up,745498,1,0.9999,9.5313
7,decoder,hurried up,87300,1,0.9995,7.6806
7,decoder,hurried up,87300,1,1.0,10.5011
7,decoder,hurried up,87300,1,1.0,10.9179
7,decoder,hurried up,87300,1,1.0,12.7893
7,decoder,hurried up,87300,1,1.0,10.0761
7,decoder,hurried up,87300,1,1.0,12.2195
7,decoder,hurried up,87300,1,1.0,10.9229
7,decoder,hurried up,87300,1,1.0,12.885
7,decoder,hurried up,87300,1,1.0,13.1846
7,decoder,hurried up,87300,1,1.0,10.8643
7,decoder,hurried up,87300,1,1.0,10.168
7,decoder,hurried up,87300,1,1.0,11.7496
7,decoder,hurried up,87300,1,0.9986,6.5523
7,decoder,hurried up,87300,1,1.0,12.6949
7,decoder,hurried up,87300,1,1.0,11.1665
7,decoder,hurried up,87300,1,1.0,12.5996
7,decoder,hurried up,87300,1,1.0,10.6686
7,decoder,hurried up,87300,1,0.9971,5.832
7,decoder,hurried up,87300,1,1.0,10.6355
7,decoder,hurried up,87300,1,1.0,10.8273
7,decoder,headed up,1252802,1,1.0,14.7972
7,decoder,headed up,1252802,1,0.9999,9.2946
7,decoder,headed up,1252802,1,1.0,14.5956
7,decoder,headed up,1252802,1,1.0,14.553
7,decoder,headed up,1252802,1,1.0,13.5416
7,decoder,headed up,1252802,1,1.0,13.6397
7,decoder,headed up,1252802,1,1.0,15.0178
7,decoder,headed up,1252802,1,1.0,10.3479
7,decoder,headed up,1252802,1,0.9955,5.397
7,decoder,headed up,1252802,1,1.0,11.8694
7,decoder,headed up,1252802,1,1.0,11.8439
7,decoder,headed up,1252802,1,1.0,10.5725
7,decoder,headed up,1252802,1,1.0,10.0657
7,decoder,headed up,1252802,1,1.0,13.1959
7,decoder,headed up,1252802,1,0.9999,9.8919
7,decoder,headed up,1252802,1,1.0,11.6894
7,decoder,headed up,1252802,1,0.9997,8.0109
7,decoder,headed up,1252802,1,1.0,16.1479
7,decoder,headed up,1252802,1,1.0,16.2886
7,decoder,headed up,1252802,1,1.0,14.4213
7,decoder,conjure up,920002,1,0.9999,9.6073
7,decoder,conjure up,920002,1,1.0,10.0631
7,decoder,conjure up,920002,1,1.0,12.9005
7,decoder,conjure up,920002,1,1.0,11.9273
7,decoder,conjure up,920002,1,0.9998,8.5051
7,decoder,conjure up,920002,1,1.0,9.9389
7,decoder,conjure up,920002,1,1.0,16.2639
7,decoder,conjure up,920002,1,1.0,16.6013
7,decoder,conjure up,920002,1,0.9994,7.4976
7,decoder,conjure up,920002,1,1.0,10.226
7,decoder,conjure up,920002,1,1.0,13.6687
7,decoder,conjure up,920002,1,1.0,12.1402
7,decoder,conjure up,920002,1,0.9999,9.3821
7,decoder,conjure up,920002,1,0.9998,8.3534
7,decoder,conjure up,920002,1,0.9996,7.9494
7,decoder,conjure up,920002,1,0.9998,8.3304
7,decoder,conjure up,920002,1,1.0,10.8963
7,decoder,conjure up,920002,1,1.0,11.9246
7,decoder,conjure up,920002,1,0.9999,9.3593
7,decoder,conjure up,920002,1,0.9999,9.591
7,decoder,breaks up,859813,1,0.9999,9.0495
7,decoder,breaks up,859813,1,0.8779,1.9731
7,decoder,breaks up,859813,1,0.9996,7.9254
7,decoder,breaks up,859813,1,0.9944,5.176
7,decoder,breaks up,859813,1,0.995,5.2868
7,decoder,breaks up,859813,1,0.9995,7.5065
7,decoder,breaks up,859813,1,0.9999,9.4064
7,decoder,breaks up,859813,1,0.9995,7.5496
7,decoder,breaks up,859813,1,1.0,9.9818
7,decoder,breaks up,859813,1,0.8693,1.8951
7,decoder,breaks up,859813,1,0.8086,1.4409
7,decoder,breaks up,859813,1,0.9968,5.7298
7,decoder,breaks up,859813,1,1.0,11.7618
7,decoder,breaks up,859813,1,0.9898,4.5716
7,decoder,breaks up,859813,1,0.985,4.1819
7,decoder,breaks up,859813,1,0.9976,6.0106
7,decoder,breaks up,859813,1,1.0,10.3027
7,decoder,breaks up,859813,1,0.9998,8.5451
7,decoder,breaks up,859813,1,0.9515,2.9776
7,decoder,breaks up,859813,1,1.0,12.1828
7,decoder,summing up,588967,1,0.9995,7.6748
7,decoder,summing up,588967,1,1.0,11.0073
7,decoder,summing up,588967,1,1.0,9.987
7,decoder,summing up,588967,1,1.0,13.7086
7,decoder,summing up,588967,1,0.9998,8.2947
7,decoder,summing up,588967,1,1.0,15.8068
7,decoder,summing up,588967,1,1.0,13.431
7,decoder,summing up,588967,1,1.0,11.2906
7,decoder,summing up,588967,1,1.0,11.4298
7,decoder,summing up,588967,1,1.0,10.5079
7,decoder,summing up,588967,1,1.0,12.0379
7,decoder,summing up,588967,1,0.9998,8.7989
7,decoder,summing up,588967,1,1.0,11.0833
7,decoder,summing up,588967,1,1.0,13.1649
7,decoder,summing up,588967,1,0.9998,8.4857
7,decoder,summing up,588967,1,0.9998,8.6997
7,decoder,summing up,588967,1,0.9999,9.3835
7,decoder,summing up,588967,1,1.0,11.0339
7,decoder,summing up,588967,1,1.0,9.9655
7,decoder,summing up,588967,1,1.0,11.3639
7,decoder,shooting up,467595,1,1.0,13.4292
7,decoder,shooting up,467595,1,1.0,11.0116
7,decoder,shooting up,467595,1,1.0,16.8571
7,decoder,shooting up,467595,1,1.0,12.9172
7,decoder,shooting up,467595,1,1.0,15.3486
7,decoder,shooting up,467595,1,1.0,17.6342
7,decoder,shooting up,467595,1,1.0,11.5892
7,decoder,shooting up,467595,1,0.9928,4.9234
7,decoder,shooting up,467595,1,1.0,14.8925
7,decoder,shooting up,467595,1,0.984,4.1171
7,decoder,shooting up,467595,1,1.0,12.6382
7,decoder,shooting up,467595,1,1.0,11.411
7,decoder,shooting up,467595,1,1.0,12.8857
7,decoder,shooting up,467595,1,1.0,11.9177
7,decoder,shooting up,467595,1,0.9988,6.7557
7,decoder,shooting up,467595,1,0.9998,8.3278
7,decoder,shooting up,467595,1,1.0,11.8608
7,decoder,shooting up,467595,1,0.9999,9.3626
7,decoder,shooting up,467595,1,0.9999,9.4691
7,decoder,shooting up,467595,1,0.989,4.4994
7,decoder,carried up,169101,1,0.9949,5.2756
7,decoder,carried up,169101,1,0.9997,8.1533
7,decoder,carried up,169101,1,0.9998,8.5836
7,decoder,carried up,169101,1,0.9996,7.7142
7,decoder,carried up,169101,1,1.0,12.9035
7,decoder,carried up,169101,1,0.9989,6.8166
7,decoder,carried up,169101,1,1.0,13.976
7,decoder,carried up,169101,1,1.0,10.4857
7,decoder,carried up,169101,1,1.0,11.0688
7,decoder,carried up,169101,1,0.9999,9.2605
7,decoder,carried up,169101,1,1.0,11.6281
7,decoder,carried up,169101,1,0.9951,5.31
7,decoder,carried up,169101,1,1.0,12.8342
7,decoder,carried up,169101,1,1.0,9.9337
7,decoder,carried up,169101,1,0.9978,6.1358
7,decoder,carried up,169101,1,0.9937,5.0664
7,decoder,carried up,169101,1,1.0,14.1937
7,decoder,carried up,169101,1,0.9996,7.7204
7,decoder,carried up,169101,1,1.0,16.0465
7,decoder,carried up,169101,1,0.999,6.9367
7,decoder,beating up,568880,1,0.9999,8.8347
7,decoder,beating up,568880,1,0.9999,9.8911
7,decoder,beating up,568880,1,0.9958,5.4646
7,decoder,beating up,568880,1,1.0,11.0409
7,decoder,beating up,568880,1,0.9998,8.5417
7,decoder,beating up,568880,1,0.9985,6.4975
7,decoder,beating up,568880,1,0.9995,7.6259
7,decoder,beating up,568880,1,0.9997,8.1762
7,decoder,beating up,568880,1,0.9999,9.7355
7,decoder,beating up,568880,1,0.9994,7.4605
7,decoder,beating up,568880,1,0.9998,8.7859
7,decoder,beating up,568880,1,0.9999,8.8566
7,decoder,beating up,568880,1,1.0,10.316
7,decoder,beating up,568880,1,1.0,11.0537
7,decoder,beating up,568880,1,1.0,12.5803
7,decoder,beating up,568880,1,0.9985,6.469
7,decoder,beating up,568880,1,1.0,11.4298
7,decoder,beating up,568880,1,1.0,10.1167
7,decoder,beating up,568880,1,0.9999,9.6185
7,decoder,beating up,568880,1,1.0,12.6487
7,decoder,staring up,289679,1,1.0,10.5887
7,decoder,staring up,289679,1,0.9998,8.693
7,decoder,staring up,289679,1,1.0,11.7745
7,decoder,staring up,289679,1,1.0,10.0708
7,decoder,staring up,289679,1,1.0,10.2619
7,decoder,staring up,289679,1,1.0,11.6376
7,decoder,staring up,289679,1,1.0,10.3085
7,decoder,staring up,289679,1,1.0,10.261
7,decoder,staring up,289679,1,0.9999,9.2019
7,decoder,staring up,289679,1,1.0,13.3934
7,decoder,staring up,289679,1,0.9998,8.6947
7,decoder,staring up,289679,1,1.0,11.9919
7,decoder,staring up,289679,1,1.0,12.052
7,decoder,staring up,289679,1,0.9998,8.6677
7,decoder,staring up,289679,1,0.9941,5.1196
7,decoder,staring up,289679,1,1.0,11.5683
7,decoder,staring up,289679,1,1.0,15.0959
7,decoder,staring up,289679,1,0.9999,9.6908
7,decoder,staring up,289679,1,1.0,10.2913
7,decoder,staring up,289679,1,0.9998,8.7369
7,decoder,passed up,466902,1,0.9999,9.6692
7,decoder,passed up,466902,1,0.9847,4.1647
7,decoder,passed up,466902,1,0.9997,8.1744
7,decoder,passed up,466902,1,0.9994,7.3993
7,decoder,passed up,466902,1,1.0,10.1348
7,decoder,passed up,466902,1,0.9994,7.4127
7,decoder,passed up,466902,1,0.9997,8.277
7,decoder,passed up,466902,1,1.0,11.3641
7,decoder,passed up,466902,1,1.0,11.0759
7,decoder,passed up,466902,1,0.9982,6.3413
7,decoder,passed up,466902,1,0.9973,5.9067
7,decoder,passed up,466902,1,0.9419,2.7862
7,decoder,passed up,466902,1,0.9974,5.9567
7,decoder,passed up,466902,1,0.9988,6.7092
7,decoder,passed up,466902,1,1.0,11.6718
7,decoder,passed up,466902,1,0.9999,9.5685
7,decoder,passed up,466902,1,1.0,10.9363
7,decoder,passed up,466902,1,0.9996,7.9037
7,decoder,passed up,466902,1,1.0,10.0435
7,decoder,passed up,466902,1,0.9995,7.6607
7,decoder,using up,1208460,1,0.9996,7.7462
7,decoder,using up,1208460,1,1.0,20.2653
7,decoder,using up,1208460,1,1.0,12.7993
7,decoder,using up,1208460,1,1.0,13.3096
7,decoder,using up,1208460,1,1.0,13.8126
7,decoder,using up,1208460,1,1.0,12.1075
7,decoder,using up,1208460,1,1.0,17.388
7,decoder,using up,1208460,1,1.0,10.0158
7,decoder,using up,1208460,1,1.0,16.0264
7,decoder,using up,1208460,1,1.0,10.8926
7,decoder,using up,1208460,1,1.0,17.3787
7,decoder,using up,1208460,1,1.0,18.0052
7,decoder,using up,1208460,1,0.9999,9.084
7,decoder,using up,1208460,1,1.0,15.882
7,decoder,using up,1208460,1,1.0,10.19
7,decoder,using up,1208460,1,1.0,10.4006
7,decoder,using up,1208460,1,0.9994,7.3884
7,decoder,using up,1208460,1,1.0,19.0671
7,decoder,using up,1208460,1,1.0,14.9982
7,decoder,using up,1208460,1,1.0,17.3984
7,decoder,shoot up,706204,1,0.9873,4.3544
7,decoder,shoot up,706204,1,0.9976,6.0269
7,decoder,shoot up,706204,1,0.9999,9.4769
7,decoder,shoot up,706204,1,1.0,13.0197
7,decoder,shoot up,706204,1,1.0,11.9766
7,decoder,shoot up,706204,1,1.0,12.5071
7,decoder,shoot up,706204,1,0.9998,8.684
7,decoder,shoot up,706204,1,0.9999,8.9439
7,decoder,shoot up,706204,1,1.0,9.9886
7,decoder,shoot up,706204,1,0.9992,7.1438
7,decoder,shoot up,706204,1,1.0,10.1247
7,decoder,shoot up,706204,1,1.0,11.3979
7,decoder,shoot up,706204,1,1.0,16.7044
7,decoder,shoot up,706204,1,0.9999,8.9824
7,decoder,shoot up,706204,1,1.0,15.4347
7,decoder,shoot up,706204,1,0.9998,8.782
7,decoder,shoot up,706204,1,1.0,12.6285
7,decoder,shoot up,706204,1,0.9999,9.7602
7,decoder,shoot up,706204,1,1.0,12.1129
7,decoder,shoot up,706204,1,0.9754,3.679
7,decoder,hooking up,1241878,1,0.998,6.2263
7,decoder,hooking up,1241878,1,1.0,14.0188
7,decoder,hooking up,1241878,1,0.9996,7.8739
7,decoder,hooking up,1241878,1,1.0,13.9031
7,decoder,hooking up,1241878,1,1.0,10.3077
7,decoder,hooking up,1241878,1,1.0,15.762
7,decoder,hooking up,1241878,1,1.0,13.5885
7,decoder,hooking up,1241878,1,0.9999,9.4941
7,decoder,hooking up,1241878,1,0.9997,8.1081
7,decoder,hooking up,1241878,1,1.0,10.7986
7,decoder,hooking up,1241878,1,0.9959,5.4972
7,decoder,hooking up,1241878,1,0.9758,3.696
7,decoder,hooking up,1241878,1,0.9999,9.7422
7,decoder,hooking up,1241878,1,0.9997,8.0378
7,decoder,hooking up,1241878,1,0.9959,5.5026
7,decoder,hooking up,1241878,1,1.0,12.5151
7,decoder,hooking up,1241878,1,0.9995,7.6199
7,decoder,hooking up,1241878,1,0.9999,9.2723
7,decoder,hooking up,1241878,1,0.9973,5.9082
7,decoder,hooking up,1241878,1,0.9951,5.318
7,decoder,fire up,1300522,1,1.0,15.3724
7,decoder,fire up,1300522,1,0.9997,8.0631
7,decoder,fire up,1300522,1,1.0,15.862
7,decoder,fire up,1300522,1,1.0,10.8545
7,decoder,fire up,1300522,1,1.0,13.1921
7,decoder,fire up,1300522,1,1.0,10.3675
7,decoder,fire up,1300522,1,1.0,12.4851
7,decoder,fire up,1300522,1,1.0,15.2117
7,decoder,fire up,1300522,1,1.0,13.4587
7,decoder,fire up,1300522,1,1.0,11.2346
7,decoder,fire up,1300522,1,1.0,13.812
7,decoder,fire up,1300522,1,1.0,12.7628
7,decoder,fire up,1300522,1,1.0,12.868
7,decoder,fire up,1300522,1,0.9998,8.4732
7,decoder,fire up,1300522,1,1.0,12.091
7,decoder,fire up,1300522,1,1.0,15.1403
7,decoder,fire up,1300522,1,0.9992,7.1575
7,decoder,fire up,1300522,1,1.0,17.3583
7,decoder,fire up,1300522,1,1.0,16.0482
7,decoder,fire up,1300522,1,0.9999,9.6229
7,decoder,wrote up,414307,1,1.0,13.8442
7,decoder,wrote up,414307,1,0.9775,3.7733
7,decoder,wrote up,414307,1,1.0,15.4414
7,decoder,wrote up,414307,1,0.9996,7.9546
7,decoder,wrote up,414307,1,0.9999,9.4006
7,decoder,wrote up,414307,1,1.0,10.3485
7,decoder,wrote up,414307,1,0.9999,9.4251
7,decoder,wrote up,414307,1,0.9993,7.3114
7,decoder,wrote up,414307,1,0.9995,7.6742
7,decoder,wrote up,414307,1,0.9993,7.2454
7,decoder,wrote up,414307,1,1.0,11.3008
7,decoder,wrote up,414307,1,0.9998,8.3146
7,decoder,wrote up,414307,1,1.0,11.5494
7,decoder,wrote up,414307,1,1.0,11.1046
7,decoder,wrote up,414307,1,0.9998,8.7152
7,decoder,wrote up,414307,1,1.0,10.3357
7,decoder,wrote up,414307,1,1.0,11.2587
7,decoder,wrote up,414307,1,1.0,11.3664
7,decoder,wrote up,414307,1,0.9999,9.0079
7,decoder,wrote up,414307,1,0.9996,7.8644
7,decoder,calling up,321160,1,0.9998,8.4847
7,decoder,calling up,321160,1,1.0,9.9829
7,decoder,calling up,321160,1,0.9995,7.5307
7,decoder,calling up,321160,1,1.0,12.4185
7,decoder,calling up,321160,1,1.0,11.164
7,decoder,calling up,321160,1,1.0,14.9677
7,decoder,calling up,321160,1,1.0,12.2041
7,decoder,calling up,321160,1,1.0,12.2476
7,decoder,calling up,321160,1,1.0,11.0392
7,decoder,calling up,321160,1,1.0,15.1389
7,decoder,calling up,321160,1,1.0,10.3294
7,decoder,calling up,321160,1,1.0,10.8107
7,decoder,calling up,321160,1,1.0,10.3426
7,decoder,calling up,321160,1,1.0,15.6496
7,decoder,calling up,321160,1,1.0,13.1255
7,decoder,calling up,321160,1,1.0,13.7048
7,decoder,calling up,321160,1,1.0,16.3361
7,decoder,calling up,321160,1,1.0,18.5124
7,decoder,calling up,321160,1,1.0,10.5756
7,decoder,calling up,321160,1,1.0,11.7394
7,decoder,puts up,738207,1,0.9993,7.2403
7,decoder,puts up,738207,1,0.9999,8.8638
7,decoder,puts up,738207,1,1.0,13.8676
7,decoder,puts up,738207,1,0.9999,9.8984
7,decoder,puts up,738207,1,1.0,12.3453
7,decoder,puts up,738207,1,1.0,10.1889
7,decoder,puts up,738207,1,1.0,9.9475
7,decoder,puts up,738207,1,0.9995,7.6364
7,decoder,puts up,738207,1,1.0,10.0668
7,decoder,puts up,738207,1,0.9998,8.3824
7,decoder,puts up,738207,1,0.9999,9.037
7,decoder,puts up,738207,1,0.9999,9.8764
7,decoder,puts up,738207,1,1.0,13.8598
7,decoder,puts up,738207,1,0.999,6.9167
7,decoder,puts up,738207,1,1.0,10.064
7,decoder,puts up,738207,1,0.9999,9.1421
7,decoder,puts up,738207,1,1.0,12.0337
7,decoder,puts up,738207,1,0.9991,6.9753
7,decoder,puts up,738207,1,0.9999,9.2704
7,decoder,puts up,738207,1,0.9997,8.0794
7,decoder,divide up,333120,1,1.0,14.1122
7,decoder,divide up,333120,1,0.9999,9.1464
7,decoder,divide up,333120,1,0.9997,8.0845
7,decoder,divide up,333120,1,1.0,13.7009
7,decoder,divide up,333120,1,1.0,10.0544
7,decoder,divide up,333120,1,0.9955,5.3977
7,decoder,divide up,333120,1,1.0,11.8611
7,decoder,divide up,333120,1,0.9836,4.0925
7,decoder,divide up,333120,1,1.0,14.3875
7,decoder,divide up,333120,1,0.9997,8.1991
7,decoder,divide up,333120,1,1.0,15.7502
7,decoder,divide up,333120,1,1.0,15.4437
7,decoder,divide up,333120,1,0.988,4.4101
7,decoder,divide up,333120,1,0.999,6.8796
7,decoder,divide up,333120,1,0.9998,8.5329
7,decoder,divide up,333120,1,1.0,11.7407
7,decoder,divide up,333120,1,1.0,11.6985
7,decoder,divide up,333120,1,0.9975,5.9987
7,decoder,divide up,333120,1,1.0,12.1646
7,decoder,divide up,333120,1,1.0,9.923
7,decoder,scroll up,338593,1,0.9992,7.0873
7,decoder,scroll up,338593,1,0.9992,7.1609
7,decoder,scroll up,338593,1,0.9844,4.1439
7,decoder,scroll up,338593,1,1.0,12.4582
7,decoder,scroll up,338593,1,0.9998,8.3025
7,decoder,scroll up,338593,1,0.9973,5.9139
7,decoder,scroll up,338593,1,0.9999,9.6329
7,decoder,scroll up,338593,1,0.9903,4.627
7,decoder,scroll up,338593,1,1.0,13.9017
7,decoder,scroll up,338593,1,0.9813,3.9606
7,decoder,scroll up,338593,1,0.9999,9.6199
7,decoder,scroll up,338593,1,0.9998,8.7736
7,decoder,scroll up,338593,1,1.0,11.4302
7,decoder,scroll up,338593,1,0.9836,4.0967
7,decoder,scroll up,338593,1,0.9999,9.3484
7,decoder,scroll up,338593,1,0.9997,8.0676
7,decoder,scroll up,338593,1,0.9905,4.644
7,decoder,scroll up,338593,1,1.0,10.0735
7,decoder,scroll up,338593,1,1.0,11.5669
7,decoder,scroll up,338593,1,0.9998,8.4479
7,decoder,do up,0,1,1.0,18.1849
7,decoder,do up,0,1,1.0,18.3223
7,decoder,do up,0,1,1.0,10.0887
7,decoder,do up,0,1,1.0,14.0105
7,decoder,do up,0,1,1.0,16.0044
7,decoder,do up,0,1,1.0,16.0108
7,decoder,do up,0,1,1.0,18.9358
7,decoder,do up,0,1,1.0,13.1024
7,decoder,do up,0,1,1.0,17.2377
7,decoder,do up,0,1,1.0,10.3111
7,decoder,do up,0,1,1.0,10.6237
7,decoder,do up,0,1,1.0,19.782
7,decoder,do up,0,1,0.9999,9.7734
7,decoder,do up,0,1,1.0,10.1854
7,decoder,do up,0,1,1.0,16.3276
7,decoder,do up,0,1,1.0,16.2191
7,decoder,do up,0,1,1.0,16.2113
7,decoder,do up,0,1,1.0,14.6192
7,decoder,do up,0,1,1.0,10.5051
7,decoder,do up,0,1,1.0,12.6117
7,decoder,bought up,484157,1,1.0,11.4363
7,decoder,bought up,484157,1,0.9999,9.6511
7,decoder,bought up,484157,1,1.0,10.8974
7,decoder,bought up,484157,1,1.0,11.5139
7,decoder,bought up,484157,1,1.0,16.3845
7,decoder,bought up,484157,1,0.9999,9.0184
7,decoder,bought up,484157,1,1.0,10.3834
7,decoder,bought up,484157,1,1.0,15.1054
7,decoder,bought up,484157,1,1.0,11.5576
7,decoder,bought up,484157,1,0.9998,8.4066
7,decoder,bought up,484157,1,0.9995,7.6687
7,decoder,bought up,484157,1,1.0,16.7105
7,decoder,bought up,484157,1,0.9999,9.0062
7,decoder,bought up,484157,1,1.0,11.9322
7,decoder,bought up,484157,1,1.0,11.8269
7,decoder,bought up,484157,1,1.0,9.9041
7,decoder,bought up,484157,1,1.0,12.1583
7,decoder,bought up,484157,1,0.9999,9.3705
7,decoder,bought up,484157,1,0.997,5.8156
7,decoder,bought up,484157,1,0.9942,5.138
7,decoder,doing up,288507,1,1.0,21.2691
7,decoder,doing up,288507,1,1.0,16.5774
7,decoder,doing up,288507,1,1.0,10.4324
7,decoder,doing up,288507,1,1.0,17.4887
7,decoder,doing up,288507,1,1.0,11.6616
7,decoder,doing up,288507,1,1.0,20.1678
7,decoder,doing up,288507,1,1.0,16.8004
7,decoder,doing up,288507,1,1.0,13.3277
7,decoder,doing up,288507,1,1.0,10.01
7,decoder,doing up,288507,1,1.0,13.7098
7,decoder,doing up,288507,1,1.0,21.4324
7,decoder,doing up,288507,1,1.0,19.2062
7,decoder,doing up,288507,1,1.0,13.8534
7,decoder,doing up,288507,1,1.0,14.7839
7,decoder,doing up,288507,1,1.0,17.3745
7,decoder,doing up,288507,1,1.0,19.0121
7,decoder,doing up,288507,1,1.0,17.3422
7,decoder,doing up,288507,1,0.9998,8.6764
7,decoder,doing up,288507,1,1.0,16.492
7,decoder,doing up,288507,1,1.0,18.233
7,decoder,heaped up,44711,1,0.9978,6.1186
7,decoder,heaped up,44711,1,0.9996,7.7569
7,decoder,heaped up,44711,1,0.9428,2.8019
7,decoder,heaped up,44711,1,0.9997,8.1753
7,decoder,heaped up,44711,1,1.0,11.2542
7,decoder,heaped up,44711,1,0.9453,2.8494
7,decoder,heaped up,44711,1,0.9921,4.8356
7,decoder,heaped up,44711,1,1.0,10.2363
7,decoder,heaped up,44711,1,1.0,11.7736
7,decoder,heaped up,44711,1,1.0,11.1636
7,decoder,heaped up,44711,1,0.9999,9.7758
7,decoder,heaped up,44711,1,0.9999,9.3449
7,decoder,heaped up,44711,1,0.9996,7.9228
7,decoder,heaped up,44711,1,0.9998,8.6605
7,decoder,heaped up,44711,1,0.9991,6.9704
7,decoder,heaped up,44711,1,0.999,6.8903
7,decoder,heaped up,44711,1,0.9999,9.5772
7,decoder,heaped up,44711,1,0.9976,6.0329
7,decoder,heaped up,44711,1,1.0,10.9067
7,decoder,heaped up,44711,1,1.0,12.7745
7,decoder,sped up,939021,1,1.0,11.0121
7,decoder,sped up,939021,1,1.0,10.5718
7,decoder,sped up,939021,1,1.0,12.374
7,decoder,sped up,939021,1,0.9998,8.7073
7,decoder,sped up,939021,1,1.0,10.3648
7,decoder,sped up,939021,1,0.9991,6.9735
7,decoder,sped up,939021,1,1.0,16.2421
7,decoder,sped up,939021,1,1.0,11.1702
7,decoder,sped up,939021,1,1.0,10.3347
7,decoder,sped up,939021,1,0.9998,8.3418
7,decoder,sped up,939021,1,0.9999,9.8437
7,decoder,sped up,939021,1,0.9977,6.0708
7,decoder,sped up,939021,1,1.0,14.4927
7,decoder,sped up,939021,1,1.0,11.9177
7,decoder,sped up,939021,1,1.0,11.5061
7,decoder,sped up,939021,1,0.9994,7.3542
7,decoder,sped up,939021,1,1.0,12.8499
7,decoder,sped up,939021,1,1.0,16.3501
7,decoder,sped up,939021,1,0.999,6.9279
7,decoder,sped up,939021,1,1.0,19.2349
7,decoder,rises up,463320,1,0.9939,5.0885
7,decoder,rises up,463320,1,1.0,10.3255
7,decoder,rises up,463320,1,1.0,11.8511
7,decoder,rises up,463320,1,0.9999,9.0579
7,decoder,rises up,463320,1,0.9998,8.3355
7,decoder,rises up,463320,1,0.9997,8.2786
7,decoder,rises up,463320,1,0.9995,7.6354
7,decoder,rises up,463320,1,0.9999,9.4907
7,decoder,rises up,463320,1,1.0,11.6891
7,decoder,rises up,463320,1,0.9997,7.9952
7,decoder,rises up,463320,1,0.9999,9.3749
7,decoder,rises up,463320,1,1.0,12.6857
7,decoder,rises up,463320,1,0.9513,2.9725
7,decoder,rises up,463320,1,1.0,10.002
7,decoder,rises up,463320,1,0.9999,9.7951
7,decoder,rises up,463320,1,0.9938,5.0838
7,decoder,rises up,463320,1,1.0,13.2558
7,decoder,rises up,463320,1,1.0,11.7383
7,decoder,rises up,463320,1,0.9948,5.2571
7,decoder,rises up,463320,1,0.9999,9.3596
7,decoder,fly up,412024,1,1.0,11.0576
7,decoder,fly up,412024,1,1.0,12.6909
7,decoder,fly up,412024,1,0.9999,9.1443
7,decoder,fly up,412024,1,1.0,16.7694
7,decoder,fly up,412024,1,0.9989,6.8074
7,decoder,fly up,412024,1,0.9999,8.8574
7,decoder,fly up,412024,1,0.9999,8.8483
7,decoder,fly up,412024,1,0.9999,9.3361
7,decoder,fly up,412024,1,0.9999,8.9838
7,decoder,fly up,412024,1,0.9999,9.8066
7,decoder,fly up,412024,1,1.0,11.4553
7,decoder,fly up,412024,1,1.0,11.2785
7,decoder,fly up,412024,1,1.0,13.8744
7,decoder,fly up,412024,1,1.0,13.4578
7,decoder,fly up,412024,1,0.9974,5.9485
7,decoder,fly up,412024,1,1.0,11.2054
7,decoder,fly up,412024,1,1.0,10.8247
7,decoder,fly up,412024,1,1.0,16.8814
7,decoder,fly up,412024,1,0.9999,8.8347
7,decoder,fly up,412024,1,1.0,11.7005
7,decoder,fills up,799982,1,0.9999,9.3582
7,decoder,fills up,799982,1,1.0,10.5747
7,decoder,fills up,799982,1,0.9961,5.535
7,decoder,fills up,799982,1,1.0,10.378
7,decoder,fills up,799982,1,0.9999,9.6471
7,decoder,fills up,799982,1,0.9999,9.8328
7,decoder,fills up,799982,1,0.9996,7.7778
7,decoder,fills up,799982,1,1.0,14.3618
7,decoder,fills up,799982,1,1.0,10.537
7,decoder,fills up,799982,1,0.9999,9.2691
7,decoder,fills up,799982,1,0.9972,5.8695
7,decoder,fills up,799982,1,0.9998,8.6876
7,decoder,fills up,799982,1,1.0,10.3775
7,decoder,fills up,799982,1,0.9989,6.8335
7,decoder,fills up,799982,1,0.9999,9.5948
7,decoder,fills up,799982,1,0.9999,9.7909
7,decoder,fills up,799982,1,0.9999,9.5154
7,decoder,fills up,799982,1,0.9999,9.1539
7,decoder,fills up,799982,1,1.0,11.8216
7,decoder,fills up,799982,1,1.0,10.3872
7,decoder,sending up,158993,1,0.9999,8.8639
7,decoder,sending up,158993,1,1.0,10.6225
7,decoder,sending up,158993,1,0.9999,9.5682
7,decoder,sending up,158993,1,1.0,11.3202
7,decoder,sending up,158993,1,0.952,2.987
7,decoder,sending up,158993,1,0.9985,6.4851
7,decoder,sending up,158993,1,1.0,10.1319
7,decoder,sending up,158993,1,0.9994,7.4126
7,decoder,sending up,158993,1,1.0,12.0
7,decoder,sending up,158993,1,0.9896,4.5559
7,decoder,sending up,158993,1,1.0,16.6463
7,decoder,sending up,158993,1,1.0,11.0189
7,decoder,sending up,158993,1,0.9966,5.6935
7,decoder,sending up,158993,1,0.9996,7.8576
7,decoder,sending up,158993,1,1.0,14.1288
7,decoder,sending up,158993,1,0.9999,9.4321
7,decoder,sending up,158993,1,0.9987,6.668
7,decoder,sending up,158993,1,1.0,15.9776
7,decoder,sending up,158993,1,1.0,11.6737
7,decoder,sending up,158993,1,1.0,10.3447
7,decoder,shore up,1196797,1,0.9999,9.2821
7,decoder,shore up,1196797,1,1.0,12.6413
7,decoder,shore up,1196797,1,1.0,12.6684
7,decoder,shore up,1196797,1,1.0,13.2418
7,decoder,shore up,1196797,1,1.0,11.4582
7,decoder,shore up,1196797,1,1.0,14.5559
7,decoder,shore up,1196797,1,1.0,14.3427
7,decoder,shore up,1196797,1,1.0,13.0656
7,decoder,shore up,1196797,1,0.9999,9.1445
7,decoder,shore up,1196797,1,1.0,12.3841
7,decoder,shore up,1196797,1,1.0,11.7633
7,decoder,shore up,1196797,1,1.0,10.3744
7,decoder,shore up,1196797,1,1.0,10.905
7,decoder,shore up,1196797,1,1.0,13.211
7,decoder,shore up,1196797,1,1.0,14.503
7,decoder,shore up,1196797,1,1.0,12.6075
7,decoder,shore up,1196797,1,0.9983,6.3996
7,decoder,shore up,1196797,1,1.0,10.4858
7,decoder,shore up,1196797,1,0.9997,8.252
7,decoder,shore up,1196797,1,1.0,13.4807
7,decoder,choked up,339996,1,0.9152,2.3788
7,decoder,choked up,339996,1,0.9766,3.7297
7,decoder,choked up,339996,1,0.9764,3.7235
7,decoder,choked up,339996,1,0.996,5.5067
7,decoder,choked up,339996,1,0.9949,5.2779
7,decoder,choked up,339996,1,0.9451,2.845
7,decoder,choked up,339996,1,0.9425,2.7963
7,decoder,choked up,339996,1,1.0,11.6604
7,decoder,choked up,339996,1,1.0,10.1417
7,decoder,choked up,339996,1,0.9348,2.6635
7,decoder,choked up,339996,1,1.0,11.5539
7,decoder,choked up,339996,0,0.0903,-2.3095
7,decoder,choked up,339996,1,0.9026,2.2265
7,decoder,choked up,339996,1,1.0,10.1342
7,decoder,choked up,339996,1,0.9718,3.5398
7,decoder,choked up,339996,1,0.9999,9.0256
7,decoder,choked up,339996,1,1.0,13.9329
7,decoder,choked up,339996,1,0.9999,9.048
7,decoder,choked up,339996,1,0.9999,8.9831
7,decoder,choked up,339996,1,0.9997,8.1436
7,decoder,scrambled up,107042,1,1.0,10.1
7,decoder,scrambled up,107042,1,1.0,15.5823
7,decoder,scrambled up,107042,1,0.9999,9.3435
7,decoder,scrambled up,107042,1,1.0,11.7219
7,decoder,scrambled up,107042,1,1.0,11.0797
7,decoder,scrambled up,107042,1,1.0,9.9253
7,decoder,scrambled up,107042,1,1.0,11.5038
7,decoder,scrambled up,107042,1,1.0,13.9141
7,decoder,scrambled up,107042,1,0.9997,8.0007
7,decoder,scrambled up,107042,1,0.999,6.8925
7,decoder,scrambled up,107042,1,0.9998,8.6241
7,decoder,scrambled up,107042,1,0.9998,8.4602
7,decoder,scrambled up,107042,1,1.0,15.7411
7,decoder,scrambled up,107042,1,1.0,13.2369
7,decoder,scrambled up,107042,1,0.9999,9.2309
7,decoder,scrambled up,107042,1,1.0,14.4043
7,decoder,scrambled up,107042,1,0.9998,8.4526
7,decoder,scrambled up,107042,1,0.9887,4.4677
7,decoder,scrambled up,107042,1,0.9999,8.886
7,decoder,scrambled up,107042,1,1.0,15.6547
7,decoder,had up,0,1,1.0,12.1111
7,decoder,had up,0,1,0.9999,9.6234
7,decoder,had up,0,1,1.0,10.9014
7,decoder,had up,0,1,1.0,18.6377
7,decoder,had up,0,1,1.0,13.9504
7,decoder,had up,0,1,1.0,12.2247
7,decoder,had up,0,1,1.0,11.3072
7,decoder,had up,0,1,0.9998,8.3578
7,decoder,had up,0,1,1.0,12.7896
7,decoder,had up,0,1,0.9999,9.4758
7,decoder,had up,0,1,1.0,12.9171
7,decoder,had up,0,1,0.9996,7.7661
7,decoder,had up,0,1,1.0,11.8904
7,decoder,had up,0,1,1.0,9.9766
7,decoder,had up,0,1,1.0,16.7058
7,decoder,had up,0,1,1.0,13.8761
7,decoder,had up,0,1,1.0,10.5781
7,decoder,had up,0,1,1.0,13.7941
7,decoder,had up,0,1,1.0,15.6412
7,decoder,had up,0,1,1.0,10.0701
7,decoder,crop up,1087489,1,0.9979,6.183
7,decoder,crop up,1087489,1,0.9939,5.0997
7,decoder,crop up,1087489,1,0.999,6.8711
7,decoder,crop up,1087489,1,1.0,10.1394
7,decoder,crop up,1087489,1,0.9999,8.8524
7,decoder,crop up,1087489,1,0.99,4.5965
7,decoder,crop up,1087489,1,0.9657,3.3391
7,decoder,crop up,1087489,1,0.9994,7.4706
7,decoder,crop up,1087489,1,0.9995,7.6579
7,decoder,crop up,1087489,1,0.9442,2.8287
7,decoder,crop up,1087489,1,0.6559,0.6452
7,decoder,crop up,1087489,1,0.7465,1.0799
7,decoder,crop up,1087489,1,1.0,12.5817
7,decoder,crop up,1087489,1,0.9696,3.4628
7,decoder,crop up,1087489,1,0.9999,9.0287
7,decoder,crop up,1087489,1,0.9888,4.4815
7,decoder,crop up,1087489,1,0.9958,5.4632
7,decoder,crop up,1087489,1,0.9909,4.6953
7,decoder,crop up,1087489,1,0.9991,7.0451
7,decoder,crop up,1087489,1,0.9995,7.6027
7,decoder,stored up,252663,1,1.0,10.8078
7,decoder,stored up,252663,1,0.9993,7.2548
7,decoder,stored up,252663,1,0.9999,9.4568
7,decoder,stored up,252663,1,0.9944,5.1757
7,decoder,stored up,252663,1,0.9985,6.4737
7,decoder,stored up,252663,1,0.9997,8.292
7,decoder,stored up,252663,1,0.9997,8.0936
7,decoder,stored up,252663,1,1.0,11.5149
7,decoder,stored up,252663,1,1.0,11.1037
7,decoder,stored up,252663,1,0.9975,5.998
7,decoder,stored up,252663,1,0.9999,9.8029
7,decoder,stored up,252663,1,0.986,4.2548
7,decoder,stored up,252663,1,0.9727,3.5749
7,decoder,stored up,252663,1,1.0,10.2491
7,decoder,stored up,252663,1,1.0,11.1206
7,decoder,stored up,252663,1,0.9993,7.3073
7,decoder,stored up,252663,1,0.9993,7.1948
7,decoder,stored up,252663,1,1.0,12.7858
7,decoder,stored up,252663,1,1.0,15.7086
7,decoder,stored up,252663,1,0.9789,3.8354
7,decoder,team up,3077511,1,0.9996,7.7974
7,decoder,team up,3077511,1,0.9991,7.0567
7,decoder,team up,3077511,1,1.0,13.8616
7,decoder,team up,3077511,1,1.0,10.0138
7,decoder,team up,3077511,1,0.9987,6.6244
7,decoder,team up,3077511,1,1.0,13.3799
7,decoder,team up,3077511,1,0.9999,8.997
7,decoder,team up,3077511,1,0.9999,8.9721
7,decoder,team up,3077511,1,0.9999,8.9236
7,decoder,team up,3077511,1,0.9999,9.4013
7,decoder,team up,3077511,1,1.0,12.0873
7,decoder,team up,3077511,1,1.0,10.9517
7,decoder,team up,3077511,1,1.0,14.4671
7,decoder,team up,3077511,1,1.0,13.1256
7,decoder,team up,3077511,1,1.0,15.7209
7,decoder,team up,3077511,1,1.0,13.7069
7,decoder,team up,3077511,1,0.9929,4.9441
7,decoder,team up,3077511,1,1.0,12.8441
7,decoder,team up,3077511,1,1.0,12.4201
7,decoder,team up,3077511,1,1.0,12.2413
7,decoder,suck up,0,1,1.0,14.6776
7,decoder,suck up,0,1,1.0,13.8219
7,decoder,suck up,0,1,0.9999,9.538
7,decoder,suck up,0,1,0.9993,7.2888
7,decoder,suck up,0,1,0.9999,9.899
7,decoder,suck up,0,1,1.0,11.5087
7,decoder,suck up,0,1,1.0,10.4545
7,decoder,suck up,0,1,1.0,13.7015
7,decoder,suck up,0,1,1.0,11.7955
7,decoder,suck up,0,1,1.0,10.7495
7,decoder,suck up,0,1,1.0,14.4649
7,decoder,suck up,0,1,1.0,11.812
7,decoder,suck up,0,1,1.0,11.7376
7,decoder,suck up,0,1,1.0,11.3111
7,decoder,suck up,0,1,1.0,10.4174
7,decoder,suck up,0,1,0.9999,9.3025
7,decoder,suck up,0,1,1.0,12.7603
7,decoder,suck up,0,1,0.9999,8.8647
7,decoder,suck up,0,1,0.9996,7.8497
7,decoder,suck up,0,1,0.9999,9.0739
7,decoder,calls up,210555,1,0.9998,8.7672
7,decoder,calls up,210555,1,1.0,10.6052
7,decoder,calls up,210555,1,1.0,11.3086
7,decoder,calls up,210555,1,0.9999,9.0679
7,decoder,calls up,210555,1,1.0,10.3402
7,decoder,calls up,210555,1,1.0,10.28
7,decoder,calls up,210555,1,0.9998,8.4373
7,decoder,calls up,210555,1,1.0,12.1877
7,decoder,calls up,210555,1,1.0,13.2778
7,decoder,calls up,210555,1,1.0,13.376
7,decoder,calls up,210555,1,0.9478,2.8985
7,decoder,calls up,210555,1,1.0,11.1728
7,decoder,calls up,210555,1,1.0,12.6525
7,decoder,calls up,210555,1,1.0,10.619
7,decoder,calls up,210555,1,1.0,10.5215
7,decoder,calls up,210555,1,0.9999,9.1717
7,decoder,calls up,210555,1,1.0,11.9985
7,decoder,calls up,210555,1,0.9999,9.6926
7,decoder,calls up,210555,1,1.0,10.5155
7,decoder,calls up,210555,1,1.0,10.7297
7,decoder,winding up,835638,1,1.0,11.5106
7,decoder,winding up,835638,1,0.9783,3.8073
7,decoder,winding up,835638,1,1.0,10.8171
7,decoder,winding up,835638,1,0.9982,6.3425
7,decoder,winding up,835638,1,0.992,4.8184
7,decoder,winding up,835638,1,0.9998,8.3149
7,decoder,winding up,835638,1,0.9993,7.3046
7,decoder,winding up,835638,1,0.9998,8.6208
7,decoder,winding up,835638,1,0.998,6.2204
7,decoder,winding up,835638,1,0.9968,5.7559
7,decoder,winding up,835638,1,0.9991,6.9594
7,decoder,winding up,835638,1,0.986,4.2547
7,decoder,winding up,835638,1,0.9998,8.4815
7,decoder,winding up,835638,1,1.0,12.352
7,decoder,winding up,835638,1,1.0,13.4918
7,decoder,winding up,835638,1,0.9494,2.9323
7,decoder,winding up,835638,1,0.9999,9.5057
7,decoder,winding up,835638,1,1.0,10.0418
7,decoder,winding up,835638,1,0.9999,9.3222
7,decoder,winding up,835638,1,1.0,10.521
7,decoder,delivered up,102510,1,1.0,15.9362
7,decoder,delivered up,102510,1,1.0,12.9038
7,decoder,delivered up,102510,1,0.9998,8.4973
7,decoder,delivered up,102510,1,1.0,13.7125
7,decoder,delivered up,102510,1,1.0,12.8829
7,decoder,delivered up,102510,1,1.0,11.2905
7,decoder,delivered up,102510,1,1.0,12.9948
7,decoder,delivered up,102510,1,0.9996,7.8767
7,decoder,delivered up,102510,1,1.0,17.9495
7,decoder,delivered up,102510,1,0.9979,6.1697
7,decoder,delivered up,102510,1,0.9999,9.5573
7,decoder,delivered up,102510,1,1.0,13.0492
7,decoder,delivered up,102510,1,1.0,14.67
7,decoder,delivered up,102510,1,1.0,10.0087
7,decoder,delivered up,102510,1,0.9996,7.8784
7,decoder,delivered up,102510,1,0.9849,4.175
7,decoder,delivered up,102510,1,1.0,12.7556
7,decoder,delivered up,102510,1,1.0,13.0165
7,decoder,delivered up,102510,1,1.0,14.1478
7,decoder,delivered up,102510,1,1.0,11.3506
7,decoder,gazing up,131385,1,0.9999,9.7847
7,decoder,gazing up,131385,1,0.9953,5.3528
7,decoder,gazing up,131385,1,1.0,10.1337
7,decoder,gazing up,131385,1,0.9998,8.5261
7,decoder,gazing up,131385,1,0.9823,4.0151
7,decoder,gazing up,131385,1,0.8048,1.4167
7,decoder,gazing up,131385,1,1.0,12.1915
7,decoder,gazing up,131385,1,0.9999,9.5074
7,decoder,gazing up,131385,1,1.0,10.8981
7,decoder,gazing up,131385,1,0.9985,6.4991
7,decoder,gazing up,131385,1,1.0,10.11
7,decoder,gazing up,131385,1,0.9999,9.0608
7,decoder,gazing up,131385,1,0.9999,9.4624
7,decoder,gazing up,131385,1,0.9996,7.7402
7,decoder,gazing up,131385,1,1.0,10.4411
7,decoder,gazing up,131385,1,0.9999,9.0024
7,decoder,gazing up,131385,1,0.9998,8.4741
7,decoder,gazing up,131385,1,1.0,12.2504
7,decoder,gazing up,131385,1,1.0,11.3141
7,decoder,gazing up,131385,1,0.9999,9.8568
7,decoder,dressing up,1570046,1,1.0,10.7998
7,decoder,dressing up,1570046,1,0.9823,4.0177
7,decoder,dressing up,1570046,1,0.9997,8.172
7,decoder,dressing up,1570046,1,0.9999,9.6825
7,decoder,dressing up,1570046,1,0.9922,4.8514
7,decoder,dressing up,1570046,1,1.0,10.1621
7,decoder,dressing up,1570046,1,0.9972,5.8777
7,decoder,dressing up,1570046,1,0.9841,4.1252
7,decoder,dressing up,1570046,1,1.0,10.5286
7,decoder,dressing up,1570046,1,1.0,12.387
7,decoder,dressing up,1570046,1,0.9388,2.7311
7,decoder,dressing up,1570046,1,0.9775,3.7728
7,decoder,dressing up,1570046,1,1.0,10.8069
7,decoder,dressing up,1570046,1,0.9901,4.6004
7,decoder,dressing up,1570046,1,0.9999,9.783
7,decoder,dressing up,1570046,1,0.9953,5.3465
7,decoder,dressing up,1570046,1,0.9999,9.7822
7,decoder,dressing up,1570046,1,0.9866,4.2965
7,decoder,dressing up,1570046,1,0.9998,8.2991
7,decoder,dressing up,1570046,1,1.0,10.1621
7,decoder,loomed up,29659,1,1.0,10.9408
7,decoder,loomed up,29659,1,0.7537,1.1184
7,decoder,loomed up,29659,1,0.9966,5.6909
7,decoder,loomed up,29659,1,1.0,10.8555
7,decoder,loomed up,29659,1,0.9981,6.2419
7,decoder,loomed up,29659,1,1.0,12.7863
7,decoder,loomed up,29659,1,1.0,12.0046
7,decoder,loomed up,29659,1,0.9998,8.666
7,decoder,loomed up,29659,1,1.0,11.1993
7,decoder,loomed up,29659,1,1.0,12.7206
7,decoder,loomed up,29659,1,1.0,10.077
7,decoder,loomed up,29659,1,0.9993,7.3259
7,decoder,loomed up,29659,1,0.9875,4.3714
7,decoder,loomed up,29659,1,0.9701,3.479
7,decoder,loomed up,29659,1,0.9997,7.9831
7,decoder,loomed up,29659,1,0.9947,5.2326
7,decoder,loomed up,29659,1,0.9965,5.6423
7,decoder,loomed up,29659,1,1.0,12.2808
7,decoder,loomed up,29659,1,1.0,11.425
7,decoder,loomed up,29659,1,0.9998,8.3476
7,decoder,glancing up,82756,1,0.9999,8.8423
7,decoder,glancing up,82756,1,0.9997,8.2531
7,decoder,glancing up,82756,1,0.9998,8.7966
7,decoder,glancing up,82756,1,1.0,9.9846
7,decoder,glancing up,82756,1,1.0,11.4713
7,decoder,glancing up,82756,1,1.0,11.303
7,decoder,glancing up,82756,1,0.9994,7.4057
7,decoder,glancing up,82756,1,0.9938,5.0749
7,decoder,glancing up,82756,1,0.9891,4.51
7,decoder,glancing up,82756,1,0.9999,8.8279
7,decoder,glancing up,82756,1,1.0,11.3896
7,decoder,glancing up,82756,1,0.9834,4.0791
7,decoder,glancing up,82756,1,0.9997,8.2757
7,decoder,glancing up,82756,1,1.0,13.4332
7,decoder,glancing up,82756,1,1.0,11.0661
7,decoder,glancing up,82756,1,1.0,10.0417
7,decoder,glancing up,82756,1,0.9998,8.3089
7,decoder,glancing up,82756,1,1.0,10.4148
7,decoder,glancing up,82756,1,1.0,11.0936
7,decoder,glancing up,82756,1,0.9998,8.304
7,decoder,creep up,510024,1,0.9901,4.6071
7,decoder,creep up,510024,1,1.0,12.1426
7,decoder,creep up,510024,1,0.9995,7.5237
7,decoder,creep up,510024,1,1.0,11.3077
7,decoder,creep up,510024,1,1.0,10.4097
7,decoder,creep up,510024,1,0.995,5.2889
7,decoder,creep up,510024,1,1.0,10.9542
7,decoder,creep up,510024,1,1.0,12.5538
7,decoder,creep up,510024,1,0.9942,5.1446
7,decoder,creep up,510024,1,0.9997,8.0579
7,decoder,creep up,510024,1,0.9906,4.6561
7,decoder,creep up,510024,1,0.9998,8.6014
7,decoder,creep up,510024,1,0.9999,8.8073
7,decoder,creep up,510024,1,0.9999,9.1206
7,decoder,creep up,510024,1,0.9999,9.6147
7,decoder,creep up,510024,1,0.9987,6.6544
7,decoder,creep up,510024,1,0.8293,1.5808
7,decoder,creep up,510024,1,1.0,12.085
7,decoder,creep up,510024,1,1.0,10.4376
7,decoder,creep up,510024,1,0.9967,5.7075
7,decoder,heading up,1056904,1,1.0,14.5809
7,decoder,heading up,1056904,1,1.0,14.5939
7,decoder,heading up,1056904,1,1.0,13.2572
7,decoder,heading up,1056904,1,1.0,15.1554
7,decoder,heading up,1056904,1,0.9999,9.0815
7,decoder,heading up,1056904,1,1.0,12.5754
7,decoder,heading up,1056904,1,0.9998,8.6181
7,decoder,heading up,1056904,1,1.0,11.5268
7,decoder,heading up,1056904,1,0.9999,9.2787
7,decoder,heading up,1056904,1,1.0,11.9099
7,decoder,heading up,1056904,1,1.0,13.0535
7,decoder,heading up,1056904,1,1.0,12.2354
7,decoder,heading up,1056904,1,1.0,11.9261
7,decoder,heading up,1056904,1,1.0,13.4221
7,decoder,heading up,1056904,1,1.0,13.897
7,decoder,heading up,1056904,1,1.0,14.4227
7,decoder,heading up,1056904,1,1.0,12.4732
7,decoder,heading up,1056904,1,1.0,14.7846
7,decoder,heading up,1056904,1,1.0,11.9005
7,decoder,heading up,1056904,1,1.0,14.2921
7,decoder,cast up,80657,1,0.9999,9.4006
7,decoder,cast up,80657,1,0.9998,8.5662
7,decoder,cast up,80657,1,0.999,6.955
7,decoder,cast up,80657,1,0.9998,8.685
7,decoder,cast up,80657,1,1.0,14.4195
7,decoder,cast up,80657,1,0.9997,8.2069
7,decoder,cast up,80657,1,0.9939,5.0954
7,decoder,cast up,80657,1,1.0,12.0735
7,decoder,cast up,80657,1,1.0,12.4991
7,decoder,cast up,80657,1,0.9999,9.7351
7,decoder,cast up,80657,1,1.0,13.4928
7,decoder,cast up,80657,1,0.9998,8.6833
7,decoder,cast up,80657,1,1.0,10.8071
7,decoder,cast up,80657,1,1.0,11.0303
7,decoder,cast up,80657,1,1.0,13.2228
7,decoder,cast up,80657,1,0.9994,7.3457
7,decoder,cast up,80657,1,1.0,14.4421
7,decoder,cast up,80657,1,0.9997,8.2335
7,decoder,cast up,80657,1,1.0,11.443
7,decoder,cast up,80657,1,0.9997,8.0016
7,decoder,linked up,681627,1,1.0,13.7036
7,decoder,linked up,681627,1,0.9999,9.4411
7,decoder,linked up,681627,1,0.9999,8.8931
7,decoder,linked up,681627,1,0.9993,7.2074
7,decoder,linked up,681627,1,0.9992,7.1186
7,decoder,linked up,681627,1,1.0,13.7561
7,decoder,linked up,681627,1,1.0,10.8708
7,decoder,linked up,681627,1,0.9999,9.3039
7,decoder,linked up,681627,1,0.9996,7.8839
7,decoder,linked up,681627,1,0.9999,9.0677
7,decoder,linked up,681627,1,1.0,18.7476
7,decoder,linked up,681627,1,0.9997,8.1197
7,decoder,linked up,681627,1,0.9994,7.4224
7,decoder,linked up,681627,1,1.0,12.9099
7,decoder,linked up,681627,1,1.0,11.4043
7,decoder,linked up,681627,1,1.0,11.0035
7,decoder,linked up,681627,1,0.9996,7.8128
7,decoder,linked up,681627,1,1.0,10.845
7,decoder,linked up,681627,1,1.0,10.1296
7,decoder,linked up,681627,1,0.9817,3.9846
7,decoder,holed up,568941,1,1.0,14.4873
7,decoder,holed up,568941,1,1.0,10.367
7,decoder,holed up,568941,1,0.9999,9.6058
7,decoder,holed up,568941,1,0.9999,9.5047
7,decoder,holed up,568941,1,0.999,6.9167
7,decoder,holed up,568941,1,0.9998,8.6888
7,decoder,holed up,568941,1,0.9997,8.1439
7,decoder,holed up,568941,1,0.998,6.1964
7,decoder,holed up,568941,1,0.9999,9.844
7,decoder,holed up,568941,1,0.9995,7.6265
7,decoder,holed up,568941,1,0.9998,8.3306
7,decoder,holed up,568941,1,0.9999,9.2078
7,decoder,holed up,568941,1,0.9999,9.3308
7,decoder,holed up,568941,1,1.0,13.1635
7,decoder,holed up,568941,1,1.0,11.2511
7,decoder,holed up,568941,1,1.0,10.2259
7,decoder,holed up,568941,1,1.0,12.4355
7,decoder,holed up,568941,1,0.9997,8.265
7,decoder,holed up,568941,1,0.9999,9.6233
7,decoder,holed up,568941,1,1.0,13.0793
7,decoder,lead up,1682993,1,1.0,14.2711
7,decoder,lead up,1682993,1,1.0,15.0291
7,decoder,lead up,1682993,1,1.0,15.4
7,decoder,lead up,1682993,1,1.0,16.6597
7,decoder,lead up,1682993,1,0.9992,7.1062
7,decoder,lead up,1682993,1,1.0,19.6009
7,decoder,lead up,1682993,1,1.0,17.9006
7,decoder,lead up,1682993,1,1.0,11.5072
7,decoder,lead up,1682993,1,1.0,14.7016
7,decoder,lead up,1682993,1,1.0,10.1585
7,decoder,lead up,1682993,1,1.0,9.987
7,decoder,lead up,1682993,1,0.9963,5.6041
7,decoder,lead up,1682993,1,1.0,12.2423
7,decoder,lead up,1682993,1,1.0,12.9765
7,decoder,lead up,1682993,1,1.0,10.8421
7,decoder,lead up,1682993,1,1.0,13.3463
7,decoder,lead up,1682993,1,1.0,13.1195
7,decoder,lead up,1682993,1,1.0,12.907
7,decoder,lead up,1682993,1,1.0,15.8521
7,decoder,lead up,1682993,1,1.0,13.9737
7,decoder,tore up,321522,1,1.0,9.9421
7,decoder,tore up,321522,1,0.9993,7.3364
7,decoder,tore up,321522,1,1.0,11.1027
7,decoder,tore up,321522,1,0.9999,8.8911
7,decoder,tore up,321522,1,0.9988,6.7306
7,decoder,tore up,321522,1,0.9994,7.352
7,decoder,tore up,321522,1,0.9999,9.7349
7,decoder,tore up,321522,1,1.0,11.8194
7,decoder,tore up,321522,1,1.0,11.7759
7,decoder,tore up,321522,1,0.9997,8.2789
7,decoder,tore up,321522,1,0.9999,9.5785
7,decoder,tore up,321522,1,1.0,10.736
7,decoder,tore up,321522,1,1.0,12.0572
7,decoder,tore up,321522,1,0.9999,8.8301
7,decoder,tore up,321522,1,0.9965,5.6578
7,decoder,tore up,321522,1,0.9993,7.2557
7,decoder,tore up,321522,1,0.9703,3.4881
7,decoder,tore up,321522,1,0.9997,8.0158
7,decoder,tore up,321522,1,0.9998,8.7342
7,decoder,tore up,321522,1,1.0,10.8007
7,decoder,kicked up,454600,1,0.9999,9.6967
7,decoder,kicked up,454600,1,0.9967,5.6969
7,decoder,kicked up,454600,1,0.992,4.8223
7,decoder,kicked up,454600,1,0.9997,8.1728
7,decoder,kicked up,454600,1,0.9993,7.3134
7,decoder,kicked up,454600,1,1.0,11.6962
7,decoder,kicked up,454600,1,0.9999,9.7919
7,decoder,kicked up,454600,1,0.9998,8.7036
7,decoder,kicked up,454600,1,0.9998,8.5071
7,decoder,kicked up,454600,1,0.9999,9.5841
7,decoder,kicked up,454600,1,1.0,12.1417
7,decoder,kicked up,454600,1,0.9997,8.0251
7,decoder,kicked up,454600,1,0.9999,9.8837
7,decoder,kicked up,454600,1,0.9998,8.4378
7,decoder,kicked up,454600,1,0.9999,8.911
7,decoder,kicked up,454600,1,0.9972,5.888
7,decoder,kicked up,454600,1,0.9929,4.9436
7,decoder,kicked up,454600,1,1.0,11.2935
7,decoder,kicked up,454600,1,0.9986,6.5848
7,decoder,kicked up,454600,1,0.9996,7.8686
7,decoder,doubled up,339512,1,0.813,1.4695
7,decoder,doubled up,339512,1,0.9999,9.6779
7,decoder,doubled up,339512,1,0.5333,0.1333
7,decoder,doubled up,339512,1,1.0,11.7481
7,decoder,doubled up,339512,1,0.9995,7.6497
7,decoder,doubled up,339512,1,0.9982,6.3448
7,decoder,doubled up,339512,1,0.9949,5.2699
7,decoder,doubled up,339512,1,0.9973,5.9243
7,decoder,doubled up,339512,1,0.9937,5.0662
7,decoder,doubled up,339512,1,0.8,1.3866
7,decoder,doubled up,339512,1,0.9988,6.6924
7,decoder,doubled up,339512,1,0.9664,3.36
7,decoder,doubled up,339512,1,0.9998,8.4849
7,decoder,doubled up,339512,1,1.0,12.0576
7,decoder,doubled up,339512,1,0.9998,8.3597
7,decoder,doubled up,339512,1,0.8352,1.6232
7,decoder,doubled up,339512,1,0.9993,7.2685
7,decoder,doubled up,339512,1,0.9999,9.1513
7,decoder,doubled up,339512,1,1.0,10.169
7,decoder,doubled up,339512,1,0.9323,2.6222
7,decoder,press up,124189,1,0.9999,9.3983
7,decoder,press up,124189,1,0.9992,7.0819
7,decoder,press up,124189,1,1.0,12.1725
7,decoder,press up,124189,1,0.9992,7.1527
7,decoder,press up,124189,1,0.9993,7.3193
7,decoder,press up,124189,1,0.9996,7.9357
7,decoder,press up,124189,1,0.9998,8.2996
7,decoder,press up,124189,1,1.0,12.4448
7,decoder,press up,124189,1,1.0,11.9449
7,decoder,press up,124189,1,0.9998,8.5343
7,decoder,press up,124189,1,0.9999,9.7139
7,decoder,press up,124189,1,1.0,12.1706
7,decoder,press up,124189,1,0.9994,7.3869
7,decoder,press up,124189,1,0.9998,8.4318
7,decoder,press up,124189,1,1.0,11.3461
7,decoder,press up,124189,1,0.9999,8.8297
7,decoder,press up,124189,1,0.9995,7.5458
7,decoder,press up,124189,1,0.9995,7.5413
7,decoder,press up,124189,1,0.9995,7.6843
7,decoder,press up,124189,1,1.0,15.2543
7,decoder,rounding up,539054,1,1.0,11.7027
7,decoder,rounding up,539054,1,1.0,11.0692
7,decoder,rounding up,539054,1,0.9997,8.043
7,decoder,rounding up,539054,1,1.0,13.1991
7,decoder,rounding up,539054,1,0.9998,8.6491
7,decoder,rounding up,539054,1,0.9995,7.5137
7,decoder,rounding up,539054,1,1.0,10.3547
7,decoder,rounding up,539054,1,0.9999,9.7382
7,decoder,rounding up,539054,1,0.9997,8.1644
7,decoder,rounding up,539054,1,0.9681,3.4121
7,decoder,rounding up,539054,1,1.0,13.7659
7,decoder,rounding up,539054,1,0.9997,8.0266
7,decoder,rounding up,539054,1,0.9999,9.567
7,decoder,rounding up,539054,1,0.9955,5.4042
7,decoder,rounding up,539054,1,0.9998,8.4329
7,decoder,rounding up,539054,1,0.9995,7.6113
7,decoder,rounding up,539054,1,1.0,12.4239
7,decoder,rounding up,539054,1,0.9972,5.8618
7,decoder,rounding up,539054,1,0.9996,7.7785
7,decoder,rounding up,539054,1,0.9968,5.7487
7,decoder,tripped up,268489,1,0.992,4.8197
7,decoder,tripped up,268489,1,0.9983,6.3855
7,decoder,tripped up,268489,1,0.9997,8.2627
7,decoder,tripped up,268489,1,0.993,4.9561
7,decoder,tripped up,268489,1,1.0,10.0386
7,decoder,tripped up,268489,1,0.9999,9.319
7,decoder,tripped up,268489,1,0.9932,4.9768
7,decoder,tripped up,268489,1,0.9904,4.6405
7,decoder,tripped up,268489,1,0.9304,2.5921
7,decoder,tripped up,268489,1,1.0,10.9873
7,decoder,tripped up,268489,1,0.9999,9.766
7,decoder,tripped up,268489,1,0.9998,8.3262
7,decoder,tripped up,268489,1,0.8338,1.6126
7,decoder,tripped up,268489,1,1.0,12.8572
7,decoder,tripped up,268489,1,0.9999,8.8559
7,decoder,tripped up,268489,1,0.9999,9.3981
7,decoder,tripped up,268489,1,0.9989,6.8144
7,decoder,tripped up,268489,1,0.9999,9.8265
7,decoder,tripped up,268489,1,0.9923,4.8605
7,decoder,tripped up,268489,1,1.0,13.0118
7,decoder,buckle up,365387,1,0.9989,6.8026
7,decoder,buckle up,365387,1,0.9993,7.3111
7,decoder,buckle up,365387,1,0.9999,9.7015
7,decoder,buckle up,365387,1,1.0,10.5835
7,decoder,buckle up,365387,1,1.0,10.6421
7,decoder,buckle up,365387,1,1.0,14.9314
7,decoder,buckle up,365387,1,0.9986,6.5386
7,decoder,buckle up,365387,1,0.9999,9.6118
7,decoder,buckle up,365387,1,1.0,13.2741
7,decoder,buckle up,365387,1,0.9974,5.9551
7,decoder,buckle up,365387,1,0.9996,7.7802
7,decoder,buckle up,365387,1,1.0,10.1417
7,decoder,buckle up,365387,1,0.9855,4.2208
7,decoder,buckle up,365387,1,1.0,10.272
7,decoder,buckle up,365387,1,0.9998,8.439
7,decoder,buckle up,365387,1,0.9998,8.8025
7,decoder,buckle up,365387,1,1.0,10.6496
7,decoder,buckle up,365387,1,1.0,10.3668
7,decoder,buckle up,365387,1,0.9996,7.883
7,decoder,buckle up,365387,1,1.0,10.7047
7,decoder,weigh up,734777,1,1.0,13.2868
7,decoder,weigh up,734777,1,1.0,11.7952
7,decoder,weigh up,734777,1,1.0,14.2231
7,decoder,weigh up,734777,1,0.9997,8.2429
7,decoder,weigh up,734777,1,0.9999,9.0674
7,decoder,weigh up,734777,1,0.9888,4.4815
7,decoder,weigh up,734777,1,0.9999,8.8415
7,decoder,weigh up,734777,1,0.9995,7.5705
7,decoder,weigh up,734777,1,1.0,10.7112
7,decoder,weigh up,734777,1,0.9995,7.6058
7,decoder,weigh up,734777,1,0.9996,7.7251
7,decoder,weigh up,734777,1,0.9581,3.1301
7,decoder,weigh up,734777,1,1.0,12.0631
7,decoder,weigh up,734777,1,0.9997,8.1825
7,decoder,weigh up,734777,1,0.9995,7.6804
7,decoder,weigh up,734777,1,0.9999,8.9244
7,decoder,weigh up,734777,1,1.0,10.3118
7,decoder,weigh up,734777,1,1.0,10.69
7,decoder,weigh up,734777,1,1.0,12.761
7,decoder,weigh up,734777,1,0.9999,9.055
7,decoder,reaching up,476046,1,0.9998,8.7298
7,decoder,reaching up,476046,1,0.8988,2.184
7,decoder,reaching up,476046,1,0.9999,9.498
7,decoder,reaching up,476046,1,0.9994,7.4594
7,decoder,reaching up,476046,1,0.9992,7.1194
7,decoder,reaching up,476046,1,0.9822,4.0128
7,decoder,reaching up,476046,1,0.9875,4.3703
7,decoder,reaching up,476046,1,1.0,11.1672
7,decoder,reaching up,476046,1,0.9998,8.4422
7,decoder,reaching up,476046,1,1.0,12.212
7,decoder,reaching up,476046,1,0.9998,8.4802
7,decoder,reaching up,476046,1,1.0,10.7842
7,decoder,reaching up,476046,1,0.9899,4.5836
7,decoder,reaching up,476046,1,1.0,12.8175
7,decoder,reaching up,476046,1,1.0,10.523
7,decoder,reaching up,476046,1,0.9999,9.7171
7,decoder,reaching up,476046,1,1.0,12.0832
7,decoder,reaching up,476046,1,0.9998,8.6724
7,decoder,reaching up,476046,1,1.0,10.3
7,decoder,reaching up,476046,1,0.9999,9.2422
7,decoder,stirring up,536190,1,1.0,13.8274
7,decoder,stirring up,536190,1,1.0,12.5592
7,decoder,stirring up,536190,1,0.9999,9.4029
7,decoder,stirring up,536190,1,1.0,14.5947
7,decoder,stirring up,536190,1,0.9996,7.9303
7,decoder,stirring up,536190,1,1.0,10.6566
7,decoder,stirring up,536190,1,1.0,10.7403
7,decoder,stirring up,536190,1,1.0,11.5633
7,decoder,stirring up,536190,1,1.0,10.332
7,decoder,stirring up,536190,1,1.0,13.4858
7,decoder,stirring up,536190,1,1.0,16.0142
7,decoder,stirring up,536190,1,1.0,13.0439
7,decoder,stirring up,536190,1,1.0,13.2199
7,decoder,stirring up,536190,1,0.9999,9.1743
7,decoder,stirring up,536190,1,1.0,18.3656
7,decoder,stirring up,536190,1,1.0,10.1143
7,decoder,stirring up,536190,1,1.0,14.9939
7,decoder,stirring up,536190,1,0.999,6.9049
7,decoder,stirring up,536190,1,1.0,15.2981
7,decoder,stirring up,536190,1,1.0,15.2951
7,decoder,backs up,967373,1,1.0,13.0707
7,decoder,backs up,967373,1,0.9963,5.5852
7,decoder,backs up,967373,1,1.0,11.3957
7,decoder,backs up,967373,1,0.9938,5.0753
7,decoder,backs up,967373,1,0.9999,9.1936
7,decoder,backs up,967373,1,0.9983,6.3704
7,decoder,backs up,967373,1,0.9996,7.9193
7,decoder,backs up,967373,1,0.9997,7.9885
7,decoder,backs up,967373,1,0.9999,9.8978
7,decoder,backs up,967373,1,0.9992,7.1167
7,decoder,backs up,967373,1,0.9941,5.13
7,decoder,backs up,967373,1,1.0,10.4214
7,decoder,backs up,967373,1,1.0,10.1409
7,decoder,backs up,967373,1,0.9998,8.6297
7,decoder,backs up,967373,1,0.9998,8.5861
7,decoder,backs up,967373,1,0.9234,2.4892
7,decoder,backs up,967373,1,0.9686,3.4306
7,decoder,backs up,967373,1,1.0,13.8812
7,decoder,backs up,967373,1,0.9998,8.4627
7,decoder,backs up,967373,1,1.0,11.9626
7,decoder,join up,982306,1,1.0,10.3035
7,decoder,join up,982306,1,0.9986,6.5613
7,decoder,join up,982306,1,0.9993,7.2465
7,decoder,join up,982306,1,1.0,10.8766
7,decoder,join up,982306,1,1.0,11.1401
7,decoder,join up,982306,1,1.0,12.5048
7,decoder,join up,982306,1,0.9992,7.1205
7,decoder,join up,982306,1,1.0,11.4305
7,decoder,join up,982306,1,0.9995,7.6969
7,decoder,join up,982306,1,1.0,12.0466
7,decoder,join up,982306,1,0.9997,8.1135
7,decoder,join up,982306,1,0.9995,7.59
7,decoder,join up,982306,1,0.9878,4.3959
7,decoder,join up,982306,1,0.9999,9.8607
7,decoder,join up,982306,1,1.0,12.7446
7,decoder,join up,982306,1,1.0,10.2964
7,decoder,join up,982306,1,0.9998,8.3181
7,decoder,join up,982306,1,0.9998,8.6061
7,decoder,join up,982306,1,1.0,16.7207
7,decoder,join up,982306,1,0.9999,9.8255
7,decoder,prop up,922432,1,1.0,11.3154
7,decoder,prop up,922432,1,1.0,10.9723
7,decoder,prop up,922432,1,0.9999,8.8832
7,decoder,prop up,922432,1,1.0,10.4513
7,decoder,prop up,922432,1,1.0,10.9358
7,decoder,prop up,922432,1,1.0,12.3729
7,decoder,prop up,922432,1,0.9999,9.47
7,decoder,prop up,922432,1,1.0,16.6192
7,decoder,prop up,922432,1,1.0,14.4976
7,decoder,prop up,922432,1,1.0,13.0867
7,decoder,prop up,922432,1,0.9999,9.537
7,decoder,prop up,922432,1,0.9998,8.7007
7,decoder,prop up,922432,1,0.9999,9.2276
7,decoder,prop up,922432,1,1.0,10.2631
7,decoder,prop up,922432,1,0.9993,7.2808
7,decoder,prop up,922432,1,1.0,12.2628
7,decoder,prop up,922432,1,1.0,13.1272
7,decoder,prop up,922432,1,1.0,12.4271
7,decoder,prop up,922432,1,1.0,14.6141
7,decoder,prop up,922432,1,1.0,14.9721
7,decoder,push up,1026834,1,0.9999,9.1657
7,decoder,push up,1026834,1,1.0,12.9173
7,decoder,push up,1026834,1,1.0,14.4658
7,decoder,push up,1026834,1,1.0,15.6749
7,decoder,push up,1026834,1,1.0,10.2345
7,decoder,push up,1026834,1,1.0,10.4877
7,decoder,push up,1026834,1,1.0,10.9241
7,decoder,push up,1026834,1,0.9996,7.8458
7,decoder,push up,1026834,1,1.0,10.9339
7,decoder,push up,1026834,1,0.9999,9.0297
7,decoder,push up,1026834,1,1.0,11.5665
7,decoder,push up,1026834,1,1.0,15.9919
7,decoder,push up,1026834,1,0.9999,9.7088
7,decoder,push up,1026834,1,1.0,11.3773
7,decoder,push up,1026834,1,1.0,10.787
7,decoder,push up,1026834,1,1.0,11.8515
7,decoder,push up,1026834,1,1.0,12.6284
7,decoder,push up,1026834,1,0.9995,7.6485
7,decoder,push up,1026834,1,1.0,10.686
7,decoder,push up,1026834,1,1.0,13.5977
7,decoder,fuck up,0,1,1.0,12.1639
7,decoder,fuck up,0,1,1.0,14.8366
7,decoder,fuck up,0,1,1.0,10.7725
7,decoder,fuck up,0,1,1.0,12.648
7,decoder,fuck up,0,1,1.0,13.2602
7,decoder,fuck up,0,1,1.0,16.9429
7,decoder,fuck up,0,1,1.0,11.3912
7,decoder,fuck up,0,1,1.0,14.0214
7,decoder,fuck up,0,1,1.0,10.0835
7,decoder,fuck up,0,1,1.0,10.6108
7,decoder,fuck up,0,1,1.0,13.4748
7,decoder,fuck up,0,1,1.0,13.6339
7,decoder,fuck up,0,1,0.9994,7.3774
7,decoder,fuck up,0,1,1.0,14.3459
7,decoder,fuck up,0,1,0.9999,8.8143
7,decoder,fuck up,0,1,1.0,10.5405
7,decoder,fuck up,0,1,1.0,10.3095
7,decoder,fuck up,0,1,1.0,11.9784
7,decoder,fuck up,0,1,1.0,13.6676
7,decoder,fuck up,0,1,1.0,13.0569
7,decoder,offering up,1093045,1,1.0,10.4094
7,decoder,offering up,1093045,1,1.0,14.3266
7,decoder,offering up,1093045,1,1.0,12.4438
7,decoder,offering up,1093045,1,0.9996,7.8076
7,decoder,offering up,1093045,1,1.0,13.0043
7,decoder,offering up,1093045,1,0.9997,7.9723
7,decoder,offering up,1093045,1,1.0,10.5016
7,decoder,offering up,1093045,1,0.9999,9.0094
7,decoder,offering up,1093045,1,0.9999,8.9965
7,decoder,offering up,1093045,1,1.0,13.4995
7,decoder,offering up,1093045,1,1.0,13.5389
7,decoder,offering up,1093045,1,1.0,11.3369
7,decoder,offering up,1093045,1,1.0,16.0689
7,decoder,offering up,1093045,1,1.0,15.307
7,decoder,offering up,1093045,1,1.0,14.8164
7,decoder,offering up,1093045,1,1.0,11.5021
7,decoder,offering up,1093045,1,1.0,11.6453
7,decoder,offering up,1093045,1,1.0,11.3491
7,decoder,offering up,1093045,1,0.9998,8.7016
7,decoder,offering up,1093045,1,1.0,15.3449
7,decoder,man up,592194,1,1.0,12.2961
7,decoder,man up,592194,1,1.0,12.0991
7,decoder,man up,592194,1,1.0,12.2225
7,decoder,man up,592194,1,1.0,16.1192
7,decoder,man up,592194,1,1.0,11.8983
7,decoder,man up,592194,1,1.0,15.1786
7,decoder,man up,592194,1,1.0,10.0792
7,decoder,man up,592194,1,1.0,16.6537
7,decoder,man up,592194,1,1.0,12.1424
7,decoder,man up,592194,1,1.0,18.5975
7,decoder,man up,592194,1,1.0,13.2128
7,decoder,man up,592194,1,1.0,11.5567
7,decoder,man up,592194,1,1.0,13.0234
7,decoder,man up,592194,1,1.0,12.4325
7,decoder,man up,592194,1,1.0,13.2211
7,decoder,man up,592194,1,1.0,16.9261
7,decoder,man up,592194,1,1.0,13.0054
7,decoder,man up,592194,1,1.0,10.8036
7,decoder,man up,592194,1,1.0,13.0419
7,decoder,man up,592194,1,1.0,11.2983
7,decoder,count up,352602,1,1.0,13.6938
7,decoder,count up,352602,1,0.9988,6.7641
7,decoder,count up,352602,1,0.9998,8.5897
7,decoder,count up,352602,1,1.0,12.3
7,decoder,count up,352602,1,1.0,12.334
7,decoder,count up,352602,1,1.0,13.6855
7,decoder,count up,352602,1,0.9991,6.9675
7,decoder,count up,352602,1,1.0,10.1382
7,decoder,count up,352602,1,0.9999,9.5156
7,decoder,count up,352602,1,1.0,10.8946
7,decoder,count up,352602,1,1.0,12.4192
7,decoder,count up,352602,1,1.0,12.3178
7,decoder,count up,352602,1,0.9995,7.6903
7,decoder,count up,352602,1,1.0,12.4576
7,decoder,count up,352602,1,1.0,10.4696
7,decoder,count up,352602,1,1.0,10.6153
7,decoder,count up,352602,1,0.9999,9.4352
7,decoder,count up,352602,1,0.9397,2.7463
7,decoder,count up,352602,1,1.0,13.9018
7,decoder,count up,352602,1,0.9986,6.5514
7,decoder,saving up,908515,1,1.0,12.6509
7,decoder,saving up,908515,1,0.9998,8.3319
7,decoder,saving up,908515,1,1.0,10.4816
7,decoder,saving up,908515,1,0.9998,8.3288
7,decoder,saving up,908515,1,1.0,14.1044
7,decoder,saving up,908515,1,0.9791,3.848
7,decoder,saving up,908515,1,0.9999,9.5213
7,decoder,saving up,908515,1,0.9999,9.2409
7,decoder,saving up,908515,1,1.0,13.0954
7,decoder,saving up,908515,1,0.9979,6.1607
7,decoder,saving up,908515,1,0.9965,5.659
7,decoder,saving up,908515,1,1.0,10.5126
7,decoder,saving up,908515,1,0.9971,5.8513
7,decoder,saving up,908515,1,0.9999,9.2943
7,decoder,saving up,908515,1,0.9998,8.3236
7,decoder,saving up,908515,1,1.0,10.8029
7,decoder,saving up,908515,1,1.0,11.8354
7,decoder,saving up,908515,1,0.9998,8.3714
7,decoder,saving up,908515,1,0.9981,6.2588
7,decoder,saving up,908515,1,0.9999,9.3796
7,decoder,pumped up,733865,1,1.0,11.1046
7,decoder,pumped up,733865,1,0.9999,8.8863
7,decoder,pumped up,733865,1,1.0,14.2205
7,decoder,pumped up,733865,1,0.9996,7.8857
7,decoder,pumped up,733865,1,1.0,15.2824
7,decoder,pumped up,733865,1,0.9999,9.6413
7,decoder,pumped up,733865,1,1.0,10.297
7,decoder,pumped up,733865,1,0.7796,1.2636
7,decoder,pumped up,733865,1,0.9999,9.0988
7,decoder,pumped up,733865,1,0.89,2.0905
7,decoder,pumped up,733865,1,0.9997,8.0157
7,decoder,pumped up,733865,1,0.9966,5.6707
7,decoder,pumped up,733865,1,0.997,5.8055
7,decoder,pumped up,733865,1,0.9723,3.5579
7,decoder,pumped up,733865,1,1.0,10.9207
7,decoder,pumped up,733865,1,1.0,12.589
7,decoder,pumped up,733865,1,1.0,12.2441
7,decoder,pumped up,733865,1,1.0,11.397
7,decoder,pumped up,733865,1,1.0,10.4177
7,decoder,pumped up,733865,1,1.0,11.0385
7,decoder,stared up,209883,1,0.9998,8.7089
7,decoder,stared up,209883,1,1.0,10.9598
7,decoder,stared up,209883,1,0.9999,8.8999
7,decoder,stared up,209883,1,0.9997,7.9586
7,decoder,stared up,209883,1,0.9764,3.7216
7,decoder,stared up,209883,1,1.0,13.0412
7,decoder,stared up,209883,1,0.9999,9.7583
7,decoder,stared up,209883,1,0.9994,7.4044
7,decoder,stared up,209883,1,0.9999,9.2739
7,decoder,stared up,209883,1,1.0,10.2538
7,decoder,stared up,209883,1,0.9971,5.8432
7,decoder,stared up,209883,1,0.9998,8.5442
7,decoder,stared up,209883,1,1.0,10.1066
7,decoder,stared up,209883,1,0.995,5.2867
7,decoder,stared up,209883,1,0.9985,6.4838
7,decoder,stared up,209883,1,1.0,10.1032
7,decoder,stared up,209883,1,0.9997,8.0533
7,decoder,stared up,209883,1,0.9994,7.3885
7,decoder,stared up,209883,1,0.9999,9.4034
7,decoder,stared up,209883,1,0.9997,7.9785
7,decoder,puffed up,316480,1,0.9987,6.6773
7,decoder,puffed up,316480,1,1.0,11.7876
7,decoder,puffed up,316480,1,0.9961,5.5525
7,decoder,puffed up,316480,1,0.9987,6.652
7,decoder,puffed up,316480,1,1.0,10.3354
7,decoder,puffed up,316480,1,0.9999,9.9011
7,decoder,puffed up,316480,1,0.9884,4.4423
7,decoder,puffed up,316480,1,0.9985,6.4896
7,decoder,puffed up,316480,1,1.0,15.1237
7,decoder,puffed up,316480,1,0.9997,8.0039
7,decoder,puffed up,316480,1,0.9998,8.4148
7,decoder,puffed up,316480,1,0.998,6.1967
7,decoder,puffed up,316480,1,0.9999,9.7271
7,decoder,puffed up,316480,1,1.0,10.0849
7,decoder,puffed up,316480,1,0.5297,0.1188
7,decoder,puffed up,316480,1,0.9611,3.2065
7,decoder,puffed up,316480,1,0.9998,8.7713
7,decoder,puffed up,316480,1,1.0,12.3049
7,decoder,puffed up,316480,1,0.9998,8.6485
7,decoder,puffed up,316480,1,0.9999,9.9015
7,decoder,whip up,1518098,1,1.0,10.623
7,decoder,whip up,1518098,1,1.0,10.6806
7,decoder,whip up,1518098,1,1.0,10.9795
7,decoder,whip up,1518098,1,1.0,11.7949
7,decoder,whip up,1518098,1,1.0,11.0464
7,decoder,whip up,1518098,1,0.9993,7.1998
7,decoder,whip up,1518098,1,0.9999,9.1934
7,decoder,whip up,1518098,1,0.9995,7.6977
7,decoder,whip up,1518098,1,0.9976,6.0465
7,decoder,whip up,1518098,1,1.0,10.8025
7,decoder,whip up,1518098,1,0.9997,8.155
7,decoder,whip up,1518098,1,1.0,13.2104
7,decoder,whip up,1518098,1,0.9999,9.1815
7,decoder,whip up,1518098,1,1.0,13.2784
7,decoder,whip up,1518098,1,1.0,11.6424
7,decoder,whip up,1518098,1,1.0,10.5858
7,decoder,whip up,1518098,1,1.0,11.3586
7,decoder,whip up,1518098,1,1.0,13.3063
7,decoder,whip up,1518098,1,1.0,12.4261
7,decoder,whip up,1518098,1,0.9995,7.6531
7,decoder,working up,801621,1,1.0,14.8188
7,decoder,working up,801621,1,0.9998,8.7625
7,decoder,working up,801621,1,1.0,17.6897
7,decoder,working up,801621,1,1.0,14.0523
7,decoder,working up,801621,1,1.0,12.8096
7,decoder,working up,801621,1,1.0,12.4578
7,decoder,working up,801621,1,0.9999,9.6309
7,decoder,working up,801621,1,1.0,14.4816
7,decoder,working up,801621,1,1.0,16.2381
7,decoder,working up,801621,1,1.0,13.7279
7,decoder,working up,801621,1,1.0,10.5221
7,decoder,working up,801621,1,1.0,12.2729
7,decoder,working up,801621,1,1.0,12.9875
7,decoder,working up,801621,1,1.0,16.3672
7,decoder,working up,801621,1,1.0,13.9693
7,decoder,working up,801621,1,0.9992,7.1618
7,decoder,working up,801621,1,1.0,12.7828
7,decoder,working up,801621,1,1.0,15.8142
7,decoder,working up,801621,1,1.0,12.2512
7,decoder,working up,801621,1,1.0,15.5
7,decoder,measure up,1183739,1,1.0,19.8969
7,decoder,measure up,1183739,1,0.9998,8.7005
7,decoder,measure up,1183739,1,1.0,12.3407
7,decoder,measure up,1183739,1,0.9991,7.0236
7,decoder,measure up,1183739,1,1.0,11.9037
7,decoder,measure up,1183739,1,1.0,11.3218
7,decoder,measure up,1183739,1,1.0,13.1331
7,decoder,measure up,1183739,1,1.0,14.3081
7,decoder,measure up,1183739,1,1.0,10.0256
7,decoder,measure up,1183739,1,1.0,14.1012
7,decoder,measure up,1183739,1,0.9999,9.1401
7,decoder,measure up,1183739,1,0.9996,7.8959
7,decoder,measure up,1183739,1,1.0,10.6437
7,decoder,measure up,1183739,1,1.0,13.0824
7,decoder,measure up,1183739,1,1.0,13.4886
7,decoder,measure up,1183739,1,0.9999,9.4538
7,decoder,measure up,1183739,1,0.9996,7.8529
7,decoder,measure up,1183739,1,1.0,12.8635
7,decoder,measure up,1183739,1,1.0,13.6552
7,decoder,measure up,1183739,1,0.9984,6.421
7,decoder,cheered up,113100,1,0.9978,6.1047
7,decoder,cheered up,113100,1,0.5001,0.0003
7,decoder,cheered up,113100,1,0.9971,5.839
7,decoder,cheered up,113100,1,0.9996,7.9118
7,decoder,cheered up,113100,1,0.9995,7.6162
7,decoder,cheered up,113100,1,0.9999,8.9497
7,decoder,cheered up,113100,1,0.9984,6.4468
7,decoder,cheered up,113100,1,0.9992,7.0864
7,decoder,cheered up,113100,1,0.9999,9.3601
7,decoder,cheered up,113100,1,1.0,10.3136
7,decoder,cheered up,113100,1,0.9995,7.5665
7,decoder,cheered up,113100,1,1.0,10.2808
7,decoder,cheered up,113100,1,0.9942,5.1473
7,decoder,cheered up,113100,1,0.9701,3.4799
7,decoder,cheered up,113100,1,0.9984,6.4677
7,decoder,cheered up,113100,1,0.9999,9.3351
7,decoder,cheered up,113100,1,0.9979,6.1875
7,decoder,cheered up,113100,1,0.9986,6.5786
7,decoder,cheered up,113100,1,1.0,10.2462
7,decoder,cheered up,113100,1,0.9822,4.0114
7,decoder,stacked up,527776,1,0.9982,6.3169
7,decoder,stacked up,527776,1,1.0,10.0299
7,decoder,stacked up,527776,1,0.9964,5.6189
7,decoder,stacked up,527776,1,0.9636,3.2756
7,decoder,stacked up,527776,1,0.9978,6.1202
7,decoder,stacked up,527776,1,0.9918,4.79
7,decoder,stacked up,527776,1,0.9999,9.3566
7,decoder,stacked up,527776,1,1.0,11.4663
7,decoder,stacked up,527776,1,0.9999,9.0127
7,decoder,stacked up,527776,1,0.9997,7.9677
7,decoder,stacked up,527776,1,0.9977,6.0611
7,decoder,stacked up,527776,1,0.9492,2.927
7,decoder,stacked up,527776,1,0.9829,4.0515
7,decoder,stacked up,527776,1,1.0,13.3264
7,decoder,stacked up,527776,1,0.6364,0.5597
7,decoder,stacked up,527776,1,0.9925,4.8849
7,decoder,stacked up,527776,1,0.9386,2.727
7,decoder,stacked up,527776,1,0.6037,0.4211
7,decoder,stacked up,527776,1,1.0,10.0415
7,decoder,stacked up,527776,1,0.7834,1.2858
7,decoder,curl up,1186958,1,0.9996,7.8415
7,decoder,curl up,1186958,1,1.0,9.9296
7,decoder,curl up,1186958,1,0.9948,5.2443
7,decoder,curl up,1186958,1,0.9999,9.6764
7,decoder,curl up,1186958,1,0.9923,4.8565
7,decoder,curl up,1186958,1,1.0,10.2376
7,decoder,curl up,1186958,1,0.6713,0.7139
7,decoder,curl up,1186958,1,1.0,14.4164
7,decoder,curl up,1186958,1,0.9998,8.3102
7,decoder,curl up,1186958,1,0.9978,6.1218
7,decoder,curl up,1186958,1,1.0,10.8919
7,decoder,curl up,1186958,1,0.9537,3.0253
7,decoder,curl up,1186958,1,1.0,11.1572
7,decoder,curl up,1186958,1,1.0,10.0016
7,decoder,curl up,1186958,1,0.9748,3.6547
7,decoder,curl up,1186958,1,0.9979,6.1461
7,decoder,curl up,1186958,1,0.9754,3.6789
7,decoder,curl up,1186958,1,0.9998,8.5447
7,decoder,curl up,1186958,1,0.9999,8.9447
7,decoder,curl up,1186958,1,0.9984,6.4301
7,decoder,starts up,845341,1,0.8479,1.7182
7,decoder,starts up,845341,1,1.0,10.2632
7,decoder,starts up,845341,1,1.0,12.124
7,decoder,starts up,845341,1,1.0,12.0514
7,decoder,starts up,845341,1,1.0,10.0218
7,decoder,starts up,845341,1,1.0,11.3419
7,decoder,starts up,845341,1,0.9966,5.6941
7,decoder,starts up,845341,1,0.9999,9.719
7,decoder,starts up,845341,1,0.9994,7.3685
7,decoder,starts up,845341,1,0.9991,7.0359
7,decoder,starts up,845341,1,1.0,10.5455
7,decoder,starts up,845341,1,0.9997,7.9758
7,decoder,starts up,845341,1,0.9998,8.6113
7,decoder,starts up,845341,1,0.9903,4.6229
7,decoder,starts up,845341,1,0.9988,6.7529
7,decoder,starts up,845341,1,0.9999,9.3701
7,decoder,starts up,845341,1,0.9824,4.0219
7,decoder,starts up,845341,1,0.9979,6.1727
7,decoder,starts up,845341,1,0.9991,7.0102
7,decoder,starts up,845341,1,0.9981,6.2427
7,decoder,lives up,1572985,1,1.0,10.5379
7,decoder,lives up,1572985,1,1.0,16.4179
7,decoder,lives up,1572985,1,0.9978,6.1223
7,decoder,lives up,1572985,1,1.0,17.7367
7,decoder,lives up,1572985,1,1.0,10.2326
7,decoder,lives up,1572985,1,0.9999,8.9219
7,decoder,lives up,1572985,1,1.0,16.9493
7,decoder,lives up,1572985,1,1.0,17.6179
7,decoder,lives up,1572985,1,1.0,12.6005
7,decoder,lives up,1572985,1,1.0,10.9857
7,decoder,lives up,1572985,1,0.9991,6.9959
7,decoder,lives up,1572985,1,1.0,11.0574
7,decoder,lives up,1572985,1,1.0,16.2355
7,decoder,lives up,1572985,1,1.0,13.807
7,decoder,lives up,1572985,1,1.0,16.1364
7,decoder,lives up,1572985,1,1.0,10.2535
7,decoder,lives up,1572985,1,1.0,16.535
7,decoder,lives up,1572985,1,1.0,13.7603
7,decoder,lives up,1572985,1,1.0,10.9271
7,decoder,lives up,1572985,1,0.9995,7.6641
7,decoder,cutting up,432807,1,1.0,11.6226
7,decoder,cutting up,432807,1,1.0,11.2557
7,decoder,cutting up,432807,1,1.0,11.9426
7,decoder,cutting up,432807,1,0.973,3.5851
7,decoder,cutting up,432807,1,0.9999,9.1129
7,decoder,cutting up,432807,1,0.9999,9.092
7,decoder,cutting up,432807,1,0.9999,9.7317
7,decoder,cutting up,432807,1,1.0,11.1642
7,decoder,cutting up,432807,1,1.0,11.6305
7,decoder,cutting up,432807,1,1.0,10.1036
7,decoder,cutting up,432807,1,1.0,11.2044
7,decoder,cutting up,432807,1,0.9999,9.36
7,decoder,cutting up,432807,1,0.9999,9.6433
7,decoder,cutting up,432807,1,0.9964,5.6244
7,decoder,cutting up,432807,1,0.9987,6.681
7,decoder,cutting up,432807,1,1.0,10.6501
7,decoder,cutting up,432807,1,1.0,10.7504
7,decoder,cutting up,432807,1,0.9992,7.0811
7,decoder,cutting up,432807,1,1.0,13.0246
7,decoder,cutting up,432807,1,0.9999,9.4105
7,decoder,pushing up,550444,1,1.0,16.3621
7,decoder,pushing up,550444,1,1.0,14.3464
7,decoder,pushing up,550444,1,1.0,16.082
7,decoder,pushing up,550444,1,0.9995,7.6588
7,decoder,pushing up,550444,1,0.9999,9.7993
7,decoder,pushing up,550444,1,1.0,12.2565
7,decoder,pushing up,550444,1,1.0,12.8475
7,decoder,pushing up,550444,1,1.0,10.9066
7,decoder,pushing up,550444,1,1.0,15.7913
7,decoder,pushing up,550444,1,1.0,10.8393
7,decoder,pushing up,550444,1,1.0,13.0486
7,decoder,pushing up,550444,1,1.0,13.0851
7,decoder,pushing up,550444,1,1.0,13.7068
7,decoder,pushing up,550444,1,0.9999,9.3794
7,decoder,pushing up,550444,1,1.0,11.1605
7,decoder,pushing up,550444,1,0.9972,5.8933
7,decoder,pushing up,550444,1,1.0,11.2749
7,decoder,pushing up,550444,1,1.0,12.7887
7,decoder,pushing up,550444,1,1.0,12.4115
7,decoder,pushing up,550444,1,1.0,16.4381
7,decoder,screwing up,485490,1,1.0,12.3221
7,decoder,screwing up,485490,1,1.0,12.3673
7,decoder,screwing up,485490,1,1.0,14.5178
7,decoder,screwing up,485490,1,0.9999,9.2954
7,decoder,screwing up,485490,1,1.0,11.0567
7,decoder,screwing up,485490,1,1.0,11.9921
7,decoder,screwing up,485490,1,1.0,12.1256
7,decoder,screwing up,485490,1,0.9999,9.3187
7,decoder,screwing up,485490,1,0.9998,8.7765
7,decoder,screwing up,485490,1,1.0,10.1228
7,decoder,screwing up,485490,1,1.0,11.0918
7,decoder,screwing up,485490,1,1.0,14.8723
7,decoder,screwing up,485490,1,0.994,5.1138
7,decoder,screwing up,485490,1,1.0,10.2609
7,decoder,screwing up,485490,1,1.0,10.9383
7,decoder,screwing up,485490,1,1.0,11.0306
7,decoder,screwing up,485490,1,1.0,14.0508
7,decoder,screwing up,485490,1,1.0,13.9585
7,decoder,screwing up,485490,1,0.9999,9.7122
7,decoder,screwing up,485490,1,1.0,12.0058
7,decoder,brightened up,191302,1,0.9999,9.0623
7,decoder,brightened up,191302,1,0.9985,6.4757
7,decoder,brightened up,191302,1,0.9997,8.0256
7,decoder,brightened up,191302,1,0.9985,6.4898
7,decoder,brightened up,191302,1,0.9992,7.1767
7,decoder,brightened up,191302,1,0.9986,6.602
7,decoder,brightened up,191302,1,0.9997,8.0196
7,decoder,brightened up,191302,1,0.9989,6.7717
7,decoder,brightened up,191302,1,1.0,10.272
7,decoder,brightened up,191302,1,1.0,11.0301
7,decoder,brightened up,191302,1,0.9587,3.1444
7,decoder,brightened up,191302,1,0.9999,8.8743
7,decoder,brightened up,191302,1,0.9998,8.3997
7,decoder,brightened up,191302,1,0.9993,7.2653
7,decoder,brightened up,191302,1,0.9998,8.7887
7,decoder,brightened up,191302,1,1.0,10.6314
7,decoder,brightened up,191302,1,0.9997,8.0767
7,decoder,brightened up,191302,1,0.9996,7.8531
7,decoder,brightened up,191302,1,1.0,10.0539
7,decoder,brightened up,191302,1,0.9999,8.8661
7,decoder,facing up,818774,1,0.9995,7.5496
7,decoder,facing up,818774,1,0.9996,7.7768
7,decoder,facing up,818774,1,1.0,15.3448
7,decoder,facing up,818774,1,1.0,15.6379
7,decoder,facing up,818774,1,0.9926,4.8924
7,decoder,facing up,818774,1,0.9193,2.4329
7,decoder,facing up,818774,1,0.9999,9.6262
7,decoder,facing up,818774,1,1.0,18.3485
7,decoder,facing up,818774,1,0.9975,6.0044
7,decoder,facing up,818774,1,0.9977,6.0711
7,decoder,facing up,818774,1,0.998,6.2288
7,decoder,facing up,818774,1,0.9994,7.4633
7,decoder,facing up,818774,1,0.9997,8.1171
7,decoder,facing up,818774,1,0.9986,6.5654
7,decoder,facing up,818774,1,0.9609,3.2014
7,decoder,facing up,818774,1,0.9962,5.5601
7,decoder,facing up,818774,1,0.9972,5.8908
7,decoder,facing up,818774,1,1.0,13.475
7,decoder,facing up,818774,1,1.0,14.5073
7,decoder,facing up,818774,1,0.9833,4.0754
7,decoder,pacing up,56086,1,0.9999,9.6564
7,decoder,pacing up,56086,1,0.998,6.199
7,decoder,pacing up,56086,1,0.9998,8.6187
7,decoder,pacing up,56086,1,1.0,10.9161
7,decoder,pacing up,56086,1,0.9999,9.8116
7,decoder,pacing up,56086,1,0.997,5.8081
7,decoder,pacing up,56086,1,0.9999,9.1931
7,decoder,pacing up,56086,1,1.0,12.098
7,decoder,pacing up,56086,1,0.9997,8.0135
7,decoder,pacing up,56086,1,0.9988,6.6897
7,decoder,pacing up,56086,1,0.9998,8.7139
7,decoder,pacing up,56086,1,0.9975,5.9923
7,decoder,pacing up,56086,1,0.9999,9.4687
7,decoder,pacing up,56086,1,0.9999,9.7307
7,decoder,pacing up,56086,1,0.9996,7.7794
7,decoder,pacing up,56086,1,0.9997,8.027
7,decoder,pacing up,56086,1,0.998,6.2177
7,decoder,pacing up,56086,1,0.9999,8.9777
7,decoder,pacing up,56086,1,0.9992,7.1072
7,decoder,pacing up,56086,1,0.9992,7.1249
7,decoder,teaming up,1936248,1,1.0,14.1335
7,decoder,teaming up,1936248,1,1.0,10.312
7,decoder,teaming up,1936248,1,1.0,13.1098
7,decoder,teaming up,1936248,1,0.9997,8.0176
7,decoder,teaming up,1936248,1,1.0,13.4495
7,decoder,teaming up,1936248,1,1.0,10.5965
7,decoder,teaming up,1936248,1,0.9999,8.8149
7,decoder,teaming up,1936248,1,1.0,13.127
7,decoder,teaming up,1936248,1,0.9999,9.579
7,decoder,teaming up,1936248,1,0.9997,8.188
7,decoder,teaming up,1936248,1,1.0,10.9586
7,decoder,teaming up,1936248,1,1.0,11.4175
7,decoder,teaming up,1936248,1,1.0,14.185
7,decoder,teaming up,1936248,1,1.0,12.6913
7,decoder,teaming up,1936248,1,1.0,15.4342
7,decoder,teaming up,1936248,1,0.9995,7.5219
7,decoder,teaming up,1936248,1,0.9999,9.2649
7,decoder,teaming up,1936248,1,1.0,14.1253
7,decoder,teaming up,1936248,1,0.9999,9.0921
7,decoder,teaming up,1936248,1,1.0,18.2176
7,decoder,speeds up,2120194,1,1.0,11.0618
7,decoder,speeds up,2120194,1,0.9359,2.6808
7,decoder,speeds up,2120194,1,1.0,11.6782
7,decoder,speeds up,2120194,1,0.9997,7.9824
7,decoder,speeds up,2120194,1,1.0,12.1713
7,decoder,speeds up,2120194,1,1.0,10.5677
7,decoder,speeds up,2120194,1,0.9993,7.2977
7,decoder,speeds up,2120194,1,1.0,12.9596
7,decoder,speeds up,2120194,1,0.9952,5.3383
7,decoder,speeds up,2120194,1,0.9987,6.6726
7,decoder,speeds up,2120194,1,0.9996,7.9378
7,decoder,speeds up,2120194,1,0.9999,9.0851
7,decoder,speeds up,2120194,1,0.9999,9.0652
7,decoder,speeds up,2120194,1,1.0,10.3167
7,decoder,speeds up,2120194,1,0.9731,3.5868
7,decoder,speeds up,2120194,1,0.8504,1.7378
7,decoder,speeds up,2120194,1,0.9997,7.975
7,decoder,speeds up,2120194,1,1.0,11.822
7,decoder,speeds up,2120194,1,1.0,9.9713
7,decoder,speeds up,2120194,1,0.9982,6.3017
7,decoder,loosen up,1155509,1,0.9999,9.7501
7,decoder,loosen up,1155509,1,0.9996,7.7175
7,decoder,loosen up,1155509,1,0.9998,8.7165
7,decoder,loosen up,1155509,1,1.0,12.1622
7,decoder,loosen up,1155509,1,0.8346,1.6187
7,decoder,loosen up,1155509,1,0.9999,9.4096
7,decoder,loosen up,1155509,1,0.9962,5.5617
7,decoder,loosen up,1155509,1,0.9985,6.5165
7,decoder,loosen up,1155509,1,0.9999,9.7163
7,decoder,loosen up,1155509,1,0.9659,3.3452
7,decoder,loosen up,1155509,1,0.9997,8.2782
7,decoder,loosen up,1155509,1,0.9999,9.2897
7,decoder,loosen up,1155509,1,0.9173,2.4059
7,decoder,loosen up,1155509,1,0.9995,7.6926
7,decoder,loosen up,1155509,1,0.9976,6.0367
7,decoder,loosen up,1155509,1,0.9848,4.1678
7,decoder,loosen up,1155509,1,0.9996,7.7357
7,decoder,loosen up,1155509,1,0.9985,6.5095
7,decoder,loosen up,1155509,1,0.9025,2.2251
7,decoder,loosen up,1155509,1,0.9987,6.645
7,decoder,paced up,34015,1,0.9189,2.4277
7,decoder,paced up,34015,1,0.9999,9.4416
7,decoder,paced up,34015,1,1.0,11.063
7,decoder,paced up,34015,1,0.999,6.9394
7,decoder,paced up,34015,1,1.0,11.3413
7,decoder,paced up,34015,1,0.9999,9.4673
7,decoder,paced up,34015,1,0.9998,8.7286
7,decoder,paced up,34015,1,0.9999,9.835
7,decoder,paced up,34015,1,0.9996,7.8944
7,decoder,paced up,34015,1,0.9999,9.6887
7,decoder,paced up,34015,1,0.9999,9.8045
7,decoder,paced up,34015,1,1.0,11.0247
7,decoder,paced up,34015,1,0.9999,9.3363
7,decoder,paced up,34015,1,0.9997,8.0586
7,decoder,paced up,34015,1,1.0,11.2685
7,decoder,paced up,34015,1,0.9961,5.546
7,decoder,paced up,34015,1,0.9998,8.5498
7,decoder,paced up,34015,1,1.0,11.3567
7,decoder,paced up,34015,1,0.9987,6.6198
7,decoder,paced up,34015,1,0.9993,7.3321
7,decoder,bubbling up,240436,1,0.9996,7.8402
7,decoder,bubbling up,240436,1,0.9994,7.5035
7,decoder,bubbling up,240436,1,1.0,13.0312
7,decoder,bubbling up,240436,1,1.0,10.8345
7,decoder,bubbling up,240436,1,0.9999,9.1593
7,decoder,bubbling up,240436,1,1.0,13.035
7,decoder,bubbling up,240436,1,0.9907,4.6638
7,decoder,bubbling up,240436,1,1.0,11.2695
7,decoder,bubbling up,240436,1,0.9996,7.7607
7,decoder,bubbling up,240436,1,1.0,9.9864
7,decoder,bubbling up,240436,1,0.9707,3.5005
7,decoder,bubbling up,240436,1,0.9999,9.7314
7,decoder,bubbling up,240436,1,0.998,6.2337
7,decoder,bubbling up,240436,1,1.0,13.8279
7,decoder,bubbling up,240436,1,1.0,13.4226
7,decoder,bubbling up,240436,1,0.997,5.7915
7,decoder,bubbling up,240436,1,1.0,10.4534
7,decoder,bubbling up,240436,1,0.9997,8.0724
7,decoder,bubbling up,240436,1,0.9986,6.6046
7,decoder,bubbling up,240436,1,0.9767,3.7356
7,decoder,burning up,404381,1,1.0,9.9115
7,decoder,burning up,404381,1,1.0,14.7686
7,decoder,burning up,404381,1,0.9999,9.0861
7,decoder,burning up,404381,1,1.0,10.8251
7,decoder,burning up,404381,1,0.9996,7.9086
7,decoder,burning up,404381,1,0.9996,7.9216
7,decoder,burning up,404381,1,1.0,18.1571
7,decoder,burning up,404381,1,0.997,5.807
7,decoder,burning up,404381,1,1.0,11.1008
7,decoder,burning up,404381,1,1.0,11.5409
7,decoder,burning up,404381,1,1.0,12.5012
7,decoder,burning up,404381,1,1.0,13.5678
7,decoder,burning up,404381,1,1.0,12.6874
7,decoder,burning up,404381,1,1.0,12.6168
7,decoder,burning up,404381,1,1.0,15.3172
7,decoder,burning up,404381,1,0.9989,6.8454
7,decoder,burning up,404381,1,1.0,10.3698
7,decoder,burning up,404381,1,0.9943,5.1601
7,decoder,burning up,404381,1,0.9999,8.8712
7,decoder,burning up,404381,1,0.9999,8.9492
7,decoder,signs up,735017,1,0.9995,7.6254
7,decoder,signs up,735017,1,1.0,11.0158
7,decoder,signs up,735017,1,0.9997,7.9891
7,decoder,signs up,735017,1,0.9999,9.8671
7,decoder,signs up,735017,1,1.0,10.9804
7,decoder,signs up,735017,1,1.0,14.102
7,decoder,signs up,735017,1,1.0,10.7193
7,decoder,signs up,735017,1,0.9998,8.3062
7,decoder,signs up,735017,1,1.0,11.1546
7,decoder,signs up,735017,1,0.9998,8.4733
7,decoder,signs up,735017,1,0.9983,6.355
7,decoder,signs up,735017,1,1.0,11.1426
7,decoder,signs up,735017,1,0.9999,9.4891
7,decoder,signs up,735017,1,1.0,10.7293
7,decoder,signs up,735017,1,0.9987,6.6542
7,decoder,signs up,735017,1,1.0,10.5866
7,decoder,signs up,735017,1,1.0,11.2974
7,decoder,signs up,735017,1,0.9998,8.7898
7,decoder,signs up,735017,1,1.0,11.1658
7,decoder,signs up,735017,1,1.0,12.4619
7,decoder,chopped up,551932,1,0.9968,5.7545
7,decoder,chopped up,551932,1,0.9986,6.5365
7,decoder,chopped up,551932,1,0.8978,2.173
7,decoder,chopped up,551932,1,0.9999,9.5793
7,decoder,chopped up,551932,1,0.9963,5.5986
7,decoder,chopped up,551932,1,0.9999,9.4728
7,decoder,chopped up,551932,1,1.0,10.0757
7,decoder,chopped up,551932,1,1.0,11.8966
7,decoder,chopped up,551932,1,1.0,11.1592
7,decoder,chopped up,551932,1,0.9995,7.5322
7,decoder,chopped up,551932,1,0.9997,8.0921
7,decoder,chopped up,551932,1,1.0,10.2917
7,decoder,chopped up,551932,1,0.9993,7.3142
7,decoder,chopped up,551932,1,0.9992,7.1244
7,decoder,chopped up,551932,1,0.9983,6.3491
7,decoder,chopped up,551932,1,0.9969,5.7869
7,decoder,chopped up,551932,1,0.9998,8.656
7,decoder,chopped up,551932,1,0.9951,5.3037
7,decoder,chopped up,551932,1,0.9715,3.5287
7,decoder,chopped up,551932,1,0.8557,1.7804
7,decoder,burned up,312715,1,1.0,10.5399
7,decoder,burned up,312715,1,0.9995,7.5678
7,decoder,burned up,312715,1,0.9766,3.7332
7,decoder,burned up,312715,1,0.9937,5.0618
7,decoder,burned up,312715,1,0.9998,8.3438
7,decoder,burned up,312715,1,0.9999,9.0431
7,decoder,burned up,312715,1,0.9998,8.4186
7,decoder,burned up,312715,1,0.9023,2.2227
7,decoder,burned up,312715,1,0.9997,7.9958
7,decoder,burned up,312715,1,0.9998,8.6202
7,decoder,burned up,312715,1,0.9998,8.4925
7,decoder,burned up,312715,1,0.9996,7.7881
7,decoder,burned up,312715,1,0.9999,9.5244
7,decoder,burned up,312715,1,0.9624,3.2413
7,decoder,burned up,312715,1,0.8817,2.0084
7,decoder,burned up,312715,1,1.0,12.0852
7,decoder,burned up,312715,1,0.9171,2.403
7,decoder,burned up,312715,1,0.9989,6.7699
7,decoder,burned up,312715,1,0.9998,8.4019
7,decoder,burned up,312715,1,0.994,5.1091
7,decoder,riled up,428185,1,0.9976,6.0312
7,decoder,riled up,428185,1,0.9989,6.7926
7,decoder,riled up,428185,1,1.0,11.2601
7,decoder,riled up,428185,1,0.9771,3.7526
7,decoder,riled up,428185,1,1.0,14.6771
7,decoder,riled up,428185,1,0.9999,9.5141
7,decoder,riled up,428185,1,0.996,5.5176
7,decoder,riled up,428185,1,0.9999,9.1852
7,decoder,riled up,428185,1,0.9985,6.501
7,decoder,riled up,428185,1,0.9979,6.171
7,decoder,riled up,428185,1,0.9683,3.4207
7,decoder,riled up,428185,1,0.9881,4.4194
7,decoder,riled up,428185,1,1.0,13.1483
7,decoder,riled up,428185,1,1.0,12.82
7,decoder,riled up,428185,1,0.998,6.195
7,decoder,riled up,428185,1,0.9908,4.6835
7,decoder,riled up,428185,1,0.9999,8.923
7,decoder,riled up,428185,1,0.9994,7.362
7,decoder,riled up,428185,1,1.0,14.5009
7,decoder,riled up,428185,1,0.9999,9.6543
7,decoder,buttoned up,184876,1,1.0,13.5796
7,decoder,buttoned up,184876,1,0.9999,9.008
7,decoder,buttoned up,184876,1,1.0,15.4302
7,decoder,buttoned up,184876,1,1.0,12.7267
7,decoder,buttoned up,184876,1,1.0,13.3409
7,decoder,buttoned up,184876,1,0.9997,7.965
7,decoder,buttoned up,184876,1,1.0,12.9877
7,decoder,buttoned up,184876,1,1.0,13.8831
7,decoder,buttoned up,184876,1,1.0,11.8693
7,decoder,buttoned up,184876,1,0.9997,8.0199
7,decoder,buttoned up,184876,1,1.0,15.9007
7,decoder,buttoned up,184876,1,1.0,14.9814
7,decoder,buttoned up,184876,1,0.9884,4.4454
7,decoder,buttoned up,184876,1,1.0,12.6443
7,decoder,buttoned up,184876,1,1.0,13.465
7,decoder,buttoned up,184876,1,0.9999,9.5749
7,decoder,buttoned up,184876,1,1.0,11.2332
7,decoder,buttoned up,184876,1,1.0,12.9193
7,decoder,buttoned up,184876,1,1.0,13.5799
7,decoder,buttoned up,184876,1,0.9999,9.3822
7,decoder,gotten up,282351,1,1.0,10.0149
7,decoder,gotten up,282351,1,0.9996,7.9175
7,decoder,gotten up,282351,1,1.0,15.0804
7,decoder,gotten up,282351,1,0.9961,5.5551
7,decoder,gotten up,282351,1,0.9973,5.9201
7,decoder,gotten up,282351,1,1.0,16.3034
7,decoder,gotten up,282351,1,1.0,11.9908
7,decoder,gotten up,282351,1,1.0,10.5855
7,decoder,gotten up,282351,1,1.0,15.4325
7,decoder,gotten up,282351,1,1.0,10.0959
7,decoder,gotten up,282351,1,0.9997,8.0989
7,decoder,gotten up,282351,1,1.0,11.4187
7,decoder,gotten up,282351,1,1.0,11.0181
7,decoder,gotten up,282351,1,0.9998,8.4176
7,decoder,gotten up,282351,1,0.9928,4.9324
7,decoder,gotten up,282351,1,1.0,11.6132
7,decoder,gotten up,282351,1,0.9983,6.3475
7,decoder,gotten up,282351,1,0.9999,9.0742
7,decoder,gotten up,282351,1,0.9998,8.3691
7,decoder,gotten up,282351,1,0.9999,8.899
7,decoder,scaled up,732554,1,0.9994,7.3431
7,decoder,scaled up,732554,1,0.9956,5.415
7,decoder,scaled up,732554,1,0.9998,8.7408
7,decoder,scaled up,732554,1,0.983,4.0582
7,decoder,scaled up,732554,1,1.0,10.1857
7,decoder,scaled up,732554,1,1.0,10.6014
7,decoder,scaled up,732554,1,0.9997,8.0958
7,decoder,scaled up,732554,1,0.9998,8.6897
7,decoder,scaled up,732554,1,0.9786,3.8249
7,decoder,scaled up,732554,1,0.9993,7.2168
7,decoder,scaled up,732554,1,0.9977,6.0894
7,decoder,scaled up,732554,1,0.9998,8.3667
7,decoder,scaled up,732554,1,1.0,10.2475
7,decoder,scaled up,732554,1,0.9998,8.6263
7,decoder,scaled up,732554,1,0.9999,9.3704
7,decoder,scaled up,732554,1,0.9974,5.9666
7,decoder,scaled up,732554,1,0.9959,5.4812
7,decoder,scaled up,732554,1,1.0,13.3302
7,decoder,scaled up,732554,1,0.9999,9.5011
7,decoder,scaled up,732554,1,0.9999,8.9851
7,decoder,let up,1004923,1,0.9885,4.4508
7,decoder,let up,1004923,1,0.9979,6.1535
7,decoder,let up,1004923,1,0.9778,3.785
7,decoder,let up,1004923,1,0.9967,5.6983
7,decoder,let up,1004923,1,1.0,16.6941
7,decoder,let up,1004923,1,1.0,10.9043
7,decoder,let up,1004923,1,0.9976,6.0272
7,decoder,let up,1004923,1,0.9996,7.767
7,decoder,let up,1004923,1,1.0,13.0212
7,decoder,let up,1004923,1,0.9998,8.7654
7,decoder,let up,1004923,1,0.9984,6.435
7,decoder,let up,1004923,1,0.9998,8.5542
7,decoder,let up,1004923,1,0.9539,3.0295
7,decoder,let up,1004923,1,1.0,11.5902
7,decoder,let up,1004923,1,1.0,15.3815
7,decoder,let up,1004923,1,0.9999,9.512
7,decoder,let up,1004923,1,0.9995,7.5654
7,decoder,let up,1004923,1,1.0,13.6184
7,decoder,let up,1004923,1,1.0,14.1716
7,decoder,let up,1004923,1,0.8626,1.8367
7,decoder,deliver up,333596,1,1.0,11.0601
7,decoder,deliver up,333596,1,0.9938,5.0815
7,decoder,deliver up,333596,1,1.0,15.9612
7,decoder,deliver up,333596,1,1.0,11.2448
7,decoder,deliver up,333596,1,0.9999,9.7739
7,decoder,deliver up,333596,1,1.0,15.1715
7,decoder,deliver up,333596,1,1.0,13.2046
7,decoder,deliver up,333596,1,1.0,12.7466
7,decoder,deliver up,333596,1,1.0,10.2518
7,decoder,deliver up,333596,1,1.0,10.3151
7,decoder,deliver up,333596,1,1.0,12.1668
7,decoder,deliver up,333596,1,1.0,15.028
7,decoder,deliver up,333596,1,1.0,11.889
7,decoder,deliver up,333596,1,1.0,10.8877
7,decoder,deliver up,333596,1,0.9994,7.4966
7,decoder,deliver up,333596,1,1.0,12.9386
7,decoder,deliver up,333596,1,1.0,12.2809
7,decoder,deliver up,333596,1,1.0,12.1038
7,decoder,deliver up,333596,1,1.0,13.5532
7,decoder,deliver up,333596,1,0.9999,9.5804
7,decoder,cropped up,561547,1,0.996,5.51
7,decoder,cropped up,561547,1,0.9999,8.9267
7,decoder,cropped up,561547,1,0.9752,3.6719
7,decoder,cropped up,561547,1,0.9999,9.1755
7,decoder,cropped up,561547,1,1.0,10.5439
7,decoder,cropped up,561547,1,0.9994,7.4074
7,decoder,cropped up,561547,1,0.9408,2.7658
7,decoder,cropped up,561547,1,0.9977,6.0854
7,decoder,cropped up,561547,1,0.9934,5.0094
7,decoder,cropped up,561547,1,1.0,12.0837
7,decoder,cropped up,561547,1,1.0,11.4471
7,decoder,cropped up,561547,1,1.0,10.5723
7,decoder,cropped up,561547,1,0.9975,6.0036
7,decoder,cropped up,561547,1,0.9925,4.8908
7,decoder,cropped up,561547,1,0.9928,4.9257
7,decoder,cropped up,561547,1,0.9989,6.8382
7,decoder,cropped up,561547,1,0.9694,3.4553
7,decoder,cropped up,561547,1,0.9761,3.7099
7,decoder,cropped up,561547,1,0.9995,7.5429
7,decoder,cropped up,561547,1,1.0,10.0728
7,decoder,ride up,693827,1,1.0,18.7216
7,decoder,ride up,693827,1,0.9908,4.681
7,decoder,ride up,693827,1,1.0,11.8036
7,decoder,ride up,693827,1,1.0,18.1853
7,decoder,ride up,693827,1,1.0,12.324
7,decoder,ride up,693827,1,1.0,15.7471
7,decoder,ride up,693827,1,0.9895,4.5416
7,decoder,ride up,693827,1,1.0,12.1487
7,decoder,ride up,693827,1,0.9999,9.8927
7,decoder,ride up,693827,1,0.9998,8.7975
7,decoder,ride up,693827,1,1.0,14.5457
7,decoder,ride up,693827,1,1.0,11.25
7,decoder,ride up,693827,1,0.9999,9.436
7,decoder,ride up,693827,1,0.9999,9.6187
7,decoder,ride up,693827,1,1.0,10.8154
7,decoder,ride up,693827,1,1.0,13.5163
7,decoder,ride up,693827,1,0.9999,9.1579
7,decoder,ride up,693827,1,1.0,12.3314
7,decoder,ride up,693827,1,0.9999,9.5431
7,decoder,ride up,693827,1,1.0,16.1788
7,decoder,shaping up,1610467,1,1.0,11.4866
7,decoder,shaping up,1610467,1,1.0,15.7118
7,decoder,shaping up,1610467,1,1.0,12.589
7,decoder,shaping up,1610467,1,0.9977,6.0599
7,decoder,shaping up,1610467,1,1.0,10.7773
7,decoder,shaping up,1610467,1,1.0,13.7748
7,decoder,shaping up,1610467,1,0.9996,7.954
7,decoder,shaping up,1610467,1,0.999,6.921
7,decoder,shaping up,1610467,1,0.9999,9.5803
7,decoder,shaping up,1610467,1,1.0,13.8073
7,decoder,shaping up,1610467,1,0.996,5.5153
7,decoder,shaping up,1610467,1,0.9979,6.1722
7,decoder,shaping up,1610467,1,1.0,14.7025
7,decoder,shaping up,1610467,1,1.0,10.4189
7,decoder,shaping up,1610467,1,1.0,11.3703
7,decoder,shaping up,1610467,1,1.0,15.048
7,decoder,shaping up,1610467,1,1.0,12.8668
7,decoder,shaping up,1610467,1,1.0,16.5187
7,decoder,shaping up,1610467,1,0.9999,9.6745
7,decoder,shaping up,1610467,1,0.9994,7.4502
7,decoder,driven up,302257,1,1.0,15.3136
7,decoder,driven up,302257,1,1.0,12.5909
7,decoder,driven up,302257,1,1.0,14.2309
7,decoder,driven up,302257,1,1.0,15.131
7,decoder,driven up,302257,1,1.0,11.4816
7,decoder,driven up,302257,1,1.0,12.1977
7,decoder,driven up,302257,1,1.0,13.4564
7,decoder,driven up,302257,1,1.0,10.7282
7,decoder,driven up,302257,1,0.9999,9.6156
7,decoder,driven up,302257,1,1.0,10.8573
7,decoder,driven up,302257,1,1.0,16.3089
7,decoder,driven up,302257,1,0.9998,8.6658
7,decoder,driven up,302257,1,1.0,13.3171
7,decoder,driven up,302257,1,1.0,13.7246
7,decoder,driven up,302257,1,0.9998,8.7831
7,decoder,driven up,302257,1,1.0,16.5844
7,decoder,driven up,302257,1,1.0,15.2909
7,decoder,driven up,302257,1,1.0,12.5265
7,decoder,driven up,302257,1,1.0,13.5295
7,decoder,driven up,302257,1,0.9999,9.2429
7,decoder,joined up,728889,1,1.0,10.9036
7,decoder,joined up,728889,1,1.0,10.1871
7,decoder,joined up,728889,1,0.9998,8.6775
7,decoder,joined up,728889,1,0.9994,7.3856
7,decoder,joined up,728889,1,0.9999,9.2996
7,decoder,joined up,728889,1,1.0,10.2358
7,decoder,joined up,728889,1,1.0,15.49
7,decoder,joined up,728889,1,0.9994,7.4401
7,decoder,joined up,728889,1,0.9994,7.4303
7,decoder,joined up,728889,1,1.0,11.6791
7,decoder,joined up,728889,1,0.9795,3.8679
7,decoder,joined up,728889,1,0.9999,9.3844
7,decoder,joined up,728889,1,1.0,11.184
7,decoder,joined up,728889,1,0.9998,8.6408
7,decoder,joined up,728889,1,1.0,10.1322
7,decoder,joined up,728889,1,0.9999,9.0984
7,decoder,joined up,728889,1,0.9999,9.1383
7,decoder,joined up,728889,1,1.0,13.1963
7,decoder,joined up,728889,1,0.9998,8.2988
7,decoder,joined up,728889,1,0.9999,9.0081
7,decoder,matched up,850244,1,0.9999,8.8857
7,decoder,matched up,850244,1,1.0,11.0611
7,decoder,matched up,850244,1,0.9995,7.5347
7,decoder,matched up,850244,1,1.0,10.7189
7,decoder,matched up,850244,1,0.9813,3.9606
7,decoder,matched up,850244,1,1.0,11.9127
7,decoder,matched up,850244,1,0.9998,8.4668
7,decoder,matched up,850244,1,0.9999,9.6453
7,decoder,matched up,850244,1,0.9998,8.5253
7,decoder,matched up,850244,1,1.0,11.6128
7,decoder,matched up,850244,1,0.9989,6.8422
7,decoder,matched up,850244,1,0.9998,8.6578
7,decoder,matched up,850244,1,0.9998,8.6138
7,decoder,matched up,850244,1,0.9999,9.5388
7,decoder,matched up,850244,1,1.0,16.6869
7,decoder,matched up,850244,1,1.0,10.4881
7,decoder,matched up,850244,1,0.9998,8.7653
7,decoder,matched up,850244,1,0.9999,8.9959
7,decoder,matched up,850244,1,0.9998,8.7813
7,decoder,matched up,850244,1,1.0,11.9019
7,decoder,propping up,436075,1,0.9999,9.6232
7,decoder,propping up,436075,1,1.0,12.7289
7,decoder,propping up,436075,1,0.9999,9.59
7,decoder,propping up,436075,1,0.9999,9.544
7,decoder,propping up,436075,1,0.9999,9.8188
7,decoder,propping up,436075,1,0.9999,9.7607
7,decoder,propping up,436075,1,1.0,11.9964
7,decoder,propping up,436075,1,1.0,9.9475
7,decoder,propping up,436075,1,1.0,13.9343
7,decoder,propping up,436075,1,1.0,10.4299
7,decoder,propping up,436075,1,0.9999,9.5861
7,decoder,propping up,436075,1,1.0,11.2049
7,decoder,propping up,436075,1,1.0,15.6669
7,decoder,propping up,436075,1,1.0,10.5942
7,decoder,propping up,436075,1,1.0,10.5961
7,decoder,propping up,436075,1,1.0,10.4791
7,decoder,propping up,436075,1,0.9999,9.3947
7,decoder,propping up,436075,1,0.9998,8.6129
7,decoder,propping up,436075,1,1.0,13.9717
7,decoder,propping up,436075,1,1.0,12.9912
7,decoder,reading up,825430,1,1.0,11.1788
7,decoder,reading up,825430,1,1.0,13.037
7,decoder,reading up,825430,1,1.0,11.0874
7,decoder,reading up,825430,1,0.9998,8.5942
7,decoder,reading up,825430,1,1.0,15.0154
7,decoder,reading up,825430,1,1.0,14.9363
7,decoder,reading up,825430,1,1.0,11.1329
7,decoder,reading up,825430,1,1.0,16.3346
7,decoder,reading up,825430,1,1.0,16.9325
7,decoder,reading up,825430,1,1.0,15.8462
7,decoder,reading up,825430,1,1.0,13.1504
7,decoder,reading up,825430,1,1.0,17.017
7,decoder,reading up,825430,1,1.0,11.3675
7,decoder,reading up,825430,1,1.0,16.0174
7,decoder,reading up,825430,1,1.0,17.8173
7,decoder,reading up,825430,1,1.0,12.7001
7,decoder,reading up,825430,1,1.0,13.5159
7,decoder,reading up,825430,1,1.0,16.3663
7,decoder,reading up,825430,1,1.0,13.2109
7,decoder,reading up,825430,1,1.0,15.7856
7,decoder,gazed up,108421,1,1.0,10.1801
7,decoder,gazed up,108421,1,1.0,11.825
7,decoder,gazed up,108421,1,0.8565,1.7868
7,decoder,gazed up,108421,1,1.0,10.9866
7,decoder,gazed up,108421,1,1.0,14.0959
7,decoder,gazed up,108421,1,1.0,9.9724
7,decoder,gazed up,108421,1,0.9998,8.6173
7,decoder,gazed up,108421,1,1.0,10.6179
7,decoder,gazed up,108421,1,1.0,13.462
7,decoder,gazed up,108421,1,1.0,11.2447
7,decoder,gazed up,108421,1,0.9982,6.3144
7,decoder,gazed up,108421,1,0.9998,8.6766
7,decoder,gazed up,108421,1,0.9999,9.7775
7,decoder,gazed up,108421,1,0.9999,9.5071
7,decoder,gazed up,108421,1,0.9999,9.0314
7,decoder,gazed up,108421,1,0.9973,5.9134
7,decoder,gazed up,108421,1,1.0,10.6816
7,decoder,gazed up,108421,1,0.9999,9.6841
7,decoder,gazed up,108421,1,0.9999,9.8507
7,decoder,gazed up,108421,1,0.9995,7.5566
7,decoder,stick up,470918,1,0.9998,8.6994
7,decoder,stick up,470918,1,0.9999,8.8965
7,decoder,stick up,470918,1,1.0,12.7723
7,decoder,stick up,470918,1,1.0,14.7025
7,decoder,stick up,470918,1,0.9997,8.0894
7,decoder,stick up,470918,1,0.9888,4.4812
7,decoder,stick up,470918,1,1.0,15.2902
7,decoder,stick up,470918,1,0.9963,5.5841
7,decoder,stick up,470918,1,1.0,13.8027
7,decoder,stick up,470918,1,0.9996,7.8567
7,decoder,stick up,470918,1,1.0,12.0079
7,decoder,stick up,470918,1,0.9787,3.8252
7,decoder,stick up,470918,1,1.0,12.3866
7,decoder,stick up,470918,1,0.9973,5.9141
7,decoder,stick up,470918,1,0.9994,7.4689
7,decoder,stick up,470918,1,0.998,6.2324
7,decoder,stick up,470918,1,0.9988,6.7442
7,decoder,stick up,470918,1,0.9999,9.8736
7,decoder,stick up,470918,1,1.0,10.5724
7,decoder,stick up,470918,1,0.9548,3.0507
7,decoder,mixing up,629353,1,1.0,14.1677
7,decoder,mixing up,629353,1,0.9999,9.0357
7,decoder,mixing up,629353,1,1.0,14.2764
7,decoder,mixing up,629353,1,1.0,14.3006
7,decoder,mixing up,629353,1,1.0,15.5113
7,decoder,mixing up,629353,1,0.9999,9.2637
7,decoder,mixing up,629353,1,1.0,17.5239
7,decoder,mixing up,629353,1,1.0,12.1479
7,decoder,mixing up,629353,1,1.0,12.159
7,decoder,mixing up,629353,1,0.9996,7.8612
7,decoder,mixing up,629353,1,1.0,11.1353
7,decoder,mixing up,629353,1,1.0,13.2697
7,decoder,mixing up,629353,1,1.0,12.3867
7,decoder,mixing up,629353,1,1.0,10.9213
7,decoder,mixing up,629353,1,1.0,10.5416
7,decoder,mixing up,629353,1,0.9999,9.2162
7,decoder,mixing up,629353,1,1.0,12.5052
7,decoder,mixing up,629353,1,0.9999,9.8511
7,decoder,mixing up,629353,1,0.9998,8.4346
7,decoder,mixing up,629353,1,1.0,17.2526
7,decoder,clearing up,599805,1,0.9999,9.2226
7,decoder,clearing up,599805,1,0.9964,5.6325
7,decoder,clearing up,599805,0,0.3397,-0.6648
7,decoder,clearing up,599805,1,0.9997,8.0004
7,decoder,clearing up,599805,1,0.9252,2.5154
7,decoder,clearing up,599805,1,0.9982,6.3097
7,decoder,clearing up,599805,1,0.9996,7.7676
7,decoder,clearing up,599805,1,1.0,10.2644
7,decoder,clearing up,599805,1,0.9997,8.0912
7,decoder,clearing up,599805,1,1.0,10.611
7,decoder,clearing up,599805,1,1.0,11.8477
7,decoder,clearing up,599805,1,0.9994,7.417
7,decoder,clearing up,599805,1,0.9564,3.0885
7,decoder,clearing up,599805,1,0.9999,9.1819
7,decoder,clearing up,599805,1,0.9915,4.7603
7,decoder,clearing up,599805,1,0.9996,7.8937
7,decoder,clearing up,599805,1,0.9987,6.6471
7,decoder,clearing up,599805,1,0.9008,2.2065
7,decoder,clearing up,599805,1,0.9999,8.9499
7,decoder,clearing up,599805,1,0.9998,8.6169
7,decoder,leads up,420259,1,1.0,14.7965
7,decoder,leads up,420259,1,1.0,19.6223
7,decoder,leads up,420259,1,1.0,12.9167
7,decoder,leads up,420259,1,1.0,11.4777
7,decoder,leads up,420259,1,1.0,16.605
7,decoder,leads up,420259,1,0.9999,9.0489
7,decoder,leads up,420259,1,1.0,12.2302
7,decoder,leads up,420259,1,1.0,15.5614
7,decoder,leads up,420259,1,1.0,14.3629
7,decoder,leads up,420259,1,1.0,11.3911
7,decoder,leads up,420259,1,1.0,11.9934
7,decoder,leads up,420259,1,1.0,13.2814
7,decoder,leads up,420259,1,1.0,12.1153
7,decoder,leads up,420259,1,1.0,15.856
7,decoder,leads up,420259,1,1.0,10.3418
7,decoder,leads up,420259,1,1.0,15.0548
7,decoder,leads up,420259,1,1.0,11.509
7,decoder,leads up,420259,1,0.9999,9.5071
7,decoder,leads up,420259,1,1.0,14.1078
7,decoder,leads up,420259,1,1.0,15.2945
7,decoder,sealed up,198265,1,0.9992,7.0719
7,decoder,sealed up,198265,1,1.0,10.2361
7,decoder,sealed up,198265,1,1.0,12.604
7,decoder,sealed up,198265,1,0.9992,7.172
7,decoder,sealed up,198265,1,0.9941,5.1193
7,decoder,sealed up,198265,1,1.0,11.3008
7,decoder,sealed up,198265,1,1.0,11.0223
7,decoder,sealed up,198265,1,1.0,10.0345
7,decoder,sealed up,198265,1,0.9971,5.8341
7,decoder,sealed up,198265,1,1.0,10.9964
7,decoder,sealed up,198265,1,1.0,10.5471
7,decoder,sealed up,198265,1,0.9998,8.3093
7,decoder,sealed up,198265,1,0.9961,5.545
7,decoder,sealed up,198265,1,0.9304,2.5924
7,decoder,sealed up,198265,1,1.0,10.1675
7,decoder,sealed up,198265,1,0.999,6.9083
7,decoder,sealed up,198265,1,0.9992,7.0751
7,decoder,sealed up,198265,1,1.0,11.8957
7,decoder,sealed up,198265,1,1.0,14.1525
7,decoder,sealed up,198265,1,0.9754,3.6795
7,decoder,blocked up,121430,1,0.9999,9.0322
7,decoder,blocked up,121430,1,0.9999,9.4763
7,decoder,blocked up,121430,1,0.9973,5.9096
7,decoder,blocked up,121430,1,0.9999,8.8678
7,decoder,blocked up,121430,1,0.9977,6.0696
7,decoder,blocked up,121430,1,0.9993,7.3073
7,decoder,blocked up,121430,1,0.9997,8.103
7,decoder,blocked up,121430,1,0.9992,7.1387
7,decoder,blocked up,121430,1,0.9998,8.5259
7,decoder,blocked up,121430,1,0.9995,7.6785
7,decoder,blocked up,121430,1,0.8389,1.65
7,decoder,blocked up,121430,1,0.9993,7.2691
7,decoder,blocked up,121430,1,0.9996,7.8178
7,decoder,blocked up,121430,1,0.9999,8.8881
7,decoder,blocked up,121430,1,0.9967,5.7051
7,decoder,blocked up,121430,1,0.9991,7.0677
7,decoder,blocked up,121430,1,0.9919,4.8072
7,decoder,blocked up,121430,1,0.9999,9.6267
7,decoder,blocked up,121430,1,0.9953,5.3566
7,decoder,blocked up,121430,1,0.9992,7.1936
7,decoder,sneak up,631452,1,1.0,10.2816
7,decoder,sneak up,631452,1,1.0,10.9748
7,decoder,sneak up,631452,1,1.0,11.4658
7,decoder,sneak up,631452,1,1.0,11.8274
7,decoder,sneak up,631452,1,1.0,11.9906
7,decoder,sneak up,631452,1,0.9999,9.0973
7,decoder,sneak up,631452,1,0.9999,9.5059
7,decoder,sneak up,631452,1,1.0,13.5119
7,decoder,sneak up,631452,1,1.0,10.7682
7,decoder,sneak up,631452,1,1.0,12.1134
7,decoder,sneak up,631452,1,1.0,12.3635
7,decoder,sneak up,631452,1,0.9998,8.6811
7,decoder,sneak up,631452,1,0.9973,5.9182
7,decoder,sneak up,631452,1,1.0,16.1175
7,decoder,sneak up,631452,1,0.9999,8.8827
7,decoder,sneak up,631452,1,1.0,10.1108
7,decoder,sneak up,631452,1,1.0,10.7461
7,decoder,sneak up,631452,1,0.9961,5.5452
7,decoder,sneak up,631452,1,0.9999,9.3228
7,decoder,sneak up,631452,1,1.0,11.9
7,decoder,ate up,245605,1,0.9999,9.8977
7,decoder,ate up,245605,1,0.9995,7.6952
7,decoder,ate up,245605,1,0.9996,7.8135
7,decoder,ate up,245605,1,1.0,11.0039
7,decoder,ate up,245605,1,1.0,12.6804
7,decoder,ate up,245605,1,0.9989,6.7827
7,decoder,ate up,245605,1,0.9973,5.9271
7,decoder,ate up,245605,1,0.9981,6.2417
7,decoder,ate up,245605,1,0.9999,9.0138
7,decoder,ate up,245605,1,0.9999,8.8733
7,decoder,ate up,245605,1,0.9996,7.871
7,decoder,ate up,245605,1,0.9998,8.7683
7,decoder,ate up,245605,1,0.9996,7.8493
7,decoder,ate up,245605,1,1.0,12.499
7,decoder,ate up,245605,1,0.9998,8.3119
7,decoder,ate up,245605,1,1.0,10.8522
7,decoder,ate up,245605,1,0.9997,8.0047
7,decoder,ate up,245605,1,0.9998,8.6199
7,decoder,ate up,245605,1,0.9999,9.881
7,decoder,ate up,245605,1,0.9996,7.9244
7,decoder,draws up,148341,1,0.8304,1.5885
7,decoder,draws up,148341,1,1.0,12.7741
7,decoder,draws up,148341,1,0.9991,6.9932
7,decoder,draws up,148341,1,0.9985,6.4787
7,decoder,draws up,148341,1,0.9956,5.4324
7,decoder,draws up,148341,1,1.0,10.0188
7,decoder,draws up,148341,1,0.9997,8.2539
7,decoder,draws up,148341,1,0.9628,3.2545
7,decoder,draws up,148341,1,0.9964,5.6197
7,decoder,draws up,148341,1,0.9996,7.8195
7,decoder,draws up,148341,1,0.9968,5.7405
7,decoder,draws up,148341,1,0.9816,3.9775
7,decoder,draws up,148341,1,0.9727,3.5742
7,decoder,draws up,148341,1,0.9924,4.877
7,decoder,draws up,148341,1,1.0,10.5013
7,decoder,draws up,148341,1,0.9953,5.345
7,decoder,draws up,148341,1,0.9999,9.1429
7,decoder,draws up,148341,1,0.9998,8.3696
7,decoder,draws up,148341,0,0.2063,-1.3475
7,decoder,draws up,148341,1,1.0,10.5665
7,decoder,freed up,651416,1,0.9984,6.4184
7,decoder,freed up,651416,1,0.9991,7.067
7,decoder,freed up,651416,1,0.9975,5.9862
7,decoder,freed up,651416,1,0.9969,5.7823
7,decoder,freed up,651416,1,0.9985,6.5046
7,decoder,freed up,651416,1,0.9918,4.793
7,decoder,freed up,651416,1,1.0,12.6212
7,decoder,freed up,651416,1,0.9853,4.2045
7,decoder,freed up,651416,1,0.9997,8.0772
7,decoder,freed up,651416,1,1.0,12.458
7,decoder,freed up,651416,1,1.0,15.4044
7,decoder,freed up,651416,1,0.9975,5.9934
7,decoder,freed up,651416,1,1.0,14.3809
7,decoder,freed up,651416,1,1.0,15.7195
7,decoder,freed up,651416,1,1.0,13.0533
7,decoder,freed up,651416,1,0.9393,2.7397
7,decoder,freed up,651416,1,0.9998,8.4729
7,decoder,freed up,651416,1,1.0,11.45
7,decoder,freed up,651416,1,1.0,11.2382
7,decoder,freed up,651416,1,1.0,12.7477
7,decoder,ripped up,282531,1,0.9915,4.7535
7,decoder,ripped up,282531,1,0.991,4.6972
7,decoder,ripped up,282531,1,0.9996,7.8141
7,decoder,ripped up,282531,1,1.0,10.1043
7,decoder,ripped up,282531,1,1.0,12.8516
7,decoder,ripped up,282531,1,0.9981,6.2457
7,decoder,ripped up,282531,1,0.9996,7.7642
7,decoder,ripped up,282531,1,1.0,12.1117
7,decoder,ripped up,282531,1,1.0,11.2671
7,decoder,ripped up,282531,1,0.9991,7.0565
7,decoder,ripped up,282531,1,0.9999,9.2622
7,decoder,ripped up,282531,1,0.9995,7.6582
7,decoder,ripped up,282531,1,1.0,10.3895
7,decoder,ripped up,282531,1,0.9999,9.3122
7,decoder,ripped up,282531,1,0.9999,9.3311
7,decoder,ripped up,282531,1,1.0,12.713
7,decoder,ripped up,282531,1,0.9994,7.3553
7,decoder,ripped up,282531,1,0.9905,4.6464
7,decoder,ripped up,282531,1,0.9998,8.7658
7,decoder,ripped up,282531,1,0.9996,7.7939
7,decoder,heats up,1315361,1,0.9995,7.6292
7,decoder,heats up,1315361,1,1.0,11.0629
7,decoder,heats up,1315361,1,0.9977,6.0621
7,decoder,heats up,1315361,1,1.0,12.5257
7,decoder,heats up,1315361,1,0.9983,6.3793
7,decoder,heats up,1315361,1,0.9999,9.0182
7,decoder,heats up,1315361,1,1.0,10.485
7,decoder,heats up,1315361,1,0.9971,5.8477
7,decoder,heats up,1315361,1,0.9996,7.8713
7,decoder,heats up,1315361,1,0.9992,7.1632
7,decoder,heats up,1315361,1,0.929,2.5722
7,decoder,heats up,1315361,1,0.9991,7.019
7,decoder,heats up,1315361,1,1.0,10.1597
7,decoder,heats up,1315361,1,0.9986,6.5971
7,decoder,heats up,1315361,1,0.9994,7.4464
7,decoder,heats up,1315361,1,1.0,10.1321
7,decoder,heats up,1315361,1,0.9993,7.2646
7,decoder,heats up,1315361,1,0.894,2.1323
7,decoder,heats up,1315361,1,0.9817,3.983
7,decoder,heats up,1315361,1,0.9989,6.8404
7,decoder,flung up,26833,1,0.9999,9.4688
7,decoder,flung up,26833,1,0.9999,8.9687
7,decoder,flung up,26833,1,1.0,13.9959
7,decoder,flung up,26833,1,1.0,11.7815
7,decoder,flung up,26833,1,1.0,10.9456
7,decoder,flung up,26833,1,1.0,10.7402
7,decoder,flung up,26833,1,1.0,12.3148
7,decoder,flung up,26833,1,1.0,10.6602
7,decoder,flung up,26833,1,1.0,14.2829
7,decoder,flung up,26833,1,0.9999,9.5326
7,decoder,flung up,26833,1,0.9983,6.3517
7,decoder,flung up,26833,1,0.9999,9.1443
7,decoder,flung up,26833,1,0.9998,8.7798
7,decoder,flung up,26833,1,1.0,12.1295
7,decoder,flung up,26833,1,0.9999,9.6001
7,decoder,flung up,26833,1,0.9999,9.5481
7,decoder,flung up,26833,1,1.0,11.7712
7,decoder,flung up,26833,1,1.0,14.7677
7,decoder,flung up,26833,1,0.9999,9.8529
7,decoder,flung up,26833,1,1.0,13.4669
7,decoder,check up,1666424,1,0.9967,5.7191
7,decoder,check up,1666424,1,0.998,6.1883
7,decoder,check up,1666424,1,0.9998,8.4933
7,decoder,check up,1666424,1,0.9961,5.5545
7,decoder,check up,1666424,1,0.9982,6.3322
7,decoder,check up,1666424,1,0.9841,4.1261
7,decoder,check up,1666424,1,0.9999,9.1131
7,decoder,check up,1666424,1,1.0,11.7313
7,decoder,check up,1666424,1,0.9993,7.3354
7,decoder,check up,1666424,1,0.9994,7.3721
7,decoder,check up,1666424,1,1.0,11.1667
7,decoder,check up,1666424,1,0.9999,9.8527
7,decoder,check up,1666424,1,0.9999,9.7059
7,decoder,check up,1666424,1,0.9999,9.87
7,decoder,check up,1666424,1,0.9999,8.8704
7,decoder,check up,1666424,1,0.9997,8.1625
7,decoder,check up,1666424,1,0.9999,9.0626
7,decoder,check up,1666424,1,1.0,10.7264
7,decoder,check up,1666424,1,0.9999,9.0921
7,decoder,check up,1666424,1,1.0,11.8933
7,decoder,play up,835403,1,1.0,14.6903
7,decoder,play up,835403,1,0.999,6.8596
7,decoder,play up,835403,1,1.0,18.3773
7,decoder,play up,835403,1,1.0,16.9451
7,decoder,play up,835403,1,1.0,11.3089
7,decoder,play up,835403,1,1.0,12.7241
7,decoder,play up,835403,1,0.9986,6.5833
7,decoder,play up,835403,1,0.9999,9.4463
7,decoder,play up,835403,1,1.0,15.292
7,decoder,play up,835403,1,1.0,18.4706
7,decoder,play up,835403,1,1.0,17.9615
7,decoder,play up,835403,1,1.0,18.3697
7,decoder,play up,835403,1,1.0,17.2393
7,decoder,play up,835403,1,1.0,19.155
7,decoder,play up,835403,1,1.0,13.833
7,decoder,play up,835403,1,1.0,11.0859
7,decoder,play up,835403,1,0.9998,8.6825
7,decoder,play up,835403,1,1.0,18.5571
7,decoder,play up,835403,1,1.0,15.5297
7,decoder,play up,835403,1,0.9998,8.3359
7,decoder,yielded up,33299,1,0.9999,9.6011
7,decoder,yielded up,33299,1,1.0,10.9472
7,decoder,yielded up,33299,1,1.0,10.827
7,decoder,yielded up,33299,1,0.9997,8.0711
7,decoder,yielded up,33299,1,1.0,13.284
7,decoder,yielded up,33299,1,1.0,13.7114
7,decoder,yielded up,33299,1,1.0,12.7957
7,decoder,yielded up,33299,1,1.0,13.3309
7,decoder,yielded up,33299,1,1.0,13.619
7,decoder,yielded up,33299,1,1.0,12.7597
7,decoder,yielded up,33299,1,1.0,13.1263
7,decoder,yielded up,33299,1,1.0,10.8558
7,decoder,yielded up,33299,1,1.0,11.3012
7,decoder,yielded up,33299,1,1.0,15.562
7,decoder,yielded up,33299,1,0.9999,9.616
7,decoder,yielded up,33299,1,1.0,13.3382
7,decoder,yielded up,33299,1,1.0,16.2777
7,decoder,yielded up,33299,1,1.0,12.809
7,decoder,yielded up,33299,1,1.0,14.1774
7,decoder,yielded up,33299,1,0.9999,9.9002
7,decoder,lay up,250768,1,0.9902,4.6163
7,decoder,lay up,250768,1,0.9996,7.9252
7,decoder,lay up,250768,1,0.9868,4.3148
7,decoder,lay up,250768,1,0.9977,6.0557
7,decoder,lay up,250768,1,1.0,11.0347
7,decoder,lay up,250768,1,1.0,10.5266
7,decoder,lay up,250768,1,1.0,10.1424
7,decoder,lay up,250768,1,1.0,10.9632
7,decoder,lay up,250768,1,0.9998,8.5899
7,decoder,lay up,250768,1,1.0,10.0207
7,decoder,lay up,250768,1,1.0,10.7528
7,decoder,lay up,250768,1,0.995,5.2935
7,decoder,lay up,250768,1,0.9996,7.7822
7,decoder,lay up,250768,1,1.0,10.4825
7,decoder,lay up,250768,1,1.0,11.4114
7,decoder,lay up,250768,1,0.8033,1.4069
7,decoder,lay up,250768,1,1.0,10.0865
7,decoder,lay up,250768,1,0.9996,7.9466
7,decoder,lay up,250768,1,1.0,12.5383
7,decoder,lay up,250768,1,0.9996,7.898
7,decoder,riding up,239750,1,1.0,14.2988
7,decoder,riding up,239750,1,1.0,10.185
7,decoder,riding up,239750,1,1.0,10.8005
7,decoder,riding up,239750,1,1.0,10.7563
7,decoder,riding up,239750,1,1.0,15.2707
7,decoder,riding up,239750,1,1.0,11.3573
7,decoder,riding up,239750,1,1.0,15.3159
7,decoder,riding up,239750,1,1.0,15.4309
7,decoder,riding up,239750,1,1.0,18.2187
7,decoder,riding up,239750,1,1.0,16.2009
7,decoder,riding up,239750,1,1.0,17.5928
7,decoder,riding up,239750,1,0.9999,9.2268
7,decoder,riding up,239750,1,1.0,15.0577
7,decoder,riding up,239750,1,1.0,13.3751
7,decoder,riding up,239750,1,1.0,10.9862
7,decoder,riding up,239750,1,0.9999,8.8439
7,decoder,riding up,239750,1,0.9999,9.2591
7,decoder,riding up,239750,1,0.9999,9.8596
7,decoder,riding up,239750,1,1.0,9.9901
7,decoder,riding up,239750,1,1.0,16.0422
7,decoder,left up,687508,1,1.0,12.299
7,decoder,left up,687508,1,1.0,11.9216
7,decoder,left up,687508,1,1.0,10.8136
7,decoder,left up,687508,1,0.9968,5.7525
7,decoder,left up,687508,1,0.9999,9.157
7,decoder,left up,687508,1,0.9994,7.3782
7,decoder,left up,687508,1,1.0,12.1411
7,decoder,left up,687508,1,0.9995,7.5967
7,decoder,left up,687508,1,1.0,11.8823
7,decoder,left up,687508,1,1.0,15.2803
7,decoder,left up,687508,1,0.998,6.236
7,decoder,left up,687508,1,1.0,10.6971
7,decoder,left up,687508,1,1.0,11.6998
7,decoder,left up,687508,1,1.0,14.3561
7,decoder,left up,687508,1,0.9999,9.1999
7,decoder,left up,687508,1,0.9994,7.4893
7,decoder,left up,687508,1,1.0,10.0451
7,decoder,left up,687508,1,1.0,13.0245
7,decoder,left up,687508,1,1.0,10.3072
7,decoder,left up,687508,1,1.0,11.8444
7,decoder,frees up,748401,1,1.0,10.1334
7,decoder,frees up,748401,1,1.0,10.3729
7,decoder,frees up,748401,1,1.0,11.919
7,decoder,frees up,748401,1,0.9991,7.0038
7,decoder,frees up,748401,1,0.9991,6.9992
7,decoder,frees up,748401,1,0.992,4.8148
7,decoder,frees up,748401,1,0.9999,9.2586
7,decoder,frees up,748401,1,0.964,3.2867
7,decoder,frees up,748401,1,0.9991,7.0503
7,decoder,frees up,748401,1,0.9996,7.8381
7,decoder,frees up,748401,1,1.0,10.6255
7,decoder,frees up,748401,1,1.0,11.4062
7,decoder,frees up,748401,1,0.9996,7.706
7,decoder,frees up,748401,1,1.0,14.361
7,decoder,frees up,748401,1,1.0,9.9554
7,decoder,frees up,748401,1,0.9968,5.7375
7,decoder,frees up,748401,1,0.9999,8.8815
7,decoder,frees up,748401,1,1.0,10.8311
7,decoder,frees up,748401,1,1.0,12.7754
7,decoder,frees up,748401,1,0.9997,8.2219
7,decoder,flare up,698145,1,0.9994,7.3958
7,decoder,flare up,698145,1,0.995,5.2981
7,decoder,flare up,698145,1,0.9999,9.6516
7,decoder,flare up,698145,1,0.9991,7.0005
7,decoder,flare up,698145,1,0.9981,6.2385
7,decoder,flare up,698145,1,0.9995,7.5256
7,decoder,flare up,698145,1,0.9997,8.1459
7,decoder,flare up,698145,1,0.9987,6.6223
7,decoder,flare up,698145,1,0.9984,6.4178
7,decoder,flare up,698145,1,0.9989,6.8551
7,decoder,flare up,698145,1,1.0,11.8545
7,decoder,flare up,698145,1,0.9994,7.4939
7,decoder,flare up,698145,1,0.9896,4.5574
7,decoder,flare up,698145,1,0.9977,6.0635
7,decoder,flare up,698145,1,0.9999,9.7172
7,decoder,flare up,698145,1,1.0,11.9619
7,decoder,flare up,698145,1,1.0,11.2773
7,decoder,flare up,698145,1,0.9998,8.6333
7,decoder,flare up,698145,1,0.9999,8.8356
7,decoder,flare up,698145,1,0.9989,6.8569
7,decoder,marched up,104675,1,0.9999,8.9027
7,decoder,marched up,104675,1,1.0,10.5909
7,decoder,marched up,104675,1,0.9999,9.0372
7,decoder,marched up,104675,1,1.0,10.0518
7,decoder,marched up,104675,1,1.0,13.3243
7,decoder,marched up,104675,1,0.9999,9.2679
7,decoder,marched up,104675,1,1.0,11.526
7,decoder,marched up,104675,1,1.0,10.3783
7,decoder,marched up,104675,1,0.9999,9.2353
7,decoder,marched up,104675,1,0.9987,6.667
7,decoder,marched up,104675,1,1.0,10.6475
7,decoder,marched up,104675,1,0.9999,8.8933
7,decoder,marched up,104675,1,0.9965,5.6544
7,decoder,marched up,104675,1,1.0,12.7828
7,decoder,marched up,104675,1,0.9998,8.5323
7,decoder,marched up,104675,1,1.0,10.4251
7,decoder,marched up,104675,1,1.0,11.2963
7,decoder,marched up,104675,1,1.0,11.8129
7,decoder,marched up,104675,1,0.9999,8.8414
7,decoder,marched up,104675,1,1.0,12.4176
7,decoder,shutting up,121174,1,0.9956,5.4311
7,decoder,shutting up,121174,1,0.9988,6.7051
7,decoder,shutting up,121174,1,0.9997,8.0092
7,decoder,shutting up,121174,1,1.0,11.3721
7,decoder,shutting up,121174,1,0.9742,3.6318
7,decoder,shutting up,121174,1,0.9998,8.5936
7,decoder,shutting up,121174,1,0.8563,1.7849
7,decoder,shutting up,121174,1,1.0,10.4195
7,decoder,shutting up,121174,1,0.9999,9.1112
7,decoder,shutting up,121174,1,0.9996,7.7538
7,decoder,shutting up,121174,1,0.9999,9.7415
7,decoder,shutting up,121174,1,0.9601,3.1809
7,decoder,shutting up,121174,1,0.9975,5.9916
7,decoder,shutting up,121174,1,0.9999,9.8036
7,decoder,shutting up,121174,1,0.9879,4.4043
7,decoder,shutting up,121174,1,1.0,10.0247
7,decoder,shutting up,121174,1,0.9998,8.7422
7,decoder,shutting up,121174,1,0.9944,5.1831
7,decoder,shutting up,121174,1,0.9999,8.8703
7,decoder,shutting up,121174,1,0.9999,9.2654
7,decoder,bump up,648459,1,1.0,10.0886
7,decoder,bump up,648459,1,1.0,10.5875
7,decoder,bump up,648459,1,1.0,10.2871
7,decoder,bump up,648459,1,1.0,13.3424
7,decoder,bump up,648459,1,0.9998,8.5285
7,decoder,bump up,648459,1,0.9999,9.8499
7,decoder,bump up,648459,1,1.0,13.3372
7,decoder,bump up,648459,1,1.0,14.3295
7,decoder,bump up,648459,1,0.9981,6.2878
7,decoder,bump up,648459,1,0.9999,9.0307
7,decoder,bump up,648459,1,0.9999,9.6506
7,decoder,bump up,648459,1,1.0,14.9338
7,decoder,bump up,648459,1,1.0,10.715
7,decoder,bump up,648459,1,1.0,10.2547
7,decoder,bump up,648459,1,0.9999,9.3133
7,decoder,bump up,648459,1,1.0,10.0368
7,decoder,bump up,648459,1,1.0,14.85
7,decoder,bump up,648459,1,0.9999,8.8189
7,decoder,bump up,648459,1,1.0,11.6083
7,decoder,bump up,648459,1,0.9993,7.1981
7,decoder,heated up,909940,1,0.9999,9.9027
7,decoder,heated up,909940,1,0.9993,7.2761
7,decoder,heated up,909940,1,0.9961,5.5401
7,decoder,heated up,909940,1,1.0,10.0534
7,decoder,heated up,909940,1,0.9999,9.495
7,decoder,heated up,909940,1,0.9806,3.9236
7,decoder,heated up,909940,1,0.9998,8.5633
7,decoder,heated up,909940,1,0.9998,8.693
7,decoder,heated up,909940,1,1.0,12.0489
7,decoder,heated up,909940,1,0.996,5.5082
7,decoder,heated up,909940,1,1.0,10.4106
7,decoder,heated up,909940,1,0.9999,9.2832
7,decoder,heated up,909940,1,0.9998,8.396
7,decoder,heated up,909940,1,0.9994,7.3932
7,decoder,heated up,909940,1,0.9999,9.2159
7,decoder,heated up,909940,1,0.9963,5.6059
7,decoder,heated up,909940,1,0.9998,8.5098
7,decoder,heated up,909940,1,0.9944,5.1711
7,decoder,heated up,909940,1,1.0,12.4617
7,decoder,heated up,909940,1,0.9944,5.1858
7,decoder,flared up,325447,1,1.0,15.7591
7,decoder,flared up,325447,1,0.9956,5.4276
7,decoder,flared up,325447,1,0.9868,4.3131
7,decoder,flared up,325447,1,1.0,10.8177
7,decoder,flared up,325447,1,0.9999,9.7268
7,decoder,flared up,325447,1,0.9999,9.853
7,decoder,flared up,325447,1,0.9883,4.4323
7,decoder,flared up,325447,1,1.0,12.351
7,decoder,flared up,325447,1,0.9229,2.4819
7,decoder,flared up,325447,1,0.9866,4.3018
7,decoder,flared up,325447,1,0.9979,6.1629
7,decoder,flared up,325447,1,1.0,10.3616
7,decoder,flared up,325447,1,1.0,16.0683
7,decoder,flared up,325447,1,0.9997,8.1105
7,decoder,flared up,325447,1,0.9991,6.9673
7,decoder,flared up,325447,1,0.9879,4.404
7,decoder,flared up,325447,1,0.9911,4.7144
7,decoder,flared up,325447,1,0.9985,6.4783
7,decoder,flared up,325447,1,1.0,13.869
7,decoder,flared up,325447,1,1.0,9.9303
7,decoder,rushing up,103715,1,1.0,15.4029
7,decoder,rushing up,103715,1,1.0,12.917
7,decoder,rushing up,103715,1,0.9999,8.8798
7,decoder,rushing up,103715,1,1.0,13.5271
7,decoder,rushing up,103715,1,1.0,20.2542
7,decoder,rushing up,103715,1,1.0,10.3723
7,decoder,rushing up,103715,1,1.0,10.8038
7,decoder,rushing up,103715,1,1.0,14.4249
7,decoder,rushing up,103715,1,1.0,12.7718
7,decoder,rushing up,103715,1,1.0,10.7084
7,decoder,rushing up,103715,1,0.9999,8.989
7,decoder,rushing up,103715,1,1.0,13.1671
7,decoder,rushing up,103715,1,1.0,11.4727
7,decoder,rushing up,103715,1,0.9983,6.3597
7,decoder,rushing up,103715,1,0.9998,8.725
7,decoder,rushing up,103715,1,1.0,13.2482
7,decoder,rushing up,103715,1,1.0,10.3588
7,decoder,rushing up,103715,1,1.0,10.7259
7,decoder,rushing up,103715,1,1.0,15.1007
7,decoder,rushing up,103715,1,1.0,14.6392
7,decoder,catches up,839690,1,0.9852,4.1984
7,decoder,catches up,839690,1,0.9999,9.1443
7,decoder,catches up,839690,1,1.0,11.7583
7,decoder,catches up,839690,1,1.0,11.4172
7,decoder,catches up,839690,1,0.9756,3.688
7,decoder,catches up,839690,1,0.759,1.1474
7,decoder,catches up,839690,1,0.9999,8.8071
7,decoder,catches up,839690,1,1.0,10.0424
7,decoder,catches up,839690,1,0.5109,0.0436
7,decoder,catches up,839690,1,0.9956,5.4174
7,decoder,catches up,839690,1,1.0,10.3092
7,decoder,catches up,839690,1,1.0,10.2804
7,decoder,catches up,839690,1,0.9915,4.7541
7,decoder,catches up,839690,1,0.996,5.507
7,decoder,catches up,839690,0,0.2256,-1.2335
7,decoder,catches up,839690,1,0.9283,2.5604
7,decoder,catches up,839690,1,0.827,1.5647
7,decoder,catches up,839690,1,0.569,0.2776
7,decoder,catches up,839690,1,0.9971,5.8418
7,decoder,catches up,839690,1,0.9952,5.3284
7,decoder,blazed up,15980,1,0.9892,4.5128
7,decoder,blazed up,15980,1,0.998,6.2224
7,decoder,blazed up,15980,1,0.9998,8.4012
7,decoder,blazed up,15980,1,0.9996,7.882
7,decoder,blazed up,15980,1,1.0,10.5963
7,decoder,blazed up,15980,1,1.0,11.2732
7,decoder,blazed up,15980,1,0.9992,7.1585
7,decoder,blazed up,15980,1,1.0,10.0495
7,decoder,blazed up,15980,1,0.9969,5.7775
7,decoder,blazed up,15980,1,0.9997,8.005
7,decoder,blazed up,15980,1,0.998,6.2362
7,decoder,blazed up,15980,1,0.9999,8.9686
7,decoder,blazed up,15980,1,0.9553,3.0629
7,decoder,blazed up,15980,1,0.9998,8.7196
7,decoder,blazed up,15980,1,0.9952,5.3405
7,decoder,blazed up,15980,1,0.9979,6.1727
7,decoder,blazed up,15980,1,0.9999,8.9997
7,decoder,blazed up,15980,1,0.9681,3.412
7,decoder,blazed up,15980,1,0.9818,3.9885
7,decoder,blazed up,15980,1,0.9825,4.0295
7,decoder,patched up,240998,1,1.0,11.3529
7,decoder,patched up,240998,1,1.0,13.0144
7,decoder,patched up,240998,1,0.9917,4.7871
7,decoder,patched up,240998,1,0.9999,9.4607
7,decoder,patched up,240998,1,0.9994,7.464
7,decoder,patched up,240998,1,0.9998,8.6259
7,decoder,patched up,240998,1,0.9863,4.2747
7,decoder,patched up,240998,1,1.0,11.807
7,decoder,patched up,240998,1,0.9994,7.4666
7,decoder,patched up,240998,1,0.9998,8.7454
7,decoder,patched up,240998,1,1.0,13.3625
7,decoder,patched up,240998,1,0.9999,9.6095
7,decoder,patched up,240998,1,0.9932,4.9814
7,decoder,patched up,240998,1,0.999,6.9035
7,decoder,patched up,240998,1,1.0,13.0903
7,decoder,patched up,240998,1,0.9986,6.5554
7,decoder,patched up,240998,1,0.9957,5.4363
7,decoder,patched up,240998,1,0.9987,6.6382
7,decoder,patched up,240998,1,0.9999,9.469
7,decoder,patched up,240998,1,0.9999,8.9018
7,decoder,chain up,66925,1,1.0,13.2765
7,decoder,chain up,66925,1,0.9997,8.2848
7,decoder,chain up,66925,1,1.0,14.6893
7,decoder,chain up,66925,1,1.0,13.71
7,decoder,chain up,66925,1,1.0,15.9545
7,decoder,chain up,66925,1,1.0,14.0876
7,decoder,chain up,66925,1,1.0,11.589
7,decoder,chain up,66925,1,1.0,15.1934
7,decoder,chain up,66925,1,1.0,15.3988
7,decoder,chain up,66925,1,1.0,11.0869
7,decoder,chain up,66925,1,1.0,15.6763
7,decoder,chain up,66925,1,1.0,13.1624
7,decoder,chain up,66925,1,1.0,14.7466
7,decoder,chain up,66925,1,1.0,12.6489
7,decoder,chain up,66925,1,1.0,13.1133
7,decoder,chain up,66925,1,1.0,14.3546
7,decoder,chain up,66925,1,1.0,16.0099
7,decoder,chain up,66925,1,1.0,10.7165
7,decoder,chain up,66925,1,1.0,12.803
7,decoder,chain up,66925,1,1.0,13.9121
7,decoder,shaken up,492264,1,0.9952,5.3402
7,decoder,shaken up,492264,1,0.9999,9.1499
7,decoder,shaken up,492264,1,0.9999,9.4426
7,decoder,shaken up,492264,1,1.0,11.6913
7,decoder,shaken up,492264,1,0.9666,3.3661
7,decoder,shaken up,492264,1,0.9998,8.6765
7,decoder,shaken up,492264,1,0.9977,6.0839
7,decoder,shaken up,492264,1,1.0,10.8381
7,decoder,shaken up,492264,1,0.9999,9.0329
7,decoder,shaken up,492264,1,0.9999,9.2173
7,decoder,shaken up,492264,1,0.9989,6.8339
7,decoder,shaken up,492264,1,0.9949,5.266
7,decoder,shaken up,492264,1,0.9998,8.5563
7,decoder,shaken up,492264,1,1.0,10.5387
7,decoder,shaken up,492264,1,1.0,11.3804
7,decoder,shaken up,492264,1,0.9964,5.6322
7,decoder,shaken up,492264,1,1.0,11.7974
7,decoder,shaken up,492264,1,0.9917,4.7773
7,decoder,shaken up,492264,1,1.0,15.2163
7,decoder,shaken up,492264,1,0.9943,5.1589
7,decoder,splitting up,600341,1,1.0,12.1789
7,decoder,splitting up,600341,1,1.0,13.6576
7,decoder,splitting up,600341,1,1.0,11.8092
7,decoder,splitting up,600341,1,0.9786,3.8211
7,decoder,splitting up,600341,1,0.9997,8.2072
7,decoder,splitting up,600341,1,1.0,13.7064
7,decoder,splitting up,600341,1,1.0,11.6348
7,decoder,splitting up,600341,1,1.0,10.6367
7,decoder,splitting up,600341,1,0.9995,7.6634
7,decoder,splitting up,600341,1,1.0,14.5321
7,decoder,splitting up,600341,1,0.9959,5.4883
7,decoder,splitting up,600341,1,0.9984,6.4541
7,decoder,splitting up,600341,1,0.9994,7.489
7,decoder,splitting up,600341,1,0.9991,6.9737
7,decoder,splitting up,600341,1,1.0,11.3402
7,decoder,splitting up,600341,1,0.9997,8.2012
7,decoder,splitting up,600341,1,0.9999,9.6462
7,decoder,splitting up,600341,1,0.9993,7.233
7,decoder,splitting up,600341,1,0.9999,9.8464
7,decoder,splitting up,600341,1,0.9999,8.9815
7,decoder,risen up,182769,1,1.0,10.6003
7,decoder,risen up,182769,1,1.0,15.9003
7,decoder,risen up,182769,1,0.9993,7.2613
7,decoder,risen up,182769,1,0.9998,8.5631
7,decoder,risen up,182769,1,0.9999,9.0581
7,decoder,risen up,182769,1,0.9997,8.02
7,decoder,risen up,182769,1,1.0,13.2299
7,decoder,risen up,182769,1,1.0,11.4329
7,decoder,risen up,182769,1,1.0,10.5627
7,decoder,risen up,182769,1,0.6086,0.4416
7,decoder,risen up,182769,1,1.0,11.7852
7,decoder,risen up,182769,1,0.9999,9.5675
7,decoder,risen up,182769,1,0.9871,4.3352
7,decoder,risen up,182769,1,0.9995,7.5166
7,decoder,risen up,182769,1,1.0,11.3014
7,decoder,risen up,182769,1,1.0,13.7817
7,decoder,risen up,182769,1,0.9124,2.3435
7,decoder,risen up,182769,1,1.0,10.4623
7,decoder,risen up,182769,1,1.0,12.4787
7,decoder,risen up,182769,1,1.0,11.326
7,decoder,slip up,561201,1,0.9772,3.7578
7,decoder,slip up,561201,1,0.9874,4.3642
7,decoder,slip up,561201,1,0.9999,8.8695
7,decoder,slip up,561201,1,0.9933,4.9924
7,decoder,slip up,561201,1,0.9973,5.9103
7,decoder,slip up,561201,0,0.0672,-2.6301
7,decoder,slip up,561201,0,0.0027,-5.9037
7,decoder,slip up,561201,1,0.9822,4.009
7,decoder,slip up,561201,1,0.9994,7.4725
7,decoder,slip up,561201,1,0.9904,4.6343
7,decoder,slip up,561201,1,1.0,10.4909
7,decoder,slip up,561201,1,1.0,10.7396
7,decoder,slip up,561201,0,0.4963,-0.0147
7,decoder,slip up,561201,1,1.0,10.9089
7,decoder,slip up,561201,0,0.043,-3.103
7,decoder,slip up,561201,1,0.9998,8.3845
7,decoder,slip up,561201,1,0.9987,6.6202
7,decoder,slip up,561201,1,1.0,9.9925
7,decoder,slip up,561201,1,0.9958,5.477
7,decoder,slip up,561201,1,1.0,10.1861
7,decoder,whipped up,716992,1,1.0,11.1266
7,decoder,whipped up,716992,1,1.0,10.568
7,decoder,whipped up,716992,1,0.9977,6.0511
7,decoder,whipped up,716992,1,0.9999,8.899
7,decoder,whipped up,716992,1,0.9862,4.2674
7,decoder,whipped up,716992,1,1.0,11.0672
7,decoder,whipped up,716992,1,0.9973,5.905
7,decoder,whipped up,716992,1,0.9999,9.4216
7,decoder,whipped up,716992,1,0.9995,7.6859
7,decoder,whipped up,716992,1,1.0,10.0291
7,decoder,whipped up,716992,1,1.0,10.1092
7,decoder,whipped up,716992,1,0.9991,7.0583
7,decoder,whipped up,716992,1,0.9997,8.2884
7,decoder,whipped up,716992,1,1.0,11.2296
7,decoder,whipped up,716992,1,0.9996,7.9344
7,decoder,whipped up,716992,1,1.0,10.7723
7,decoder,whipped up,716992,1,1.0,10.0159
7,decoder,whipped up,716992,1,0.9999,9.6158
7,decoder,whipped up,716992,1,0.9998,8.3076
7,decoder,whipped up,716992,1,0.9999,9.3517
7,decoder,bubble up,321876,1,0.9994,7.4503
7,decoder,bubble up,321876,1,0.9994,7.4752
7,decoder,bubble up,321876,1,1.0,13.7413
7,decoder,bubble up,321876,1,0.9973,5.9045
7,decoder,bubble up,321876,1,0.9799,3.8865
7,decoder,bubble up,321876,1,0.9998,8.652
7,decoder,bubble up,321876,1,0.9978,6.1331
7,decoder,bubble up,321876,1,0.9997,7.9636
7,decoder,bubble up,321876,1,0.9922,4.8444
7,decoder,bubble up,321876,1,0.9981,6.2637
7,decoder,bubble up,321876,1,0.9977,6.0612
7,decoder,bubble up,321876,1,1.0,13.2012
7,decoder,bubble up,321876,1,0.9994,7.3557
7,decoder,bubble up,321876,1,0.9996,7.8147
7,decoder,bubble up,321876,1,0.9701,3.4782
7,decoder,bubble up,321876,1,1.0,11.568
7,decoder,bubble up,321876,1,0.9983,6.398
7,decoder,bubble up,321876,1,0.9998,8.7025
7,decoder,bubble up,321876,1,0.9916,4.775
7,decoder,bubble up,321876,1,0.9999,9.0631
7,decoder,tying up,464708,1,1.0,11.3402
7,decoder,tying up,464708,1,1.0,11.3957
7,decoder,tying up,464708,1,1.0,11.5796
7,decoder,tying up,464708,1,0.9999,9.7041
7,decoder,tying up,464708,1,0.9998,8.603
7,decoder,tying up,464708,1,0.9998,8.4008
7,decoder,tying up,464708,1,0.9998,8.5145
7,decoder,tying up,464708,1,0.9999,9.1314
7,decoder,tying up,464708,1,1.0,11.8147
7,decoder,tying up,464708,1,1.0,11.6177
7,decoder,tying up,464708,1,0.9999,9.0532
7,decoder,tying up,464708,1,1.0,13.0922
7,decoder,tying up,464708,1,0.9997,8.1577
7,decoder,tying up,464708,1,1.0,10.0064
7,decoder,tying up,464708,1,0.9998,8.2964
7,decoder,tying up,464708,1,0.9996,7.7256
7,decoder,tying up,464708,1,0.9997,8.1933
7,decoder,tying up,464708,1,1.0,11.7068
7,decoder,tying up,464708,1,0.9999,8.999
7,decoder,tying up,464708,1,0.9999,9.8529
7,decoder,drum up,616493,1,1.0,12.9368
7,decoder,drum up,616493,1,1.0,14.5652
7,decoder,drum up,616493,1,1.0,14.6633
7,decoder,drum up,616493,1,0.9999,8.9391
7,decoder,drum up,616493,1,1.0,12.9474
7,decoder,drum up,616493,1,1.0,14.1154
7,decoder,drum up,616493,1,1.0,14.7342
7,decoder,drum up,616493,1,1.0,16.9708
7,decoder,drum up,616493,1,1.0,12.7268
7,decoder,drum up,616493,1,1.0,11.6875
7,decoder,drum up,616493,1,0.9999,9.5349
7,decoder,drum up,616493,1,1.0,14.1284
7,decoder,drum up,616493,1,1.0,11.4179
7,decoder,drum up,616493,1,1.0,13.6645
7,decoder,drum up,616493,1,1.0,16.6286
7,decoder,drum up,616493,1,1.0,14.6041
7,decoder,drum up,616493,1,1.0,12.2823
7,decoder,drum up,616493,1,1.0,11.6093
7,decoder,drum up,616493,1,1.0,17.5623
7,decoder,drum up,616493,1,1.0,13.0964
7,decoder,brush up,1061156,1,1.0,11.2477
7,decoder,brush up,1061156,1,0.9999,8.8159
7,decoder,brush up,1061156,1,0.9999,9.7376
7,decoder,brush up,1061156,1,0.9971,5.8536
7,decoder,brush up,1061156,1,0.9997,8.0285
7,decoder,brush up,1061156,1,0.9987,6.6746
7,decoder,brush up,1061156,1,1.0,16.4444
7,decoder,brush up,1061156,1,0.9989,6.8321
7,decoder,brush up,1061156,1,0.9993,7.2954
7,decoder,brush up,1061156,1,0.9999,9.0003
7,decoder,brush up,1061156,1,0.9922,4.8459
7,decoder,brush up,1061156,1,0.9952,5.3313
7,decoder,brush up,1061156,1,0.9961,5.5396
7,decoder,brush up,1061156,1,1.0,12.5223
7,decoder,brush up,1061156,1,0.9995,7.6737
7,decoder,brush up,1061156,1,0.9999,8.9188
7,decoder,brush up,1061156,1,0.9998,8.4263
7,decoder,brush up,1061156,1,0.9995,7.5315
7,decoder,brush up,1061156,1,1.0,10.8023
7,decoder,brush up,1061156,1,0.9999,9.2442
7,decoder,cropping up,493757,1,0.9999,9.701
7,decoder,cropping up,493757,1,0.9999,9.1595
7,decoder,cropping up,493757,1,0.9997,7.9746
7,decoder,cropping up,493757,1,0.9994,7.3422
7,decoder,cropping up,493757,1,0.9904,4.6405
7,decoder,cropping up,493757,1,0.9889,4.4854
7,decoder,cropping up,493757,1,1.0,10.4501
7,decoder,cropping up,493757,1,0.9994,7.4484
7,decoder,cropping up,493757,1,0.9998,8.5158
7,decoder,cropping up,493757,1,0.9973,5.9216
7,decoder,cropping up,493757,1,0.9998,8.8044
7,decoder,cropping up,493757,1,1.0,10.3607
7,decoder,cropping up,493757,1,0.9996,7.9363
7,decoder,cropping up,493757,1,0.9993,7.2185
7,decoder,cropping up,493757,1,1.0,10.8055
7,decoder,cropping up,493757,1,0.9997,8.0781
7,decoder,cropping up,493757,1,0.9981,6.2449
7,decoder,cropping up,493757,1,1.0,11.7846
7,decoder,cropping up,493757,1,0.9995,7.5268
7,decoder,cropping up,493757,1,0.9999,9.0204
7,decoder,crawled up,139360,1,0.9996,7.9101
7,decoder,crawled up,139360,1,0.9998,8.5621
7,decoder,crawled up,139360,1,0.9999,8.9292
7,decoder,crawled up,139360,1,0.9996,7.9198
7,decoder,crawled up,139360,1,1.0,14.9443
7,decoder,crawled up,139360,1,1.0,14.0444
7,decoder,crawled up,139360,1,0.9999,9.1123
7,decoder,crawled up,139360,1,0.9923,4.8577
7,decoder,crawled up,139360,1,1.0,13.4425
7,decoder,crawled up,139360,1,0.9996,7.8641
7,decoder,crawled up,139360,1,0.9777,3.7791
7,decoder,crawled up,139360,1,0.9996,7.8252
7,decoder,crawled up,139360,1,1.0,11.4575
7,decoder,crawled up,139360,1,1.0,11.4741
7,decoder,crawled up,139360,1,1.0,11.9955
7,decoder,crawled up,139360,1,0.9999,9.7738
7,decoder,crawled up,139360,1,1.0,12.8423
7,decoder,crawled up,139360,1,0.9996,7.8669
7,decoder,crawled up,139360,1,1.0,13.1233
7,decoder,crawled up,139360,1,0.9978,6.095
7,decoder,shake up,978118,1,1.0,9.9241
7,decoder,shake up,978118,1,1.0,10.5005
7,decoder,shake up,978118,1,0.9978,6.1033
7,decoder,shake up,978118,1,0.9997,7.9899
7,decoder,shake up,978118,1,0.9485,2.9126
7,decoder,shake up,978118,1,1.0,10.2117
7,decoder,shake up,978118,1,0.9993,7.2848
7,decoder,shake up,978118,1,1.0,10.6047
7,decoder,shake up,978118,1,0.9945,5.1956
7,decoder,shake up,978118,1,0.9999,9.6579
7,decoder,shake up,978118,1,0.9986,6.5899
7,decoder,shake up,978118,1,0.9991,7.0383
7,decoder,shake up,978118,1,1.0,12.3257
7,decoder,shake up,978118,1,0.9067,2.2745
7,decoder,shake up,978118,1,1.0,10.1209
7,decoder,shake up,978118,1,0.9583,3.1347
7,decoder,shake up,978118,1,1.0,11.4527
7,decoder,shake up,978118,1,1.0,13.6158
7,decoder,shake up,978118,1,0.9993,7.3168
7,decoder,shake up,978118,1,0.9999,9.7752
7,decoder,snatching up,85664,1,1.0,13.876
7,decoder,snatching up,85664,1,1.0,10.4757
7,decoder,snatching up,85664,1,1.0,10.0829
7,decoder,snatching up,85664,1,1.0,10.3961
7,decoder,snatching up,85664,1,0.9999,9.858
7,decoder,snatching up,85664,1,1.0,12.1089
7,decoder,snatching up,85664,1,1.0,12.5737
7,decoder,snatching up,85664,1,1.0,10.1567
7,decoder,snatching up,85664,1,0.9999,9.6164
7,decoder,snatching up,85664,1,1.0,11.0171
7,decoder,snatching up,85664,1,1.0,11.027
7,decoder,snatching up,85664,1,1.0,13.6851
7,decoder,snatching up,85664,1,1.0,12.7043
7,decoder,snatching up,85664,1,0.9989,6.7857
7,decoder,snatching up,85664,1,1.0,11.2118
7,decoder,snatching up,85664,1,0.9999,9.612
7,decoder,snatching up,85664,1,0.9993,7.2299
7,decoder,snatching up,85664,1,1.0,10.7042
7,decoder,snatching up,85664,1,1.0,10.4628
7,decoder,snatching up,85664,1,0.9775,3.7728
7,decoder,cooked up,704835,1,0.9995,7.5552
7,decoder,cooked up,704835,1,0.9974,5.9525
7,decoder,cooked up,704835,1,0.9997,8.1017
7,decoder,cooked up,704835,1,0.9962,5.5766
7,decoder,cooked up,704835,1,1.0,11.4385
7,decoder,cooked up,704835,1,0.9998,8.3943
7,decoder,cooked up,704835,1,0.9961,5.5438
7,decoder,cooked up,704835,1,0.9999,9.8674
7,decoder,cooked up,704835,1,1.0,10.4352
7,decoder,cooked up,704835,1,1.0,12.8761
7,decoder,cooked up,704835,1,0.9886,4.4606
7,decoder,cooked up,704835,1,0.9999,9.66
7,decoder,cooked up,704835,1,1.0,10.967
7,decoder,cooked up,704835,1,0.9999,9.3395
7,decoder,cooked up,704835,1,0.9988,6.717
7,decoder,cooked up,704835,1,1.0,13.4061
7,decoder,cooked up,704835,1,0.9843,4.1407
7,decoder,cooked up,704835,1,1.0,12.4216
7,decoder,cooked up,704835,1,0.9997,8.0074
7,decoder,cooked up,704835,1,0.9976,6.0126
7,decoder,waked up,31083,1,1.0,14.3238
7,decoder,waked up,31083,1,0.9599,3.1754
7,decoder,waked up,31083,1,1.0,12.9215
7,decoder,waked up,31083,1,1.0,12.9551
7,decoder,waked up,31083,1,1.0,10.1631
7,decoder,waked up,31083,1,1.0,13.2594
7,decoder,waked up,31083,1,0.9996,7.8866
7,decoder,waked up,31083,1,0.9878,4.3945
7,decoder,waked up,31083,1,1.0,12.7551
7,decoder,waked up,31083,1,1.0,12.6756
7,decoder,waked up,31083,1,0.9999,9.598
7,decoder,waked up,31083,1,0.9999,9.2396
7,decoder,waked up,31083,1,0.8272,1.5657
7,decoder,waked up,31083,0,0.2259,-1.2318
7,decoder,waked up,31083,1,1.0,12.401
7,decoder,waked up,31083,1,0.9999,8.8413
7,decoder,waked up,31083,1,1.0,10.242
7,decoder,waked up,31083,1,0.9998,8.5801
7,decoder,waked up,31083,1,1.0,10.9997
7,decoder,waked up,31083,1,0.6706,0.7107
7,decoder,meeting up,1157629,1,1.0,12.3622
7,decoder,meeting up,1157629,1,0.9999,8.9107
7,decoder,meeting up,1157629,1,0.9993,7.2626
7,decoder,meeting up,1157629,1,0.9531,3.0128
7,decoder,meeting up,1157629,1,1.0,12.707
7,decoder,meeting up,1157629,1,1.0,11.9806
7,decoder,meeting up,1157629,1,1.0,14.8896
7,decoder,meeting up,1157629,1,1.0,13.4777
7,decoder,meeting up,1157629,1,0.9951,5.3234
7,decoder,meeting up,1157629,1,1.0,12.7382
7,decoder,meeting up,1157629,1,1.0,13.7885
7,decoder,meeting up,1157629,1,1.0,14.0932
7,decoder,meeting up,1157629,1,1.0,14.3103
7,decoder,meeting up,1157629,1,1.0,12.8701
7,decoder,meeting up,1157629,1,0.9843,4.1395
7,decoder,meeting up,1157629,1,1.0,14.4448
7,decoder,meeting up,1157629,1,1.0,17.0807
7,decoder,meeting up,1157629,1,1.0,12.8114
7,decoder,meeting up,1157629,1,1.0,14.4557
7,decoder,meeting up,1157629,1,1.0,14.245
7,decoder,hunted up,17337,1,0.9998,8.7106
7,decoder,hunted up,17337,1,1.0,10.127
7,decoder,hunted up,17337,1,0.9994,7.3907
7,decoder,hunted up,17337,1,0.9999,9.737
7,decoder,hunted up,17337,1,0.9999,9.8715
7,decoder,hunted up,17337,1,0.9993,7.2881
7,decoder,hunted up,17337,1,0.9999,9.6319
7,decoder,hunted up,17337,1,0.9999,9.7345
7,decoder,hunted up,17337,1,0.9998,8.4471
7,decoder,hunted up,17337,1,0.9962,5.5637
7,decoder,hunted up,17337,1,0.9993,7.2896
7,decoder,hunted up,17337,1,0.9997,8.1278
7,decoder,hunted up,17337,1,0.9996,7.849
7,decoder,hunted up,17337,1,0.9951,5.3165
7,decoder,hunted up,17337,1,0.9999,9.1756
7,decoder,hunted up,17337,1,0.9996,7.7483
7,decoder,hunted up,17337,1,0.9996,7.7252
7,decoder,hunted up,17337,1,0.9995,7.5659
7,decoder,hunted up,17337,1,0.9448,2.8391
7,decoder,hunted up,17337,1,0.9999,9.7581
7,decoder,connect up,307606,1,0.9998,8.6867
7,decoder,connect up,307606,1,1.0,11.2293
7,decoder,connect up,307606,1,1.0,14.1012
7,decoder,connect up,307606,1,0.9998,8.6568
7,decoder,connect up,307606,1,0.9997,8.0798
7,decoder,connect up,307606,1,1.0,11.2684
7,decoder,connect up,307606,1,1.0,14.5247
7,decoder,connect up,307606,1,1.0,13.2669
7,decoder,connect up,307606,1,1.0,16.4425
7,decoder,connect up,307606,1,1.0,15.4164
7,decoder,connect up,307606,1,1.0,18.8439
7,decoder,connect up,307606,1,1.0,12.7884
7,decoder,connect up,307606,1,1.0,16.7452
7,decoder,connect up,307606,1,1.0,13.4641
7,decoder,connect up,307606,1,0.971,3.51
7,decoder,connect up,307606,1,1.0,9.9239
7,decoder,connect up,307606,1,1.0,16.2744
7,decoder,connect up,307606,1,1.0,10.9452
7,decoder,connect up,307606,1,1.0,15.0363
7,decoder,connect up,307606,1,0.9998,8.5923
7,decoder,mount up,267270,1,1.0,10.6798
7,decoder,mount up,267270,1,1.0,12.8428
7,decoder,mount up,267270,1,1.0,11.3043
7,decoder,mount up,267270,1,1.0,11.2816
7,decoder,mount up,267270,1,1.0,12.3287
7,decoder,mount up,267270,1,1.0,10.4239
7,decoder,mount up,267270,1,0.9993,7.2791
7,decoder,mount up,267270,1,1.0,11.5788
7,decoder,mount up,267270,1,1.0,13.3728
7,decoder,mount up,267270,1,1.0,12.0283
7,decoder,mount up,267270,1,0.9992,7.0777
7,decoder,mount up,267270,1,1.0,13.6499
7,decoder,mount up,267270,1,1.0,10.8637
7,decoder,mount up,267270,1,0.9999,9.1763
7,decoder,mount up,267270,1,0.9996,7.8828
7,decoder,mount up,267270,1,0.9998,8.5099
7,decoder,mount up,267270,1,1.0,10.9738
7,decoder,mount up,267270,1,1.0,10.7028
7,decoder,mount up,267270,1,1.0,12.498
7,decoder,mount up,267270,1,1.0,11.9236
7,decoder,strike up,624116,1,1.0,10.493
7,decoder,strike up,624116,1,0.9999,9.0984
7,decoder,strike up,624116,1,1.0,11.8593
7,decoder,strike up,624116,1,1.0,11.0567
7,decoder,strike up,624116,1,0.9929,4.9389
7,decoder,strike up,624116,1,1.0,13.7749
7,decoder,strike up,624116,1,1.0,10.9297
7,decoder,strike up,624116,1,1.0,13.0606
7,decoder,strike up,624116,1,0.9998,8.589
7,decoder,strike up,624116,1,1.0,10.3667
7,decoder,strike up,624116,1,1.0,10.0763
7,decoder,strike up,624116,1,0.9999,9.5912
7,decoder,strike up,624116,1,1.0,12.2164
7,decoder,strike up,624116,1,0.9999,9.1423
7,decoder,strike up,624116,1,1.0,12.8813
7,decoder,strike up,624116,1,0.9991,7.0207
7,decoder,strike up,624116,1,1.0,12.3888
7,decoder,strike up,624116,1,1.0,11.1293
7,decoder,strike up,624116,1,1.0,11.1908
7,decoder,strike up,624116,1,1.0,10.3212
7,decoder,tucked up,217120,1,0.9983,6.3547
7,decoder,tucked up,217120,1,0.999,6.902
7,decoder,tucked up,217120,1,0.9837,4.102
7,decoder,tucked up,217120,1,0.869,1.8923
7,decoder,tucked up,217120,1,0.9972,5.8903
7,decoder,tucked up,217120,1,0.9995,7.6557
7,decoder,tucked up,217120,1,0.9999,9.0772
7,decoder,tucked up,217120,1,0.9216,2.464
7,decoder,tucked up,217120,1,0.9984,6.4289
7,decoder,tucked up,217120,1,0.9929,4.9347
7,decoder,tucked up,217120,1,0.9988,6.7523
7,decoder,tucked up,217120,1,0.9926,4.8963
7,decoder,tucked up,217120,1,0.9992,7.1047
7,decoder,tucked up,217120,1,0.9961,5.5516
7,decoder,tucked up,217120,1,0.9988,6.7499
7,decoder,tucked up,217120,1,1.0,10.2382
7,decoder,tucked up,217120,1,0.9785,3.8164
7,decoder,tucked up,217120,1,0.9998,8.3393
7,decoder,tucked up,217120,1,0.9833,4.0747
7,decoder,tucked up,217120,1,0.9976,6.0504
7,decoder,sync up,280855,1,0.9999,8.8219
7,decoder,sync up,280855,1,1.0,10.2069
7,decoder,sync up,280855,1,1.0,12.5993
7,decoder,sync up,280855,1,1.0,13.8254
7,decoder,sync up,280855,1,0.9999,9.0263
7,decoder,sync up,280855,1,1.0,10.2786
7,decoder,sync up,280855,1,1.0,17.1542
7,decoder,sync up,280855,1,1.0,16.0371
7,decoder,sync up,280855,1,1.0,11.3921
7,decoder,sync up,280855,1,1.0,16.4475
7,decoder,sync up,280855,1,1.0,12.5971
7,decoder,sync up,280855,1,1.0,10.5276
7,decoder,sync up,280855,1,1.0,14.8246
7,decoder,sync up,280855,1,1.0,15.4662
7,decoder,sync up,280855,1,1.0,16.3676
7,decoder,sync up,280855,1,1.0,12.3006
7,decoder,sync up,280855,1,0.9868,4.3162
7,decoder,sync up,280855,1,1.0,10.0618
7,decoder,sync up,280855,1,1.0,15.7184
7,decoder,sync up,280855,1,0.9999,9.3338
7,decoder,crumpled up,88632,1,0.9994,7.4596
7,decoder,crumpled up,88632,1,1.0,10.3712
7,decoder,crumpled up,88632,1,0.995,5.3012
7,decoder,crumpled up,88632,1,1.0,11.495
7,decoder,crumpled up,88632,1,0.9999,9.6604
7,decoder,crumpled up,88632,1,0.9994,7.5023
7,decoder,crumpled up,88632,1,1.0,14.3911
7,decoder,crumpled up,88632,1,0.9987,6.6736
7,decoder,crumpled up,88632,1,1.0,14.9273
7,decoder,crumpled up,88632,1,1.0,11.7156
7,decoder,crumpled up,88632,1,0.9962,5.5733
7,decoder,crumpled up,88632,1,1.0,12.9743
7,decoder,crumpled up,88632,1,1.0,12.6961
7,decoder,crumpled up,88632,1,1.0,16.3538
7,decoder,crumpled up,88632,1,0.9999,9.1421
7,decoder,crumpled up,88632,1,1.0,10.0956
7,decoder,crumpled up,88632,1,0.9999,9.8164
7,decoder,crumpled up,88632,1,0.9999,9.3083
7,decoder,crumpled up,88632,1,1.0,11.2182
7,decoder,crumpled up,88632,1,1.0,10.5055
7,decoder,smiled up,86374,1,0.9997,8.1023
7,decoder,smiled up,86374,1,0.9974,5.9531
7,decoder,smiled up,86374,1,0.8961,2.1551
7,decoder,smiled up,86374,1,0.7287,0.9881
7,decoder,smiled up,86374,1,0.9995,7.5719
7,decoder,smiled up,86374,1,0.997,5.8181
7,decoder,smiled up,86374,1,0.9999,9.393
7,decoder,smiled up,86374,1,0.993,4.9523
7,decoder,smiled up,86374,1,0.9919,4.8106
7,decoder,smiled up,86374,1,0.9987,6.6081
7,decoder,smiled up,86374,1,0.9997,8.1846
7,decoder,smiled up,86374,1,0.9959,5.4816
7,decoder,smiled up,86374,1,0.9936,5.0514
7,decoder,smiled up,86374,1,0.9996,7.7486
7,decoder,smiled up,86374,1,0.9932,4.9819
7,decoder,smiled up,86374,1,0.9998,8.4861
7,decoder,smiled up,86374,1,0.9999,9.0159
7,decoder,smiled up,86374,1,0.9919,4.8032
7,decoder,smiled up,86374,1,0.9966,5.6863
7,decoder,smiled up,86374,1,0.9977,6.0534
7,decoder,sucking up,351952,1,0.9941,5.1224
7,decoder,sucking up,351952,1,1.0,14.6029
7,decoder,sucking up,351952,1,1.0,15.3742
7,decoder,sucking up,351952,1,0.9999,9.8268
7,decoder,sucking up,351952,1,1.0,11.3697
7,decoder,sucking up,351952,1,1.0,12.4154
7,decoder,sucking up,351952,1,1.0,10.9249
7,decoder,sucking up,351952,1,0.9999,9.2622
7,decoder,sucking up,351952,1,1.0,10.6184
7,decoder,sucking up,351952,1,1.0,10.13
7,decoder,sucking up,351952,1,1.0,17.6414
7,decoder,sucking up,351952,1,0.9999,9.7907
7,decoder,sucking up,351952,1,1.0,10.7798
7,decoder,sucking up,351952,1,1.0,10.8746
7,decoder,sucking up,351952,1,1.0,14.927
7,decoder,sucking up,351952,1,1.0,14.5908
7,decoder,sucking up,351952,1,1.0,10.3146
7,decoder,sucking up,351952,1,1.0,10.7469
7,decoder,sucking up,351952,1,1.0,15.1018
7,decoder,sucking up,351952,1,1.0,11.2113
7,decoder,store up,549627,1,0.9999,8.9839
7,decoder,store up,549627,1,1.0,12.6038
7,decoder,store up,549627,1,1.0,13.1978
7,decoder,store up,549627,1,0.9998,8.6985
7,decoder,store up,549627,1,1.0,12.3535
7,decoder,store up,549627,1,0.9999,8.8972
7,decoder,store up,549627,1,1.0,14.1058
7,decoder,store up,549627,1,1.0,14.0304
7,decoder,store up,549627,1,1.0,12.697
7,decoder,store up,549627,1,1.0,10.4442
7,decoder,store up,549627,1,1.0,12.5708
7,decoder,store up,549627,1,1.0,13.3839
7,decoder,store up,549627,1,1.0,10.6787
7,decoder,store up,549627,1,1.0,17.0664
7,decoder,store up,549627,1,1.0,14.1574
7,decoder,store up,549627,1,1.0,10.0798
7,decoder,store up,549627,1,0.999,6.931
7,decoder,store up,549627,1,0.9999,9.46
7,decoder,store up,549627,1,1.0,9.9678
7,decoder,store up,549627,1,0.9964,5.6103
7,decoder,eating up,425294,1,0.9999,8.9523
7,decoder,eating up,425294,1,1.0,15.5345
7,decoder,eating up,425294,1,1.0,9.9714
7,decoder,eating up,425294,1,0.9999,8.9304
7,decoder,eating up,425294,1,0.9999,9.2092
7,decoder,eating up,425294,1,1.0,13.1501
7,decoder,eating up,425294,1,0.9978,6.1373
7,decoder,eating up,425294,1,0.9994,7.3942
7,decoder,eating up,425294,1,0.9999,9.1432
7,decoder,eating up,425294,1,1.0,12.4004
7,decoder,eating up,425294,1,1.0,12.6508
7,decoder,eating up,425294,1,1.0,11.6385
7,decoder,eating up,425294,1,0.9999,9.7967
7,decoder,eating up,425294,1,0.9999,9.6049
7,decoder,eating up,425294,1,0.9998,8.3272
7,decoder,eating up,425294,1,1.0,13.3549
7,decoder,eating up,425294,1,1.0,13.2622
7,decoder,eating up,425294,1,0.9999,9.6424
7,decoder,eating up,425294,1,1.0,12.431
7,decoder,eating up,425294,1,1.0,11.4562
7,decoder,bottled up,330130,1,0.9999,9.1869
7,decoder,bottled up,330130,1,0.9947,5.2414
7,decoder,bottled up,330130,1,0.9994,7.4662
7,decoder,bottled up,330130,1,0.9999,9.0789
7,decoder,bottled up,330130,1,1.0,10.4675
7,decoder,bottled up,330130,1,0.9989,6.782
7,decoder,bottled up,330130,1,0.9999,9.0981
7,decoder,bottled up,330130,1,0.9994,7.3974
7,decoder,bottled up,330130,1,1.0,10.869
7,decoder,bottled up,330130,1,1.0,10.3364
7,decoder,bottled up,330130,1,0.9982,6.3031
7,decoder,bottled up,330130,1,0.9989,6.8509
7,decoder,bottled up,330130,1,1.0,11.4798
7,decoder,bottled up,330130,1,1.0,15.447
7,decoder,bottled up,330130,1,0.9998,8.7144
7,decoder,bottled up,330130,1,0.9984,6.4242
7,decoder,bottled up,330130,1,1.0,10.0753
7,decoder,bottled up,330130,1,1.0,13.8012
7,decoder,bottled up,330130,1,0.9998,8.6015
7,decoder,bottled up,330130,1,0.9999,9.8778
7,decoder,formed up,114062,1,0.9996,7.9215
7,decoder,formed up,114062,1,1.0,13.0506
7,decoder,formed up,114062,1,0.9994,7.3481
7,decoder,formed up,114062,1,1.0,10.0732
7,decoder,formed up,114062,1,1.0,11.9752
7,decoder,formed up,114062,1,1.0,11.5564
7,decoder,formed up,114062,1,0.9987,6.6153
7,decoder,formed up,114062,1,1.0,13.2763
7,decoder,formed up,114062,1,0.9991,7.0503
7,decoder,formed up,114062,1,1.0,10.2014
7,decoder,formed up,114062,1,0.9999,9.0975
7,decoder,formed up,114062,1,0.9958,5.4667
7,decoder,formed up,114062,1,1.0,10.2345
7,decoder,formed up,114062,1,1.0,11.0015
7,decoder,formed up,114062,1,0.9997,8.2567
7,decoder,formed up,114062,1,0.9999,9.1423
7,decoder,formed up,114062,1,1.0,11.6763
7,decoder,formed up,114062,1,1.0,11.878
7,decoder,formed up,114062,1,1.0,10.5943
7,decoder,formed up,114062,1,1.0,10.919
7,decoder,curling up,413635,1,1.0,10.76
7,decoder,curling up,413635,1,0.9998,8.765
7,decoder,curling up,413635,1,0.9442,2.8286
7,decoder,curling up,413635,1,0.9801,3.8963
7,decoder,curling up,413635,1,0.9997,8.137
7,decoder,curling up,413635,1,0.9958,5.4609
7,decoder,curling up,413635,1,0.9999,8.8892
7,decoder,curling up,413635,1,1.0,11.9595
7,decoder,curling up,413635,1,0.9994,7.3967
7,decoder,curling up,413635,1,0.9997,7.9817
7,decoder,curling up,413635,1,0.9997,8.198
7,decoder,curling up,413635,1,0.9989,6.8441
7,decoder,curling up,413635,1,0.9998,8.664
7,decoder,curling up,413635,1,0.9997,8.081
7,decoder,curling up,413635,1,0.9999,8.9111
7,decoder,curling up,413635,1,1.0,13.244
7,decoder,curling up,413635,1,0.9995,7.59
7,decoder,curling up,413635,1,0.9998,8.5207
7,decoder,curling up,413635,1,1.0,10.3004
7,decoder,curling up,413635,1,0.9778,3.787
7,decoder,say up,182643,1,1.0,16.3677
7,decoder,say up,182643,1,1.0,11.5262
7,decoder,say up,182643,1,1.0,13.4522
7,decoder,say up,182643,1,1.0,17.3312
7,decoder,say up,182643,1,1.0,10.9135
7,decoder,say up,182643,1,0.9999,9.3288
7,decoder,say up,182643,1,1.0,10.2679
7,decoder,say up,182643,1,0.9998,8.5628
7,decoder,say up,182643,1,1.0,16.0757
7,decoder,say up,182643,1,1.0,12.4207
7,decoder,say up,182643,1,1.0,14.1665
7,decoder,say up,182643,1,1.0,16.9078
7,decoder,say up,182643,1,1.0,20.8783
7,decoder,say up,182643,1,1.0,13.9195
7,decoder,say up,182643,1,1.0,13.2967
7,decoder,say up,182643,1,1.0,18.0606
7,decoder,say up,182643,1,1.0,12.2477
7,decoder,say up,182643,1,1.0,17.6953
7,decoder,say up,182643,1,1.0,16.4969
7,decoder,say up,182643,1,1.0,12.4472
7,decoder,travel up,565740,1,1.0,11.6529
7,decoder,travel up,565740,1,1.0,13.2049
7,decoder,travel up,565740,1,1.0,12.4433
7,decoder,travel up,565740,1,1.0,12.3877
7,decoder,travel up,565740,1,1.0,11.8996
7,decoder,travel up,565740,1,1.0,14.528
7,decoder,travel up,565740,1,1.0,11.5921
7,decoder,travel up,565740,1,0.9999,9.2334
7,decoder,travel up,565740,1,1.0,16.8098
7,decoder,travel up,565740,1,1.0,12.7046
7,decoder,travel up,565740,1,0.9994,7.3616
7,decoder,travel up,565740,1,1.0,10.9885
7,decoder,travel up,565740,1,0.9999,9.5071
7,decoder,travel up,565740,1,1.0,11.4518
7,decoder,travel up,565740,1,0.9999,9.8635
7,decoder,travel up,565740,1,1.0,12.4452
7,decoder,travel up,565740,1,1.0,10.0957
7,decoder,travel up,565740,1,1.0,12.0748
7,decoder,travel up,565740,1,0.9999,9.5904
7,decoder,travel up,565740,1,1.0,11.4224
7,decoder,boarded up,401848,1,1.0,10.9583
7,decoder,boarded up,401848,1,0.9935,5.0318
7,decoder,boarded up,401848,1,0.9996,7.91
7,decoder,boarded up,401848,1,0.9989,6.7714
7,decoder,boarded up,401848,1,1.0,11.8075
7,decoder,boarded up,401848,1,1.0,12.6271
7,decoder,boarded up,401848,1,0.907,2.2778
7,decoder,boarded up,401848,1,0.9991,7.0683
7,decoder,boarded up,401848,1,1.0,13.6914
7,decoder,boarded up,401848,1,0.9976,6.0183
7,decoder,boarded up,401848,1,1.0,14.0686
7,decoder,boarded up,401848,1,1.0,9.9349
7,decoder,boarded up,401848,1,0.9996,7.7394
7,decoder,boarded up,401848,1,0.9993,7.2416
7,decoder,boarded up,401848,1,0.9943,5.1602
7,decoder,boarded up,401848,1,0.9981,6.2561
7,decoder,boarded up,401848,1,1.0,13.3943
7,decoder,boarded up,401848,1,0.9999,9.0531
7,decoder,boarded up,401848,1,0.9994,7.3697
7,decoder,boarded up,401848,1,0.9981,6.2708
7,decoder,jumps up,375088,1,0.9996,7.8952
7,decoder,jumps up,375088,1,0.9776,3.7752
7,decoder,jumps up,375088,1,0.9969,5.7786
7,decoder,jumps up,375088,1,1.0,10.8439
7,decoder,jumps up,375088,1,0.9996,7.7518
7,decoder,jumps up,375088,1,1.0,13.761
7,decoder,jumps up,375088,1,1.0,12.3858
7,decoder,jumps up,375088,1,1.0,10.3017
7,decoder,jumps up,375088,1,1.0,11.1711
7,decoder,jumps up,375088,1,0.9993,7.3083
7,decoder,jumps up,375088,1,1.0,9.9095
7,decoder,jumps up,375088,1,1.0,10.2399
7,decoder,jumps up,375088,1,0.9999,9.1936
7,decoder,jumps up,375088,1,1.0,11.7446
7,decoder,jumps up,375088,1,0.9999,9.7244
7,decoder,jumps up,375088,1,0.9998,8.7762
7,decoder,jumps up,375088,1,0.9992,7.1753
7,decoder,jumps up,375088,1,0.9994,7.4939
7,decoder,jumps up,375088,1,0.9993,7.2901
7,decoder,jumps up,375088,1,1.0,12.104
7,decoder,matches up,500000,1,1.0,10.4718
7,decoder,matches up,500000,1,1.0,10.8677
7,decoder,matches up,500000,1,1.0,13.9789
7,decoder,matches up,500000,1,1.0,13.9301
7,decoder,matches up,500000,1,1.0,11.6301
7,decoder,matches up,500000,1,0.9841,4.127
7,decoder,matches up,500000,1,1.0,12.1981
7,decoder,matches up,500000,1,0.9999,9.4255
7,decoder,matches up,500000,1,1.0,11.142
7,decoder,matches up,500000,1,1.0,11.1557
7,decoder,matches up,500000,1,0.9999,9.359
7,decoder,matches up,500000,1,0.9997,8.0681
7,decoder,matches up,500000,1,0.9975,5.9691
7,decoder,matches up,500000,1,1.0,10.9054
7,decoder,matches up,500000,1,1.0,14.7768
7,decoder,matches up,500000,1,1.0,11.5135
7,decoder,matches up,500000,1,1.0,11.7369
7,decoder,matches up,500000,1,0.9961,5.5393
7,decoder,matches up,500000,1,1.0,11.957
7,decoder,matches up,500000,1,1.0,11.0844
7,decoder,scoop up,494544,1,1.0,11.0836
7,decoder,scoop up,494544,1,1.0,10.9174
7,decoder,scoop up,494544,1,1.0,10.8616
7,decoder,scoop up,494544,1,0.9998,8.6554
7,decoder,scoop up,494544,1,0.9433,2.8112
7,decoder,scoop up,494544,1,1.0,15.5891
7,decoder,scoop up,494544,1,1.0,11.8612
7,decoder,scoop up,494544,1,1.0,15.0869
7,decoder,scoop up,494544,1,1.0,9.9061
7,decoder,scoop up,494544,1,1.0,11.4324
7,decoder,scoop up,494544,1,1.0,11.6947
7,decoder,scoop up,494544,1,0.9998,8.6402
7,decoder,scoop up,494544,1,1.0,12.8546
7,decoder,scoop up,494544,1,1.0,13.4429
7,decoder,scoop up,494544,1,1.0,12.119
7,decoder,scoop up,494544,1,1.0,10.3212
7,decoder,scoop up,494544,1,1.0,11.8604
7,decoder,scoop up,494544,1,1.0,12.2532
7,decoder,scoop up,494544,1,0.9966,5.6884
7,decoder,scoop up,494544,1,1.0,10.24
7,decoder,pent up,468138,1,0.9997,8.0633
7,decoder,pent up,468138,1,0.9991,7.0067
7,decoder,pent up,468138,1,0.9995,7.6978
7,decoder,pent up,468138,1,1.0,13.5354
7,decoder,pent up,468138,1,0.9999,9.4419
7,decoder,pent up,468138,1,0.9999,9.0294
7,decoder,pent up,468138,1,1.0,11.3683
7,decoder,pent up,468138,1,0.9992,7.1129
7,decoder,pent up,468138,1,0.9994,7.4927
7,decoder,pent up,468138,1,1.0,11.4838
7,decoder,pent up,468138,1,0.9999,9.5615
7,decoder,pent up,468138,1,0.9907,4.6644
7,decoder,pent up,468138,1,0.9964,5.624
7,decoder,pent up,468138,1,1.0,11.3921
7,decoder,pent up,468138,1,1.0,13.1859
7,decoder,pent up,468138,1,0.9991,7.0323
7,decoder,pent up,468138,1,0.9999,9.1366
7,decoder,pent up,468138,1,1.0,14.8052
7,decoder,pent up,468138,1,0.9852,4.1994
7,decoder,pent up,468138,1,0.9999,9.3647
7,decoder,moves up,830082,1,1.0,10.7721
7,decoder,moves up,830082,1,1.0,16.2273
7,decoder,moves up,830082,1,0.9999,9.4326
7,decoder,moves up,830082,1,1.0,10.6451
7,decoder,moves up,830082,1,0.9999,9.3031
7,decoder,moves up,830082,1,0.9992,7.1197
7,decoder,moves up,830082,1,1.0,13.3854
7,decoder,moves up,830082,1,1.0,14.5613
7,decoder,moves up,830082,1,0.9955,5.3955
7,decoder,moves up,830082,1,1.0,12.9989
7,decoder,moves up,830082,1,1.0,11.9139
7,decoder,moves up,830082,1,0.9996,7.7651
7,decoder,moves up,830082,1,1.0,10.4977
7,decoder,moves up,830082,1,1.0,12.0188
7,decoder,moves up,830082,1,1.0,11.4012
7,decoder,moves up,830082,1,0.9961,5.5479
7,decoder,moves up,830082,1,0.9794,3.8634
7,decoder,moves up,830082,1,1.0,10.8441
7,decoder,moves up,830082,1,1.0,10.0725
7,decoder,moves up,830082,1,1.0,11.8258
7,decoder,hauled up,109872,1,0.9997,8.1771
7,decoder,hauled up,109872,1,1.0,12.0813
7,decoder,hauled up,109872,1,0.9467,2.8777
7,decoder,hauled up,109872,1,1.0,10.0884
7,decoder,hauled up,109872,1,1.0,12.178
7,decoder,hauled up,109872,1,1.0,10.9349
7,decoder,hauled up,109872,1,0.9999,9.2672
7,decoder,hauled up,109872,1,1.0,14.4969
7,decoder,hauled up,109872,1,0.9994,7.4167
7,decoder,hauled up,109872,1,0.9999,9.568
7,decoder,hauled up,109872,1,1.0,10.754
7,decoder,hauled up,109872,1,0.9998,8.628
7,decoder,hauled up,109872,1,1.0,10.0939
7,decoder,hauled up,109872,1,0.944,2.8238
7,decoder,hauled up,109872,1,0.9999,9.3888
7,decoder,hauled up,109872,1,1.0,13.0444
7,decoder,hauled up,109872,1,1.0,12.0134
7,decoder,hauled up,109872,1,1.0,14.1678
7,decoder,hauled up,109872,1,0.9999,9.8493
7,decoder,hauled up,109872,1,1.0,13.3029
7,decoder,slice up,140014,1,0.9999,9.5966
7,decoder,slice up,140014,1,0.9993,7.216
7,decoder,slice up,140014,1,0.9946,5.2134
7,decoder,slice up,140014,1,0.9911,4.7184
7,decoder,slice up,140014,1,0.9797,3.8788
7,decoder,slice up,140014,1,0.9988,6.7045
7,decoder,slice up,140014,1,0.9808,3.9359
7,decoder,slice up,140014,1,0.9999,9.6777
7,decoder,slice up,140014,1,1.0,10.817
7,decoder,slice up,140014,1,0.9782,3.8035
7,decoder,slice up,140014,1,0.9998,8.3343
7,decoder,slice up,140014,1,0.9998,8.7722
7,decoder,slice up,140014,1,0.9978,6.1268
7,decoder,slice up,140014,1,0.9998,8.6327
7,decoder,slice up,140014,1,1.0,9.9838
7,decoder,slice up,140014,1,0.9997,8.0352
7,decoder,slice up,140014,1,0.9998,8.5805
7,decoder,slice up,140014,1,0.9998,8.4961
7,decoder,slice up,140014,1,0.9999,9.1853
7,decoder,slice up,140014,1,1.0,10.4348
7,decoder,loading up,612368,1,1.0,14.896
7,decoder,loading up,612368,1,1.0,11.4195
7,decoder,loading up,612368,1,0.9988,6.721
7,decoder,loading up,612368,1,0.9999,9.546
7,decoder,loading up,612368,1,0.9993,7.2406
7,decoder,loading up,612368,1,1.0,10.9751
7,decoder,loading up,612368,1,1.0,9.9837
7,decoder,loading up,612368,1,1.0,15.7685
7,decoder,loading up,612368,1,1.0,10.6316
7,decoder,loading up,612368,1,0.9975,5.9769
7,decoder,loading up,612368,1,0.9999,9.013
7,decoder,loading up,612368,1,0.9969,5.7877
7,decoder,loading up,612368,1,0.9998,8.4949
7,decoder,loading up,612368,1,1.0,10.8136
7,decoder,loading up,612368,1,0.9999,9.4509
7,decoder,loading up,612368,1,1.0,11.298
7,decoder,loading up,612368,1,0.9999,9.4998
7,decoder,loading up,612368,1,1.0,14.7795
7,decoder,loading up,612368,1,1.0,10.189
7,decoder,loading up,612368,1,0.9903,4.6249
7,decoder,kick up,535780,1,0.9998,8.7967
7,decoder,kick up,535780,1,0.9993,7.2727
7,decoder,kick up,535780,1,1.0,12.4131
7,decoder,kick up,535780,1,0.9965,5.6495
7,decoder,kick up,535780,1,1.0,10.8208
7,decoder,kick up,535780,1,1.0,14.9987
7,decoder,kick up,535780,1,1.0,11.2053
7,decoder,kick up,535780,1,1.0,15.199
7,decoder,kick up,535780,1,1.0,11.2736
7,decoder,kick up,535780,1,1.0,14.1815
7,decoder,kick up,535780,1,1.0,17.4957
7,decoder,kick up,535780,1,0.9808,3.9324
7,decoder,kick up,535780,1,0.9996,7.8825
7,decoder,kick up,535780,1,0.9998,8.7878
7,decoder,kick up,535780,1,1.0,9.9408
7,decoder,kick up,535780,1,0.9993,7.3228
7,decoder,kick up,535780,1,1.0,12.8073
7,decoder,kick up,535780,1,1.0,12.5211
7,decoder,kick up,535780,1,1.0,11.874
7,decoder,kick up,535780,1,1.0,12.9097
7,decoder,swung up,44137,1,1.0,18.3232
7,decoder,swung up,44137,1,1.0,12.3832
7,decoder,swung up,44137,1,0.9999,9.1247
7,decoder,swung up,44137,1,1.0,14.1817
7,decoder,swung up,44137,1,1.0,12.9086
7,decoder,swung up,44137,1,1.0,12.0261
7,decoder,swung up,44137,1,1.0,10.1111
7,decoder,swung up,44137,1,1.0,12.0458
7,decoder,swung up,44137,1,1.0,13.1736
7,decoder,swung up,44137,1,1.0,15.934
7,decoder,swung up,44137,1,0.9999,9.6893
7,decoder,swung up,44137,1,0.9999,9.1679
7,decoder,swung up,44137,1,1.0,13.3627
7,decoder,swung up,44137,1,1.0,11.2487
7,decoder,swung up,44137,1,1.0,11.7249
7,decoder,swung up,44137,1,0.9999,8.8598
7,decoder,swung up,44137,1,1.0,13.3452
7,decoder,swung up,44137,1,1.0,9.966
7,decoder,swung up,44137,1,1.0,14.5852
7,decoder,swung up,44137,1,0.9997,8.075
7,decoder,racked up,1912070,1,0.9976,6.0268
7,decoder,racked up,1912070,1,1.0,10.8369
7,decoder,racked up,1912070,1,0.9986,6.5772
7,decoder,racked up,1912070,1,1.0,9.9725
7,decoder,racked up,1912070,1,1.0,11.7164
7,decoder,racked up,1912070,1,1.0,10.6436
7,decoder,racked up,1912070,1,1.0,11.7368
7,decoder,racked up,1912070,1,1.0,16.0068
7,decoder,racked up,1912070,1,0.9985,6.5065
7,decoder,racked up,1912070,1,1.0,11.043
7,decoder,racked up,1912070,1,0.9996,7.9126
7,decoder,racked up,1912070,1,0.9995,7.5981
7,decoder,racked up,1912070,1,0.7382,1.0367
7,decoder,racked up,1912070,1,1.0,10.8056
7,decoder,racked up,1912070,1,0.998,6.2227
7,decoder,racked up,1912070,1,1.0,13.9411
7,decoder,racked up,1912070,1,0.9002,2.1998
7,decoder,racked up,1912070,1,0.9959,5.49
7,decoder,racked up,1912070,1,0.9987,6.6069
7,decoder,racked up,1912070,1,0.9988,6.6959
7,decoder,welled up,235688,1,1.0,14.1211
7,decoder,welled up,235688,1,1.0,10.8829
7,decoder,welled up,235688,1,1.0,10.9504
7,decoder,welled up,235688,1,1.0,14.2287
7,decoder,welled up,235688,1,1.0,10.2099
7,decoder,welled up,235688,1,0.9997,8.0853
7,decoder,welled up,235688,1,0.9999,9.8517
7,decoder,welled up,235688,1,1.0,11.6012
7,decoder,welled up,235688,1,1.0,12.7107
7,decoder,welled up,235688,1,1.0,12.386
7,decoder,welled up,235688,1,1.0,13.1363
7,decoder,welled up,235688,1,1.0,10.6111
7,decoder,welled up,235688,1,1.0,12.622
7,decoder,welled up,235688,1,0.9831,4.0658
7,decoder,welled up,235688,1,1.0,10.1656
7,decoder,welled up,235688,1,1.0,17.0203
7,decoder,welled up,235688,1,1.0,12.8639
7,decoder,welled up,235688,1,0.9999,9.6381
7,decoder,welled up,235688,1,0.9999,9.8956
7,decoder,welled up,235688,1,1.0,11.53
7,decoder,change up,1102920,1,0.9996,7.7287
7,decoder,change up,1102920,1,0.9999,9.6457
7,decoder,change up,1102920,1,1.0,15.6208
7,decoder,change up,1102920,1,1.0,13.7555
7,decoder,change up,1102920,1,1.0,13.7985
7,decoder,change up,1102920,1,1.0,11.6352
7,decoder,change up,1102920,1,0.998,6.2037
7,decoder,change up,1102920,1,1.0,10.2113
7,decoder,change up,1102920,1,0.9995,7.6429
7,decoder,change up,1102920,1,1.0,12.7812
7,decoder,change up,1102920,1,0.9997,7.9696
7,decoder,change up,1102920,1,1.0,13.2886
7,decoder,change up,1102920,1,1.0,11.3259
7,decoder,change up,1102920,1,0.9997,8.1706
7,decoder,change up,1102920,1,1.0,12.1265
7,decoder,change up,1102920,1,1.0,14.1291
7,decoder,change up,1102920,1,0.9993,7.262
7,decoder,change up,1102920,1,0.9999,9.4832
7,decoder,change up,1102920,1,1.0,11.22
7,decoder,change up,1102920,1,1.0,10.307
7,decoder,drying up,552344,1,0.9999,9.6574
7,decoder,drying up,552344,1,0.9995,7.5442
7,decoder,drying up,552344,1,0.9999,9.027
7,decoder,drying up,552344,1,0.9999,9.7006
7,decoder,drying up,552344,1,1.0,10.6726
7,decoder,drying up,552344,1,1.0,10.0939
7,decoder,drying up,552344,1,0.9994,7.457
7,decoder,drying up,552344,1,0.96,3.1783
7,decoder,drying up,552344,1,0.9795,3.8659
7,decoder,drying up,552344,1,0.9999,8.9538
7,decoder,drying up,552344,1,1.0,10.6556
7,decoder,drying up,552344,1,0.8811,2.0031
7,decoder,drying up,552344,1,0.9995,7.6532
7,decoder,drying up,552344,1,0.997,5.8186
7,decoder,drying up,552344,1,1.0,11.0088
7,decoder,drying up,552344,1,0.9547,3.0476
7,decoder,drying up,552344,1,0.9983,6.3723
7,decoder,drying up,552344,1,0.9999,9.108
7,decoder,drying up,552344,1,0.9892,4.5168
7,decoder,drying up,552344,1,1.0,10.1711
7,decoder,kicking up,270272,1,0.9998,8.7324
7,decoder,kicking up,270272,1,0.9972,5.8621
7,decoder,kicking up,270272,1,1.0,10.2367
7,decoder,kicking up,270272,1,0.9959,5.4956
7,decoder,kicking up,270272,1,1.0,14.927
7,decoder,kicking up,270272,1,1.0,11.8943
7,decoder,kicking up,270272,1,1.0,10.5946
7,decoder,kicking up,270272,1,0.9979,6.1756
7,decoder,kicking up,270272,1,0.9991,6.9949
7,decoder,kicking up,270272,1,1.0,10.1237
7,decoder,kicking up,270272,1,1.0,12.1538
7,decoder,kicking up,270272,1,0.9999,9.0546
7,decoder,kicking up,270272,1,0.9997,8.2143
7,decoder,kicking up,270272,1,1.0,14.117
7,decoder,kicking up,270272,1,0.9999,9.8785
7,decoder,kicking up,270272,1,1.0,10.0274
7,decoder,kicking up,270272,1,1.0,10.0139
7,decoder,kicking up,270272,1,0.9997,8.109
7,decoder,kicking up,270272,1,1.0,13.3317
7,decoder,kicking up,270272,1,1.0,10.2275
7,decoder,geared up,1040699,1,1.0,13.7202
7,decoder,geared up,1040699,1,0.9989,6.7783
7,decoder,geared up,1040699,1,1.0,9.9808
7,decoder,geared up,1040699,1,0.9905,4.6503
7,decoder,geared up,1040699,1,0.9987,6.6128
7,decoder,geared up,1040699,1,0.9633,3.2667
7,decoder,geared up,1040699,1,1.0,14.8285
7,decoder,geared up,1040699,1,1.0,10.9352
7,decoder,geared up,1040699,1,0.993,4.9546
7,decoder,geared up,1040699,1,1.0,14.8196
7,decoder,geared up,1040699,1,1.0,10.3716
7,decoder,geared up,1040699,1,0.9838,4.1075
7,decoder,geared up,1040699,1,1.0,10.0694
7,decoder,geared up,1040699,1,1.0,13.1248
7,decoder,geared up,1040699,1,0.999,6.8935
7,decoder,geared up,1040699,1,1.0,13.5884
7,decoder,geared up,1040699,1,0.9998,8.4038
7,decoder,geared up,1040699,1,1.0,12.8137
7,decoder,geared up,1040699,1,1.0,10.3642
7,decoder,geared up,1040699,1,1.0,11.5948
7,decoder,freeing up,905604,1,1.0,13.6698
7,decoder,freeing up,905604,1,1.0,14.6902
7,decoder,freeing up,905604,1,1.0,15.7651
7,decoder,freeing up,905604,1,1.0,13.7611
7,decoder,freeing up,905604,1,1.0,15.4608
7,decoder,freeing up,905604,1,1.0,14.6118
7,decoder,freeing up,905604,1,1.0,16.9543
7,decoder,freeing up,905604,1,1.0,15.7131
7,decoder,freeing up,905604,1,1.0,12.5587
7,decoder,freeing up,905604,1,1.0,15.0222
7,decoder,freeing up,905604,1,1.0,13.9179
7,decoder,freeing up,905604,1,1.0,17.3871
7,decoder,freeing up,905604,1,1.0,16.4314
7,decoder,freeing up,905604,1,1.0,19.3275
7,decoder,freeing up,905604,1,1.0,10.6975
7,decoder,freeing up,905604,1,1.0,10.3578
7,decoder,freeing up,905604,1,1.0,17.4491
7,decoder,freeing up,905604,1,1.0,14.4189
7,decoder,freeing up,905604,1,0.9999,9.319
7,decoder,freeing up,905604,1,1.0,15.4824
7,decoder,snapped up,897446,1,0.9977,6.089
7,decoder,snapped up,897446,1,1.0,11.5121
7,decoder,snapped up,897446,1,1.0,13.2561
7,decoder,snapped up,897446,1,0.9937,5.0572
7,decoder,snapped up,897446,1,1.0,11.2694
7,decoder,snapped up,897446,1,0.9999,9.7287
7,decoder,snapped up,897446,1,0.9967,5.7126
7,decoder,snapped up,897446,1,0.9987,6.6613
7,decoder,snapped up,897446,1,0.7634,1.1714
7,decoder,snapped up,897446,1,0.9998,8.3059
7,decoder,snapped up,897446,1,0.7986,1.3777
7,decoder,snapped up,897446,1,0.9999,9.0687
7,decoder,snapped up,897446,1,0.9929,4.9468
7,decoder,snapped up,897446,1,1.0,11.21
7,decoder,snapped up,897446,0,0.4994,-0.0025
7,decoder,snapped up,897446,1,0.9999,8.9273
7,decoder,snapped up,897446,1,0.9999,9.749
7,decoder,snapped up,897446,1,1.0,10.9792
7,decoder,snapped up,897446,1,0.9991,7.057
7,decoder,snapped up,897446,1,0.8763,1.9574
7,decoder,brighten up,1172445,1,0.9996,7.7438
7,decoder,brighten up,1172445,1,0.9998,8.6373
7,decoder,brighten up,1172445,1,0.9996,7.8359
7,decoder,brighten up,1172445,1,0.9951,5.3038
7,decoder,brighten up,1172445,1,0.9718,3.5409
7,decoder,brighten up,1172445,1,1.0,11.1382
7,decoder,brighten up,1172445,1,0.9994,7.5009
7,decoder,brighten up,1172445,1,0.9999,9.0599
7,decoder,brighten up,1172445,1,0.9999,9.1782
7,decoder,brighten up,1172445,1,1.0,14.0752
7,decoder,brighten up,1172445,1,1.0,10.3667
7,decoder,brighten up,1172445,1,0.9999,9.1401
7,decoder,brighten up,1172445,1,0.9994,7.3739
7,decoder,brighten up,1172445,1,0.9999,9.2919
7,decoder,brighten up,1172445,1,0.7885,1.3159
7,decoder,brighten up,1172445,1,0.9999,9.0813
7,decoder,brighten up,1172445,1,1.0,11.1283
7,decoder,brighten up,1172445,1,1.0,10.3164
7,decoder,brighten up,1172445,1,0.9739,3.6187
7,decoder,brighten up,1172445,1,0.9995,7.6035
7,decoder,jacked up,435206,1,1.0,13.1512
7,decoder,jacked up,435206,1,1.0,10.3594
7,decoder,jacked up,435206,1,0.8633,1.8429
7,decoder,jacked up,435206,1,0.9925,4.8884
7,decoder,jacked up,435206,1,0.9814,3.9668
7,decoder,jacked up,435206,1,1.0,10.0644
7,decoder,jacked up,435206,1,0.9992,7.1269
7,decoder,jacked up,435206,1,1.0,15.6596
7,decoder,jacked up,435206,1,0.9917,4.7883
7,decoder,jacked up,435206,1,0.6694,0.7054
7,decoder,jacked up,435206,1,0.9999,9.6961
7,decoder,jacked up,435206,1,0.9947,5.2338
7,decoder,jacked up,435206,1,0.9998,8.6955
7,decoder,jacked up,435206,1,0.9903,4.6216
7,decoder,jacked up,435206,1,1.0,9.9575
7,decoder,jacked up,435206,1,0.9992,7.1049
7,decoder,jacked up,435206,1,1.0,10.6373
7,decoder,jacked up,435206,1,0.9982,6.3395
7,decoder,jacked up,435206,1,0.9992,7.1566
7,decoder,jacked up,435206,1,1.0,9.9193
7,decoder,follows up,594758,1,0.9999,9.5079
7,decoder,follows up,594758,1,0.9998,8.7146
7,decoder,follows up,594758,1,0.9999,9.761
7,decoder,follows up,594758,1,0.9998,8.4012
7,decoder,follows up,594758,1,0.9999,8.9477
7,decoder,follows up,594758,1,1.0,10.2315
7,decoder,follows up,594758,1,0.9989,6.8348
7,decoder,follows up,594758,1,0.9995,7.6656
7,decoder,follows up,594758,1,0.9999,9.1326
7,decoder,follows up,594758,1,1.0,11.0204
7,decoder,follows up,594758,1,0.9962,5.5693
7,decoder,follows up,594758,1,0.9992,7.0807
7,decoder,follows up,594758,1,1.0,10.081
7,decoder,follows up,594758,1,0.9999,9.4584
7,decoder,follows up,594758,1,0.9999,9.4269
7,decoder,follows up,594758,1,0.9999,9.449
7,decoder,follows up,594758,1,1.0,11.3542
7,decoder,follows up,594758,1,0.9994,7.469
7,decoder,follows up,594758,1,0.9983,6.3575
7,decoder,follows up,594758,1,0.9999,9.6135
7,decoder,chop up,322382,1,0.9997,8.0493
7,decoder,chop up,322382,1,0.9997,8.1257
7,decoder,chop up,322382,1,1.0,12.6442
7,decoder,chop up,322382,1,0.9997,8.1618
7,decoder,chop up,322382,1,1.0,11.359
7,decoder,chop up,322382,1,1.0,10.5551
7,decoder,chop up,322382,1,0.9999,9.7425
7,decoder,chop up,322382,1,0.9999,8.9998
7,decoder,chop up,322382,1,0.9999,9.8651
7,decoder,chop up,322382,1,0.9999,9.5977
7,decoder,chop up,322382,1,1.0,13.0694
7,decoder,chop up,322382,1,0.9957,5.4512
7,decoder,chop up,322382,1,0.9989,6.8213
7,decoder,chop up,322382,1,0.9999,9.0046
7,decoder,chop up,322382,1,0.9974,5.9624
7,decoder,chop up,322382,1,0.9999,9.8797
7,decoder,chop up,322382,1,0.9785,3.8201
7,decoder,chop up,322382,1,0.9991,6.9677
7,decoder,chop up,322382,1,1.0,10.6782
7,decoder,chop up,322382,1,0.9999,9.3089
7,decoder,lifts up,257100,1,0.9997,8.0083
7,decoder,lifts up,257100,1,0.9963,5.5857
7,decoder,lifts up,257100,1,1.0,9.9105
7,decoder,lifts up,257100,1,0.9999,8.8229
7,decoder,lifts up,257100,1,0.9999,9.0505
7,decoder,lifts up,257100,1,0.9975,5.9822
7,decoder,lifts up,257100,1,0.9987,6.6798
7,decoder,lifts up,257100,1,0.9997,8.266
7,decoder,lifts up,257100,1,0.9997,8.1784
7,decoder,lifts up,257100,1,0.9995,7.5275
7,decoder,lifts up,257100,1,1.0,10.6822
7,decoder,lifts up,257100,1,0.9617,3.222
7,decoder,lifts up,257100,1,0.9889,4.4899
7,decoder,lifts up,257100,1,1.0,10.156
7,decoder,lifts up,257100,1,0.9993,7.329
7,decoder,lifts up,257100,1,0.9997,8.0336
7,decoder,lifts up,257100,1,0.9877,4.3869
7,decoder,lifts up,257100,1,0.9995,7.6505
7,decoder,lifts up,257100,1,1.0,11.5963
7,decoder,lifts up,257100,1,0.835,1.6211
7,decoder,knocked up,248172,1,0.9284,2.5616
7,decoder,knocked up,248172,1,0.9949,5.2809
7,decoder,knocked up,248172,1,0.998,6.1918
7,decoder,knocked up,248172,1,1.0,10.2996
7,decoder,knocked up,248172,1,0.9994,7.3859
7,decoder,knocked up,248172,1,0.9998,8.7744
7,decoder,knocked up,248172,1,0.9962,5.5783
7,decoder,knocked up,248172,1,0.8831,2.0225
7,decoder,knocked up,248172,1,0.9998,8.7199
7,decoder,knocked up,248172,1,0.9993,7.3349
7,decoder,knocked up,248172,1,0.9956,5.4327
7,decoder,knocked up,248172,1,0.9971,5.8356
7,decoder,knocked up,248172,1,0.9951,5.3122
7,decoder,knocked up,248172,1,0.9794,3.8625
7,decoder,knocked up,248172,1,0.9994,7.4006
7,decoder,knocked up,248172,1,0.795,1.3553
7,decoder,knocked up,248172,1,0.9999,9.4002
7,decoder,knocked up,248172,1,0.9362,2.6857
7,decoder,knocked up,248172,1,0.9995,7.5434
7,decoder,knocked up,248172,1,0.9989,6.8315
7,decoder,soaking up,1153397,1,0.9999,8.8714
7,decoder,soaking up,1153397,1,1.0,11.289
7,decoder,soaking up,1153397,1,0.9997,8.2349
7,decoder,soaking up,1153397,1,0.9998,8.7927
7,decoder,soaking up,1153397,1,0.9999,9.813
7,decoder,soaking up,1153397,1,1.0,11.1692
7,decoder,soaking up,1153397,1,1.0,12.9216
7,decoder,soaking up,1153397,1,0.9997,8.0823
7,decoder,soaking up,1153397,1,1.0,12.2076
7,decoder,soaking up,1153397,1,1.0,11.8744
7,decoder,soaking up,1153397,1,1.0,12.565
7,decoder,soaking up,1153397,1,1.0,14.1995
7,decoder,soaking up,1153397,1,0.9999,9.2894
7,decoder,soaking up,1153397,1,0.9983,6.3982
7,decoder,soaking up,1153397,1,1.0,11.5132
7,decoder,soaking up,1153397,1,1.0,13.8556
7,decoder,soaking up,1153397,1,1.0,11.8766
7,decoder,soaking up,1153397,1,0.998,6.1881
7,decoder,soaking up,1153397,1,0.999,6.8608
7,decoder,soaking up,1153397,1,1.0,14.4284
7,decoder,sailed up,68358,1,0.9996,7.941
7,decoder,sailed up,68358,1,1.0,16.1527
7,decoder,sailed up,68358,1,1.0,15.485
7,decoder,sailed up,68358,1,1.0,13.7417
7,decoder,sailed up,68358,1,1.0,13.5826
7,decoder,sailed up,68358,1,1.0,18.0659
7,decoder,sailed up,68358,1,1.0,16.0333
7,decoder,sailed up,68358,1,1.0,11.6953
7,decoder,sailed up,68358,1,1.0,14.2978
7,decoder,sailed up,68358,1,1.0,12.0699
7,decoder,sailed up,68358,1,0.9996,7.7384
7,decoder,sailed up,68358,1,0.9993,7.2639
7,decoder,sailed up,68358,1,1.0,13.0966
7,decoder,sailed up,68358,1,1.0,10.0612
7,decoder,sailed up,68358,1,0.9998,8.5772
7,decoder,sailed up,68358,1,1.0,15.8415
7,decoder,sailed up,68358,1,1.0,11.5432
7,decoder,sailed up,68358,1,1.0,19.6444
7,decoder,sailed up,68358,1,1.0,15.5177
7,decoder,sailed up,68358,1,1.0,17.0065
7,decoder,passing up,244944,1,1.0,10.8703
7,decoder,passing up,244944,1,1.0,15.44
7,decoder,passing up,244944,1,0.9999,8.851
7,decoder,passing up,244944,1,1.0,11.0626
7,decoder,passing up,244944,1,1.0,13.9352
7,decoder,passing up,244944,1,1.0,9.9407
7,decoder,passing up,244944,1,0.9999,8.9878
7,decoder,passing up,244944,1,1.0,11.2965
7,decoder,passing up,244944,1,0.9999,9.8927
7,decoder,passing up,244944,1,0.9999,9.1394
7,decoder,passing up,244944,1,0.9998,8.6976
7,decoder,passing up,244944,1,1.0,11.6647
7,decoder,passing up,244944,1,1.0,10.7636
7,decoder,passing up,244944,1,1.0,11.5203
7,decoder,passing up,244944,1,1.0,11.2945
7,decoder,passing up,244944,1,0.9999,9.0506
7,decoder,passing up,244944,1,0.9999,9.1748
7,decoder,passing up,244944,1,1.0,11.3884
7,decoder,passing up,244944,1,1.0,11.0564
7,decoder,passing up,244944,1,1.0,10.8983
7,decoder,linking up,910466,1,1.0,14.3953
7,decoder,linking up,910466,1,1.0,11.8593
7,decoder,linking up,910466,1,1.0,10.5073
7,decoder,linking up,910466,1,1.0,17.4508
7,decoder,linking up,910466,1,0.999,6.9311
7,decoder,linking up,910466,1,1.0,11.2559
7,decoder,linking up,910466,1,1.0,15.7533
7,decoder,linking up,910466,1,1.0,10.3538
7,decoder,linking up,910466,1,1.0,9.9208
7,decoder,linking up,910466,1,1.0,10.5619
7,decoder,linking up,910466,1,0.999,6.8767
7,decoder,linking up,910466,1,1.0,18.6596
7,decoder,linking up,910466,1,1.0,13.4638
7,decoder,linking up,910466,1,1.0,10.996
7,decoder,linking up,910466,1,1.0,10.1723
7,decoder,linking up,910466,1,1.0,10.0807
7,decoder,linking up,910466,1,1.0,12.3421
7,decoder,linking up,910466,1,1.0,13.3163
7,decoder,linking up,910466,1,1.0,14.0757
7,decoder,linking up,910466,1,0.9999,9.0003
7,decoder,dries up,448326,1,0.9993,7.2345
7,decoder,dries up,448326,1,0.9998,8.5641
7,decoder,dries up,448326,1,0.9532,3.0133
7,decoder,dries up,448326,1,0.9999,9.0317
7,decoder,dries up,448326,1,0.9842,4.1343
7,decoder,dries up,448326,1,0.9999,9.8692
7,decoder,dries up,448326,1,0.9947,5.2343
7,decoder,dries up,448326,1,1.0,11.7981
7,decoder,dries up,448326,1,0.9991,6.9782
7,decoder,dries up,448326,1,0.9694,3.4557
7,decoder,dries up,448326,1,1.0,10.7205
7,decoder,dries up,448326,1,0.9995,7.5403
7,decoder,dries up,448326,1,0.9382,2.7209
7,decoder,dries up,448326,1,0.9995,7.6965
7,decoder,dries up,448326,1,0.9544,3.0421
7,decoder,dries up,448326,1,0.9999,9.3937
7,decoder,dries up,448326,1,1.0,11.1209
7,decoder,dries up,448326,1,0.9999,9.7931
7,decoder,dries up,448326,1,0.9997,8.0501
7,decoder,dries up,448326,1,0.9946,5.2224
7,decoder,pointed up,174488,1,0.9596,3.1677
7,decoder,pointed up,174488,1,0.8941,2.1338
7,decoder,pointed up,174488,1,0.9989,6.7711
7,decoder,pointed up,174488,1,1.0,10.2339
7,decoder,pointed up,174488,1,1.0,10.0156
7,decoder,pointed up,174488,1,0.9986,6.5946
7,decoder,pointed up,174488,1,0.9943,5.163
7,decoder,pointed up,174488,1,0.9994,7.4149
7,decoder,pointed up,174488,1,0.9956,5.4216
7,decoder,pointed up,174488,1,0.9998,8.3983
7,decoder,pointed up,174488,1,0.9999,9.8137
7,decoder,pointed up,174488,1,0.9994,7.4696
7,decoder,pointed up,174488,1,1.0,10.9802
7,decoder,pointed up,174488,1,1.0,10.4833
7,decoder,pointed up,174488,1,0.9987,6.621
7,decoder,pointed up,174488,1,0.9996,7.8164
7,decoder,pointed up,174488,1,0.8932,2.1244
7,decoder,pointed up,174488,1,1.0,10.7522
7,decoder,pointed up,174488,1,0.9018,2.2169
7,decoder,pointed up,174488,1,0.9484,2.9122
7,decoder,shook up,254450,1,0.9976,6.0481
7,decoder,shook up,254450,1,1.0,10.4571
7,decoder,shook up,254450,1,0.9997,8.2346
7,decoder,shook up,254450,1,0.9998,8.3295
7,decoder,shook up,254450,1,1.0,12.3792
7,decoder,shook up,254450,1,1.0,13.0961
7,decoder,shook up,254450,1,0.9999,9.4967
7,decoder,shook up,254450,1,1.0,12.5952
7,decoder,shook up,254450,1,1.0,10.306
7,decoder,shook up,254450,1,0.9877,4.3837
7,decoder,shook up,254450,1,1.0,10.1831
7,decoder,shook up,254450,1,0.9985,6.4845
7,decoder,shook up,254450,1,0.9822,4.0099
7,decoder,shook up,254450,1,0.9999,9.1518
7,decoder,shook up,254450,1,0.996,5.5293
7,decoder,shook up,254450,1,0.9998,8.6821
7,decoder,shook up,254450,1,0.9998,8.6895
7,decoder,shook up,254450,1,0.9998,8.6854
7,decoder,shook up,254450,1,0.999,6.8923
7,decoder,shook up,254450,1,0.9999,9.1669
7,decoder,freeze up,336875,1,0.9359,2.6818
7,decoder,freeze up,336875,1,0.9997,8.0987
7,decoder,freeze up,336875,1,0.9419,2.7857
7,decoder,freeze up,336875,1,1.0,10.9155
7,decoder,freeze up,336875,1,0.9888,4.4782
7,decoder,freeze up,336875,1,0.9989,6.7777
7,decoder,freeze up,336875,1,0.9764,3.7209
7,decoder,freeze up,336875,1,0.993,4.9496
7,decoder,freeze up,336875,1,1.0,11.2701
7,decoder,freeze up,336875,1,0.9997,8.0603
7,decoder,freeze up,336875,1,0.9997,8.1323
7,decoder,freeze up,336875,1,0.9947,5.2347
7,decoder,freeze up,336875,1,0.9685,3.4267
7,decoder,freeze up,336875,1,1.0,10.1216
7,decoder,freeze up,336875,1,0.9998,8.4241
7,decoder,freeze up,336875,1,1.0,9.9156
7,decoder,freeze up,336875,0,0.0942,-2.2629
7,decoder,freeze up,336875,1,0.9999,9.3972
7,decoder,freeze up,336875,1,0.99,4.5961
7,decoder,freeze up,336875,1,1.0,12.3498
7,decoder,clambered up,54301,1,1.0,12.0481
7,decoder,clambered up,54301,1,0.9999,8.9357
7,decoder,clambered up,54301,1,1.0,13.8955
7,decoder,clambered up,54301,1,1.0,13.9374
7,decoder,clambered up,54301,1,0.9994,7.409
7,decoder,clambered up,54301,1,1.0,15.0661
7,decoder,clambered up,54301,1,0.99,4.5968
7,decoder,clambered up,54301,1,1.0,10.5017
7,decoder,clambered up,54301,1,1.0,10.7437
7,decoder,clambered up,54301,1,0.9999,9.3088
7,decoder,clambered up,54301,1,1.0,12.03
7,decoder,clambered up,54301,1,1.0,16.9043
7,decoder,clambered up,54301,1,0.9999,8.9438
7,decoder,clambered up,54301,1,0.9311,2.604
7,decoder,clambered up,54301,1,1.0,10.8687
7,decoder,clambered up,54301,1,0.9998,8.4948
7,decoder,clambered up,54301,1,1.0,13.7846
7,decoder,clambered up,54301,1,1.0,12.5387
7,decoder,clambered up,54301,1,0.9991,7.0137
7,decoder,clambered up,54301,1,1.0,14.021
7,decoder,act up,266394,1,0.9999,9.2113
7,decoder,act up,266394,1,1.0,14.5178
7,decoder,act up,266394,1,1.0,13.7833
7,decoder,act up,266394,1,1.0,12.7614
7,decoder,act up,266394,1,0.9998,8.6222
7,decoder,act up,266394,1,1.0,11.2741
7,decoder,act up,266394,1,1.0,11.0247
7,decoder,act up,266394,1,0.9996,7.9244
7,decoder,act up,266394,1,0.9085,2.2955
7,decoder,act up,266394,1,1.0,10.3283
7,decoder,act up,266394,1,0.9997,8.0823
7,decoder,act up,266394,1,1.0,18.4181
7,decoder,act up,266394,1,0.9974,5.9653
7,decoder,act up,266394,1,0.9999,8.8909
7,decoder,act up,266394,1,1.0,12.4357
7,decoder,act up,266394,1,0.9836,4.0912
7,decoder,act up,266394,0,0.4518,-0.1933
7,decoder,act up,266394,1,0.9998,8.7989
7,decoder,act up,266394,1,0.9988,6.711
7,decoder,act up,266394,1,0.9996,7.8277
7,decoder,strolled up,47366,1,0.9996,7.8117
7,decoder,strolled up,47366,1,0.9992,7.1687
7,decoder,strolled up,47366,1,0.9999,9.5585
7,decoder,strolled up,47366,1,0.996,5.5182
7,decoder,strolled up,47366,1,1.0,10.2149
7,decoder,strolled up,47366,1,1.0,10.1939
7,decoder,strolled up,47366,1,0.9998,8.3892
7,decoder,strolled up,47366,1,0.9999,9.0979
7,decoder,strolled up,47366,1,0.9976,6.0193
7,decoder,strolled up,47366,1,1.0,10.5604
7,decoder,strolled up,47366,1,0.9999,9.7492
7,decoder,strolled up,47366,1,1.0,12.0411
7,decoder,strolled up,47366,1,1.0,10.8851
7,decoder,strolled up,47366,1,0.9997,8.0076
7,decoder,strolled up,47366,1,0.9987,6.6699
7,decoder,strolled up,47366,1,0.9997,8.0395
7,decoder,strolled up,47366,1,0.9978,6.1105
7,decoder,strolled up,47366,1,0.9998,8.5007
7,decoder,strolled up,47366,1,0.9999,8.9057
7,decoder,strolled up,47366,1,1.0,12.1045
7,decoder,gear up,972503,1,0.9995,7.5536
7,decoder,gear up,972503,1,0.999,6.9155
7,decoder,gear up,972503,1,0.9347,2.6611
7,decoder,gear up,972503,1,0.9998,8.3715
7,decoder,gear up,972503,1,1.0,12.6269
7,decoder,gear up,972503,1,0.9836,4.0965
7,decoder,gear up,972503,1,1.0,12.6204
7,decoder,gear up,972503,1,1.0,11.8138
7,decoder,gear up,972503,1,0.9986,6.5956
7,decoder,gear up,972503,1,1.0,13.1226
7,decoder,gear up,972503,1,0.9999,9.5265
7,decoder,gear up,972503,1,1.0,11.0608
7,decoder,gear up,972503,1,0.9999,9.4314
7,decoder,gear up,972503,1,0.9997,8.0708
7,decoder,gear up,972503,1,0.9999,9.3533
7,decoder,gear up,972503,1,0.9993,7.3209
7,decoder,gear up,972503,1,0.9699,3.4723
7,decoder,gear up,972503,1,0.9983,6.3497
7,decoder,gear up,972503,1,1.0,10.9066
7,decoder,gear up,972503,1,1.0,12.5942
7,decoder,slipped up,198151,1,0.9958,5.4702
7,decoder,slipped up,198151,1,1.0,10.1969
7,decoder,slipped up,198151,1,0.9997,8.0484
7,decoder,slipped up,198151,1,1.0,10.6425
7,decoder,slipped up,198151,1,0.9999,8.8395
7,decoder,slipped up,198151,1,0.9974,5.9431
7,decoder,slipped up,198151,1,0.9948,5.2507
7,decoder,slipped up,198151,1,0.9798,3.8824
7,decoder,slipped up,198151,1,1.0,10.269
7,decoder,slipped up,198151,1,0.9984,6.4582
7,decoder,slipped up,198151,1,0.9998,8.7693
7,decoder,slipped up,198151,1,0.9948,5.257
7,decoder,slipped up,198151,1,0.9995,7.6869
7,decoder,slipped up,198151,1,0.9945,5.1943
7,decoder,slipped up,198151,1,0.9945,5.2023
7,decoder,slipped up,198151,1,1.0,11.3369
7,decoder,slipped up,198151,1,0.9997,8.0326
7,decoder,slipped up,198151,1,1.0,10.7575
7,decoder,slipped up,198151,1,0.9998,8.4542
7,decoder,slipped up,198151,1,0.9998,8.5351
7,decoder,dream up,506803,1,1.0,9.9099
7,decoder,dream up,506803,1,1.0,11.0589
7,decoder,dream up,506803,1,1.0,11.3456
7,decoder,dream up,506803,1,1.0,14.2566
7,decoder,dream up,506803,1,1.0,14.1494
7,decoder,dream up,506803,1,1.0,10.4306
7,decoder,dream up,506803,1,1.0,10.9748
7,decoder,dream up,506803,1,1.0,16.8261
7,decoder,dream up,506803,1,0.9999,9.4966
7,decoder,dream up,506803,1,0.9998,8.5962
7,decoder,dream up,506803,1,1.0,17.6988
7,decoder,dream up,506803,1,1.0,14.6886
7,decoder,dream up,506803,1,1.0,10.2096
7,decoder,dream up,506803,1,1.0,9.9173
7,decoder,dream up,506803,1,1.0,13.643
7,decoder,dream up,506803,1,1.0,12.2538
7,decoder,dream up,506803,1,0.9999,9.5259
7,decoder,dream up,506803,1,0.9998,8.7701
7,decoder,dream up,506803,1,1.0,11.6487
7,decoder,dream up,506803,1,0.9997,8.1745
7,decoder,patch up,311137,1,1.0,11.7354
7,decoder,patch up,311137,1,1.0,11.7853
7,decoder,patch up,311137,1,0.9999,8.8691
7,decoder,patch up,311137,1,1.0,12.8117
7,decoder,patch up,311137,1,1.0,10.0454
7,decoder,patch up,311137,1,1.0,16.5999
7,decoder,patch up,311137,1,0.9999,9.7532
7,decoder,patch up,311137,1,0.9997,8.0767
7,decoder,patch up,311137,1,0.9999,9.3867
7,decoder,patch up,311137,1,1.0,12.6547
7,decoder,patch up,311137,1,0.9983,6.3522
7,decoder,patch up,311137,1,0.9998,8.7867
7,decoder,patch up,311137,1,1.0,12.1454
7,decoder,patch up,311137,1,0.9997,8.1919
7,decoder,patch up,311137,1,0.9998,8.6349
7,decoder,patch up,311137,1,0.9999,8.8902
7,decoder,patch up,311137,1,1.0,12.115
7,decoder,patch up,311137,1,0.9975,5.9934
7,decoder,patch up,311137,1,1.0,14.0966
7,decoder,patch up,311137,1,1.0,10.4948
7,decoder,boil up,61987,1,0.9715,3.5293
7,decoder,boil up,61987,1,0.9997,7.9715
7,decoder,boil up,61987,1,0.9849,4.1749
7,decoder,boil up,61987,1,0.9584,3.1379
7,decoder,boil up,61987,1,0.9998,8.2959
7,decoder,boil up,61987,1,0.9991,7.0332
7,decoder,boil up,61987,1,0.9997,8.1495
7,decoder,boil up,61987,1,1.0,10.9761
7,decoder,boil up,61987,1,0.9727,3.5723
7,decoder,boil up,61987,1,0.5897,0.3629
7,decoder,boil up,61987,1,1.0,15.9519
7,decoder,boil up,61987,1,0.9998,8.4356
7,decoder,boil up,61987,1,0.9996,7.715
7,decoder,boil up,61987,1,1.0,11.0077
7,decoder,boil up,61987,1,0.999,6.8774
7,decoder,boil up,61987,1,0.9561,3.0803
7,decoder,boil up,61987,1,0.9986,6.5755
7,decoder,boil up,61987,1,0.9912,4.7222
7,decoder,boil up,61987,1,0.9992,7.0959
7,decoder,boil up,61987,1,0.9453,2.8496
7,decoder,firing up,370682,1,0.9998,8.553
7,decoder,firing up,370682,1,1.0,10.7692
7,decoder,firing up,370682,1,1.0,10.3803
7,decoder,firing up,370682,1,1.0,10.1248
7,decoder,firing up,370682,1,0.9998,8.4425
7,decoder,firing up,370682,1,0.999,6.8762
7,decoder,firing up,370682,1,0.9958,5.4633
7,decoder,firing up,370682,1,1.0,12.1694
7,decoder,firing up,370682,1,1.0,11.8964
7,decoder,firing up,370682,1,1.0,13.0623
7,decoder,firing up,370682,1,1.0,10.4643
7,decoder,firing up,370682,1,1.0,10.0653
7,decoder,firing up,370682,1,1.0,11.9412
7,decoder,firing up,370682,1,0.9984,6.4218
7,decoder,firing up,370682,1,1.0,10.712
7,decoder,firing up,370682,1,0.9999,9.6529
7,decoder,firing up,370682,1,1.0,12.2225
7,decoder,firing up,370682,1,1.0,12.154
7,decoder,firing up,370682,1,0.9997,8.274
7,decoder,firing up,370682,1,0.9962,5.5739
7,decoder,weighing up,560349,1,0.9998,8.3877
7,decoder,weighing up,560349,1,0.9998,8.3081
7,decoder,weighing up,560349,1,1.0,11.8374
7,decoder,weighing up,560349,1,1.0,11.7035
7,decoder,weighing up,560349,1,0.9941,5.1188
7,decoder,weighing up,560349,1,0.9999,9.8255
7,decoder,weighing up,560349,1,1.0,10.9258
7,decoder,weighing up,560349,1,1.0,11.1695
7,decoder,weighing up,560349,1,1.0,12.7912
7,decoder,weighing up,560349,1,1.0,10.3244
7,decoder,weighing up,560349,1,1.0,10.0495
7,decoder,weighing up,560349,1,0.9999,9.495
7,decoder,weighing up,560349,1,1.0,11.4113
7,decoder,weighing up,560349,1,1.0,10.1961
7,decoder,weighing up,560349,1,1.0,11.7881
7,decoder,weighing up,560349,1,0.9988,6.7051
7,decoder,weighing up,560349,1,0.9986,6.5853
7,decoder,weighing up,560349,1,1.0,10.1335
7,decoder,weighing up,560349,1,0.9994,7.3681
7,decoder,weighing up,560349,1,0.9995,7.6723
7,decoder,steps up,1088665,1,1.0,10.2393
7,decoder,steps up,1088665,1,0.9999,9.2215
7,decoder,steps up,1088665,1,0.998,6.2317
7,decoder,steps up,1088665,1,0.9999,9.788
7,decoder,steps up,1088665,1,0.9998,8.3111
7,decoder,steps up,1088665,1,0.9999,9.2889
7,decoder,steps up,1088665,1,1.0,13.1844
7,decoder,steps up,1088665,1,0.9999,9.8253
7,decoder,steps up,1088665,1,0.9999,9.7368
7,decoder,steps up,1088665,1,1.0,12.022
7,decoder,steps up,1088665,1,1.0,10.3859
7,decoder,steps up,1088665,1,1.0,14.095
7,decoder,steps up,1088665,1,0.9997,8.0649
7,decoder,steps up,1088665,1,1.0,12.7745
7,decoder,steps up,1088665,1,0.9999,9.8846
7,decoder,steps up,1088665,1,0.9999,9.0926
7,decoder,steps up,1088665,1,0.9997,8.1422
7,decoder,steps up,1088665,1,0.9943,5.1618
7,decoder,steps up,1088665,1,1.0,10.9676
7,decoder,steps up,1088665,1,0.9991,7.0256
7,decoder,dreamed up,430666,1,0.9997,8.2719
7,decoder,dreamed up,430666,1,1.0,12.276
7,decoder,dreamed up,430666,1,1.0,10.7088
7,decoder,dreamed up,430666,1,0.9998,8.791
7,decoder,dreamed up,430666,1,1.0,13.0671
7,decoder,dreamed up,430666,1,1.0,11.339
7,decoder,dreamed up,430666,1,0.9684,3.4219
7,decoder,dreamed up,430666,1,1.0,11.9947
7,decoder,dreamed up,430666,1,1.0,13.5783
7,decoder,dreamed up,430666,1,0.9974,5.9395
7,decoder,dreamed up,430666,1,1.0,13.5437
7,decoder,dreamed up,430666,1,0.9999,9.199
7,decoder,dreamed up,430666,1,1.0,11.4911
7,decoder,dreamed up,430666,1,1.0,11.3225
7,decoder,dreamed up,430666,1,1.0,11.3582
7,decoder,dreamed up,430666,1,0.9841,4.1273
7,decoder,dreamed up,430666,1,1.0,10.4147
7,decoder,dreamed up,430666,1,1.0,9.927
7,decoder,dreamed up,430666,1,1.0,17.9342
7,decoder,dreamed up,430666,1,0.9999,9.2034
7,decoder,hunt up,43994,1,1.0,11.8318
7,decoder,hunt up,43994,1,1.0,10.583
7,decoder,hunt up,43994,1,0.998,6.2341
7,decoder,hunt up,43994,1,0.9999,9.1942
7,decoder,hunt up,43994,1,1.0,12.1965
7,decoder,hunt up,43994,1,0.9997,7.9935
7,decoder,hunt up,43994,1,1.0,12.7216
7,decoder,hunt up,43994,1,1.0,10.0758
7,decoder,hunt up,43994,1,0.9999,9.0289
7,decoder,hunt up,43994,1,1.0,10.3707
7,decoder,hunt up,43994,1,0.9928,4.9329
7,decoder,hunt up,43994,1,0.9999,9.5514
7,decoder,hunt up,43994,1,0.9999,9.6613
7,decoder,hunt up,43994,1,1.0,12.8705
7,decoder,hunt up,43994,1,0.9997,8.2327
7,decoder,hunt up,43994,1,0.9952,5.3428
7,decoder,hunt up,43994,1,0.9999,9.6715
7,decoder,hunt up,43994,1,0.9993,7.227
7,decoder,hunt up,43994,1,0.9999,9.8333
7,decoder,hunt up,43994,1,0.9999,8.9037
7,decoder,burnt up,86820,1,0.9999,9.7536
7,decoder,burnt up,86820,1,0.9993,7.2765
7,decoder,burnt up,86820,1,0.9999,9.6078
7,decoder,burnt up,86820,1,0.9992,7.1854
7,decoder,burnt up,86820,1,0.9986,6.5685
7,decoder,burnt up,86820,1,0.9258,2.524
7,decoder,burnt up,86820,1,0.9769,3.7434
7,decoder,burnt up,86820,1,0.9998,8.7041
7,decoder,burnt up,86820,1,1.0,11.6851
7,decoder,burnt up,86820,1,0.9991,6.9963
7,decoder,burnt up,86820,1,0.9999,9.6112
7,decoder,burnt up,86820,1,0.9777,3.7822
7,decoder,burnt up,86820,1,1.0,12.0992
7,decoder,burnt up,86820,1,1.0,11.9514
7,decoder,burnt up,86820,1,0.9752,3.6733
7,decoder,burnt up,86820,1,1.0,11.2341
7,decoder,burnt up,86820,1,1.0,10.1216
7,decoder,burnt up,86820,1,0.9999,9.055
7,decoder,burnt up,86820,1,0.9321,2.6187
7,decoder,burnt up,86820,1,0.9999,8.915
7,decoder,flying up,245887,1,1.0,16.8461
7,decoder,flying up,245887,1,1.0,11.3421
7,decoder,flying up,245887,1,1.0,12.5828
7,decoder,flying up,245887,1,1.0,10.3855
7,decoder,flying up,245887,1,1.0,11.7251
7,decoder,flying up,245887,1,0.9972,5.8812
7,decoder,flying up,245887,1,0.9999,9.4265
7,decoder,flying up,245887,1,1.0,12.2872
7,decoder,flying up,245887,1,1.0,12.1725
7,decoder,flying up,245887,1,1.0,15.7093
7,decoder,flying up,245887,1,1.0,17.018
7,decoder,flying up,245887,1,1.0,11.6831
7,decoder,flying up,245887,1,1.0,13.5319
7,decoder,flying up,245887,1,1.0,10.0109
7,decoder,flying up,245887,1,1.0,16.7719
7,decoder,flying up,245887,1,1.0,14.7098
7,decoder,flying up,245887,1,1.0,12.0301
7,decoder,flying up,245887,1,0.9969,5.7727
7,decoder,flying up,245887,1,1.0,12.4675
7,decoder,flying up,245887,1,0.9999,9.3971
7,decoder,played up,412469,1,1.0,15.4469
7,decoder,played up,412469,1,0.9999,9.2192
7,decoder,played up,412469,1,1.0,15.4076
7,decoder,played up,412469,1,1.0,16.1425
7,decoder,played up,412469,1,1.0,13.5324
7,decoder,played up,412469,1,1.0,13.8366
7,decoder,played up,412469,1,1.0,9.9194
7,decoder,played up,412469,1,1.0,18.1556
7,decoder,played up,412469,1,1.0,10.9531
7,decoder,played up,412469,1,1.0,12.8376
7,decoder,played up,412469,1,1.0,12.8311
7,decoder,played up,412469,1,1.0,10.6381
7,decoder,played up,412469,1,1.0,11.8805
7,decoder,played up,412469,1,1.0,13.0966
7,decoder,played up,412469,1,1.0,11.7742
7,decoder,played up,412469,1,1.0,13.1001
7,decoder,played up,412469,1,1.0,11.6091
7,decoder,played up,412469,1,1.0,12.0726
7,decoder,played up,412469,1,1.0,11.9164
7,decoder,played up,412469,1,1.0,13.1879
7,decoder,flashed up,55608,1,0.9999,9.1684
7,decoder,flashed up,55608,1,0.9999,8.9539
7,decoder,flashed up,55608,1,1.0,10.3249
7,decoder,flashed up,55608,1,1.0,11.4378
7,decoder,flashed up,55608,1,0.9999,9.3742
7,decoder,flashed up,55608,1,0.9999,8.9569
7,decoder,flashed up,55608,1,0.9905,4.6435
7,decoder,flashed up,55608,1,0.999,6.8761
7,decoder,flashed up,55608,0,0.4715,-0.1142
7,decoder,flashed up,55608,1,0.9995,7.6951
7,decoder,flashed up,55608,1,1.0,10.5777
7,decoder,flashed up,55608,1,1.0,11.674
7,decoder,flashed up,55608,1,1.0,15.5237
7,decoder,flashed up,55608,1,0.9997,8.0709
7,decoder,flashed up,55608,1,0.976,3.707
7,decoder,flashed up,55608,1,0.9999,9.3006
7,decoder,flashed up,55608,1,0.9897,4.5652
7,decoder,flashed up,55608,1,0.9995,7.5139
7,decoder,flashed up,55608,1,0.9502,2.948
7,decoder,flashed up,55608,1,0.9998,8.5559
7,decoder,swipe up,247677,1,0.9984,6.4594
7,decoder,swipe up,247677,1,0.9955,5.3976
7,decoder,swipe up,247677,1,1.0,11.0247
7,decoder,swipe up,247677,1,0.9999,9.6185
7,decoder,swipe up,247677,1,1.0,11.4829
7,decoder,swipe up,247677,1,1.0,13.4273
7,decoder,swipe up,247677,1,0.9957,5.4494
7,decoder,swipe up,247677,1,1.0,10.0755
7,decoder,swipe up,247677,1,0.9999,9.7887
7,decoder,swipe up,247677,1,0.9992,7.1497
7,decoder,swipe up,247677,1,0.9852,4.1973
7,decoder,swipe up,247677,1,1.0,12.0123
7,decoder,swipe up,247677,1,0.9991,6.9831
7,decoder,swipe up,247677,1,0.9956,5.4116
7,decoder,swipe up,247677,1,0.9999,9.8385
7,decoder,swipe up,247677,1,0.9997,8.0512
7,decoder,swipe up,247677,1,0.9996,7.8783
7,decoder,swipe up,247677,1,1.0,10.0482
7,decoder,swipe up,247677,1,0.9508,2.9624
7,decoder,swipe up,247677,1,1.0,13.5276
7,decoder,plucked up,107774,1,1.0,10.3323
7,decoder,plucked up,107774,1,1.0,11.0772
7,decoder,plucked up,107774,1,0.9882,4.4244
7,decoder,plucked up,107774,1,1.0,11.9847
7,decoder,plucked up,107774,1,1.0,13.0392
7,decoder,plucked up,107774,1,0.9999,9.4774
7,decoder,plucked up,107774,1,1.0,12.9684
7,decoder,plucked up,107774,1,1.0,11.9633
7,decoder,plucked up,107774,1,0.9108,2.3235
7,decoder,plucked up,107774,1,0.9815,3.971
7,decoder,plucked up,107774,1,1.0,13.6507
7,decoder,plucked up,107774,1,0.9999,9.5649
7,decoder,plucked up,107774,1,0.9983,6.3894
7,decoder,plucked up,107774,1,1.0,13.6322
7,decoder,plucked up,107774,1,1.0,11.0699
7,decoder,plucked up,107774,1,0.9998,8.6544
7,decoder,plucked up,107774,1,0.9999,8.9234
7,decoder,plucked up,107774,1,1.0,10.856
7,decoder,plucked up,107774,1,1.0,11.9706
7,decoder,plucked up,107774,1,0.9998,8.5449
7,decoder,rack up,1202532,1,1.0,11.8407
7,decoder,rack up,1202532,1,0.9952,5.3335
7,decoder,rack up,1202532,1,0.9992,7.1184
7,decoder,rack up,1202532,1,1.0,11.5317
7,decoder,rack up,1202532,1,0.9997,8.0713
7,decoder,rack up,1202532,1,0.9999,9.2954
7,decoder,rack up,1202532,1,0.9999,9.6148
7,decoder,rack up,1202532,1,0.9946,5.221
7,decoder,rack up,1202532,1,1.0,11.9932
7,decoder,rack up,1202532,1,0.9993,7.2814
7,decoder,rack up,1202532,1,0.9983,6.3672
7,decoder,rack up,1202532,1,1.0,14.0729
7,decoder,rack up,1202532,1,1.0,11.2986
7,decoder,rack up,1202532,1,1.0,10.2541
7,decoder,rack up,1202532,1,0.986,4.2543
7,decoder,rack up,1202532,1,0.9999,9.8764
7,decoder,rack up,1202532,1,0.9999,8.8955
7,decoder,rack up,1202532,1,0.9999,9.7538
7,decoder,rack up,1202532,1,0.9676,3.3974
7,decoder,rack up,1202532,1,0.9973,5.9044
7,decoder,cracked up,473807,1,0.9966,5.6713
7,decoder,cracked up,473807,1,0.9985,6.5318
7,decoder,cracked up,473807,1,0.9996,7.8131
7,decoder,cracked up,473807,1,0.9351,2.6679
7,decoder,cracked up,473807,1,0.9569,3.0992
7,decoder,cracked up,473807,1,1.0,13.208
7,decoder,cracked up,473807,1,1.0,12.8728
7,decoder,cracked up,473807,1,0.5137,0.0547
7,decoder,cracked up,473807,1,0.9994,7.3501
7,decoder,cracked up,473807,1,0.9999,8.82
7,decoder,cracked up,473807,1,0.9753,3.6753
7,decoder,cracked up,473807,1,0.9999,9.3416
7,decoder,cracked up,473807,1,0.996,5.5226
7,decoder,cracked up,473807,1,0.9999,8.8291
7,decoder,cracked up,473807,1,0.9979,6.1482
7,decoder,cracked up,473807,1,1.0,10.6225
7,decoder,cracked up,473807,1,0.9998,8.6879
7,decoder,cracked up,473807,1,1.0,10.7045
7,decoder,cracked up,473807,1,0.9873,4.3523
7,decoder,cracked up,473807,1,1.0,10.4746
7,decoder,whipping up,458221,1,1.0,10.6497
7,decoder,whipping up,458221,1,0.9999,9.7769
7,decoder,whipping up,458221,1,1.0,11.4255
7,decoder,whipping up,458221,1,0.9998,8.3975
7,decoder,whipping up,458221,1,1.0,13.9012
7,decoder,whipping up,458221,1,1.0,13.0737
7,decoder,whipping up,458221,1,1.0,10.6148
7,decoder,whipping up,458221,1,1.0,11.9563
7,decoder,whipping up,458221,1,0.9996,7.8662
7,decoder,whipping up,458221,1,1.0,10.6891
7,decoder,whipping up,458221,1,1.0,12.1441
7,decoder,whipping up,458221,1,1.0,12.4689
7,decoder,whipping up,458221,1,1.0,11.5315
7,decoder,whipping up,458221,1,1.0,12.6592
7,decoder,whipping up,458221,1,1.0,12.9105
7,decoder,whipping up,458221,1,1.0,15.3059
7,decoder,whipping up,458221,1,1.0,12.1467
7,decoder,whipping up,458221,1,1.0,11.461
7,decoder,whipping up,458221,1,0.9994,7.3683
7,decoder,whipping up,458221,1,1.0,13.2325
7,decoder,hurrying up,33466,1,1.0,12.4319
7,decoder,hurrying up,33466,1,0.9998,8.703
7,decoder,hurrying up,33466,1,0.9758,3.6959
7,decoder,hurrying up,33466,1,0.9999,9.3954
7,decoder,hurrying up,33466,1,0.9999,9.0296
7,decoder,hurrying up,33466,1,1.0,13.1572
7,decoder,hurrying up,33466,1,0.9998,8.5552
7,decoder,hurrying up,33466,1,1.0,12.083
7,decoder,hurrying up,33466,1,1.0,11.981
7,decoder,hurrying up,33466,1,0.9989,6.8559
7,decoder,hurrying up,33466,1,0.9997,8.0235
7,decoder,hurrying up,33466,1,1.0,11.9246
7,decoder,hurrying up,33466,1,0.9998,8.3407
7,decoder,hurrying up,33466,1,0.9998,8.4764
7,decoder,hurrying up,33466,1,1.0,10.2743
7,decoder,hurrying up,33466,1,0.9999,8.9676
7,decoder,hurrying up,33466,1,0.9793,3.855
7,decoder,hurrying up,33466,1,0.9993,7.3171
7,decoder,hurrying up,33466,1,1.0,11.6111
7,decoder,hurrying up,33466,1,1.0,12.7187
7,decoder,serve up,1138236,1,1.0,12.9061
7,decoder,serve up,1138236,1,1.0,11.6266
7,decoder,serve up,1138236,1,1.0,11.724
7,decoder,serve up,1138236,1,1.0,12.7058
7,decoder,serve up,1138236,1,0.9863,4.2744
7,decoder,serve up,1138236,1,1.0,11.6306
7,decoder,serve up,1138236,1,1.0,10.6956
7,decoder,serve up,1138236,1,0.934,2.6501
7,decoder,serve up,1138236,1,0.9999,9.6571
7,decoder,serve up,1138236,1,1.0,10.2889
7,decoder,serve up,1138236,1,1.0,11.4511
7,decoder,serve up,1138236,1,1.0,13.5732
7,decoder,serve up,1138236,1,0.9903,4.6256
7,decoder,serve up,1138236,1,1.0,14.1076
7,decoder,serve up,1138236,1,1.0,10.6715
7,decoder,serve up,1138236,1,1.0,11.6577
7,decoder,serve up,1138236,1,1.0,13.734
7,decoder,serve up,1138236,1,0.9999,9.5273
7,decoder,serve up,1138236,1,1.0,10.4201
7,decoder,serve up,1138236,1,0.9999,9.0582
7,decoder,printed up,126427,1,1.0,12.1927
7,decoder,printed up,126427,1,0.9999,9.2616
7,decoder,printed up,126427,1,0.9989,6.8211
7,decoder,printed up,126427,1,0.9999,9.8442
7,decoder,printed up,126427,1,0.9926,4.8972
7,decoder,printed up,126427,1,1.0,12.5803
7,decoder,printed up,126427,1,1.0,10.7008
7,decoder,printed up,126427,1,1.0,10.6113
7,decoder,printed up,126427,1,1.0,13.8136
7,decoder,printed up,126427,1,0.999,6.9026
7,decoder,printed up,126427,1,1.0,9.9211
7,decoder,printed up,126427,1,1.0,13.8561
7,decoder,printed up,126427,1,0.9998,8.789
7,decoder,printed up,126427,1,1.0,10.244
7,decoder,printed up,126427,1,1.0,12.625
7,decoder,printed up,126427,1,0.9993,7.3029
7,decoder,printed up,126427,1,0.9977,6.0514
7,decoder,printed up,126427,1,0.9986,6.5858
7,decoder,printed up,126427,1,0.9999,8.8104
7,decoder,printed up,126427,1,0.9978,6.1188
7,decoder,sucked up,308975,1,0.9965,5.6392
7,decoder,sucked up,308975,1,1.0,14.4712
7,decoder,sucked up,308975,1,1.0,9.9932
7,decoder,sucked up,308975,1,0.999,6.9306
7,decoder,sucked up,308975,1,1.0,13.9952
7,decoder,sucked up,308975,1,0.9982,6.3211
7,decoder,sucked up,308975,1,0.9986,6.5682
7,decoder,sucked up,308975,1,1.0,12.3567
7,decoder,sucked up,308975,1,1.0,11.3827
7,decoder,sucked up,308975,1,1.0,10.4856
7,decoder,sucked up,308975,1,1.0,13.0509
7,decoder,sucked up,308975,1,1.0,11.1319
7,decoder,sucked up,308975,1,0.9998,8.56
7,decoder,sucked up,308975,1,0.9993,7.222
7,decoder,sucked up,308975,1,0.9999,9.7795
7,decoder,sucked up,308975,1,0.9999,9.2023
7,decoder,sucked up,308975,1,1.0,11.1942
7,decoder,sucked up,308975,1,1.0,11.3615
7,decoder,sucked up,308975,1,0.9993,7.2376
7,decoder,sucked up,308975,1,0.9997,8.1205
7,decoder,paid up,787180,1,0.9994,7.3537
7,decoder,paid up,787180,1,1.0,12.618
7,decoder,paid up,787180,1,0.9952,5.3268
7,decoder,paid up,787180,1,1.0,13.0792
7,decoder,paid up,787180,1,0.9924,4.8733
7,decoder,paid up,787180,1,1.0,10.4089
7,decoder,paid up,787180,1,1.0,11.215
7,decoder,paid up,787180,1,0.9916,4.7708
7,decoder,paid up,787180,1,0.9559,3.0755
7,decoder,paid up,787180,1,1.0,16.4881
7,decoder,paid up,787180,1,1.0,11.7108
7,decoder,paid up,787180,1,0.9997,8.0759
7,decoder,paid up,787180,1,1.0,12.1661
7,decoder,paid up,787180,1,0.9999,9.5381
7,decoder,paid up,787180,1,0.9998,8.7641
7,decoder,paid up,787180,1,0.9998,8.4798
7,decoder,paid up,787180,1,1.0,10.6793
7,decoder,paid up,787180,1,0.9998,8.6704
7,decoder,paid up,787180,1,0.998,6.2172
7,decoder,paid up,787180,1,1.0,15.193
7,decoder,rigged up,163521,1,0.9999,9.3636
7,decoder,rigged up,163521,1,0.9949,5.2749
7,decoder,rigged up,163521,1,1.0,10.3495
7,decoder,rigged up,163521,1,1.0,10.8726
7,decoder,rigged up,163521,1,0.9996,7.8103
7,decoder,rigged up,163521,1,1.0,11.902
7,decoder,rigged up,163521,1,0.9986,6.5683
7,decoder,rigged up,163521,1,0.9963,5.6085
7,decoder,rigged up,163521,1,1.0,10.1266
7,decoder,rigged up,163521,1,1.0,10.0277
7,decoder,rigged up,163521,1,1.0,12.2058
7,decoder,rigged up,163521,1,1.0,10.873
7,decoder,rigged up,163521,1,0.9998,8.409
7,decoder,rigged up,163521,1,0.9999,9.0427
7,decoder,rigged up,163521,1,1.0,11.9494
7,decoder,rigged up,163521,1,0.9951,5.3105
7,decoder,rigged up,163521,1,0.9999,8.8939
7,decoder,rigged up,163521,1,1.0,11.3065
7,decoder,rigged up,163521,1,0.9999,9.594
7,decoder,rigged up,163521,1,0.9999,9.0553
7,decoder,smashed up,126092,1,0.9946,5.215
7,decoder,smashed up,126092,1,1.0,11.2471
7,decoder,smashed up,126092,1,0.9975,5.9714
7,decoder,smashed up,126092,1,0.9994,7.3887
7,decoder,smashed up,126092,1,1.0,10.1056
7,decoder,smashed up,126092,1,0.9998,8.5946
7,decoder,smashed up,126092,1,0.8904,2.0945
7,decoder,smashed up,126092,1,0.7795,1.2629
7,decoder,smashed up,126092,1,0.7116,0.9029
7,decoder,smashed up,126092,1,0.9992,7.1023
7,decoder,smashed up,126092,1,1.0,10.3847
7,decoder,smashed up,126092,1,0.998,6.1908
7,decoder,smashed up,126092,1,0.9998,8.6082
7,decoder,smashed up,126092,1,0.9997,8.0689
7,decoder,smashed up,126092,1,0.99,4.5983
7,decoder,smashed up,126092,1,0.9989,6.8328
7,decoder,smashed up,126092,1,1.0,11.2593
7,decoder,smashed up,126092,1,0.9991,6.9911
7,decoder,smashed up,126092,1,1.0,12.4635
7,decoder,smashed up,126092,1,1.0,10.5343
7,decoder,brightening up,153019,1,1.0,15.3056
7,decoder,brightening up,153019,1,0.9997,8.081
7,decoder,brightening up,153019,1,1.0,10.6195
7,decoder,brightening up,153019,1,1.0,12.4293
7,decoder,brightening up,153019,1,1.0,11.0894
7,decoder,brightening up,153019,1,1.0,11.7925
7,decoder,brightening up,153019,1,1.0,12.1913
7,decoder,brightening up,153019,1,1.0,11.5209
7,decoder,brightening up,153019,1,0.9999,9.647
7,decoder,brightening up,153019,1,1.0,11.0696
7,decoder,brightening up,153019,1,1.0,11.8382
7,decoder,brightening up,153019,1,0.9995,7.7026
7,decoder,brightening up,153019,1,1.0,14.05
7,decoder,brightening up,153019,1,1.0,10.3678
7,decoder,brightening up,153019,1,1.0,10.0676
7,decoder,brightening up,153019,1,1.0,11.8366
7,decoder,brightening up,153019,1,1.0,10.5647
7,decoder,brightening up,153019,1,1.0,12.5816
7,decoder,brightening up,153019,1,1.0,10.548
7,decoder,brightening up,153019,1,1.0,10.5714
7,decoder,gobbled up,362947,1,0.9791,3.8478
7,decoder,gobbled up,362947,1,1.0,12.8348
7,decoder,gobbled up,362947,1,1.0,15.9791
7,decoder,gobbled up,362947,1,1.0,11.0955
7,decoder,gobbled up,362947,1,1.0,16.0216
7,decoder,gobbled up,362947,1,1.0,20.5782
7,decoder,gobbled up,362947,1,1.0,10.4277
7,decoder,gobbled up,362947,1,0.9999,9.2709
7,decoder,gobbled up,362947,1,1.0,11.7022
7,decoder,gobbled up,362947,1,1.0,15.379
7,decoder,gobbled up,362947,1,0.9999,9.729
7,decoder,gobbled up,362947,1,1.0,18.3146
7,decoder,gobbled up,362947,1,1.0,10.4188
7,decoder,gobbled up,362947,1,0.9999,9.8512
7,decoder,gobbled up,362947,1,0.9983,6.3496
7,decoder,gobbled up,362947,1,1.0,11.1238
7,decoder,gobbled up,362947,1,1.0,16.7854
7,decoder,gobbled up,362947,1,0.9999,9.5057
7,decoder,gobbled up,362947,1,0.9998,8.6257
7,decoder,gobbled up,362947,1,1.0,10.7404
7,decoder,size up,832861,1,1.0,13.1667
7,decoder,size up,832861,1,1.0,11.285
7,decoder,size up,832861,1,0.9997,8.2837
7,decoder,size up,832861,1,0.9982,6.3004
7,decoder,size up,832861,1,1.0,12.2811
7,decoder,size up,832861,1,0.9998,8.7978
7,decoder,size up,832861,1,1.0,10.041
7,decoder,size up,832861,1,1.0,15.2319
7,decoder,size up,832861,1,0.9994,7.3575
7,decoder,size up,832861,1,1.0,14.2153
7,decoder,size up,832861,1,1.0,14.5147
7,decoder,size up,832861,1,1.0,12.8707
7,decoder,size up,832861,1,1.0,10.2414
7,decoder,size up,832861,1,0.9999,9.1144
7,decoder,size up,832861,1,1.0,10.1056
7,decoder,size up,832861,1,1.0,10.7134
7,decoder,size up,832861,1,0.9999,9.5094
7,decoder,size up,832861,1,1.0,13.0819
7,decoder,size up,832861,1,1.0,11.2316
7,decoder,size up,832861,1,1.0,15.2946
7,decoder,rolls up,271591,1,1.0,11.1523
7,decoder,rolls up,271591,1,0.9729,3.5823
7,decoder,rolls up,271591,1,0.9999,9.183
7,decoder,rolls up,271591,1,0.9993,7.3035
7,decoder,rolls up,271591,1,0.9996,7.7948
7,decoder,rolls up,271591,1,0.9984,6.4534
7,decoder,rolls up,271591,1,0.982,4.0011
7,decoder,rolls up,271591,1,0.603,0.4178
7,decoder,rolls up,271591,1,0.8337,1.6122
7,decoder,rolls up,271591,1,0.9995,7.5304
7,decoder,rolls up,271591,1,1.0,12.0783
7,decoder,rolls up,271591,1,0.9809,3.9389
7,decoder,rolls up,271591,1,0.9947,5.2396
7,decoder,rolls up,271591,1,0.9996,7.8372
7,decoder,rolls up,271591,1,1.0,10.1749
7,decoder,rolls up,271591,1,1.0,10.2914
7,decoder,rolls up,271591,1,0.9985,6.5301
7,decoder,rolls up,271591,1,0.9832,4.0701
7,decoder,rolls up,271591,1,0.9894,4.5383
7,decoder,rolls up,271591,1,0.999,6.9029
7,decoder,cook up,761650,1,1.0,11.2285
7,decoder,cook up,761650,1,0.9311,2.604
7,decoder,cook up,761650,1,0.9981,6.2543
7,decoder,cook up,761650,1,1.0,10.6885
7,decoder,cook up,761650,1,0.9999,9.2594
7,decoder,cook up,761650,1,0.9982,6.3453
7,decoder,cook up,761650,1,1.0,12.0369
7,decoder,cook up,761650,1,0.9998,8.5864
7,decoder,cook up,761650,1,1.0,15.1961
7,decoder,cook up,761650,1,1.0,14.6697
7,decoder,cook up,761650,1,0.9999,8.8208
7,decoder,cook up,761650,1,1.0,11.2044
7,decoder,cook up,761650,1,0.9999,9.862
7,decoder,cook up,761650,1,1.0,12.4214
7,decoder,cook up,761650,1,1.0,10.7055
7,decoder,cook up,761650,1,1.0,12.8671
7,decoder,cook up,761650,1,1.0,13.5358
7,decoder,cook up,761650,1,0.9993,7.231
7,decoder,cook up,761650,1,1.0,10.9422
7,decoder,cook up,761650,1,0.9991,7.0355
7,decoder,sits up,272750,1,0.9999,9.7898
7,decoder,sits up,272750,1,0.9998,8.5239
7,decoder,sits up,272750,1,0.9996,7.8397
7,decoder,sits up,272750,1,0.9998,8.7008
7,decoder,sits up,272750,1,0.9823,4.0159
7,decoder,sits up,272750,1,0.9998,8.664
7,decoder,sits up,272750,1,0.9999,8.8967
7,decoder,sits up,272750,1,0.9999,8.8687
7,decoder,sits up,272750,1,0.9131,2.3522
7,decoder,sits up,272750,1,1.0,10.3234
7,decoder,sits up,272750,1,0.9981,6.2903
7,decoder,sits up,272750,1,0.9999,9.0792
7,decoder,sits up,272750,1,0.9999,9.4387
7,decoder,sits up,272750,1,0.9997,8.1759
7,decoder,sits up,272750,1,0.9999,9.4735
7,decoder,sits up,272750,1,0.9997,8.2859
7,decoder,sits up,272750,1,0.9998,8.5804
7,decoder,sits up,272750,1,0.9999,9.2794
7,decoder,sits up,272750,1,0.9997,8.2424
7,decoder,sits up,272750,1,0.9995,7.6296
7,decoder,charge up,691767,1,1.0,13.1777
7,decoder,charge up,691767,1,0.9996,7.894
7,decoder,charge up,691767,1,1.0,12.2211
7,decoder,charge up,691767,1,1.0,15.6464
7,decoder,charge up,691767,1,1.0,11.5559
7,decoder,charge up,691767,1,0.9999,9.4297
7,decoder,charge up,691767,1,1.0,13.024
7,decoder,charge up,691767,1,1.0,10.4219
7,decoder,charge up,691767,1,0.998,6.1985
7,decoder,charge up,691767,1,1.0,10.5751
7,decoder,charge up,691767,1,0.9992,7.0855
7,decoder,charge up,691767,1,1.0,13.0037
7,decoder,charge up,691767,1,1.0,10.9165
7,decoder,charge up,691767,1,1.0,14.8302
7,decoder,charge up,691767,1,0.9985,6.4882
7,decoder,charge up,691767,1,0.9999,9.8999
7,decoder,charge up,691767,1,1.0,13.6937
7,decoder,charge up,691767,1,0.9996,7.7675
7,decoder,charge up,691767,1,1.0,13.7335
7,decoder,charge up,691767,1,1.0,12.3975
7,decoder,stays up,340837,1,0.5415,0.1665
7,decoder,stays up,340837,1,0.9999,9.4539
7,decoder,stays up,340837,1,0.9991,7.033
7,decoder,stays up,340837,1,0.8688,1.8905
7,decoder,stays up,340837,1,0.9919,4.8134
7,decoder,stays up,340837,1,0.8882,2.0729
7,decoder,stays up,340837,1,1.0,11.4924
7,decoder,stays up,340837,1,1.0,11.1353
7,decoder,stays up,340837,1,1.0,10.9364
7,decoder,stays up,340837,1,0.9492,2.9288
7,decoder,stays up,340837,1,0.9997,8.132
7,decoder,stays up,340837,1,0.9951,5.3092
7,decoder,stays up,340837,1,0.9979,6.1847
7,decoder,stays up,340837,1,0.8827,2.0181
7,decoder,stays up,340837,1,0.991,4.6962
7,decoder,stays up,340837,1,0.5514,0.2064
7,decoder,stays up,340837,1,0.7491,1.0938
7,decoder,stays up,340837,1,0.9647,3.3094
7,decoder,stays up,340837,1,0.9929,4.9351
7,decoder,stays up,340837,1,0.9777,3.7803
7,decoder,leapt up,109352,1,0.9691,3.4452
7,decoder,leapt up,109352,1,0.9854,4.2117
7,decoder,leapt up,109352,1,0.9991,6.9913
7,decoder,leapt up,109352,1,1.0,11.8245
7,decoder,leapt up,109352,1,0.9984,6.4601
7,decoder,leapt up,109352,1,1.0,10.5378
7,decoder,leapt up,109352,1,1.0,10.3586
7,decoder,leapt up,109352,1,1.0,11.0071
7,decoder,leapt up,109352,1,0.9998,8.3077
7,decoder,leapt up,109352,1,0.9161,2.3911
7,decoder,leapt up,109352,1,1.0,11.3905
7,decoder,leapt up,109352,1,0.9995,7.541
7,decoder,leapt up,109352,1,0.9873,4.3525
7,decoder,leapt up,109352,1,1.0,11.0136
7,decoder,leapt up,109352,1,1.0,14.0108
7,decoder,leapt up,109352,1,0.9962,5.5562
7,decoder,leapt up,109352,1,0.9186,2.4237
7,decoder,leapt up,109352,1,0.9999,9.2108
7,decoder,leapt up,109352,1,0.9995,7.5186
7,decoder,leapt up,109352,1,1.0,11.2461
7,decoder,writing up,612510,1,1.0,11.6569
7,decoder,writing up,612510,1,1.0,16.5157
7,decoder,writing up,612510,1,1.0,10.1285
7,decoder,writing up,612510,1,1.0,11.5709
7,decoder,writing up,612510,1,1.0,15.8865
7,decoder,writing up,612510,1,0.9999,9.6881
7,decoder,writing up,612510,1,0.9999,9.7
7,decoder,writing up,612510,1,1.0,10.5671
7,decoder,writing up,612510,1,1.0,14.6738
7,decoder,writing up,612510,1,1.0,15.8924
7,decoder,writing up,612510,1,1.0,14.5442
7,decoder,writing up,612510,1,0.9999,9.6258
7,decoder,writing up,612510,1,0.999,6.9554
7,decoder,writing up,612510,1,0.9998,8.7137
7,decoder,writing up,612510,1,0.9991,7.0131
7,decoder,writing up,612510,1,1.0,17.3816
7,decoder,writing up,612510,1,0.9968,5.7565
7,decoder,writing up,612510,1,1.0,12.519
7,decoder,writing up,612510,1,0.9999,9.719
7,decoder,writing up,612510,1,1.0,19.1819
7,decoder,wired up,265269,1,0.9999,9.7536
7,decoder,wired up,265269,1,1.0,10.9198
7,decoder,wired up,265269,1,1.0,15.7621
7,decoder,wired up,265269,1,0.9995,7.6275
7,decoder,wired up,265269,1,1.0,11.9614
7,decoder,wired up,265269,1,1.0,19.9125
7,decoder,wired up,265269,1,1.0,15.269
7,decoder,wired up,265269,1,0.9999,9.3189
7,decoder,wired up,265269,1,1.0,12.4339
7,decoder,wired up,265269,1,1.0,20.4677
7,decoder,wired up,265269,1,1.0,11.3147
7,decoder,wired up,265269,1,1.0,11.0514
7,decoder,wired up,265269,1,1.0,18.3093
7,decoder,wired up,265269,1,1.0,10.2508
7,decoder,wired up,265269,1,1.0,16.9703
7,decoder,wired up,265269,1,1.0,14.5063
7,decoder,wired up,265269,1,1.0,14.1298
7,decoder,wired up,265269,1,1.0,17.2423
7,decoder,wired up,265269,1,1.0,10.096
7,decoder,wired up,265269,1,0.9999,9.4629
7,decoder,tightening up,260496,1,1.0,10.4014
7,decoder,tightening up,260496,1,1.0,11.1423
7,decoder,tightening up,260496,1,1.0,12.5349
7,decoder,tightening up,260496,1,1.0,11.6225
7,decoder,tightening up,260496,1,0.9994,7.3978
7,decoder,tightening up,260496,1,0.9998,8.3271
7,decoder,tightening up,260496,1,1.0,10.904
7,decoder,tightening up,260496,1,0.999,6.9307
7,decoder,tightening up,260496,1,0.9997,8.2665
7,decoder,tightening up,260496,1,0.9998,8.5687
7,decoder,tightening up,260496,1,1.0,13.1069
7,decoder,tightening up,260496,1,1.0,11.3948
7,decoder,tightening up,260496,1,1.0,10.9984
7,decoder,tightening up,260496,1,1.0,10.8112
7,decoder,tightening up,260496,1,1.0,10.3863
7,decoder,tightening up,260496,1,1.0,12.05
7,decoder,tightening up,260496,1,0.9996,7.8406
7,decoder,tightening up,260496,1,1.0,12.7962
7,decoder,tightening up,260496,1,0.9991,7.0507
7,decoder,tightening up,260496,1,0.9979,6.1596
7,decoder,throws up,411246,1,0.9043,2.2455
7,decoder,throws up,411246,1,1.0,11.9519
7,decoder,throws up,411246,1,1.0,13.03
7,decoder,throws up,411246,1,1.0,10.732
7,decoder,throws up,411246,1,0.9986,6.5869
7,decoder,throws up,411246,1,1.0,11.1599
7,decoder,throws up,411246,1,0.9977,6.0928
7,decoder,throws up,411246,1,0.9995,7.5164
7,decoder,throws up,411246,1,1.0,11.1092
7,decoder,throws up,411246,1,0.9995,7.6667
7,decoder,throws up,411246,1,0.9866,4.2995
7,decoder,throws up,411246,1,0.9323,2.6229
7,decoder,throws up,411246,1,0.9999,9.19
7,decoder,throws up,411246,1,0.9681,3.4111
7,decoder,throws up,411246,1,0.9835,4.0882
7,decoder,throws up,411246,1,0.998,6.2162
7,decoder,throws up,411246,1,0.9928,4.9327
7,decoder,throws up,411246,1,0.9916,4.7713
7,decoder,throws up,411246,1,0.9978,6.1089
7,decoder,throws up,411246,1,0.9999,9.1032
7,decoder,queued up,276118,1,0.9998,8.6631
7,decoder,queued up,276118,1,1.0,11.5512
7,decoder,queued up,276118,1,0.9884,4.4435
7,decoder,queued up,276118,1,0.9948,5.2462
7,decoder,queued up,276118,1,0.9996,7.7732
7,decoder,queued up,276118,1,1.0,14.1986
7,decoder,queued up,276118,1,1.0,11.5914
7,decoder,queued up,276118,1,1.0,13.2903
7,decoder,queued up,276118,1,1.0,11.5569
7,decoder,queued up,276118,1,0.9994,7.4628
7,decoder,queued up,276118,1,0.9933,5.0006
7,decoder,queued up,276118,1,1.0,16.3506
7,decoder,queued up,276118,1,1.0,10.6046
7,decoder,queued up,276118,1,0.9984,6.457
7,decoder,queued up,276118,1,0.9999,9.1131
7,decoder,queued up,276118,1,0.9934,5.0095
7,decoder,queued up,276118,1,0.9996,7.7738
7,decoder,queued up,276118,1,0.8647,1.8553
7,decoder,queued up,276118,1,1.0,10.414
7,decoder,queued up,276118,1,0.9999,8.8302
7,decoder,racking up,1135024,1,0.9987,6.6272
7,decoder,racking up,1135024,1,0.9901,4.6092
7,decoder,racking up,1135024,1,0.9983,6.3832
7,decoder,racking up,1135024,1,0.9997,8.1422
7,decoder,racking up,1135024,1,0.998,6.2271
7,decoder,racking up,1135024,1,0.9999,9.7039
7,decoder,racking up,1135024,1,0.9992,7.119
7,decoder,racking up,1135024,1,1.0,10.9806
7,decoder,racking up,1135024,1,0.9914,4.7531
7,decoder,racking up,1135024,1,0.976,3.705
7,decoder,racking up,1135024,1,0.9559,3.0756
7,decoder,racking up,1135024,1,0.9999,8.9176
7,decoder,racking up,1135024,0,0.1228,-1.9661
7,decoder,racking up,1135024,1,1.0,11.3643
7,decoder,racking up,1135024,1,0.9996,7.9012
7,decoder,racking up,1135024,1,0.9994,7.4045
7,decoder,racking up,1135024,1,1.0,13.1989
7,decoder,racking up,1135024,1,0.9999,8.9592
7,decoder,racking up,1135024,1,0.9993,7.3366
7,decoder,racking up,1135024,1,1.0,12.4484
7,decoder,bubbled up,137867,1,0.9999,9.732
7,decoder,bubbled up,137867,1,0.9999,9.0019
7,decoder,bubbled up,137867,1,1.0,11.21
7,decoder,bubbled up,137867,1,0.9996,7.9469
7,decoder,bubbled up,137867,1,0.9943,5.1566
7,decoder,bubbled up,137867,1,1.0,10.9414
7,decoder,bubbled up,137867,1,0.9922,4.8478
7,decoder,bubbled up,137867,1,0.9999,8.817
7,decoder,bubbled up,137867,1,0.9955,5.3953
7,decoder,bubbled up,137867,1,0.9995,7.5367
7,decoder,bubbled up,137867,1,1.0,11.7373
7,decoder,bubbled up,137867,1,1.0,10.6198
7,decoder,bubbled up,137867,1,0.9999,9.2853
7,decoder,bubbled up,137867,1,0.9999,9.7108
7,decoder,bubbled up,137867,1,0.9999,9.8725
7,decoder,bubbled up,137867,1,0.9976,6.0467
7,decoder,bubbled up,137867,1,1.0,11.1825
7,decoder,bubbled up,137867,1,0.9998,8.6879
7,decoder,bubbled up,137867,1,0.9985,6.5176
7,decoder,bubbled up,137867,1,1.0,11.8315
7,decoder,huddled up,63747,1,1.0,12.567
7,decoder,huddled up,63747,1,1.0,10.9483
7,decoder,huddled up,63747,1,1.0,17.4395
7,decoder,huddled up,63747,1,0.9946,5.2247
7,decoder,huddled up,63747,1,0.9935,5.0283
7,decoder,huddled up,63747,1,1.0,13.1533
7,decoder,huddled up,63747,1,0.994,5.1141
7,decoder,huddled up,63747,1,0.9999,8.8213
7,decoder,huddled up,63747,1,1.0,14.474
7,decoder,huddled up,63747,1,1.0,14.6815
7,decoder,huddled up,63747,1,0.9999,8.8774
7,decoder,huddled up,63747,1,1.0,11.1957
7,decoder,huddled up,63747,1,0.9999,9.2386
7,decoder,huddled up,63747,1,1.0,12.2736
7,decoder,huddled up,63747,1,1.0,12.4933
7,decoder,huddled up,63747,1,0.9994,7.3781
7,decoder,huddled up,63747,1,0.9751,3.667
7,decoder,huddled up,63747,1,0.9999,9.6819
7,decoder,huddled up,63747,1,0.9997,8.1564
7,decoder,huddled up,63747,1,0.9994,7.444
7,decoder,stock up,2483191,1,1.0,10.2387
7,decoder,stock up,2483191,1,0.9915,4.7568
7,decoder,stock up,2483191,1,0.9848,4.1734
7,decoder,stock up,2483191,1,1.0,10.3441
7,decoder,stock up,2483191,1,0.9979,6.1788
7,decoder,stock up,2483191,1,0.9924,4.8783
7,decoder,stock up,2483191,1,0.9974,5.9354
7,decoder,stock up,2483191,1,0.9995,7.699
7,decoder,stock up,2483191,1,0.9999,9.0294
7,decoder,stock up,2483191,1,0.9999,8.8918
7,decoder,stock up,2483191,1,0.9999,9.0802
7,decoder,stock up,2483191,1,1.0,11.9146
7,decoder,stock up,2483191,1,1.0,12.2633
7,decoder,stock up,2483191,1,1.0,13.3383
7,decoder,stock up,2483191,1,1.0,12.954
7,decoder,stock up,2483191,1,0.9999,9.8461
7,decoder,stock up,2483191,1,1.0,11.212
7,decoder,stock up,2483191,1,0.9996,7.7972
7,decoder,stock up,2483191,1,1.0,10.1589
7,decoder,stock up,2483191,1,0.9994,7.4626
7,decoder,acting up,586506,1,0.9997,8.1621
7,decoder,acting up,586506,1,0.9975,5.9982
7,decoder,acting up,586506,1,0.9961,5.5466
7,decoder,acting up,586506,1,0.9731,3.5902
7,decoder,acting up,586506,1,0.9615,3.2176
7,decoder,acting up,586506,1,0.9999,9.4363
7,decoder,acting up,586506,1,1.0,12.2815
7,decoder,acting up,586506,1,1.0,16.0921
7,decoder,acting up,586506,1,0.9998,8.634
7,decoder,acting up,586506,1,0.9985,6.4809
7,decoder,acting up,586506,1,0.8909,2.1002
7,decoder,acting up,586506,1,1.0,14.9289
7,decoder,acting up,586506,1,0.9997,7.9985
7,decoder,acting up,586506,1,0.949,2.9233
7,decoder,acting up,586506,1,1.0,11.2104
7,decoder,acting up,586506,1,0.983,4.0569
7,decoder,acting up,586506,1,0.9997,8.0567
7,decoder,acting up,586506,1,1.0,11.4781
7,decoder,acting up,586506,1,1.0,10.0271
7,decoder,acting up,586506,1,1.0,16.6311
7,decoder,dashed up,35002,1,0.9999,9.1564
7,decoder,dashed up,35002,1,1.0,13.2744
7,decoder,dashed up,35002,1,0.9998,8.7891
7,decoder,dashed up,35002,1,1.0,10.3286
7,decoder,dashed up,35002,1,0.9999,9.1543
7,decoder,dashed up,35002,1,0.9999,9.7409
7,decoder,dashed up,35002,1,0.9999,8.8184
7,decoder,dashed up,35002,1,1.0,11.5478
7,decoder,dashed up,35002,1,0.9998,8.6626
7,decoder,dashed up,35002,1,0.9992,7.1833
7,decoder,dashed up,35002,1,1.0,13.7004
7,decoder,dashed up,35002,1,1.0,11.285
7,decoder,dashed up,35002,1,0.9999,9.5001
7,decoder,dashed up,35002,1,0.9999,9.6047
7,decoder,dashed up,35002,1,1.0,12.8454
7,decoder,dashed up,35002,1,1.0,13.3984
7,decoder,dashed up,35002,1,1.0,11.6676
7,decoder,dashed up,35002,1,1.0,10.3445
7,decoder,dashed up,35002,1,0.9998,8.6206
7,decoder,dashed up,35002,1,0.9902,4.614
7,decoder,reared up,82354,1,0.9999,9.6827
7,decoder,reared up,82354,1,1.0,14.2029
7,decoder,reared up,82354,1,1.0,14.1328
7,decoder,reared up,82354,1,1.0,10.1379
7,decoder,reared up,82354,1,1.0,11.4474
7,decoder,reared up,82354,1,1.0,10.3713
7,decoder,reared up,82354,1,1.0,11.6518
7,decoder,reared up,82354,1,1.0,11.9892
7,decoder,reared up,82354,1,0.9999,9.038
7,decoder,reared up,82354,1,1.0,12.5789
7,decoder,reared up,82354,1,1.0,10.7506
7,decoder,reared up,82354,1,0.9992,7.1319
7,decoder,reared up,82354,1,0.9998,8.4942
7,decoder,reared up,82354,1,0.9999,9.8908
7,decoder,reared up,82354,1,1.0,13.983
7,decoder,reared up,82354,1,1.0,10.329
7,decoder,reared up,82354,1,0.9906,4.6619
7,decoder,reared up,82354,1,1.0,10.3242
7,decoder,reared up,82354,1,1.0,10.1179
7,decoder,reared up,82354,1,1.0,14.6905
7,decoder,twisted up,107643,1,1.0,10.8792
7,decoder,twisted up,107643,1,1.0,11.1448
7,decoder,twisted up,107643,1,0.9999,8.8196
7,decoder,twisted up,107643,1,0.9946,5.2117
7,decoder,twisted up,107643,1,1.0,13.9546
7,decoder,twisted up,107643,1,0.9982,6.3058
7,decoder,twisted up,107643,1,0.998,6.2369
7,decoder,twisted up,107643,1,0.9999,9.7652
7,decoder,twisted up,107643,1,1.0,10.1027
7,decoder,twisted up,107643,1,0.9995,7.6977
7,decoder,twisted up,107643,1,0.9952,5.3289
7,decoder,twisted up,107643,1,0.9997,8.1183
7,decoder,twisted up,107643,1,1.0,10.5921
7,decoder,twisted up,107643,1,0.9999,8.9687
7,decoder,twisted up,107643,1,0.9983,6.376
7,decoder,twisted up,107643,1,0.9998,8.6555
7,decoder,twisted up,107643,1,0.9971,5.8406
7,decoder,twisted up,107643,1,1.0,12.7348
7,decoder,twisted up,107643,1,1.0,11.1541
7,decoder,twisted up,107643,1,0.9997,8.0992
7,decoder,ring up,250407,1,1.0,12.2202
7,decoder,ring up,250407,1,1.0,12.1715
7,decoder,ring up,250407,1,0.9993,7.2673
7,decoder,ring up,250407,1,1.0,12.7614
7,decoder,ring up,250407,1,0.9902,4.6159
7,decoder,ring up,250407,1,0.9998,8.5995
7,decoder,ring up,250407,1,0.9998,8.3616
7,decoder,ring up,250407,1,1.0,12.1448
7,decoder,ring up,250407,1,0.9996,7.8225
7,decoder,ring up,250407,1,1.0,10.5108
7,decoder,ring up,250407,1,0.9993,7.3208
7,decoder,ring up,250407,1,0.9875,4.3663
7,decoder,ring up,250407,1,1.0,12.1881
7,decoder,ring up,250407,1,1.0,12.9462
7,decoder,ring up,250407,1,1.0,10.437
7,decoder,ring up,250407,1,0.9999,8.9777
7,decoder,ring up,250407,1,1.0,10.7404
7,decoder,ring up,250407,1,0.9671,3.38
7,decoder,ring up,250407,1,1.0,10.9099
7,decoder,ring up,250407,1,1.0,10.6421
7,decoder,strung up,183657,1,0.998,6.2143
7,decoder,strung up,183657,1,0.9989,6.773
7,decoder,strung up,183657,1,0.9816,3.9749
7,decoder,strung up,183657,1,1.0,10.3714
7,decoder,strung up,183657,1,1.0,11.3461
7,decoder,strung up,183657,1,1.0,14.825
7,decoder,strung up,183657,1,1.0,15.6187
7,decoder,strung up,183657,1,1.0,18.224
7,decoder,strung up,183657,1,1.0,13.8259
7,decoder,strung up,183657,1,1.0,13.4446
7,decoder,strung up,183657,1,1.0,13.7544
7,decoder,strung up,183657,1,1.0,13.3117
7,decoder,strung up,183657,1,0.9736,3.608
7,decoder,strung up,183657,1,1.0,11.5631
7,decoder,strung up,183657,1,1.0,10.8807
7,decoder,strung up,183657,1,0.9937,5.0551
7,decoder,strung up,183657,1,1.0,10.4126
7,decoder,strung up,183657,1,0.9999,9.7699
7,decoder,strung up,183657,1,1.0,10.4904
7,decoder,strung up,183657,1,1.0,15.8971
7,decoder,piped up,174612,1,0.9997,8.169
7,decoder,piped up,174612,1,0.9998,8.4036
7,decoder,piped up,174612,1,0.9999,9.4078
7,decoder,piped up,174612,1,0.9999,8.8432
7,decoder,piped up,174612,1,1.0,11.5735
7,decoder,piped up,174612,1,1.0,12.0603
7,decoder,piped up,174612,1,1.0,10.4794
7,decoder,piped up,174612,1,0.9996,7.9488
7,decoder,piped up,174612,1,0.9999,9.7129
7,decoder,piped up,174612,1,1.0,13.3297
7,decoder,piped up,174612,1,1.0,10.9864
7,decoder,piped up,174612,1,0.9999,9.6581
7,decoder,piped up,174612,1,0.9988,6.7226
7,decoder,piped up,174612,1,0.9999,9.1949
7,decoder,piped up,174612,1,1.0,13.3156
7,decoder,piped up,174612,1,0.9964,5.627
7,decoder,piped up,174612,1,0.9999,9.8919
7,decoder,piped up,174612,1,0.9997,8.0716
7,decoder,piped up,174612,1,1.0,11.7164
7,decoder,piped up,174612,1,0.9994,7.4801
7,decoder,bounded up,42876,1,0.9995,7.6907
7,decoder,bounded up,42876,1,1.0,10.0568
7,decoder,bounded up,42876,1,0.8366,1.6332
7,decoder,bounded up,42876,1,1.0,10.8689
7,decoder,bounded up,42876,1,1.0,10.9732
7,decoder,bounded up,42876,1,1.0,16.2542
7,decoder,bounded up,42876,1,1.0,10.7166
7,decoder,bounded up,42876,1,1.0,10.0098
7,decoder,bounded up,42876,1,0.9987,6.6398
7,decoder,bounded up,42876,1,0.9994,7.4521
7,decoder,bounded up,42876,1,0.9987,6.6697
7,decoder,bounded up,42876,1,1.0,14.065
7,decoder,bounded up,42876,1,0.9998,8.4662
7,decoder,bounded up,42876,1,0.9998,8.6503
7,decoder,bounded up,42876,1,1.0,13.7422
7,decoder,bounded up,42876,1,1.0,12.9569
7,decoder,bounded up,42876,1,1.0,10.3409
7,decoder,bounded up,42876,1,1.0,11.085
7,decoder,bounded up,42876,1,1.0,17.9901
7,decoder,bounded up,42876,1,1.0,9.9976
7,decoder,boot up,871862,1,1.0,17.2141
7,decoder,boot up,871862,1,1.0,16.2701
7,decoder,boot up,871862,1,1.0,17.913
7,decoder,boot up,871862,1,1.0,16.9439
7,decoder,boot up,871862,1,1.0,13.4797
7,decoder,boot up,871862,1,1.0,12.5189
7,decoder,boot up,871862,1,1.0,15.4238
7,decoder,boot up,871862,1,1.0,15.7247
7,decoder,boot up,871862,1,1.0,13.3701
7,decoder,boot up,871862,1,0.9999,9.7142
7,decoder,boot up,871862,1,1.0,12.1635
7,decoder,boot up,871862,1,1.0,15.0574
7,decoder,boot up,871862,1,1.0,17.3335
7,decoder,boot up,871862,1,1.0,15.1199
7,decoder,boot up,871862,1,1.0,15.9644
7,decoder,boot up,871862,1,1.0,16.1599
7,decoder,boot up,871862,1,1.0,17.5303
7,decoder,boot up,871862,1,1.0,11.0295
7,decoder,boot up,871862,1,1.0,12.8072
7,decoder,boot up,871862,1,1.0,12.6385
7,decoder,hyped up,535984,1,0.9999,8.9998
7,decoder,hyped up,535984,1,0.9989,6.7962
7,decoder,hyped up,535984,1,0.9943,5.1667
7,decoder,hyped up,535984,1,0.9989,6.7912
7,decoder,hyped up,535984,1,1.0,10.3096
7,decoder,hyped up,535984,1,1.0,15.3195
7,decoder,hyped up,535984,1,0.9999,9.002
7,decoder,hyped up,535984,1,0.9957,5.4456
7,decoder,hyped up,535984,1,0.9843,4.1404
7,decoder,hyped up,535984,1,0.9997,8.1927
7,decoder,hyped up,535984,1,0.9999,9.654
7,decoder,hyped up,535984,1,1.0,12.2103
7,decoder,hyped up,535984,1,0.9968,5.7549
7,decoder,hyped up,535984,1,0.9905,4.6505
7,decoder,hyped up,535984,1,0.9988,6.7018
7,decoder,hyped up,535984,1,0.9987,6.6155
7,decoder,hyped up,535984,1,1.0,10.6758
7,decoder,hyped up,535984,1,1.0,14.1301
7,decoder,hyped up,535984,1,1.0,10.7385
7,decoder,hyped up,535984,1,0.9995,7.6975
7,decoder,washing up,666107,1,0.9976,6.0357
7,decoder,washing up,666107,1,0.9999,9.592
7,decoder,washing up,666107,1,0.999,6.9196
7,decoder,washing up,666107,1,0.9999,9.2753
7,decoder,washing up,666107,1,0.9992,7.1445
7,decoder,washing up,666107,1,0.9999,9.6255
7,decoder,washing up,666107,1,0.9997,8.1067
7,decoder,washing up,666107,1,0.9995,7.6024
7,decoder,washing up,666107,1,1.0,10.5988
7,decoder,washing up,666107,1,0.9978,6.1179
7,decoder,washing up,666107,1,0.9999,9.327
7,decoder,washing up,666107,1,0.8725,1.9232
7,decoder,washing up,666107,1,0.9948,5.2625
7,decoder,washing up,666107,1,1.0,10.1667
7,decoder,washing up,666107,1,0.987,4.331
7,decoder,washing up,666107,1,0.9765,3.7248
7,decoder,washing up,666107,1,0.9983,6.3738
7,decoder,washing up,666107,1,0.9908,4.6818
7,decoder,washing up,666107,1,0.9722,3.5536
7,decoder,washing up,666107,1,0.9975,5.9795
7,decoder,serving up,1252819,1,0.9999,9.6019
7,decoder,serving up,1252819,1,1.0,12.6991
7,decoder,serving up,1252819,1,1.0,10.1946
7,decoder,serving up,1252819,1,1.0,16.2043
7,decoder,serving up,1252819,1,1.0,11.5347
7,decoder,serving up,1252819,1,1.0,16.3945
7,decoder,serving up,1252819,1,0.9964,5.6362
7,decoder,serving up,1252819,1,1.0,10.1237
7,decoder,serving up,1252819,1,1.0,12.201
7,decoder,serving up,1252819,1,1.0,12.2397
7,decoder,serving up,1252819,1,1.0,10.4968
7,decoder,serving up,1252819,1,0.9999,9.2895
7,decoder,serving up,1252819,1,1.0,11.3533
7,decoder,serving up,1252819,1,1.0,17.6732
7,decoder,serving up,1252819,1,1.0,16.7108
7,decoder,serving up,1252819,1,0.9937,5.063
7,decoder,serving up,1252819,1,0.9996,7.9335
7,decoder,serving up,1252819,1,1.0,11.531
7,decoder,serving up,1252819,1,1.0,13.5891
7,decoder,serving up,1252819,1,1.0,11.7655
7,decoder,crawling up,152446,1,1.0,14.078
7,decoder,crawling up,152446,1,0.9978,6.1065
7,decoder,crawling up,152446,1,0.9991,6.9955
7,decoder,crawling up,152446,1,1.0,11.775
7,decoder,crawling up,152446,1,1.0,11.8678
7,decoder,crawling up,152446,1,1.0,10.6941
7,decoder,crawling up,152446,1,0.9999,9.7603
7,decoder,crawling up,152446,1,1.0,13.1813
7,decoder,crawling up,152446,1,1.0,10.6789
7,decoder,crawling up,152446,1,0.9976,6.0319
7,decoder,crawling up,152446,1,1.0,13.5455
7,decoder,crawling up,152446,1,1.0,13.3881
7,decoder,crawling up,152446,1,1.0,13.336
7,decoder,crawling up,152446,1,1.0,12.1944
7,decoder,crawling up,152446,1,0.9999,9.8447
7,decoder,crawling up,152446,1,1.0,10.0347
7,decoder,crawling up,152446,1,1.0,17.7922
7,decoder,crawling up,152446,1,1.0,12.5476
7,decoder,crawling up,152446,1,0.9998,8.7215
7,decoder,crawling up,152446,1,1.0,12.7454
7,decoder,form up,161132,1,0.9987,6.6212
7,decoder,form up,161132,1,0.9999,9.8722
7,decoder,form up,161132,1,1.0,17.3896
7,decoder,form up,161132,1,0.9999,9.5989
7,decoder,form up,161132,1,1.0,13.6831
7,decoder,form up,161132,1,0.9999,8.8905
7,decoder,form up,161132,1,0.9997,7.9992
7,decoder,form up,161132,1,1.0,12.2413
7,decoder,form up,161132,1,0.9968,5.7465
7,decoder,form up,161132,1,0.995,5.3016
7,decoder,form up,161132,1,1.0,12.5527
7,decoder,form up,161132,1,1.0,13.7424
7,decoder,form up,161132,1,0.9997,8.1191
7,decoder,form up,161132,1,1.0,10.7824
7,decoder,form up,161132,1,1.0,13.1518
7,decoder,form up,161132,1,0.9982,6.301
7,decoder,form up,161132,1,1.0,13.4014
7,decoder,form up,161132,1,0.9997,8.2843
7,decoder,form up,161132,1,0.9994,7.442
7,decoder,form up,161132,1,0.9999,9.2941
7,decoder,stirs up,274181,1,1.0,13.2645
7,decoder,stirs up,274181,1,1.0,10.0487
7,decoder,stirs up,274181,1,0.9995,7.6789
7,decoder,stirs up,274181,1,1.0,10.1067
7,decoder,stirs up,274181,1,0.9997,8.2438
7,decoder,stirs up,274181,1,0.9988,6.6878
7,decoder,stirs up,274181,1,0.9994,7.3443
7,decoder,stirs up,274181,1,1.0,12.9081
7,decoder,stirs up,274181,1,1.0,12.0514
7,decoder,stirs up,274181,1,1.0,10.7624
7,decoder,stirs up,274181,1,1.0,11.6756
7,decoder,stirs up,274181,1,1.0,13.3073
7,decoder,stirs up,274181,1,0.9997,8.1452
7,decoder,stirs up,274181,1,0.9998,8.3624
7,decoder,stirs up,274181,1,1.0,12.1567
7,decoder,stirs up,274181,1,1.0,10.5085
7,decoder,stirs up,274181,1,0.999,6.944
7,decoder,stirs up,274181,1,0.9992,7.1598
7,decoder,stirs up,274181,1,1.0,15.1589
7,decoder,stirs up,274181,1,0.9997,8.0745
7,decoder,wash up,407271,1,0.9714,3.5251
7,decoder,wash up,407271,1,0.958,3.1268
7,decoder,wash up,407271,1,0.9991,6.9872
7,decoder,wash up,407271,1,0.9646,3.3042
7,decoder,wash up,407271,1,0.9999,9.8994
7,decoder,wash up,407271,1,0.9996,7.8517
7,decoder,wash up,407271,1,0.9999,8.9363
7,decoder,wash up,407271,1,0.9999,9.3747
7,decoder,wash up,407271,1,1.0,10.7284
7,decoder,wash up,407271,1,0.9415,2.7778
7,decoder,wash up,407271,1,0.999,6.9345
7,decoder,wash up,407271,1,1.0,11.8056
7,decoder,wash up,407271,1,0.9995,7.5725
7,decoder,wash up,407271,1,1.0,12.4008
7,decoder,wash up,407271,1,1.0,10.0434
7,decoder,wash up,407271,1,0.9393,2.7383
7,decoder,wash up,407271,1,1.0,12.4109
7,decoder,wash up,407271,1,1.0,10.3702
7,decoder,wash up,407271,1,0.9864,4.2866
7,decoder,wash up,407271,1,0.9997,8.1909
7,decoder,gobble up,297487,1,1.0,13.3693
7,decoder,gobble up,297487,1,0.9989,6.7783
7,decoder,gobble up,297487,1,1.0,12.2996
7,decoder,gobble up,297487,1,1.0,10.8605
7,decoder,gobble up,297487,1,1.0,13.7299
7,decoder,gobble up,297487,1,1.0,13.6481
7,decoder,gobble up,297487,1,0.9999,9.3869
7,decoder,gobble up,297487,1,0.9999,8.8655
7,decoder,gobble up,297487,1,0.9988,6.6886
7,decoder,gobble up,297487,1,1.0,13.7149
7,decoder,gobble up,297487,1,0.9999,9.5979
7,decoder,gobble up,297487,1,1.0,13.84
7,decoder,gobble up,297487,1,0.9999,9.7218
7,decoder,gobble up,297487,1,0.9993,7.3113
7,decoder,gobble up,297487,1,0.9999,9.0188
7,decoder,gobble up,297487,1,1.0,13.7928
7,decoder,gobble up,297487,1,0.9992,7.1236
7,decoder,gobble up,297487,1,0.9995,7.5899
7,decoder,gobble up,297487,1,1.0,10.9887
7,decoder,gobble up,297487,1,0.9997,8.2257
7,decoder,trained up,135661,1,0.9996,7.9396
7,decoder,trained up,135661,1,0.999,6.9564
7,decoder,trained up,135661,1,1.0,13.8288
7,decoder,trained up,135661,1,1.0,13.6422
7,decoder,trained up,135661,1,1.0,10.3092
7,decoder,trained up,135661,1,0.9977,6.0826
7,decoder,trained up,135661,1,1.0,16.1728
7,decoder,trained up,135661,1,1.0,12.4908
7,decoder,trained up,135661,1,0.9979,6.153
7,decoder,trained up,135661,1,0.9998,8.2976
7,decoder,trained up,135661,1,0.9999,8.825
7,decoder,trained up,135661,1,1.0,13.5905
7,decoder,trained up,135661,1,0.9998,8.5006
7,decoder,trained up,135661,1,1.0,10.1392
7,decoder,trained up,135661,1,0.9994,7.4734
7,decoder,trained up,135661,1,1.0,11.3329
7,decoder,trained up,135661,1,1.0,13.0546
7,decoder,trained up,135661,1,0.9999,9.6084
7,decoder,trained up,135661,1,1.0,14.3836
7,decoder,trained up,135661,1,0.9997,7.9859
7,decoder,train up,265520,1,1.0,10.8636
7,decoder,train up,265520,1,1.0,12.2339
7,decoder,train up,265520,1,0.9999,9.1532
7,decoder,train up,265520,1,1.0,10.7565
7,decoder,train up,265520,1,1.0,11.8747
7,decoder,train up,265520,1,1.0,11.8948
7,decoder,train up,265520,1,1.0,12.7692
7,decoder,train up,265520,1,1.0,10.8327
7,decoder,train up,265520,1,1.0,11.1151
7,decoder,train up,265520,1,1.0,14.0466
7,decoder,train up,265520,1,1.0,14.2807
7,decoder,train up,265520,1,1.0,12.4204
7,decoder,train up,265520,1,1.0,15.3724
7,decoder,train up,265520,1,1.0,11.649
7,decoder,train up,265520,1,1.0,13.9696
7,decoder,train up,265520,1,1.0,12.9454
7,decoder,train up,265520,1,1.0,14.1947
7,decoder,train up,265520,1,1.0,15.7261
7,decoder,train up,265520,1,0.9999,9.8316
7,decoder,train up,265520,1,1.0,11.1115
7,decoder,thinking up,281041,1,1.0,15.4526
7,decoder,thinking up,281041,1,0.9997,8.2103
7,decoder,thinking up,281041,1,0.9999,9.5198
7,decoder,thinking up,281041,1,0.9999,9.2123
7,decoder,thinking up,281041,1,0.9999,9.6122
7,decoder,thinking up,281041,1,1.0,11.2448
7,decoder,thinking up,281041,1,1.0,13.9114
7,decoder,thinking up,281041,1,0.9993,7.2461
7,decoder,thinking up,281041,1,1.0,11.6776
7,decoder,thinking up,281041,1,1.0,10.5819
7,decoder,thinking up,281041,1,0.9999,9.8678
7,decoder,thinking up,281041,1,1.0,16.5949
7,decoder,thinking up,281041,1,0.9999,8.847
7,decoder,thinking up,281041,1,0.9796,3.8696
7,decoder,thinking up,281041,1,1.0,11.5561
7,decoder,thinking up,281041,1,1.0,17.3132
7,decoder,thinking up,281041,1,1.0,11.3006
7,decoder,thinking up,281041,1,0.9988,6.7245
7,decoder,thinking up,281041,1,1.0,14.4892
7,decoder,thinking up,281041,1,1.0,12.93
7,decoder,glance up,126456,1,0.9999,9.3872
7,decoder,glance up,126456,1,0.9997,8.2131
7,decoder,glance up,126456,1,1.0,10.5357
7,decoder,glance up,126456,1,0.9999,9.1037
7,decoder,glance up,126456,1,0.9999,8.8791
7,decoder,glance up,126456,1,0.9999,9.1317
7,decoder,glance up,126456,1,0.9999,9.2691
7,decoder,glance up,126456,1,1.0,12.7009
7,decoder,glance up,126456,1,0.9751,3.667
7,decoder,glance up,126456,1,0.9989,6.8306
7,decoder,glance up,126456,1,1.0,11.1081
7,decoder,glance up,126456,1,0.9996,7.8428
7,decoder,glance up,126456,1,1.0,10.8311
7,decoder,glance up,126456,1,1.0,12.0256
7,decoder,glance up,126456,1,0.9984,6.4217
7,decoder,glance up,126456,1,0.9993,7.2863
7,decoder,glance up,126456,1,0.9995,7.5322
7,decoder,glance up,126456,1,0.8566,1.7871
7,decoder,glance up,126456,1,0.9998,8.601
7,decoder,glance up,126456,1,1.0,11.0006
7,decoder,stacking up,261815,1,0.9977,6.0574
7,decoder,stacking up,261815,1,0.9996,7.8848
7,decoder,stacking up,261815,1,1.0,10.7583
7,decoder,stacking up,261815,1,1.0,12.7636
7,decoder,stacking up,261815,1,0.9998,8.5069
7,decoder,stacking up,261815,1,0.9999,9.6193
7,decoder,stacking up,261815,1,0.9571,3.1062
7,decoder,stacking up,261815,1,0.9996,7.7769
7,decoder,stacking up,261815,1,1.0,10.6558
7,decoder,stacking up,261815,1,1.0,10.9857
7,decoder,stacking up,261815,1,0.9997,8.0848
7,decoder,stacking up,261815,1,1.0,10.061
7,decoder,stacking up,261815,1,0.9989,6.7691
7,decoder,stacking up,261815,1,1.0,11.4637
7,decoder,stacking up,261815,1,1.0,10.6834
7,decoder,stacking up,261815,1,0.934,2.6502
7,decoder,stacking up,261815,1,1.0,12.9873
7,decoder,stacking up,261815,1,0.9999,9.8839
7,decoder,stacking up,261815,1,0.9999,8.945
7,decoder,stacking up,261815,1,1.0,13.55
7,decoder,pump up,523430,1,0.9983,6.3591
7,decoder,pump up,523430,1,1.0,16.3857
7,decoder,pump up,523430,1,1.0,13.5528
7,decoder,pump up,523430,1,0.9999,9.3314
7,decoder,pump up,523430,1,1.0,11.2435
7,decoder,pump up,523430,1,1.0,14.4404
7,decoder,pump up,523430,1,0.9996,7.7799
7,decoder,pump up,523430,1,1.0,12.2881
7,decoder,pump up,523430,1,0.9993,7.261
7,decoder,pump up,523430,1,1.0,11.5674
7,decoder,pump up,523430,1,1.0,12.9197
7,decoder,pump up,523430,1,1.0,16.5349
7,decoder,pump up,523430,1,0.9999,9.7475
7,decoder,pump up,523430,1,0.9998,8.6633
7,decoder,pump up,523430,1,0.9974,5.9532
7,decoder,pump up,523430,1,0.9999,9.4025
7,decoder,pump up,523430,1,1.0,11.1913
7,decoder,pump up,523430,1,1.0,14.4205
7,decoder,pump up,523430,1,1.0,11.3428
7,decoder,pump up,523430,1,1.0,12.7924
7,decoder,double up,812045,1,1.0,13.5702
7,decoder,double up,812045,1,1.0,17.7473
7,decoder,double up,812045,1,0.9996,7.8331
7,decoder,double up,812045,1,0.9973,5.8949
7,decoder,double up,812045,1,0.9981,6.2458
7,decoder,double up,812045,1,1.0,10.3581
7,decoder,double up,812045,1,0.9996,7.8575
7,decoder,double up,812045,1,0.9928,4.9321
7,decoder,double up,812045,1,1.0,11.7303
7,decoder,double up,812045,1,0.9995,7.5724
7,decoder,double up,812045,1,0.9999,9.8045
7,decoder,double up,812045,1,0.999,6.9157
7,decoder,double up,812045,1,1.0,11.4921
7,decoder,double up,812045,1,1.0,10.4519
7,decoder,double up,812045,1,1.0,16.5558
7,decoder,double up,812045,1,1.0,12.4516
7,decoder,double up,812045,1,1.0,11.164
7,decoder,double up,812045,1,1.0,10.3268
7,decoder,double up,812045,1,0.9999,9.1056
7,decoder,double up,812045,1,1.0,12.3467
7,decoder,settle up,78041,1,1.0,14.4761
7,decoder,settle up,78041,1,0.9822,4.0077
7,decoder,settle up,78041,1,1.0,12.6452
7,decoder,settle up,78041,1,1.0,12.4586
7,decoder,settle up,78041,1,0.9945,5.1925
7,decoder,settle up,78041,1,0.9818,3.9897
7,decoder,settle up,78041,1,1.0,13.7539
7,decoder,settle up,78041,1,0.953,3.01
7,decoder,settle up,78041,1,0.9988,6.7103
7,decoder,settle up,78041,1,1.0,13.6036
7,decoder,settle up,78041,1,0.9999,9.556
7,decoder,settle up,78041,1,0.9999,9.7534
7,decoder,settle up,78041,1,0.9999,9.1743
7,decoder,settle up,78041,1,0.9971,5.8527
7,decoder,settle up,78041,1,0.8931,2.1232
7,decoder,settle up,78041,1,0.9945,5.1896
7,decoder,settle up,78041,1,0.9421,2.7898
7,decoder,settle up,78041,1,0.9999,9.8448
7,decoder,settle up,78041,1,1.0,12.8542
7,decoder,settle up,78041,1,1.0,10.4577
7,decoder,ratcheted up,190613,1,0.9995,7.611
7,decoder,ratcheted up,190613,1,1.0,14.5964
7,decoder,ratcheted up,190613,1,1.0,12.729
7,decoder,ratcheted up,190613,1,0.9795,3.8677
7,decoder,ratcheted up,190613,1,1.0,14.0269
7,decoder,ratcheted up,190613,1,0.9997,8.062
7,decoder,ratcheted up,190613,1,1.0,10.2492
7,decoder,ratcheted up,190613,1,1.0,15.5565
7,decoder,ratcheted up,190613,1,0.9999,9.4824
7,decoder,ratcheted up,190613,1,1.0,12.0828
7,decoder,ratcheted up,190613,1,0.9974,5.9673
7,decoder,ratcheted up,190613,1,0.9999,9.7428
7,decoder,ratcheted up,190613,1,1.0,16.4908
7,decoder,ratcheted up,190613,1,0.9995,7.5484
7,decoder,ratcheted up,190613,1,1.0,12.7585
7,decoder,ratcheted up,190613,1,1.0,14.7764
7,decoder,ratcheted up,190613,1,0.9996,7.8971
7,decoder,ratcheted up,190613,1,0.9979,6.148
7,decoder,ratcheted up,190613,1,1.0,13.6983
7,decoder,ratcheted up,190613,1,0.9116,2.3337
7,decoder,queue up,393935,1,0.9999,8.9971
7,decoder,queue up,393935,1,0.9999,9.8431
7,decoder,queue up,393935,1,0.9999,9.6172
7,decoder,queue up,393935,1,1.0,12.9663
7,decoder,queue up,393935,1,0.9999,9.8104
7,decoder,queue up,393935,1,0.987,4.3295
7,decoder,queue up,393935,1,1.0,10.299
7,decoder,queue up,393935,1,0.9999,9.5505
7,decoder,queue up,393935,1,0.9509,2.9631
7,decoder,queue up,393935,1,0.9992,7.1594
7,decoder,queue up,393935,1,0.9997,8.1176
7,decoder,queue up,393935,1,1.0,12.8968
7,decoder,queue up,393935,0,0.3697,-0.5334
7,decoder,queue up,393935,1,0.9999,9.3156
7,decoder,queue up,393935,1,1.0,10.5206
7,decoder,queue up,393935,1,1.0,11.7115
7,decoder,queue up,393935,1,0.9999,9.4709
7,decoder,queue up,393935,1,1.0,11.5408
7,decoder,queue up,393935,1,0.9997,7.9574
7,decoder,queue up,393935,1,0.9997,8.0441
7,decoder,playing up,529868,1,1.0,15.6856
7,decoder,playing up,529868,1,1.0,13.0079
7,decoder,playing up,529868,1,1.0,11.3686
7,decoder,playing up,529868,1,1.0,16.8801
7,decoder,playing up,529868,1,1.0,17.5072
7,decoder,playing up,529868,1,1.0,11.8345
7,decoder,playing up,529868,1,1.0,16.764
7,decoder,playing up,529868,1,1.0,16.4718
7,decoder,playing up,529868,1,0.9999,9.6071
7,decoder,playing up,529868,1,1.0,12.4622
7,decoder,playing up,529868,1,1.0,16.4514
7,decoder,playing up,529868,1,1.0,16.2227
7,decoder,playing up,529868,1,1.0,17.8732
7,decoder,playing up,529868,1,1.0,13.2286
7,decoder,playing up,529868,1,1.0,13.3376
7,decoder,playing up,529868,1,1.0,19.0647
7,decoder,playing up,529868,1,1.0,11.3898
7,decoder,playing up,529868,1,1.0,14.1956
7,decoder,playing up,529868,1,1.0,13.8025
7,decoder,playing up,529868,1,1.0,17.9211
7,decoder,yield up,106377,1,1.0,11.7953
7,decoder,yield up,106377,1,1.0,13.5232
7,decoder,yield up,106377,1,0.9999,9.4676
7,decoder,yield up,106377,1,1.0,10.2971
7,decoder,yield up,106377,1,1.0,13.8837
7,decoder,yield up,106377,1,1.0,13.7164
7,decoder,yield up,106377,1,1.0,11.2721
7,decoder,yield up,106377,1,1.0,14.0828
7,decoder,yield up,106377,1,1.0,16.241
7,decoder,yield up,106377,1,1.0,13.1731
7,decoder,yield up,106377,1,1.0,14.3411
7,decoder,yield up,106377,1,0.9969,5.7632
7,decoder,yield up,106377,1,1.0,10.8136
7,decoder,yield up,106377,1,0.9999,9.2009
7,decoder,yield up,106377,1,1.0,11.7703
7,decoder,yield up,106377,1,1.0,10.2245
7,decoder,yield up,106377,1,1.0,10.5773
7,decoder,yield up,106377,1,0.9999,9.4903
7,decoder,yield up,106377,1,0.9999,9.1652
7,decoder,yield up,106377,1,0.9999,9.2921
7,decoder,bore up,17924,1,1.0,12.5666
7,decoder,bore up,17924,1,0.9999,9.5998
7,decoder,bore up,17924,1,1.0,11.0941
7,decoder,bore up,17924,1,1.0,11.5621
7,decoder,bore up,17924,1,0.9997,8.2362
7,decoder,bore up,17924,1,0.9999,9.2361
7,decoder,bore up,17924,1,1.0,11.2047
7,decoder,bore up,17924,1,1.0,11.3484
7,decoder,bore up,17924,1,1.0,11.6787
7,decoder,bore up,17924,1,0.9999,9.39
7,decoder,bore up,17924,1,1.0,12.5912
7,decoder,bore up,17924,1,0.9999,9.8131
7,decoder,bore up,17924,1,1.0,12.5695
7,decoder,bore up,17924,1,1.0,14.1577
7,decoder,bore up,17924,1,1.0,12.1109
7,decoder,bore up,17924,1,1.0,13.3735
7,decoder,bore up,17924,1,1.0,11.7259
7,decoder,bore up,17924,1,0.9994,7.4003
7,decoder,bore up,17924,1,1.0,12.4987
7,decoder,bore up,17924,1,0.9998,8.8044
7,decoder,pinned up,98071,0,0.1542,-1.7021
7,decoder,pinned up,98071,1,0.9999,9.743
7,decoder,pinned up,98071,1,0.9996,7.9322
7,decoder,pinned up,98071,1,0.9799,3.8885
7,decoder,pinned up,98071,1,0.9997,8.269
7,decoder,pinned up,98071,1,0.9995,7.6508
7,decoder,pinned up,98071,1,0.9999,9.0791
7,decoder,pinned up,98071,1,0.999,6.9273
7,decoder,pinned up,98071,1,0.9999,8.8215
7,decoder,pinned up,98071,1,1.0,11.7778
7,decoder,pinned up,98071,1,0.9973,5.9199
7,decoder,pinned up,98071,1,0.9455,2.8531
7,decoder,pinned up,98071,1,0.9997,7.9632
7,decoder,pinned up,98071,1,0.9998,8.7074
7,decoder,pinned up,98071,1,0.9995,7.5195
7,decoder,pinned up,98071,1,1.0,11.1053
7,decoder,pinned up,98071,1,0.9957,5.4439
7,decoder,pinned up,98071,1,0.9999,8.9926
7,decoder,pinned up,98071,1,0.9999,8.8581
7,decoder,pinned up,98071,1,0.9999,9.1229
7,decoder,cooking up,671943,1,1.0,12.7727
7,decoder,cooking up,671943,1,1.0,11.1484
7,decoder,cooking up,671943,1,1.0,12.6359
7,decoder,cooking up,671943,1,1.0,14.2644
7,decoder,cooking up,671943,1,0.999,6.9344
7,decoder,cooking up,671943,1,1.0,15.9956
7,decoder,cooking up,671943,1,1.0,12.5399
7,decoder,cooking up,671943,1,1.0,10.8961
7,decoder,cooking up,671943,1,1.0,14.6603
7,decoder,cooking up,671943,1,1.0,21.9114
7,decoder,cooking up,671943,1,1.0,12.0958
7,decoder,cooking up,671943,1,1.0,13.2677
7,decoder,cooking up,671943,1,0.9996,7.7304
7,decoder,cooking up,671943,1,1.0,12.0026
7,decoder,cooking up,671943,1,1.0,10.4963
7,decoder,cooking up,671943,1,1.0,14.7402
7,decoder,cooking up,671943,1,1.0,12.9265
7,decoder,cooking up,671943,1,1.0,14.6819
7,decoder,cooking up,671943,1,1.0,11.8061
7,decoder,cooking up,671943,1,1.0,11.1951
7,decoder,rest up,400949,1,1.0,11.0218
7,decoder,rest up,400949,1,0.9766,3.7297
7,decoder,rest up,400949,1,1.0,11.2911
7,decoder,rest up,400949,1,0.9946,5.2158
7,decoder,rest up,400949,1,0.9999,8.8567
7,decoder,rest up,400949,1,1.0,10.1971
7,decoder,rest up,400949,1,0.9983,6.3686
7,decoder,rest up,400949,1,0.9974,5.9479
7,decoder,rest up,400949,1,0.9927,4.9106
7,decoder,rest up,400949,1,0.9998,8.4243
7,decoder,rest up,400949,1,0.9981,6.266
7,decoder,rest up,400949,1,0.9992,7.1141
7,decoder,rest up,400949,1,0.9909,4.69
7,decoder,rest up,400949,1,0.9752,3.672
7,decoder,rest up,400949,1,1.0,11.0275
7,decoder,rest up,400949,1,0.7177,0.9332
7,decoder,rest up,400949,1,1.0,11.5524
7,decoder,rest up,400949,1,0.9999,9.0719
7,decoder,rest up,400949,1,0.9996,7.8636
7,decoder,rest up,400949,1,0.9993,7.3128
7,decoder,teed up,130742,1,0.9998,8.5882
7,decoder,teed up,130742,1,1.0,12.2903
7,decoder,teed up,130742,1,1.0,10.905
7,decoder,teed up,130742,1,1.0,13.1149
7,decoder,teed up,130742,1,1.0,16.3641
7,decoder,teed up,130742,1,1.0,10.3417
7,decoder,teed up,130742,1,1.0,13.9735
7,decoder,teed up,130742,1,1.0,10.6058
7,decoder,teed up,130742,1,1.0,12.7851
7,decoder,teed up,130742,1,0.9994,7.4357
7,decoder,teed up,130742,1,1.0,11.1715
7,decoder,teed up,130742,1,1.0,12.5442
7,decoder,teed up,130742,1,0.9998,8.5542
7,decoder,teed up,130742,1,1.0,10.2443
7,decoder,teed up,130742,1,1.0,17.0777
7,decoder,teed up,130742,1,0.9999,9.3863
7,decoder,teed up,130742,1,0.9949,5.2763
7,decoder,teed up,130742,1,1.0,16.0943
7,decoder,teed up,130742,1,0.9999,9.7398
7,decoder,teed up,130742,1,0.9999,9.0751
7,decoder,pair up,565674,1,0.9994,7.466
7,decoder,pair up,565674,1,0.9973,5.902
7,decoder,pair up,565674,1,0.9999,9.5756
7,decoder,pair up,565674,1,0.9999,9.839
7,decoder,pair up,565674,1,0.9994,7.3776
7,decoder,pair up,565674,1,0.9986,6.5434
7,decoder,pair up,565674,1,0.9957,5.4454
7,decoder,pair up,565674,1,1.0,11.0055
7,decoder,pair up,565674,1,0.998,6.1966
7,decoder,pair up,565674,1,0.9991,6.9874
7,decoder,pair up,565674,1,0.9995,7.5388
7,decoder,pair up,565674,1,0.9998,8.7352
7,decoder,pair up,565674,1,0.9943,5.1665
7,decoder,pair up,565674,1,0.9999,9.5142
7,decoder,pair up,565674,1,1.0,10.2788
7,decoder,pair up,565674,1,1.0,10.2713
7,decoder,pair up,565674,1,0.8544,1.7699
7,decoder,pair up,565674,1,0.9998,8.3425
7,decoder,pair up,565674,1,1.0,13.2412
7,decoder,pair up,565674,1,0.7158,0.9239
7,decoder,rush up,127946,1,0.9999,8.8452
7,decoder,rush up,127946,1,1.0,16.3278
7,decoder,rush up,127946,1,1.0,15.5494
7,decoder,rush up,127946,1,1.0,12.7758
7,decoder,rush up,127946,1,1.0,14.4124
7,decoder,rush up,127946,1,1.0,14.7856
7,decoder,rush up,127946,1,1.0,15.4149
7,decoder,rush up,127946,1,1.0,11.6848
7,decoder,rush up,127946,1,1.0,10.2873
7,decoder,rush up,127946,1,1.0,16.2869
7,decoder,rush up,127946,1,1.0,14.1893
7,decoder,rush up,127946,1,1.0,16.3383
7,decoder,rush up,127946,1,1.0,15.0709
7,decoder,rush up,127946,1,1.0,13.7554
7,decoder,rush up,127946,1,1.0,10.9319
7,decoder,rush up,127946,1,1.0,15.0268
7,decoder,rush up,127946,1,1.0,11.4719
7,decoder,rush up,127946,1,1.0,12.7877
7,decoder,rush up,127946,1,1.0,16.6559
7,decoder,rush up,127946,1,0.9999,9.3182
7,decoder,pluck up,72525,1,0.9992,7.1186
7,decoder,pluck up,72525,1,0.7232,0.9602
7,decoder,pluck up,72525,1,0.9989,6.7828
7,decoder,pluck up,72525,1,1.0,10.6775
7,decoder,pluck up,72525,1,1.0,12.1494
7,decoder,pluck up,72525,1,1.0,10.8858
7,decoder,pluck up,72525,1,0.9997,8.0595
7,decoder,pluck up,72525,1,1.0,10.6504
7,decoder,pluck up,72525,1,0.9997,8.1357
7,decoder,pluck up,72525,1,0.9999,9.6014
7,decoder,pluck up,72525,1,0.9992,7.1738
7,decoder,pluck up,72525,1,1.0,11.1984
7,decoder,pluck up,72525,1,0.9999,9.2627
7,decoder,pluck up,72525,1,1.0,9.9952
7,decoder,pluck up,72525,1,1.0,12.5865
7,decoder,pluck up,72525,1,0.9998,8.4467
7,decoder,pluck up,72525,1,1.0,13.617
7,decoder,pluck up,72525,1,0.9999,9.5676
7,decoder,pluck up,72525,1,0.9991,6.9714
7,decoder,pluck up,72525,1,1.0,10.0865
7,decoder,talk up,236473,1,1.0,13.6094
7,decoder,talk up,236473,1,1.0,14.1856
7,decoder,talk up,236473,1,0.9998,8.6377
7,decoder,talk up,236473,1,1.0,11.9651
7,decoder,talk up,236473,1,1.0,13.0984
7,decoder,talk up,236473,1,1.0,14.7644
7,decoder,talk up,236473,1,1.0,16.7465
7,decoder,talk up,236473,1,1.0,13.371
7,decoder,talk up,236473,1,1.0,13.1761
7,decoder,talk up,236473,1,1.0,10.4745
7,decoder,talk up,236473,1,0.9997,7.9877
7,decoder,talk up,236473,1,1.0,16.7504
7,decoder,talk up,236473,1,1.0,15.5275
7,decoder,talk up,236473,1,0.9999,9.5401
7,decoder,talk up,236473,1,1.0,12.2176
7,decoder,talk up,236473,1,0.9999,9.2436
7,decoder,talk up,236473,1,0.9987,6.6201
7,decoder,talk up,236473,1,0.9999,9.4297
7,decoder,talk up,236473,1,1.0,14.3134
7,decoder,talk up,236473,1,1.0,12.288
7,decoder,talking up,304994,1,1.0,10.5568
7,decoder,talking up,304994,1,1.0,12.753
7,decoder,talking up,304994,1,1.0,15.0283
7,decoder,talking up,304994,1,1.0,14.6167
7,decoder,talking up,304994,1,1.0,19.0707
7,decoder,talking up,304994,1,1.0,12.0255
7,decoder,talking up,304994,1,1.0,16.4322
7,decoder,talking up,304994,1,1.0,11.7143
7,decoder,talking up,304994,1,1.0,13.0692
7,decoder,talking up,304994,1,1.0,12.6445
7,decoder,talking up,304994,1,1.0,10.1937
7,decoder,talking up,304994,1,1.0,10.7125
7,decoder,talking up,304994,1,1.0,14.6918
7,decoder,talking up,304994,1,1.0,15.4147
7,decoder,talking up,304994,1,1.0,11.9699
7,decoder,talking up,304994,1,1.0,11.718
7,decoder,talking up,304994,1,0.9999,9.362
7,decoder,talking up,304994,1,1.0,17.9006
7,decoder,talking up,304994,1,1.0,10.981
7,decoder,talking up,304994,1,1.0,12.8393
7,decoder,paired up,724856,1,0.9999,9.4678
7,decoder,paired up,724856,1,0.9887,4.4728
7,decoder,paired up,724856,1,1.0,11.4644
7,decoder,paired up,724856,1,0.9992,7.1939
7,decoder,paired up,724856,1,0.9999,9.2637
7,decoder,paired up,724856,1,1.0,12.539
7,decoder,paired up,724856,1,1.0,11.2319
7,decoder,paired up,724856,1,1.0,9.9503
7,decoder,paired up,724856,1,0.9987,6.6381
7,decoder,paired up,724856,1,1.0,10.8384
7,decoder,paired up,724856,1,0.821,1.5235
7,decoder,paired up,724856,1,1.0,10.2522
7,decoder,paired up,724856,1,1.0,12.7054
7,decoder,paired up,724856,1,1.0,12.328
7,decoder,paired up,724856,1,0.999,6.9548
7,decoder,paired up,724856,1,0.9964,5.6148
7,decoder,paired up,724856,1,0.9999,9.1992
7,decoder,paired up,724856,1,0.9999,9.6008
7,decoder,paired up,724856,1,1.0,11.8286
7,decoder,paired up,724856,1,0.9997,8.1361
7,decoder,brushed up,114073,1,0.9863,4.28
7,decoder,brushed up,114073,1,0.9999,9.019
7,decoder,brushed up,114073,1,0.9854,4.2101
7,decoder,brushed up,114073,1,0.9998,8.5885
7,decoder,brushed up,114073,1,0.9997,7.9857
7,decoder,brushed up,114073,1,1.0,11.0532
7,decoder,brushed up,114073,1,0.9998,8.4025
7,decoder,brushed up,114073,1,0.9998,8.6361
7,decoder,brushed up,114073,1,1.0,10.4456
7,decoder,brushed up,114073,1,0.982,4.0002
7,decoder,brushed up,114073,1,0.9997,8.2794
7,decoder,brushed up,114073,1,0.9997,8.0743
7,decoder,brushed up,114073,1,0.9994,7.3949
7,decoder,brushed up,114073,1,0.9999,8.9926
7,decoder,brushed up,114073,1,0.9993,7.203
7,decoder,brushed up,114073,1,0.9997,8.0758
7,decoder,brushed up,114073,1,0.9999,9.0731
7,decoder,brushed up,114073,1,0.9999,9.7518
7,decoder,brushed up,114073,1,1.0,10.7222
7,decoder,brushed up,114073,1,0.9998,8.615
7,decoder,click up,38785,1,1.0,15.6753
7,decoder,click up,38785,1,1.0,12.8498
7,decoder,click up,38785,1,1.0,19.6486
7,decoder,click up,38785,1,1.0,13.0369
7,decoder,click up,38785,1,0.9996,7.7362
7,decoder,click up,38785,1,0.9999,9.8029
7,decoder,click up,38785,1,0.9997,7.9806
7,decoder,click up,38785,1,1.0,12.613
7,decoder,click up,38785,1,1.0,12.2725
7,decoder,click up,38785,1,0.9997,8.14
7,decoder,click up,38785,1,1.0,11.4648
7,decoder,click up,38785,1,1.0,12.7721
7,decoder,click up,38785,1,1.0,16.1628
7,decoder,click up,38785,1,1.0,14.763
7,decoder,click up,38785,1,1.0,12.3795
7,decoder,click up,38785,1,1.0,14.1047
7,decoder,click up,38785,1,0.9996,7.9485
7,decoder,click up,38785,1,0.9999,9.3877
7,decoder,click up,38785,1,1.0,14.658
7,decoder,click up,38785,1,0.9998,8.4413
7,decoder,closing up,307197,1,0.9999,9.513
7,decoder,closing up,307197,1,0.9995,7.5796
7,decoder,closing up,307197,1,0.9969,5.7857
7,decoder,closing up,307197,1,0.9954,5.3788
7,decoder,closing up,307197,1,1.0,12.7856
7,decoder,closing up,307197,1,0.9924,4.8724
7,decoder,closing up,307197,1,0.9967,5.7161
7,decoder,closing up,307197,1,1.0,10.9299
7,decoder,closing up,307197,1,0.9995,7.6079
7,decoder,closing up,307197,1,0.9999,9.1382
7,decoder,closing up,307197,1,0.999,6.9468
7,decoder,closing up,307197,1,0.9998,8.712
7,decoder,closing up,307197,1,0.9998,8.5712
7,decoder,closing up,307197,1,1.0,11.0902
7,decoder,closing up,307197,1,1.0,13.6632
7,decoder,closing up,307197,1,0.9999,8.8982
7,decoder,closing up,307197,1,0.9942,5.1524
7,decoder,closing up,307197,1,0.9998,8.7291
7,decoder,closing up,307197,1,0.9998,8.5369
7,decoder,closing up,307197,1,0.9994,7.4109
7,decoder,counting up,128529,1,1.0,14.4447
7,decoder,counting up,128529,1,1.0,11.6224
7,decoder,counting up,128529,1,0.9998,8.5527
7,decoder,counting up,128529,1,1.0,18.1507
7,decoder,counting up,128529,1,0.9998,8.3199
7,decoder,counting up,128529,1,0.9994,7.4808
7,decoder,counting up,128529,1,1.0,14.816
7,decoder,counting up,128529,1,1.0,18.4168
7,decoder,counting up,128529,1,1.0,12.9353
7,decoder,counting up,128529,1,1.0,13.9556
7,decoder,counting up,128529,1,1.0,11.787
7,decoder,counting up,128529,1,1.0,12.1233
7,decoder,counting up,128529,1,0.9978,6.1128
7,decoder,counting up,128529,1,0.9999,9.7603
7,decoder,counting up,128529,1,1.0,12.4766
7,decoder,counting up,128529,1,1.0,16.1514
7,decoder,counting up,128529,1,0.9994,7.4021
7,decoder,counting up,128529,1,1.0,11.5302
7,decoder,counting up,128529,1,1.0,14.3651
7,decoder,counting up,128529,1,1.0,11.2207
7,decoder,thought up,495044,1,1.0,13.699
7,decoder,thought up,495044,1,1.0,11.4287
7,decoder,thought up,495044,1,0.9784,3.8144
7,decoder,thought up,495044,1,1.0,13.6586
7,decoder,thought up,495044,1,1.0,12.0109
7,decoder,thought up,495044,1,0.9998,8.5933
7,decoder,thought up,495044,1,1.0,13.4434
7,decoder,thought up,495044,1,0.9737,3.612
7,decoder,thought up,495044,1,0.9981,6.2815
7,decoder,thought up,495044,1,1.0,11.5334
7,decoder,thought up,495044,1,0.9368,2.6967
7,decoder,thought up,495044,1,1.0,10.6367
7,decoder,thought up,495044,1,1.0,13.1604
7,decoder,thought up,495044,1,0.9999,9.2458
7,decoder,thought up,495044,1,0.9999,8.8496
7,decoder,thought up,495044,1,1.0,10.3995
7,decoder,thought up,495044,1,1.0,11.5329
7,decoder,thought up,495044,1,0.986,4.257
7,decoder,thought up,495044,1,0.9998,8.7506
7,decoder,thought up,495044,1,1.0,12.4588
7,decoder,scooped up,591016,1,1.0,10.6892
7,decoder,scooped up,591016,1,0.9999,9.7022
7,decoder,scooped up,591016,1,0.9999,9.7735
7,decoder,scooped up,591016,1,0.9999,9.01
7,decoder,scooped up,591016,1,1.0,11.4582
7,decoder,scooped up,591016,1,0.9998,8.5116
7,decoder,scooped up,591016,1,1.0,10.021
7,decoder,scooped up,591016,1,1.0,11.967
7,decoder,scooped up,591016,1,0.9997,8.1716
7,decoder,scooped up,591016,1,0.9997,8.161
7,decoder,scooped up,591016,1,1.0,10.2172
7,decoder,scooped up,591016,1,0.9969,5.7777
7,decoder,scooped up,591016,1,0.9983,6.3992
7,decoder,scooped up,591016,1,0.9994,7.4239
7,decoder,scooped up,591016,1,0.9998,8.7359
7,decoder,scooped up,591016,1,1.0,12.4176
7,decoder,scooped up,591016,1,1.0,12.9318
7,decoder,scooped up,591016,1,0.9985,6.4772
7,decoder,scooped up,591016,1,1.0,9.9959
7,decoder,scooped up,591016,1,0.9997,8.2212
7,decoder,tossed up,82614,1,0.9997,8.1746
7,decoder,tossed up,82614,1,0.9997,8.247
7,decoder,tossed up,82614,1,0.9994,7.3901
7,decoder,tossed up,82614,1,1.0,14.4757
7,decoder,tossed up,82614,1,0.9999,9.854
7,decoder,tossed up,82614,1,0.9956,5.4212
7,decoder,tossed up,82614,1,1.0,10.0664
7,decoder,tossed up,82614,1,0.9995,7.5094
7,decoder,tossed up,82614,1,0.9998,8.6666
7,decoder,tossed up,82614,1,0.9997,8.1567
7,decoder,tossed up,82614,1,0.9996,7.8499
7,decoder,tossed up,82614,1,1.0,9.9552
7,decoder,tossed up,82614,1,1.0,11.4323
7,decoder,tossed up,82614,1,1.0,10.0837
7,decoder,tossed up,82614,1,0.9972,5.8747
7,decoder,tossed up,82614,1,1.0,10.7215
7,decoder,tossed up,82614,1,1.0,11.012
7,decoder,tossed up,82614,1,1.0,11.5779
7,decoder,tossed up,82614,1,0.9993,7.29
7,decoder,tossed up,82614,1,0.9926,4.8999
7,decoder,matching up,346295,1,1.0,10.6122
7,decoder,matching up,346295,1,0.9999,9.3846
7,decoder,matching up,346295,1,1.0,15.1215
7,decoder,matching up,346295,1,1.0,14.3667
7,decoder,matching up,346295,1,0.9998,8.6102
7,decoder,matching up,346295,1,1.0,12.8122
7,decoder,matching up,346295,1,1.0,20.3665
7,decoder,matching up,346295,1,1.0,12.322
7,decoder,matching up,346295,1,1.0,12.4348
7,decoder,matching up,346295,1,1.0,12.0408
7,decoder,matching up,346295,1,1.0,12.7256
7,decoder,matching up,346295,1,1.0,12.3569
7,decoder,matching up,346295,1,1.0,10.3648
7,decoder,matching up,346295,1,1.0,16.928
7,decoder,matching up,346295,1,1.0,15.644
7,decoder,matching up,346295,1,1.0,10.6025
7,decoder,matching up,346295,1,1.0,15.5436
7,decoder,matching up,346295,1,1.0,12.1887
7,decoder,matching up,346295,1,1.0,14.7734
7,decoder,matching up,346295,1,1.0,16.0552
7,decoder,pressed up,180080,1,0.9996,7.7606
7,decoder,pressed up,180080,1,1.0,10.873
7,decoder,pressed up,180080,1,1.0,10.1341
7,decoder,pressed up,180080,1,0.9996,7.9425
7,decoder,pressed up,180080,1,1.0,10.8417
7,decoder,pressed up,180080,1,0.9999,9.2617
7,decoder,pressed up,180080,1,0.9994,7.4041
7,decoder,pressed up,180080,1,1.0,10.902
7,decoder,pressed up,180080,1,1.0,13.4261
7,decoder,pressed up,180080,1,0.9998,8.3481
7,decoder,pressed up,180080,1,0.9996,7.9105
7,decoder,pressed up,180080,1,1.0,10.2851
7,decoder,pressed up,180080,1,0.9999,9.0135
7,decoder,pressed up,180080,1,0.9352,2.6693
7,decoder,pressed up,180080,1,0.9995,7.5961
7,decoder,pressed up,180080,1,1.0,12.634
7,decoder,pressed up,180080,1,1.0,10.7572
7,decoder,pressed up,180080,1,0.9999,9.3404
7,decoder,pressed up,180080,1,1.0,12.0732
7,decoder,pressed up,180080,1,1.0,13.0817
7,decoder,muster up,357386,1,1.0,11.8181
7,decoder,muster up,357386,1,1.0,15.7988
7,decoder,muster up,357386,1,0.9991,6.9962
7,decoder,muster up,357386,1,1.0,16.0426
7,decoder,muster up,357386,1,0.9983,6.3981
7,decoder,muster up,357386,1,1.0,10.2982
7,decoder,muster up,357386,1,1.0,13.5477
7,decoder,muster up,357386,1,1.0,14.0491
7,decoder,muster up,357386,1,1.0,13.8827
7,decoder,muster up,357386,1,1.0,12.8425
7,decoder,muster up,357386,1,1.0,12.7699
7,decoder,muster up,357386,1,1.0,13.1864
7,decoder,muster up,357386,1,1.0,16.4825
7,decoder,muster up,357386,1,0.9999,9.6359
7,decoder,muster up,357386,1,1.0,16.263
7,decoder,muster up,357386,1,1.0,14.5239
7,decoder,muster up,357386,1,1.0,12.4022
7,decoder,muster up,357386,1,1.0,11.9187
7,decoder,muster up,357386,1,1.0,16.3813
7,decoder,muster up,357386,1,0.9999,9.6534
7,decoder,chained up,139310,1,0.9997,8.0247
7,decoder,chained up,139310,1,1.0,14.5977
7,decoder,chained up,139310,1,1.0,12.2791
7,decoder,chained up,139310,1,0.9944,5.1776
7,decoder,chained up,139310,1,1.0,12.1626
7,decoder,chained up,139310,1,0.9969,5.7744
7,decoder,chained up,139310,1,0.9989,6.7899
7,decoder,chained up,139310,1,1.0,13.9725
7,decoder,chained up,139310,1,0.9997,7.9915
7,decoder,chained up,139310,1,1.0,15.1373
7,decoder,chained up,139310,1,0.9817,3.9824
7,decoder,chained up,139310,1,0.9971,5.8502
7,decoder,chained up,139310,1,1.0,13.7936
7,decoder,chained up,139310,1,1.0,10.2823
7,decoder,chained up,139310,1,1.0,13.6814
7,decoder,chained up,139310,1,0.9049,2.2525
7,decoder,chained up,139310,1,1.0,9.9567
7,decoder,chained up,139310,1,0.9989,6.8328
7,decoder,chained up,139310,1,0.9974,5.9581
7,decoder,chained up,139310,1,1.0,14.1748
7,decoder,march up,88680,1,1.0,11.9218
7,decoder,march up,88680,1,1.0,12.6517
7,decoder,march up,88680,1,1.0,13.366
7,decoder,march up,88680,1,1.0,14.851
7,decoder,march up,88680,1,1.0,13.2234
7,decoder,march up,88680,1,1.0,12.6181
7,decoder,march up,88680,1,1.0,10.0296
7,decoder,march up,88680,1,0.9997,8.0262
7,decoder,march up,88680,1,1.0,15.7575
7,decoder,march up,88680,1,1.0,13.9402
7,decoder,march up,88680,1,1.0,14.7913
7,decoder,march up,88680,1,1.0,16.5975
7,decoder,march up,88680,1,1.0,14.1216
7,decoder,march up,88680,1,1.0,13.7336
7,decoder,march up,88680,1,1.0,10.7634
7,decoder,march up,88680,1,0.9999,8.8247
7,decoder,march up,88680,1,1.0,13.6787
7,decoder,march up,88680,1,0.9998,8.534
7,decoder,march up,88680,1,1.0,15.8421
7,decoder,march up,88680,1,1.0,10.4367
7,decoder,dancing up,45764,1,1.0,15.4207
7,decoder,dancing up,45764,1,1.0,11.7272
7,decoder,dancing up,45764,1,1.0,14.4509
7,decoder,dancing up,45764,1,1.0,10.7758
7,decoder,dancing up,45764,1,1.0,12.1862
7,decoder,dancing up,45764,1,1.0,13.8847
7,decoder,dancing up,45764,1,1.0,22.3636
7,decoder,dancing up,45764,1,1.0,15.1017
7,decoder,dancing up,45764,1,1.0,11.7335
7,decoder,dancing up,45764,1,1.0,13.5373
7,decoder,dancing up,45764,1,1.0,11.1537
7,decoder,dancing up,45764,1,1.0,10.9724
7,decoder,dancing up,45764,1,1.0,15.563
7,decoder,dancing up,45764,1,1.0,12.0754
7,decoder,dancing up,45764,1,1.0,14.9853
7,decoder,dancing up,45764,1,1.0,10.2131
7,decoder,dancing up,45764,1,1.0,12.5026
7,decoder,dancing up,45764,1,1.0,10.3775
7,decoder,dancing up,45764,1,1.0,13.3835
7,decoder,dancing up,45764,1,1.0,15.6933
7,decoder,swelled up,158313,1,0.9998,8.762
7,decoder,swelled up,158313,1,1.0,10.3078
7,decoder,swelled up,158313,1,1.0,11.321
7,decoder,swelled up,158313,1,0.9999,9.2895
7,decoder,swelled up,158313,1,1.0,12.0303
7,decoder,swelled up,158313,1,1.0,10.2038
7,decoder,swelled up,158313,1,0.9995,7.6523
7,decoder,swelled up,158313,1,1.0,11.0256
7,decoder,swelled up,158313,1,0.9848,4.1722
7,decoder,swelled up,158313,1,0.9952,5.3437
7,decoder,swelled up,158313,1,0.9289,2.5703
7,decoder,swelled up,158313,1,0.9949,5.2663
7,decoder,swelled up,158313,1,1.0,10.5342
7,decoder,swelled up,158313,1,0.9987,6.6246
7,decoder,swelled up,158313,1,0.9998,8.4385
7,decoder,swelled up,158313,1,0.9871,4.3409
7,decoder,swelled up,158313,1,0.9992,7.1773
7,decoder,swelled up,158313,1,0.9999,9.3282
7,decoder,swelled up,158313,1,0.9986,6.5885
7,decoder,swelled up,158313,1,0.9995,7.6605
7,decoder,messes up,461221,1,0.9991,7.0141
7,decoder,messes up,461221,1,0.9939,5.0963
7,decoder,messes up,461221,1,1.0,11.9334
7,decoder,messes up,461221,1,0.9999,9.7387
7,decoder,messes up,461221,1,1.0,11.6059
7,decoder,messes up,461221,1,0.9899,4.5853
7,decoder,messes up,461221,1,0.9983,6.3833
7,decoder,messes up,461221,1,1.0,10.6228
7,decoder,messes up,461221,1,0.9997,8.025
7,decoder,messes up,461221,1,0.9999,9.8158
7,decoder,messes up,461221,1,0.9999,9.1716
7,decoder,messes up,461221,1,0.9999,9.0604
7,decoder,messes up,461221,1,0.9997,8.0503
7,decoder,messes up,461221,1,0.9954,5.3868
7,decoder,messes up,461221,1,0.9997,8.0154
7,decoder,messes up,461221,1,0.9984,6.4585
7,decoder,messes up,461221,1,1.0,10.1439
7,decoder,messes up,461221,1,1.0,11.0813
7,decoder,messes up,461221,1,0.9984,6.4541
7,decoder,messes up,461221,1,0.9987,6.6386
7,decoder,charged up,420880,1,0.9999,8.8116
7,decoder,charged up,420880,1,0.9989,6.8288
7,decoder,charged up,420880,1,1.0,10.8412
7,decoder,charged up,420880,1,0.9999,9.7395
7,decoder,charged up,420880,1,1.0,11.2319
7,decoder,charged up,420880,1,0.9654,3.329
7,decoder,charged up,420880,1,1.0,11.2084
7,decoder,charged up,420880,1,1.0,11.0064
7,decoder,charged up,420880,1,1.0,11.4724
7,decoder,charged up,420880,1,0.9999,8.8604
7,decoder,charged up,420880,1,0.9999,9.6101
7,decoder,charged up,420880,1,1.0,11.9651
7,decoder,charged up,420880,1,0.9996,7.8984
7,decoder,charged up,420880,1,1.0,11.3307
7,decoder,charged up,420880,1,1.0,12.533
7,decoder,charged up,420880,1,1.0,12.9661
7,decoder,charged up,420880,1,1.0,10.8198
7,decoder,charged up,420880,1,0.9994,7.3649
7,decoder,charged up,420880,1,1.0,12.889
7,decoder,charged up,420880,1,1.0,12.1242
7,decoder,rang up,191187,1,0.999,6.9085
7,decoder,rang up,191187,1,1.0,13.3705
7,decoder,rang up,191187,1,0.9998,8.3829
7,decoder,rang up,191187,1,0.9999,8.8726
7,decoder,rang up,191187,1,1.0,10.0518
7,decoder,rang up,191187,1,1.0,11.2476
7,decoder,rang up,191187,1,1.0,10.9641
7,decoder,rang up,191187,1,1.0,9.9714
7,decoder,rang up,191187,1,1.0,11.0461
7,decoder,rang up,191187,1,1.0,10.9647
7,decoder,rang up,191187,1,0.9999,8.962
7,decoder,rang up,191187,1,1.0,11.4551
7,decoder,rang up,191187,1,1.0,9.926
7,decoder,rang up,191187,1,1.0,10.7602
7,decoder,rang up,191187,1,1.0,13.0611
7,decoder,rang up,191187,1,1.0,15.2019
7,decoder,rang up,191187,1,1.0,12.3925
7,decoder,rang up,191187,1,1.0,9.9211
7,decoder,rang up,191187,1,1.0,10.4062
7,decoder,rang up,191187,1,1.0,9.9807
7,decoder,crops up,348262,1,1.0,10.6406
7,decoder,crops up,348262,1,1.0,11.2135
7,decoder,crops up,348262,1,1.0,12.1693
7,decoder,crops up,348262,1,0.9999,9.7181
7,decoder,crops up,348262,1,1.0,12.5075
7,decoder,crops up,348262,1,1.0,10.3127
7,decoder,crops up,348262,1,0.9966,5.686
7,decoder,crops up,348262,1,0.9979,6.1402
7,decoder,crops up,348262,1,0.9998,8.5137
7,decoder,crops up,348262,1,0.9735,3.6035
7,decoder,crops up,348262,1,0.9691,3.4457
7,decoder,crops up,348262,1,0.9949,5.2731
7,decoder,crops up,348262,1,0.9994,7.4077
7,decoder,crops up,348262,1,0.9985,6.4987
7,decoder,crops up,348262,1,0.9998,8.7058
7,decoder,crops up,348262,1,0.9976,6.0274
7,decoder,crops up,348262,1,0.9644,3.2991
7,decoder,crops up,348262,1,1.0,12.3256
7,decoder,crops up,348262,1,0.9947,5.2294
7,decoder,crops up,348262,1,0.9996,7.8379
7,decoder,amped up,395565,1,1.0,11.6057
7,decoder,amped up,395565,1,0.9996,7.8447
7,decoder,amped up,395565,1,0.9999,9.644
7,decoder,amped up,395565,1,1.0,12.7219
7,decoder,amped up,395565,1,0.9993,7.3007
7,decoder,amped up,395565,1,1.0,15.4642
7,decoder,amped up,395565,1,1.0,11.4961
7,decoder,amped up,395565,1,1.0,13.2272
7,decoder,amped up,395565,1,1.0,11.7607
7,decoder,amped up,395565,1,1.0,12.1681
7,decoder,amped up,395565,1,1.0,15.5234
7,decoder,amped up,395565,1,1.0,16.2727
7,decoder,amped up,395565,1,1.0,12.8738
7,decoder,amped up,395565,1,0.9998,8.7625
7,decoder,amped up,395565,1,1.0,13.6186
7,decoder,amped up,395565,1,1.0,17.8686
7,decoder,amped up,395565,1,1.0,11.213
7,decoder,amped up,395565,1,1.0,14.6111
7,decoder,amped up,395565,1,1.0,15.5401
7,decoder,amped up,395565,1,1.0,16.1913
7,decoder,floated up,101263,1,0.9991,6.982
7,decoder,floated up,101263,1,1.0,10.4336
7,decoder,floated up,101263,1,1.0,11.8273
7,decoder,floated up,101263,1,1.0,12.8764
7,decoder,floated up,101263,1,0.9766,3.7301
7,decoder,floated up,101263,1,0.9999,9.4013
7,decoder,floated up,101263,1,1.0,11.1333
7,decoder,floated up,101263,1,1.0,15.2583
7,decoder,floated up,101263,1,0.9993,7.2208
7,decoder,floated up,101263,1,0.9999,9.7205
7,decoder,floated up,101263,1,1.0,11.6902
7,decoder,floated up,101263,1,1.0,11.5111
7,decoder,floated up,101263,1,1.0,13.1402
7,decoder,floated up,101263,1,1.0,10.7897
7,decoder,floated up,101263,1,1.0,9.982
7,decoder,floated up,101263,1,1.0,10.5981
7,decoder,floated up,101263,1,1.0,13.8159
7,decoder,floated up,101263,1,1.0,10.3008
7,decoder,floated up,101263,1,0.9997,8.2313
7,decoder,floated up,101263,1,0.9997,8.1587
7,decoder,marching up,61364,1,1.0,11.868
7,decoder,marching up,61364,1,1.0,13.0811
7,decoder,marching up,61364,1,0.9999,9.4014
7,decoder,marching up,61364,1,0.9999,9.4816
7,decoder,marching up,61364,1,0.9999,9.635
7,decoder,marching up,61364,1,1.0,12.6449
7,decoder,marching up,61364,1,0.9999,9.5616
7,decoder,marching up,61364,1,1.0,15.6769
7,decoder,marching up,61364,1,1.0,12.286
7,decoder,marching up,61364,1,1.0,12.6088
7,decoder,marching up,61364,1,1.0,14.4845
7,decoder,marching up,61364,1,1.0,12.6278
7,decoder,marching up,61364,1,1.0,13.3776
7,decoder,marching up,61364,1,1.0,13.5309
7,decoder,marching up,61364,1,1.0,10.8686
7,decoder,marching up,61364,1,1.0,15.5175
7,decoder,marching up,61364,1,1.0,11.7838
7,decoder,marching up,61364,1,0.9995,7.6479
7,decoder,marching up,61364,1,1.0,11.2926
7,decoder,marching up,61364,1,0.9997,8.1276
7,decoder,warms up,894115,1,1.0,13.1955
7,decoder,warms up,894115,1,1.0,12.4073
7,decoder,warms up,894115,1,0.9996,7.7147
7,decoder,warms up,894115,1,1.0,12.2607
7,decoder,warms up,894115,1,1.0,13.7479
7,decoder,warms up,894115,1,0.9997,8.0607
7,decoder,warms up,894115,1,0.999,6.8745
7,decoder,warms up,894115,1,0.9976,6.0425
7,decoder,warms up,894115,1,1.0,12.8248
7,decoder,warms up,894115,1,0.9839,4.1151
7,decoder,warms up,894115,1,1.0,10.8651
7,decoder,warms up,894115,1,0.9999,8.8142
7,decoder,warms up,894115,1,1.0,12.6168
7,decoder,warms up,894115,1,0.9994,7.4819
7,decoder,warms up,894115,1,0.9999,9.8782
7,decoder,warms up,894115,1,0.9998,8.4372
7,decoder,warms up,894115,1,0.9981,6.2513
7,decoder,warms up,894115,1,1.0,10.2444
7,decoder,warms up,894115,1,0.9799,3.8868
7,decoder,warms up,894115,1,0.9997,8.2361
7,decoder,buck up,125488,1,1.0,12.6257
7,decoder,buck up,125488,1,1.0,10.6073
7,decoder,buck up,125488,1,1.0,10.2474
7,decoder,buck up,125488,1,1.0,10.6666
7,decoder,buck up,125488,1,0.9999,9.795
7,decoder,buck up,125488,1,1.0,12.0447
7,decoder,buck up,125488,1,0.9994,7.4953
7,decoder,buck up,125488,1,0.9982,6.3405
7,decoder,buck up,125488,1,0.9999,9.2288
7,decoder,buck up,125488,1,0.9993,7.2037
7,decoder,buck up,125488,1,1.0,14.6196
7,decoder,buck up,125488,1,0.9993,7.221
7,decoder,buck up,125488,1,0.9989,6.7996
7,decoder,buck up,125488,1,0.9998,8.5545
7,decoder,buck up,125488,1,1.0,11.0498
7,decoder,buck up,125488,1,1.0,15.0997
7,decoder,buck up,125488,1,0.9992,7.1844
7,decoder,buck up,125488,1,1.0,10.6854
7,decoder,buck up,125488,1,1.0,12.6995
7,decoder,buck up,125488,1,0.9999,9.8764
7,decoder,swallow up,128142,1,0.9999,9.5228
7,decoder,swallow up,128142,1,1.0,12.0103
7,decoder,swallow up,128142,1,0.9999,8.8394
7,decoder,swallow up,128142,1,1.0,11.259
7,decoder,swallow up,128142,1,1.0,12.1209
7,decoder,swallow up,128142,1,0.9999,9.3067
7,decoder,swallow up,128142,1,0.9999,9.1315
7,decoder,swallow up,128142,1,0.9997,8.1325
7,decoder,swallow up,128142,1,0.9999,9.5509
7,decoder,swallow up,128142,1,0.9998,8.385
7,decoder,swallow up,128142,1,0.9999,9.7677
7,decoder,swallow up,128142,1,0.9999,9.279
7,decoder,swallow up,128142,1,0.9997,8.115
7,decoder,swallow up,128142,1,0.9999,8.8992
7,decoder,swallow up,128142,1,1.0,14.9659
7,decoder,swallow up,128142,1,0.9994,7.3658
7,decoder,swallow up,128142,1,1.0,12.8022
7,decoder,swallow up,128142,1,1.0,10.506
7,decoder,swallow up,128142,1,1.0,13.2833
7,decoder,swallow up,128142,1,1.0,13.0585
7,decoder,changing up,334435,1,1.0,13.9373
7,decoder,changing up,334435,1,1.0,14.212
7,decoder,changing up,334435,1,1.0,16.4088
7,decoder,changing up,334435,1,1.0,15.0915
7,decoder,changing up,334435,1,1.0,15.2799
7,decoder,changing up,334435,1,0.9999,9.494
7,decoder,changing up,334435,1,1.0,15.2592
7,decoder,changing up,334435,1,1.0,12.7266
7,decoder,changing up,334435,1,0.9999,9.1068
7,decoder,changing up,334435,1,1.0,14.2122
7,decoder,changing up,334435,1,1.0,11.9381
7,decoder,changing up,334435,1,1.0,11.5243
7,decoder,changing up,334435,1,1.0,17.8988
7,decoder,changing up,334435,1,1.0,12.0238
7,decoder,changing up,334435,1,1.0,17.1672
7,decoder,changing up,334435,1,1.0,19.1919
7,decoder,changing up,334435,1,1.0,12.9792
7,decoder,changing up,334435,1,1.0,15.6747
7,decoder,changing up,334435,1,1.0,13.1427
7,decoder,changing up,334435,1,0.9999,9.7059
7,decoder,chewed up,305184,1,0.9991,7.039
7,decoder,chewed up,305184,1,0.9998,8.4684
7,decoder,chewed up,305184,1,0.9999,9.1097
7,decoder,chewed up,305184,1,0.9988,6.7262
7,decoder,chewed up,305184,1,0.9969,5.7744
7,decoder,chewed up,305184,1,0.9986,6.5862
7,decoder,chewed up,305184,1,0.9995,7.509
7,decoder,chewed up,305184,1,1.0,13.2053
7,decoder,chewed up,305184,1,1.0,15.9594
7,decoder,chewed up,305184,1,0.9991,6.9902
7,decoder,chewed up,305184,1,1.0,10.0324
7,decoder,chewed up,305184,1,0.9999,9.4328
7,decoder,chewed up,305184,1,0.9991,6.9973
7,decoder,chewed up,305184,1,1.0,11.146
7,decoder,chewed up,305184,1,1.0,10.3399
7,decoder,chewed up,305184,1,0.9996,7.8329
7,decoder,chewed up,305184,1,0.9911,4.7128
7,decoder,chewed up,305184,1,1.0,12.2052
7,decoder,chewed up,305184,1,0.9999,8.8192
7,decoder,chewed up,305184,1,0.9873,4.352
7,decoder,stocking up,677535,1,0.9999,9.5753
7,decoder,stocking up,677535,1,0.9991,7.0455
7,decoder,stocking up,677535,1,1.0,10.4068
7,decoder,stocking up,677535,1,1.0,14.2704
7,decoder,stocking up,677535,1,1.0,12.0697
7,decoder,stocking up,677535,1,0.9999,9.4507
7,decoder,stocking up,677535,1,0.9968,5.7481
7,decoder,stocking up,677535,1,0.9581,3.1293
7,decoder,stocking up,677535,1,0.9998,8.3919
7,decoder,stocking up,677535,1,0.9999,9.8909
7,decoder,stocking up,677535,1,1.0,11.1546
7,decoder,stocking up,677535,1,1.0,11.9834
7,decoder,stocking up,677535,1,0.9997,8.1636
7,decoder,stocking up,677535,1,1.0,15.3822
7,decoder,stocking up,677535,1,1.0,10.9256
7,decoder,stocking up,677535,1,1.0,10.952
7,decoder,stocking up,677535,1,0.9818,3.9865
7,decoder,stocking up,677535,1,1.0,10.4189
7,decoder,stocking up,677535,1,0.9998,8.5941
7,decoder,stocking up,677535,1,0.9995,7.6534
7,decoder,ground up,3385876,1,1.0,10.2483
7,decoder,ground up,3385876,1,1.0,10.8031
7,decoder,ground up,3385876,1,0.8481,1.7196
7,decoder,ground up,3385876,1,0.9996,7.9063
7,decoder,ground up,3385876,1,0.999,6.8978
7,decoder,ground up,3385876,1,1.0,11.5195
7,decoder,ground up,3385876,1,0.9986,6.5933
7,decoder,ground up,3385876,1,0.9997,8.0309
7,decoder,ground up,3385876,1,1.0,15.0126
7,decoder,ground up,3385876,1,0.9873,4.3548
7,decoder,ground up,3385876,1,1.0,16.2134
7,decoder,ground up,3385876,1,0.9999,9.7558
7,decoder,ground up,3385876,1,1.0,10.2774
7,decoder,ground up,3385876,1,0.9992,7.0783
7,decoder,ground up,3385876,1,0.9979,6.1836
7,decoder,ground up,3385876,1,0.9999,8.9686
7,decoder,ground up,3385876,1,0.9999,9.1554
7,decoder,ground up,3385876,1,0.9999,9.6348
7,decoder,ground up,3385876,1,0.9893,4.5231
7,decoder,ground up,3385876,1,0.999,6.9008
7,decoder,carved up,150581,1,0.9986,6.5578
7,decoder,carved up,150581,1,1.0,11.2633
7,decoder,carved up,150581,1,1.0,11.9286
7,decoder,carved up,150581,1,0.9495,2.9338
7,decoder,carved up,150581,1,0.9977,6.0539
7,decoder,carved up,150581,1,0.9991,6.9991
7,decoder,carved up,150581,1,0.9984,6.4483
7,decoder,carved up,150581,1,0.9922,4.8449
7,decoder,carved up,150581,1,1.0,12.1589
7,decoder,carved up,150581,1,0.9996,7.7421
7,decoder,carved up,150581,1,1.0,10.634
7,decoder,carved up,150581,1,1.0,14.5589
7,decoder,carved up,150581,1,0.9774,3.7659
7,decoder,carved up,150581,1,0.9996,7.7891
7,decoder,carved up,150581,1,0.9998,8.5634
7,decoder,carved up,150581,1,0.9995,7.5445
7,decoder,carved up,150581,1,0.9999,9.6672
7,decoder,carved up,150581,1,0.9996,7.7442
7,decoder,carved up,150581,1,0.9988,6.7185
7,decoder,carved up,150581,1,0.9998,8.5192
7,decoder,marked up,392731,1,0.6495,0.6168
7,decoder,marked up,392731,1,0.9997,8.1996
7,decoder,marked up,392731,1,0.5178,0.0713
7,decoder,marked up,392731,1,0.9997,8.1534
7,decoder,marked up,392731,1,0.9999,9.4348
7,decoder,marked up,392731,1,0.9999,9.5887
7,decoder,marked up,392731,1,0.9998,8.7254
7,decoder,marked up,392731,1,0.9825,4.0293
7,decoder,marked up,392731,1,0.9896,4.5583
7,decoder,marked up,392731,1,0.9663,3.3561
7,decoder,marked up,392731,1,0.998,6.2254
7,decoder,marked up,392731,1,0.9998,8.3286
7,decoder,marked up,392731,1,0.9682,3.4169
7,decoder,marked up,392731,1,0.9997,8.2924
7,decoder,marked up,392731,1,0.9978,6.1183
7,decoder,marked up,392731,1,0.9743,3.6366
7,decoder,marked up,392731,1,0.9613,3.2128
7,decoder,marked up,392731,1,0.9853,4.2049
7,decoder,marked up,392731,1,0.9407,2.7643
7,decoder,marked up,392731,1,0.9985,6.5171
7,decoder,floating up,97017,1,1.0,10.3187
7,decoder,floating up,97017,1,1.0,10.4452
7,decoder,floating up,97017,1,0.9999,9.3213
7,decoder,floating up,97017,1,1.0,11.5909
7,decoder,floating up,97017,1,1.0,11.3237
7,decoder,floating up,97017,1,0.9998,8.4732
7,decoder,floating up,97017,1,0.9991,6.9935
7,decoder,floating up,97017,1,1.0,10.7845
7,decoder,floating up,97017,1,0.9999,9.2227
7,decoder,floating up,97017,1,1.0,12.3369
7,decoder,floating up,97017,1,0.9988,6.7206
7,decoder,floating up,97017,1,0.9999,9.0374
7,decoder,floating up,97017,1,1.0,12.1853
7,decoder,floating up,97017,1,0.9999,9.4222
7,decoder,floating up,97017,1,0.991,4.6989
7,decoder,floating up,97017,1,0.9997,8.0333
7,decoder,floating up,97017,1,0.9996,7.8216
7,decoder,floating up,97017,1,0.9998,8.3357
7,decoder,floating up,97017,1,0.9999,9.7342
7,decoder,floating up,97017,1,1.0,10.9167
7,decoder,hopped up,218845,1,1.0,12.8548
7,decoder,hopped up,218845,1,1.0,12.1513
7,decoder,hopped up,218845,1,1.0,13.9924
7,decoder,hopped up,218845,1,0.9999,8.8279
7,decoder,hopped up,218845,1,0.9999,9.2232
7,decoder,hopped up,218845,1,1.0,13.1009
7,decoder,hopped up,218845,1,0.9994,7.4208
7,decoder,hopped up,218845,1,0.9989,6.8327
7,decoder,hopped up,218845,1,1.0,10.094
7,decoder,hopped up,218845,1,1.0,11.8537
7,decoder,hopped up,218845,1,1.0,12.5344
7,decoder,hopped up,218845,1,1.0,10.6807
7,decoder,hopped up,218845,1,1.0,11.857
7,decoder,hopped up,218845,1,0.9989,6.7942
7,decoder,hopped up,218845,1,0.9961,5.5514
7,decoder,hopped up,218845,1,1.0,10.704
7,decoder,hopped up,218845,1,0.9998,8.5466
7,decoder,hopped up,218845,1,1.0,11.7454
7,decoder,hopped up,218845,1,0.9999,9.6512
7,decoder,hopped up,218845,1,1.0,12.6253
7,decoder,scrolling up,88192,1,1.0,17.2195
7,decoder,scrolling up,88192,1,1.0,9.9509
7,decoder,scrolling up,88192,1,1.0,17.0799
7,decoder,scrolling up,88192,1,0.996,5.515
7,decoder,scrolling up,88192,1,0.9989,6.826
7,decoder,scrolling up,88192,1,1.0,15.728
7,decoder,scrolling up,88192,1,1.0,11.1084
7,decoder,scrolling up,88192,1,0.9994,7.3746
7,decoder,scrolling up,88192,1,0.9999,9.2699
7,decoder,scrolling up,88192,1,1.0,12.7454
7,decoder,scrolling up,88192,1,1.0,15.9873
7,decoder,scrolling up,88192,1,0.9999,9.4451
7,decoder,scrolling up,88192,1,1.0,15.379
7,decoder,scrolling up,88192,1,1.0,10.1911
7,decoder,scrolling up,88192,1,1.0,15.5721
7,decoder,scrolling up,88192,1,1.0,11.7781
7,decoder,scrolling up,88192,1,1.0,18.1057
7,decoder,scrolling up,88192,1,0.9997,8.2404
7,decoder,scrolling up,88192,1,1.0,16.6572
7,decoder,scrolling up,88192,1,1.0,13.7953
7,decoder,trotted up,30423,1,1.0,12.9561
7,decoder,trotted up,30423,1,1.0,10.9572
7,decoder,trotted up,30423,1,1.0,10.5452
7,decoder,trotted up,30423,1,1.0,11.4041
7,decoder,trotted up,30423,1,1.0,11.5528
7,decoder,trotted up,30423,1,1.0,13.1341
7,decoder,trotted up,30423,1,0.9988,6.7242
7,decoder,trotted up,30423,1,0.9985,6.4864
7,decoder,trotted up,30423,1,0.9999,9.0549
7,decoder,trotted up,30423,1,0.9997,8.0639
7,decoder,trotted up,30423,1,1.0,13.3611
7,decoder,trotted up,30423,1,1.0,11.8556
7,decoder,trotted up,30423,1,1.0,11.5797
7,decoder,trotted up,30423,1,1.0,13.5712
7,decoder,trotted up,30423,1,1.0,11.9863
7,decoder,trotted up,30423,1,0.9969,5.7573
7,decoder,trotted up,30423,1,0.9821,4.0051
7,decoder,trotted up,30423,1,1.0,10.8641
7,decoder,trotted up,30423,1,0.9972,5.8827
7,decoder,trotted up,30423,1,1.0,12.2416
7,decoder,leap up,132588,1,0.997,5.8192
7,decoder,leap up,132588,1,1.0,10.0711
7,decoder,leap up,132588,1,1.0,11.5325
7,decoder,leap up,132588,1,0.9944,5.1846
7,decoder,leap up,132588,1,1.0,10.4409
7,decoder,leap up,132588,1,1.0,11.6617
7,decoder,leap up,132588,1,0.9997,8.1981
7,decoder,leap up,132588,1,0.9999,8.8193
7,decoder,leap up,132588,1,1.0,13.497
7,decoder,leap up,132588,1,1.0,14.8669
7,decoder,leap up,132588,1,1.0,14.2834
7,decoder,leap up,132588,1,1.0,9.988
7,decoder,leap up,132588,1,1.0,10.2441
7,decoder,leap up,132588,1,1.0,13.6409
7,decoder,leap up,132588,1,1.0,10.2664
7,decoder,leap up,132588,1,0.7591,1.148
7,decoder,leap up,132588,1,0.9998,8.6399
7,decoder,leap up,132588,1,0.9995,7.5993
7,decoder,leap up,132588,1,0.749,1.0933
7,decoder,leap up,132588,1,0.9999,9.7217
7,decoder,owned up,167962,1,0.9998,8.4254
7,decoder,owned up,167962,1,1.0,11.0673
7,decoder,owned up,167962,1,0.9998,8.355
7,decoder,owned up,167962,1,1.0,11.2108
7,decoder,owned up,167962,1,0.9999,9.1502
7,decoder,owned up,167962,1,0.9992,7.1327
7,decoder,owned up,167962,1,1.0,10.8668
7,decoder,owned up,167962,1,1.0,17.8926
7,decoder,owned up,167962,1,0.9999,9.7463
7,decoder,owned up,167962,1,1.0,13.6915
7,decoder,owned up,167962,1,1.0,16.1784
7,decoder,owned up,167962,1,0.9998,8.5768
7,decoder,owned up,167962,1,1.0,14.0509
7,decoder,owned up,167962,1,1.0,11.8406
7,decoder,owned up,167962,1,1.0,15.7907
7,decoder,owned up,167962,1,0.9984,6.4535
7,decoder,owned up,167962,1,1.0,10.0801
7,decoder,owned up,167962,1,1.0,11.9317
7,decoder,owned up,167962,1,1.0,16.9693
7,decoder,owned up,167962,1,0.9992,7.0883
7,decoder,pointing up,362443,1,0.9991,7.0195
7,decoder,pointing up,362443,1,0.988,4.414
7,decoder,pointing up,362443,1,0.9918,4.7949
7,decoder,pointing up,362443,1,0.9422,2.791
7,decoder,pointing up,362443,1,0.9957,5.452
7,decoder,pointing up,362443,1,0.9995,7.5726
7,decoder,pointing up,362443,1,0.9996,7.8904
7,decoder,pointing up,362443,1,1.0,11.8771
7,decoder,pointing up,362443,1,0.9983,6.3713
7,decoder,pointing up,362443,1,0.9986,6.5414
7,decoder,pointing up,362443,1,0.9999,9.2067
7,decoder,pointing up,362443,1,0.9227,2.4797
7,decoder,pointing up,362443,1,1.0,11.5184
7,decoder,pointing up,362443,1,1.0,11.1948
7,decoder,pointing up,362443,1,0.942,2.7875
7,decoder,pointing up,362443,1,0.7425,1.0589
7,decoder,pointing up,362443,1,1.0,11.4859
7,decoder,pointing up,362443,1,0.9216,2.4647
7,decoder,pointing up,362443,1,0.9999,9.0415
7,decoder,pointing up,362443,1,0.9993,7.2271
7,decoder,beef up,764319,1,1.0,12.8384
7,decoder,beef up,764319,1,1.0,13.8154
7,decoder,beef up,764319,1,1.0,10.287
7,decoder,beef up,764319,1,1.0,13.4814
7,decoder,beef up,764319,1,1.0,12.6437
7,decoder,beef up,764319,1,1.0,11.1701
7,decoder,beef up,764319,1,0.9999,8.9016
7,decoder,beef up,764319,1,1.0,14.7134
7,decoder,beef up,764319,1,0.9999,9.4288
7,decoder,beef up,764319,1,0.9999,9.2801
7,decoder,beef up,764319,1,0.999,6.8919
7,decoder,beef up,764319,1,1.0,15.3678
7,decoder,beef up,764319,1,0.9999,9.7146
7,decoder,beef up,764319,1,1.0,12.5633
7,decoder,beef up,764319,1,1.0,14.6443
7,decoder,beef up,764319,1,1.0,13.4324
7,decoder,beef up,764319,1,1.0,11.9859
7,decoder,beef up,764319,1,1.0,10.2668
7,decoder,beef up,764319,1,1.0,12.5665
7,decoder,beef up,764319,1,1.0,11.6605
7,decoder,hands up,1210869,1,0.9996,7.9372
7,decoder,hands up,1210869,1,0.9999,9.213
7,decoder,hands up,1210869,1,1.0,12.8713
7,decoder,hands up,1210869,1,0.9997,8.2253
7,decoder,hands up,1210869,1,1.0,11.9498
7,decoder,hands up,1210869,1,0.9999,9.2408
7,decoder,hands up,1210869,1,0.9999,8.9113
7,decoder,hands up,1210869,1,0.9997,8.2749
7,decoder,hands up,1210869,1,1.0,10.2431
7,decoder,hands up,1210869,1,0.9997,8.2615
7,decoder,hands up,1210869,1,0.9995,7.6981
7,decoder,hands up,1210869,1,1.0,11.4324
7,decoder,hands up,1210869,1,1.0,10.2826
7,decoder,hands up,1210869,1,0.9999,9.2121
7,decoder,hands up,1210869,1,1.0,10.7642
7,decoder,hands up,1210869,1,1.0,10.0804
7,decoder,hands up,1210869,1,1.0,11.0496
7,decoder,hands up,1210869,1,1.0,10.4934
7,decoder,hands up,1210869,1,0.9998,8.7646
7,decoder,hands up,1210869,1,0.9999,9.2093
7,decoder,seal up,187258,1,1.0,12.8919
7,decoder,seal up,187258,1,1.0,13.8361
7,decoder,seal up,187258,1,1.0,11.5636
7,decoder,seal up,187258,1,1.0,13.409
7,decoder,seal up,187258,1,0.9998,8.6328
7,decoder,seal up,187258,1,1.0,10.7547
7,decoder,seal up,187258,1,1.0,10.0888
7,decoder,seal up,187258,1,1.0,10.2888
7,decoder,seal up,187258,1,1.0,12.5183
7,decoder,seal up,187258,1,1.0,10.1068
7,decoder,seal up,187258,1,1.0,13.3496
7,decoder,seal up,187258,1,1.0,11.9734
7,decoder,seal up,187258,1,1.0,14.0109
7,decoder,seal up,187258,1,1.0,10.3246
7,decoder,seal up,187258,1,1.0,11.5817
7,decoder,seal up,187258,1,1.0,10.614
7,decoder,seal up,187258,1,0.9983,6.3564
7,decoder,seal up,187258,1,1.0,13.6236
7,decoder,seal up,187258,1,1.0,10.0403
7,decoder,seal up,187258,1,1.0,11.1671
7,decoder,speeded up,252853,1,1.0,10.3402
7,decoder,speeded up,252853,1,1.0,12.8429
7,decoder,speeded up,252853,1,0.9977,6.0682
7,decoder,speeded up,252853,1,0.9987,6.6633
7,decoder,speeded up,252853,1,0.9999,8.8555
7,decoder,speeded up,252853,1,1.0,11.1746
7,decoder,speeded up,252853,1,1.0,13.4411
7,decoder,speeded up,252853,1,1.0,11.1627
7,decoder,speeded up,252853,1,0.9988,6.7526
7,decoder,speeded up,252853,1,1.0,18.0583
7,decoder,speeded up,252853,1,1.0,14.521
7,decoder,speeded up,252853,1,1.0,12.0881
7,decoder,speeded up,252853,1,0.9998,8.353
7,decoder,speeded up,252853,1,1.0,10.8652
7,decoder,speeded up,252853,1,1.0,12.979
7,decoder,speeded up,252853,1,1.0,13.8771
7,decoder,speeded up,252853,1,0.999,6.9328
7,decoder,speeded up,252853,1,1.0,10.9942
7,decoder,speeded up,252853,1,0.9999,9.4562
7,decoder,drifted up,51220,1,0.9981,6.2547
7,decoder,drifted up,51220,1,0.9999,9.483
7,decoder,drifted up,51220,1,1.0,15.9435
7,decoder,drifted up,51220,1,0.9917,4.7773
7,decoder,drifted up,51220,1,1.0,11.4057
7,decoder,drifted up,51220,1,1.0,10.7594
7,decoder,drifted up,51220,1,1.0,10.8358
7,decoder,drifted up,51220,1,1.0,15.5316
7,decoder,drifted up,51220,1,1.0,13.4641
7,decoder,drifted up,51220,1,1.0,12.0245
7,decoder,drifted up,51220,1,1.0,10.9737
7,decoder,drifted up,51220,1,1.0,13.1094
7,decoder,drifted up,51220,1,0.9995,7.5642
7,decoder,drifted up,51220,1,1.0,10.8078
7,decoder,drifted up,51220,1,1.0,10.7563
7,decoder,drifted up,51220,1,0.9999,8.974
7,decoder,drifted up,51220,1,1.0,11.2988
7,decoder,drifted up,51220,1,1.0,10.3539
7,decoder,drifted up,51220,1,1.0,11.8086
7,decoder,float up,154373,1,1.0,11.5405
7,decoder,float up,154373,1,0.9948,5.2516
7,decoder,float up,154373,1,0.9993,7.2108
7,decoder,float up,154373,1,0.9841,4.1268
7,decoder,float up,154373,1,1.0,11.8292
7,decoder,float up,154373,1,1.0,10.2273
7,decoder,float up,154373,1,1.0,10.5252
7,decoder,float up,154373,1,1.0,11.539
7,decoder,float up,154373,1,0.9765,3.7262
7,decoder,float up,154373,1,1.0,14.6435
7,decoder,float up,154373,1,0.9956,5.413
7,decoder,float up,154373,1,0.9997,8.0544
7,decoder,float up,154373,1,0.9999,9.3947
7,decoder,float up,154373,1,0.9997,7.9603
7,decoder,float up,154373,1,0.9994,7.3421
7,decoder,float up,154373,1,1.0,10.4828
7,decoder,float up,154373,1,0.9966,5.6867
7,decoder,float up,154373,1,0.9998,8.3708
7,decoder,float up,154373,1,1.0,12.3719
7,decoder,crank up,502992,1,1.0,10.9346
7,decoder,crank up,502992,1,1.0,11.2386
7,decoder,crank up,502992,1,1.0,14.9941
7,decoder,crank up,502992,1,1.0,10.8125
7,decoder,crank up,502992,1,1.0,13.0526
7,decoder,crank up,502992,1,1.0,12.1382
7,decoder,crank up,502992,1,0.9999,9.8826
7,decoder,crank up,502992,1,1.0,11.8943
7,decoder,crank up,502992,1,1.0,16.7969
7,decoder,crank up,502992,1,1.0,13.4471
7,decoder,crank up,502992,1,0.9999,9.7634
7,decoder,crank up,502992,1,1.0,10.5073
7,decoder,crank up,502992,1,1.0,12.2889
7,decoder,crank up,502992,1,1.0,15.584
7,decoder,crank up,502992,1,1.0,17.3682
7,decoder,crank up,502992,1,1.0,12.6542
7,decoder,crank up,502992,1,1.0,12.4423
7,decoder,crank up,502992,1,1.0,11.1912
7,decoder,crank up,502992,1,1.0,13.4984
7,decoder,wandered up,86039,1,1.0,12.9491
7,decoder,wandered up,86039,1,1.0,13.2044
7,decoder,wandered up,86039,1,1.0,10.6332
7,decoder,wandered up,86039,1,1.0,9.9379
7,decoder,wandered up,86039,1,0.9996,7.7241
7,decoder,wandered up,86039,1,1.0,9.9888
7,decoder,wandered up,86039,1,0.9999,8.8966
7,decoder,wandered up,86039,1,0.9988,6.7379
7,decoder,wandered up,86039,1,1.0,10.0001
7,decoder,wandered up,86039,1,1.0,13.5973
7,decoder,wandered up,86039,1,1.0,10.1735
7,decoder,wandered up,86039,1,1.0,12.2833
7,decoder,wandered up,86039,1,0.9999,9.6472
7,decoder,wandered up,86039,1,1.0,12.531
7,decoder,wandered up,86039,1,0.9928,4.9236
7,decoder,wandered up,86039,1,1.0,11.8974
7,decoder,wandered up,86039,1,1.0,10.4919
7,decoder,wandered up,86039,1,0.9996,7.8182
7,decoder,wandered up,86039,1,1.0,11.4367
7,decoder,toughen up,168827,1,1.0,10.6597
7,decoder,toughen up,168827,1,1.0,12.5366
7,decoder,toughen up,168827,1,0.9957,5.4482
7,decoder,toughen up,168827,1,0.9888,4.4778
7,decoder,toughen up,168827,1,1.0,14.4482
7,decoder,toughen up,168827,1,1.0,11.0727
7,decoder,toughen up,168827,1,1.0,11.1428
7,decoder,toughen up,168827,1,1.0,11.6672
7,decoder,toughen up,168827,1,0.9998,8.4946
7,decoder,toughen up,168827,1,1.0,10.4874
7,decoder,toughen up,168827,1,0.9999,9.0127
7,decoder,toughen up,168827,1,0.9951,5.3186
7,decoder,toughen up,168827,1,1.0,11.9371
7,decoder,toughen up,168827,1,0.9981,6.2572
7,decoder,toughen up,168827,1,0.9981,6.2466
7,decoder,toughen up,168827,1,0.9886,4.4595
7,decoder,toughen up,168827,1,1.0,17.9682
7,decoder,toughen up,168827,1,0.9998,8.5491
7,decoder,toughen up,168827,1,1.0,12.0078
7,decoder,fixing up,371857,1,1.0,10.0926
7,decoder,fixing up,371857,1,1.0,16.225
7,decoder,fixing up,371857,1,1.0,10.4376
7,decoder,fixing up,371857,1,0.9982,6.3125
7,decoder,fixing up,371857,1,0.9996,7.8272
7,decoder,fixing up,371857,1,1.0,12.9228
7,decoder,fixing up,371857,1,1.0,12.9233
7,decoder,fixing up,371857,1,1.0,13.7945
7,decoder,fixing up,371857,1,1.0,13.0979
7,decoder,fixing up,371857,1,1.0,15.5788
7,decoder,fixing up,371857,1,1.0,13.3529
7,decoder,fixing up,371857,1,1.0,12.9225
7,decoder,fixing up,371857,1,0.9996,7.7235
7,decoder,fixing up,371857,1,1.0,15.0916
7,decoder,fixing up,371857,1,0.996,5.5252
7,decoder,fixing up,371857,1,1.0,12.8488
7,decoder,fixing up,371857,1,1.0,11.3567
7,decoder,fixing up,371857,1,0.9998,8.6706
7,decoder,fixing up,371857,1,1.0,12.9127
7,decoder,hitch up,50177,1,1.0,10.5724
7,decoder,hitch up,50177,1,1.0,12.864
7,decoder,hitch up,50177,1,0.9999,9.5601
7,decoder,hitch up,50177,1,1.0,18.6603
7,decoder,hitch up,50177,1,1.0,14.4539
7,decoder,hitch up,50177,1,1.0,13.812
7,decoder,hitch up,50177,1,1.0,12.8158
7,decoder,hitch up,50177,1,1.0,13.7391
7,decoder,hitch up,50177,1,1.0,11.1307
7,decoder,hitch up,50177,1,1.0,14.1335
7,decoder,hitch up,50177,1,0.9999,9.8992
7,decoder,hitch up,50177,1,0.9999,9.3841
7,decoder,hitch up,50177,1,1.0,14.3946
7,decoder,hitch up,50177,1,1.0,11.2631
7,decoder,hitch up,50177,1,1.0,14.3695
7,decoder,hitch up,50177,1,1.0,14.7082
7,decoder,hitch up,50177,1,1.0,14.8771
7,decoder,hitch up,50177,1,0.9998,8.3849
7,decoder,hitch up,50177,1,0.9979,6.1708
7,decoder,leveled up,265857,1,0.9995,7.5447
7,decoder,leveled up,265857,1,0.9932,4.9885
7,decoder,leveled up,265857,1,0.9991,7.0006
7,decoder,leveled up,265857,1,1.0,11.0599
7,decoder,leveled up,265857,1,0.9994,7.4684
7,decoder,leveled up,265857,1,0.9984,6.4567
7,decoder,leveled up,265857,1,0.9999,9.1827
7,decoder,leveled up,265857,1,1.0,10.167
7,decoder,leveled up,265857,1,0.9995,7.5205
7,decoder,leveled up,265857,1,0.9999,9.6044
7,decoder,leveled up,265857,1,1.0,10.5987
7,decoder,leveled up,265857,1,1.0,13.7192
7,decoder,leveled up,265857,1,0.9857,4.2317
7,decoder,leveled up,265857,1,0.9998,8.7245
7,decoder,leveled up,265857,1,0.9998,8.6195
7,decoder,leveled up,265857,1,1.0,11.947
7,decoder,leveled up,265857,1,0.9999,8.8792
7,decoder,leveled up,265857,1,0.999,6.9055
7,decoder,leveled up,265857,1,0.9868,4.3109
7,decoder,dividing up,165005,1,1.0,12.6833
7,decoder,dividing up,165005,1,1.0,15.01
7,decoder,dividing up,165005,1,1.0,13.8541
7,decoder,dividing up,165005,1,1.0,12.3173
7,decoder,dividing up,165005,1,1.0,15.6202
7,decoder,dividing up,165005,1,1.0,10.1161
7,decoder,dividing up,165005,1,1.0,14.4225
7,decoder,dividing up,165005,1,1.0,10.0379
7,decoder,dividing up,165005,1,1.0,10.369
7,decoder,dividing up,165005,1,1.0,15.1785
7,decoder,dividing up,165005,1,1.0,12.2878
7,decoder,dividing up,165005,1,1.0,11.4687
7,decoder,dividing up,165005,1,0.9999,9.2952
7,decoder,dividing up,165005,1,1.0,12.1604
7,decoder,dividing up,165005,1,1.0,11.6081
7,decoder,dividing up,165005,1,1.0,14.4068
7,decoder,dividing up,165005,1,0.999,6.9207
7,decoder,dividing up,165005,1,1.0,11.0466
7,decoder,dividing up,165005,1,0.9999,9.7922
7,decoder,rig up,147394,1,0.9999,9.8548
7,decoder,rig up,147394,1,1.0,20.8304
7,decoder,rig up,147394,1,0.9998,8.5169
7,decoder,rig up,147394,1,0.9998,8.422
7,decoder,rig up,147394,1,0.9994,7.4079
7,decoder,rig up,147394,1,0.9999,9.8385
7,decoder,rig up,147394,1,1.0,13.6236
7,decoder,rig up,147394,1,1.0,10.4882
7,decoder,rig up,147394,1,1.0,13.7915
7,decoder,rig up,147394,1,1.0,9.9331
7,decoder,rig up,147394,1,1.0,11.7597
7,decoder,rig up,147394,1,0.9999,9.0146
7,decoder,rig up,147394,1,1.0,10.9434
7,decoder,rig up,147394,1,1.0,11.9542
7,decoder,rig up,147394,1,1.0,13.4641
7,decoder,rig up,147394,1,1.0,12.9898
7,decoder,rig up,147394,1,0.9999,9.7637
7,decoder,rig up,147394,1,1.0,13.2215
7,decoder,rig up,147394,1,1.0,13.9994
7,decoder,raising up,211556,1,1.0,16.0103
7,decoder,raising up,211556,1,1.0,14.8841
7,decoder,raising up,211556,1,1.0,15.0673
7,decoder,raising up,211556,1,0.9982,6.3188
7,decoder,raising up,211556,1,1.0,12.2529
7,decoder,raising up,211556,1,1.0,15.3877
7,decoder,raising up,211556,1,0.9989,6.835
7,decoder,raising up,211556,1,1.0,15.4726
7,decoder,raising up,211556,1,1.0,11.7428
7,decoder,raising up,211556,1,0.9999,9.1149
7,decoder,raising up,211556,1,0.9998,8.5817
7,decoder,raising up,211556,1,0.9998,8.6842
7,decoder,raising up,211556,1,1.0,13.6279
7,decoder,raising up,211556,1,1.0,14.5606
7,decoder,raising up,211556,1,1.0,15.0393
7,decoder,raising up,211556,1,1.0,12.9006
7,decoder,raising up,211556,1,1.0,11.1317
7,decoder,raising up,211556,1,1.0,14.344
7,decoder,raising up,211556,1,1.0,10.8216
7,decoder,mounted up,104214,1,1.0,12.3705
7,decoder,mounted up,104214,1,0.9998,8.4662
7,decoder,mounted up,104214,1,0.9995,7.5316
7,decoder,mounted up,104214,1,0.9993,7.2691
7,decoder,mounted up,104214,1,1.0,9.9135
7,decoder,mounted up,104214,1,1.0,15.9248
7,decoder,mounted up,104214,1,0.9981,6.2905
7,decoder,mounted up,104214,1,1.0,12.8818
7,decoder,mounted up,104214,1,0.9992,7.143
7,decoder,mounted up,104214,1,0.9999,9.6755
7,decoder,mounted up,104214,1,1.0,14.8018
7,decoder,mounted up,104214,1,0.9998,8.6028
7,decoder,mounted up,104214,1,1.0,12.9198
7,decoder,mounted up,104214,1,1.0,14.5695
7,decoder,mounted up,104214,1,1.0,11.6671
7,decoder,mounted up,104214,1,0.9994,7.3613
7,decoder,mounted up,104214,1,1.0,12.7964
7,decoder,mounted up,104214,1,0.9998,8.6318
7,decoder,mounted up,104214,1,0.9998,8.798
7,decoder,leveling up,571545,1,0.9997,8.1002
7,decoder,leveling up,571545,1,0.997,5.7924
7,decoder,leveling up,571545,1,1.0,12.4066
7,decoder,leveling up,571545,1,1.0,13.1084
7,decoder,leveling up,571545,1,0.9924,4.8654
7,decoder,leveling up,571545,1,1.0,10.4835
7,decoder,leveling up,571545,1,0.997,5.8029
7,decoder,leveling up,571545,1,0.9915,4.7639
7,decoder,leveling up,571545,1,0.9997,7.9876
7,decoder,leveling up,571545,1,1.0,12.0322
7,decoder,leveling up,571545,1,1.0,11.9575
7,decoder,leveling up,571545,1,1.0,10.5871
7,decoder,leveling up,571545,1,0.9999,9.6722
7,decoder,leveling up,571545,1,0.9997,8.1724
7,decoder,leveling up,571545,1,1.0,11.4755
7,decoder,leveling up,571545,1,1.0,11.8892
7,decoder,leveling up,571545,1,0.9996,7.8925
7,decoder,leveling up,571545,1,1.0,12.4939
7,decoder,leveling up,571545,1,1.0,11.0659
7,decoder,mark up,483652,1,0.9992,7.1714
7,decoder,mark up,483652,1,0.9999,9.2266
7,decoder,mark up,483652,1,1.0,10.5357
7,decoder,mark up,483652,1,0.946,2.8626
7,decoder,mark up,483652,1,0.9983,6.3942
7,decoder,mark up,483652,1,0.9995,7.7005
7,decoder,mark up,483652,1,0.9998,8.754
7,decoder,mark up,483652,1,0.9986,6.5953
7,decoder,mark up,483652,1,0.9978,6.1032
7,decoder,mark up,483652,1,1.0,12.5402
7,decoder,mark up,483652,1,0.9989,6.8165
7,decoder,mark up,483652,1,0.9953,5.346
7,decoder,mark up,483652,1,0.9998,8.3348
7,decoder,mark up,483652,1,1.0,9.9447
7,decoder,mark up,483652,1,0.9975,5.992
7,decoder,mark up,483652,1,0.9997,8.0258
7,decoder,mark up,483652,1,0.9983,6.3995
7,decoder,mark up,483652,1,0.9999,9.0804
7,decoder,mark up,483652,1,1.0,10.5175
7,decoder,said up,226514,1,1.0,13.2029
7,decoder,said up,226514,1,1.0,9.9209
7,decoder,said up,226514,1,1.0,13.6465
7,decoder,said up,226514,1,1.0,14.2141
7,decoder,said up,226514,1,1.0,20.1092
7,decoder,said up,226514,1,1.0,10.4993
7,decoder,said up,226514,1,1.0,10.0379
7,decoder,said up,226514,1,0.9993,7.3021
7,decoder,said up,226514,1,1.0,12.7739
7,decoder,said up,226514,1,1.0,10.1135
7,decoder,said up,226514,1,1.0,17.5792
7,decoder,said up,226514,1,1.0,13.7156
7,decoder,said up,226514,1,1.0,10.3864
7,decoder,said up,226514,1,1.0,14.8986
7,decoder,said up,226514,1,1.0,10.5787
7,decoder,said up,226514,1,1.0,12.0064
7,decoder,said up,226514,1,0.9999,9.7564
7,decoder,said up,226514,1,1.0,10.8432
7,decoder,said up,226514,1,1.0,14.1653
7,decoder,wait up,302474,1,1.0,9.9889
7,decoder,wait up,302474,1,1.0,18.4498
7,decoder,wait up,302474,1,1.0,17.3887
7,decoder,wait up,302474,1,1.0,19.0567
7,decoder,wait up,302474,1,0.9983,6.4
7,decoder,wait up,302474,1,1.0,16.3624
7,decoder,wait up,302474,1,1.0,15.0425
7,decoder,wait up,302474,1,0.9992,7.1171
7,decoder,wait up,302474,1,0.9997,8.1632
7,decoder,wait up,302474,1,0.9997,8.1305
7,decoder,wait up,302474,1,0.9998,8.3894
7,decoder,wait up,302474,1,0.9993,7.2061
7,decoder,wait up,302474,1,1.0,12.3181
7,decoder,wait up,302474,1,1.0,12.9326
7,decoder,wait up,302474,1,1.0,18.4624
7,decoder,wait up,302474,1,1.0,17.4566
7,decoder,wait up,302474,1,0.9992,7.1645
7,decoder,wait up,302474,1,1.0,12.2887
7,decoder,wait up,302474,1,0.9998,8.4718
7,decoder,trip up,864453,1,1.0,12.3139
7,decoder,trip up,864453,1,0.9997,7.9785
7,decoder,trip up,864453,1,1.0,13.1103
7,decoder,trip up,864453,1,1.0,15.6883
7,decoder,trip up,864453,1,1.0,12.2308
7,decoder,trip up,864453,1,0.9999,9.657
7,decoder,trip up,864453,1,0.9999,9.7199
7,decoder,trip up,864453,1,1.0,13.5361
7,decoder,trip up,864453,1,0.9983,6.4022
7,decoder,trip up,864453,1,1.0,13.259
7,decoder,trip up,864453,1,0.9999,9.4829
7,decoder,trip up,864453,1,1.0,10.4748
7,decoder,trip up,864453,1,0.9998,8.7991
7,decoder,trip up,864453,1,1.0,18.5247
7,decoder,trip up,864453,1,1.0,16.2456
7,decoder,trip up,864453,1,1.0,14.1856
7,decoder,trip up,864453,1,1.0,14.0951
7,decoder,trip up,864453,1,1.0,11.3128
7,decoder,trip up,864453,1,1.0,16.4695
7,decoder,stopped up,137036,1,0.6076,0.4372
7,decoder,stopped up,137036,1,1.0,10.5418
7,decoder,stopped up,137036,1,0.9986,6.5591
7,decoder,stopped up,137036,1,1.0,10.7786
7,decoder,stopped up,137036,1,0.9708,3.5043
7,decoder,stopped up,137036,1,1.0,11.7507
7,decoder,stopped up,137036,1,0.9993,7.2303
7,decoder,stopped up,137036,1,1.0,11.7567
7,decoder,stopped up,137036,1,0.9937,5.0583
7,decoder,stopped up,137036,1,0.969,3.4433
7,decoder,stopped up,137036,1,0.9813,3.9622
7,decoder,stopped up,137036,1,1.0,12.4535
7,decoder,stopped up,137036,1,0.9994,7.4129
7,decoder,stopped up,137036,1,0.9999,9.2147
7,decoder,stopped up,137036,1,0.9302,2.5901
7,decoder,stopped up,137036,1,0.9942,5.1411
7,decoder,stopped up,137036,1,1.0,10.1605
7,decoder,stopped up,137036,1,0.9955,5.4043
7,decoder,stopped up,137036,1,1.0,11.6467
7,decoder,rip up,204205,1,1.0,13.3515
7,decoder,rip up,204205,1,1.0,12.2706
7,decoder,rip up,204205,1,0.9951,5.3165
7,decoder,rip up,204205,1,1.0,10.2059
7,decoder,rip up,204205,1,0.9999,9.389
7,decoder,rip up,204205,1,0.9967,5.7118
7,decoder,rip up,204205,1,1.0,17.3933
7,decoder,rip up,204205,1,1.0,16.0952
7,decoder,rip up,204205,1,0.9998,8.3418
7,decoder,rip up,204205,1,1.0,11.1828
7,decoder,rip up,204205,1,0.9975,5.9783
7,decoder,rip up,204205,1,0.9999,9.043
7,decoder,rip up,204205,1,0.9998,8.6695
7,decoder,rip up,204205,1,0.9978,6.1331
7,decoder,rip up,204205,1,0.963,3.2579
7,decoder,rip up,204205,1,0.9997,8.1787
7,decoder,rip up,204205,1,1.0,10.5121
7,decoder,rip up,204205,1,1.0,10.3355
7,decoder,rip up,204205,1,0.9994,7.3956
7,decoder,sucks up,0,1,1.0,12.4797
7,decoder,sucks up,0,1,1.0,10.6749
7,decoder,sucks up,0,1,0.9999,9.0342
7,decoder,sucks up,0,1,0.9979,6.1845
7,decoder,sucks up,0,1,1.0,12.0626
7,decoder,sucks up,0,1,0.9988,6.6884
7,decoder,sucks up,0,1,1.0,10.8265
7,decoder,sucks up,0,1,1.0,9.9938
7,decoder,sucks up,0,1,0.9999,8.8505
7,decoder,sucks up,0,1,1.0,10.4309
7,decoder,sucks up,0,1,1.0,13.3652
7,decoder,sucks up,0,1,1.0,12.1213
7,decoder,sucks up,0,1,1.0,10.5733
7,decoder,sucks up,0,1,1.0,11.2726
7,decoder,sucks up,0,1,1.0,12.3967
7,decoder,sucks up,0,1,0.993,4.9552
7,decoder,sucks up,0,1,1.0,10.651
7,decoder,sucks up,0,1,1.0,12.7937
7,decoder,sucks up,0,1,1.0,12.0968
7,decoder,trumped up,161888,1,0.9982,6.2929
7,decoder,trumped up,161888,1,1.0,10.8023
7,decoder,trumped up,161888,1,1.0,11.0521
7,decoder,trumped up,161888,1,1.0,11.8468
7,decoder,trumped up,161888,1,1.0,11.2904
7,decoder,trumped up,161888,1,0.9999,9.0242
7,decoder,trumped up,161888,1,1.0,10.2571
7,decoder,trumped up,161888,1,1.0,10.1773
7,decoder,trumped up,161888,1,1.0,11.3547
7,decoder,trumped up,161888,1,1.0,12.106
7,decoder,trumped up,161888,1,0.9999,9.5264
7,decoder,trumped up,161888,1,1.0,12.9304
7,decoder,trumped up,161888,1,1.0,10.0288
7,decoder,trumped up,161888,1,0.9999,9.3439
7,decoder,trumped up,161888,1,1.0,15.911
7,decoder,trumped up,161888,1,0.9994,7.4922
7,decoder,trumped up,161888,1,1.0,12.5326
7,decoder,trumped up,161888,1,0.9999,9.5967
7,decoder,trumped up,161888,1,0.9984,6.4477
7,decoder,amp up,421546,1,1.0,14.6537
7,decoder,amp up,421546,1,1.0,12.7377
7,decoder,amp up,421546,1,1.0,18.6006
7,decoder,amp up,421546,1,1.0,13.2391
7,decoder,amp up,421546,1,1.0,17.9554
7,decoder,amp up,421546,1,1.0,15.3976
7,decoder,amp up,421546,1,1.0,10.643
7,decoder,amp up,421546,1,1.0,16.6909
7,decoder,amp up,421546,1,1.0,15.3208
7,decoder,amp up,421546,1,0.9999,9.4193
7,decoder,amp up,421546,1,1.0,17.0202
7,decoder,amp up,421546,1,1.0,18.3045
7,decoder,amp up,421546,1,1.0,15.3215
7,decoder,amp up,421546,1,1.0,14.9555
7,decoder,amp up,421546,1,1.0,16.3357
7,decoder,amp up,421546,1,1.0,12.4839
7,decoder,amp up,421546,1,1.0,10.8701
7,decoder,amp up,421546,1,1.0,15.8151
7,decoder,amp up,421546,1,1.0,16.5263
7,decoder,teared up,280184,1,1.0,12.8634
7,decoder,teared up,280184,1,1.0,11.6328
7,decoder,teared up,280184,1,0.9997,8.0628
7,decoder,teared up,280184,1,1.0,10.8829
7,decoder,teared up,280184,1,1.0,11.6066
7,decoder,teared up,280184,1,0.9999,8.87
7,decoder,teared up,280184,1,1.0,10.2724
7,decoder,teared up,280184,1,1.0,10.4129
7,decoder,teared up,280184,1,0.9987,6.6094
7,decoder,teared up,280184,1,0.9999,9.6279
7,decoder,teared up,280184,1,0.9944,5.1854
7,decoder,teared up,280184,1,1.0,10.275
7,decoder,teared up,280184,1,0.9606,3.1948
7,decoder,teared up,280184,1,1.0,11.1414
7,decoder,teared up,280184,1,0.9999,8.8052
7,decoder,teared up,280184,1,0.9999,9.5252
7,decoder,teared up,280184,1,1.0,12.0932
7,decoder,teared up,280184,1,0.9999,8.9386
7,decoder,teared up,280184,1,1.0,10.5157
7,decoder,laying up,69966,1,0.9989,6.7708
7,decoder,laying up,69966,1,0.9999,9.4725
7,decoder,laying up,69966,1,1.0,10.2403
7,decoder,laying up,69966,1,0.9675,3.3943
7,decoder,laying up,69966,1,0.9984,6.4075
7,decoder,laying up,69966,1,0.9996,7.8623
7,decoder,laying up,69966,1,0.9978,6.0966
7,decoder,laying up,69966,1,0.9999,9.2184
7,decoder,laying up,69966,1,1.0,12.5483
7,decoder,laying up,69966,1,1.0,10.8014
7,decoder,laying up,69966,1,1.0,9.9179
7,decoder,laying up,69966,1,0.9998,8.6524
7,decoder,laying up,69966,1,0.9359,2.6814
7,decoder,laying up,69966,1,0.9954,5.3709
7,decoder,laying up,69966,1,0.9998,8.5463
7,decoder,laying up,69966,1,1.0,13.8513
7,decoder,laying up,69966,1,1.0,10.8219
7,decoder,laying up,69966,1,0.9999,9.7951
7,decoder,laying up,69966,1,1.0,12.3697
7,decoder,checking up,290772,1,0.9931,4.9667
7,decoder,checking up,290772,1,1.0,11.622
7,decoder,checking up,290772,1,0.9997,8.1001
7,decoder,checking up,290772,1,0.9941,5.1313
7,decoder,checking up,290772,1,1.0,10.6409
7,decoder,checking up,290772,1,0.9954,5.3856
7,decoder,checking up,290772,1,1.0,9.9687
7,decoder,checking up,290772,1,0.9998,8.7841
7,decoder,checking up,290772,1,1.0,10.2851
7,decoder,checking up,290772,1,0.9947,5.2271
7,decoder,checking up,290772,1,0.9998,8.6801
7,decoder,checking up,290772,1,1.0,11.7474
7,decoder,checking up,290772,1,1.0,9.9201
7,decoder,checking up,290772,1,0.9997,8.0403
7,decoder,checking up,290772,1,0.9839,4.1136
7,decoder,checking up,290772,1,1.0,11.8228
7,decoder,checking up,290772,1,1.0,11.1542
7,decoder,checking up,290772,1,0.9994,7.5009
7,decoder,checking up,290772,1,0.9996,7.9128
7,decoder,works up,256747,1,1.0,10.1689
7,decoder,works up,256747,1,0.9935,5.0348
7,decoder,works up,256747,1,1.0,15.2482
7,decoder,works up,256747,1,1.0,15.4616
7,decoder,works up,256747,1,1.0,11.2965
7,decoder,works up,256747,1,1.0,11.8882
7,decoder,works up,256747,1,0.9996,7.872
7,decoder,works up,256747,1,0.9975,5.9851
7,decoder,works up,256747,1,1.0,11.6982
7,decoder,works up,256747,1,1.0,10.2441
7,decoder,works up,256747,1,0.9999,9.725
7,decoder,works up,256747,1,1.0,12.1044
7,decoder,works up,256747,1,1.0,10.4726
7,decoder,works up,256747,1,0.9999,9.0024
7,decoder,works up,256747,1,0.9942,5.1444
7,decoder,works up,256747,1,0.9999,9.5785
7,decoder,works up,256747,1,0.9998,8.7329
7,decoder,works up,256747,1,1.0,15.068
7,decoder,works up,256747,1,0.996,5.5291
7,decoder,folding up,75155,1,0.9999,8.9134
7,decoder,folding up,75155,1,1.0,11.159
7,decoder,folding up,75155,1,1.0,13.601
7,decoder,folding up,75155,1,1.0,12.0719
7,decoder,folding up,75155,1,1.0,12.654
7,decoder,folding up,75155,1,0.9885,4.4495
7,decoder,folding up,75155,1,0.9995,7.5948
7,decoder,folding up,75155,1,1.0,11.2629
7,decoder,folding up,75155,1,1.0,13.0581
7,decoder,folding up,75155,1,1.0,12.207
7,decoder,folding up,75155,1,1.0,10.3412
7,decoder,folding up,75155,1,0.9998,8.35
7,decoder,folding up,75155,1,1.0,13.4575
7,decoder,folding up,75155,1,0.9998,8.4048
7,decoder,folding up,75155,1,0.9993,7.3166
7,decoder,folding up,75155,1,1.0,11.6457
7,decoder,folding up,75155,1,0.9999,9.4006
7,decoder,folding up,75155,1,1.0,9.9803
7,decoder,folding up,75155,1,0.9999,9.1941
7,decoder,blaze up,14154,1,1.0,11.1952
7,decoder,blaze up,14154,1,0.9918,4.7953
7,decoder,blaze up,14154,1,1.0,12.1011
7,decoder,blaze up,14154,1,0.9999,9.029
7,decoder,blaze up,14154,1,0.9996,7.8225
7,decoder,blaze up,14154,1,0.9988,6.7562
7,decoder,blaze up,14154,1,0.9995,7.6981
7,decoder,blaze up,14154,1,0.9949,5.2828
7,decoder,blaze up,14154,1,0.9996,7.7718
7,decoder,blaze up,14154,1,0.9999,9.8531
7,decoder,blaze up,14154,1,1.0,10.4033
7,decoder,blaze up,14154,1,0.9996,7.8303
7,decoder,blaze up,14154,1,1.0,12.2166
7,decoder,blaze up,14154,1,0.9756,3.6874
7,decoder,blaze up,14154,1,0.9999,9.6902
7,decoder,blaze up,14154,1,0.9866,4.2994
7,decoder,blaze up,14154,1,0.9998,8.5188
7,decoder,blaze up,14154,1,1.0,12.0568
7,decoder,blaze up,14154,1,1.0,12.7698
7,decoder,tidy up,827398,1,1.0,11.1457
7,decoder,tidy up,827398,1,1.0,10.6774
7,decoder,tidy up,827398,1,1.0,10.3954
7,decoder,tidy up,827398,1,0.9968,5.7516
7,decoder,tidy up,827398,1,0.9999,8.8158
7,decoder,tidy up,827398,1,1.0,11.0498
7,decoder,tidy up,827398,1,0.9999,9.2954
7,decoder,tidy up,827398,1,1.0,14.5279
7,decoder,tidy up,827398,1,1.0,10.5031
7,decoder,tidy up,827398,1,0.9981,6.281
7,decoder,tidy up,827398,1,1.0,11.3163
7,decoder,tidy up,827398,1,0.9999,9.3809
7,decoder,tidy up,827398,1,0.9992,7.1805
7,decoder,tidy up,827398,1,0.9999,9.5302
7,decoder,tidy up,827398,1,0.9998,8.4462
7,decoder,tidy up,827398,1,1.0,11.4621
7,decoder,tidy up,827398,1,0.9901,4.6085
7,decoder,tidy up,827398,1,0.9999,9.4164
7,decoder,tidy up,827398,1,0.9998,8.5638
7,decoder,leaping up,71314,1,1.0,10.4332
7,decoder,leaping up,71314,1,1.0,10.5644
7,decoder,leaping up,71314,1,1.0,10.855
7,decoder,leaping up,71314,1,1.0,12.0947
7,decoder,leaping up,71314,1,0.9999,9.7157
7,decoder,leaping up,71314,1,0.9994,7.4914
7,decoder,leaping up,71314,1,0.9998,8.3993
7,decoder,leaping up,71314,1,0.9999,9.9024
7,decoder,leaping up,71314,1,1.0,10.508
7,decoder,leaping up,71314,1,0.9999,8.9512
7,decoder,leaping up,71314,1,1.0,10.0321
7,decoder,leaping up,71314,1,0.9959,5.4932
7,decoder,leaping up,71314,1,1.0,10.6244
7,decoder,leaping up,71314,1,0.9999,9.834
7,decoder,leaping up,71314,1,1.0,10.2616
7,decoder,leaping up,71314,1,1.0,14.4601
7,decoder,leaping up,71314,1,1.0,12.4301
7,decoder,leaping up,71314,1,1.0,12.2014
7,decoder,leaping up,71314,1,0.9994,7.4741
7,decoder,divvy up,132036,1,1.0,14.0796
7,decoder,divvy up,132036,1,1.0,13.5905
7,decoder,divvy up,132036,1,1.0,11.7412
7,decoder,divvy up,132036,1,1.0,14.3854
7,decoder,divvy up,132036,1,1.0,15.6869
7,decoder,divvy up,132036,1,1.0,12.4923
7,decoder,divvy up,132036,1,1.0,11.8188
7,decoder,divvy up,132036,1,1.0,17.27
7,decoder,divvy up,132036,1,1.0,19.0092
7,decoder,divvy up,132036,1,1.0,12.733
7,decoder,divvy up,132036,1,1.0,15.6345
7,decoder,divvy up,132036,1,1.0,12.7836
7,decoder,divvy up,132036,1,1.0,14.0491
7,decoder,divvy up,132036,1,1.0,15.0297
7,decoder,divvy up,132036,1,1.0,14.1593
7,decoder,divvy up,132036,1,1.0,12.2106
7,decoder,divvy up,132036,1,0.9995,7.6263
7,decoder,divvy up,132036,1,1.0,13.3152
7,decoder,sweeping up,149822,1,1.0,10.1206
7,decoder,sweeping up,149822,1,1.0,10.3143
7,decoder,sweeping up,149822,1,1.0,10.7346
7,decoder,sweeping up,149822,1,1.0,12.6704
7,decoder,sweeping up,149822,1,0.9995,7.577
7,decoder,sweeping up,149822,1,0.9999,9.3245
7,decoder,sweeping up,149822,1,1.0,10.7899
7,decoder,sweeping up,149822,1,0.9998,8.7557
7,decoder,sweeping up,149822,1,1.0,11.2767
7,decoder,sweeping up,149822,1,0.9999,8.8124
7,decoder,sweeping up,149822,1,1.0,14.0903
7,decoder,sweeping up,149822,1,1.0,13.0072
7,decoder,sweeping up,149822,1,1.0,13.0596
7,decoder,sweeping up,149822,1,0.9999,9.4329
7,decoder,sweeping up,149822,1,0.9998,8.6707
7,decoder,sweeping up,149822,1,0.9999,9.4272
7,decoder,sweeping up,149822,1,1.0,14.674
7,decoder,sweeping up,149822,1,0.9995,7.578
7,decoder,banged up,511120,1,0.9999,9.0614
7,decoder,banged up,511120,1,0.9996,7.7252
7,decoder,banged up,511120,1,0.9991,6.9814
7,decoder,banged up,511120,1,0.9962,5.563
7,decoder,banged up,511120,1,0.9956,5.416
7,decoder,banged up,511120,1,1.0,14.6771
7,decoder,banged up,511120,1,0.9996,7.8296
7,decoder,banged up,511120,1,0.9999,9.105
7,decoder,banged up,511120,1,0.9989,6.8248
7,decoder,banged up,511120,1,0.9969,5.7625
7,decoder,banged up,511120,1,1.0,10.3498
7,decoder,banged up,511120,1,0.9865,4.2934
7,decoder,banged up,511120,1,0.9321,2.6186
7,decoder,banged up,511120,1,0.9997,7.9973
7,decoder,banged up,511120,1,0.9984,6.407
7,decoder,banged up,511120,1,1.0,10.1684
7,decoder,banged up,511120,1,1.0,11.4081
7,decoder,banged up,511120,1,0.9489,2.9214
7,decoder,ratchet up,224720,1,1.0,17.3195
7,decoder,ratchet up,224720,1,0.9999,9.3734
7,decoder,ratchet up,224720,1,1.0,16.5321
7,decoder,ratchet up,224720,1,1.0,10.0741
7,decoder,ratchet up,224720,1,1.0,11.1581
7,decoder,ratchet up,224720,1,1.0,15.4447
7,decoder,ratchet up,224720,1,1.0,17.7592
7,decoder,ratchet up,224720,1,1.0,10.2818
7,decoder,ratchet up,224720,1,0.9998,8.687
7,decoder,ratchet up,224720,1,1.0,16.2961
7,decoder,ratchet up,224720,1,1.0,12.8465
7,decoder,ratchet up,224720,1,1.0,10.3661
7,decoder,ratchet up,224720,1,1.0,16.0485
7,decoder,ratchet up,224720,1,1.0,10.1996
7,decoder,ratchet up,224720,1,1.0,13.1818
7,decoder,ratchet up,224720,1,1.0,15.4649
7,decoder,ratchet up,224720,1,1.0,13.6757
7,decoder,ratchet up,224720,1,1.0,11.4031
7,decoder,hangs up,390259,1,0.9802,3.9006
7,decoder,hangs up,390259,1,0.9998,8.559
7,decoder,hangs up,390259,1,0.9038,2.2403
7,decoder,hangs up,390259,1,0.9995,7.5058
7,decoder,hangs up,390259,1,0.9951,5.3039
7,decoder,hangs up,390259,1,0.9998,8.6662
7,decoder,hangs up,390259,1,0.8692,1.8935
7,decoder,hangs up,390259,1,0.9945,5.2
7,decoder,hangs up,390259,1,0.9463,2.8683
7,decoder,hangs up,390259,1,0.9998,8.5941
7,decoder,hangs up,390259,1,1.0,9.938
7,decoder,hangs up,390259,1,0.9999,9.4757
7,decoder,hangs up,390259,1,0.9998,8.7153
7,decoder,hangs up,390259,1,0.9986,6.6058
7,decoder,hangs up,390259,1,0.9991,6.9712
7,decoder,hangs up,390259,1,0.9618,3.2272
7,decoder,hangs up,390259,1,0.9998,8.5492
7,decoder,hangs up,390259,1,0.9999,9.0954
7,decoder,lighten up,648367,1,1.0,17.1441
7,decoder,lighten up,648367,1,1.0,10.6085
7,decoder,lighten up,648367,1,1.0,10.427
7,decoder,lighten up,648367,1,1.0,11.5281
7,decoder,lighten up,648367,1,1.0,12.1719
7,decoder,lighten up,648367,1,0.9999,9.3232
7,decoder,lighten up,648367,1,0.999,6.9221
7,decoder,lighten up,648367,1,0.9982,6.3316
7,decoder,lighten up,648367,1,0.9999,9.5503
7,decoder,lighten up,648367,1,1.0,14.6319
7,decoder,lighten up,648367,1,1.0,17.0007
7,decoder,lighten up,648367,1,1.0,17.1471
7,decoder,lighten up,648367,1,1.0,17.0836
7,decoder,lighten up,648367,1,1.0,12.0218
7,decoder,lighten up,648367,1,1.0,11.8896
7,decoder,lighten up,648367,1,0.9999,8.8813
7,decoder,lighten up,648367,1,1.0,13.768
7,decoder,lighten up,648367,1,1.0,11.8478
7,decoder,shoots up,230407,1,1.0,11.4051
7,decoder,shoots up,230407,1,0.9998,8.5002
7,decoder,shoots up,230407,1,0.9999,9.2712
7,decoder,shoots up,230407,1,0.9998,8.4579
7,decoder,shoots up,230407,1,0.9999,9.6138
7,decoder,shoots up,230407,1,0.9999,8.9301
7,decoder,shoots up,230407,1,1.0,12.5573
7,decoder,shoots up,230407,1,0.9996,7.7664
7,decoder,shoots up,230407,1,0.9994,7.3491
7,decoder,shoots up,230407,1,0.9998,8.6678
7,decoder,shoots up,230407,1,0.9999,8.9773
7,decoder,shoots up,230407,1,0.996,5.5196
7,decoder,shoots up,230407,1,0.9995,7.5376
7,decoder,shoots up,230407,1,1.0,12.9969
7,decoder,shoots up,230407,1,0.9981,6.2853
7,decoder,shoots up,230407,1,1.0,12.7979
7,decoder,shoots up,230407,1,1.0,10.073
7,decoder,shoots up,230407,1,0.9973,5.9203
7,decoder,wrought up,14625,1,0.9866,4.2998
7,decoder,wrought up,14625,1,0.9996,7.8282
7,decoder,wrought up,14625,1,0.9269,2.54
7,decoder,wrought up,14625,1,0.9999,9.5168
7,decoder,wrought up,14625,1,0.9996,7.7203
7,decoder,wrought up,14625,1,0.9969,5.7643
7,decoder,wrought up,14625,1,0.9999,9.0071
7,decoder,wrought up,14625,1,1.0,11.3413
7,decoder,wrought up,14625,1,1.0,13.8762
7,decoder,wrought up,14625,1,0.9997,8.2145
7,decoder,wrought up,14625,1,0.9999,9.3249
7,decoder,wrought up,14625,1,0.9999,9.2956
7,decoder,wrought up,14625,1,1.0,11.6486
7,decoder,wrought up,14625,1,0.9808,3.9331
7,decoder,wrought up,14625,1,0.9998,8.6256
7,decoder,wrought up,14625,1,1.0,11.1537
7,decoder,wrought up,14625,1,1.0,11.4205
7,decoder,wrought up,14625,1,0.9974,5.9306
7,decoder,power up,1316553,1,0.9999,9.3792
7,decoder,power up,1316553,1,0.9999,8.8528
7,decoder,power up,1316553,1,1.0,13.3962
7,decoder,power up,1316553,1,1.0,14.5248
7,decoder,power up,1316553,1,1.0,11.4151
7,decoder,power up,1316553,1,1.0,16.7753
7,decoder,power up,1316553,1,1.0,13.2712
7,decoder,power up,1316553,1,1.0,14.5905
7,decoder,power up,1316553,1,0.9979,6.1874
7,decoder,power up,1316553,1,1.0,14.3548
7,decoder,power up,1316553,1,0.9994,7.4648
7,decoder,power up,1316553,1,1.0,14.6109
7,decoder,power up,1316553,1,1.0,15.2665
7,decoder,power up,1316553,1,1.0,10.6482
7,decoder,power up,1316553,1,0.9999,9.0027
7,decoder,power up,1316553,1,1.0,11.2096
7,decoder,power up,1316553,1,1.0,11.266
7,decoder,power up,1316553,1,1.0,12.1387
7,decoder,looming up,24501,1,0.9994,7.4939
7,decoder,looming up,24501,1,1.0,10.0535
7,decoder,looming up,24501,1,1.0,10.5564
7,decoder,looming up,24501,1,1.0,11.5894
7,decoder,looming up,24501,1,1.0,10.5732
7,decoder,looming up,24501,1,1.0,12.5272
7,decoder,looming up,24501,1,0.9999,9.3218
7,decoder,looming up,24501,1,0.9999,9.109
7,decoder,looming up,24501,1,1.0,10.2182
7,decoder,looming up,24501,1,0.8988,2.1842
7,decoder,looming up,24501,1,1.0,12.1533
7,decoder,looming up,24501,1,1.0,10.8635
7,decoder,looming up,24501,1,1.0,11.7892
7,decoder,looming up,24501,1,1.0,12.1806
7,decoder,looming up,24501,1,0.9998,8.5234
7,decoder,looming up,24501,1,0.9999,9.2235
7,decoder,looming up,24501,1,1.0,10.9069
7,decoder,looming up,24501,1,1.0,10.8897
7,decoder,dial up,419053,1,0.9998,8.7231
7,decoder,dial up,419053,1,1.0,12.4564
7,decoder,dial up,419053,1,0.9135,2.3572
7,decoder,dial up,419053,1,0.9984,6.4276
7,decoder,dial up,419053,1,1.0,10.8651
7,decoder,dial up,419053,1,1.0,9.9351
7,decoder,dial up,419053,1,1.0,10.4213
7,decoder,dial up,419053,1,1.0,11.6607
7,decoder,dial up,419053,1,0.9999,9.6463
7,decoder,dial up,419053,1,1.0,10.2783
7,decoder,dial up,419053,1,1.0,13.2986
7,decoder,dial up,419053,1,1.0,11.2566
7,decoder,dial up,419053,1,1.0,14.2363
7,decoder,dial up,419053,1,1.0,13.3609
7,decoder,dial up,419053,1,0.9997,8.053
7,decoder,dial up,419053,1,0.9999,9.0244
7,decoder,dial up,419053,1,1.0,10.0416
7,decoder,dial up,419053,1,1.0,12.6803
7,decoder,drink up,223423,1,1.0,13.2376
7,decoder,drink up,223423,1,1.0,10.4484
7,decoder,drink up,223423,1,1.0,11.5957
7,decoder,drink up,223423,1,1.0,10.0949
7,decoder,drink up,223423,1,1.0,16.1638
7,decoder,drink up,223423,1,1.0,12.4475
7,decoder,drink up,223423,1,1.0,11.3743
7,decoder,drink up,223423,1,1.0,11.8187
7,decoder,drink up,223423,1,1.0,15.7946
7,decoder,drink up,223423,1,1.0,11.1619
7,decoder,drink up,223423,1,0.9997,8.1619
7,decoder,drink up,223423,1,0.9997,8.2921
7,decoder,drink up,223423,1,0.9999,9.7375
7,decoder,drink up,223423,1,1.0,13.672
7,decoder,drink up,223423,1,1.0,15.1203
7,decoder,drink up,223423,1,1.0,10.0228
7,decoder,drink up,223423,1,1.0,10.24
7,decoder,drink up,223423,1,1.0,10.9582
7,decoder,bumped up,485186,1,0.9998,8.319
7,decoder,bumped up,485186,1,1.0,12.2061
7,decoder,bumped up,485186,1,1.0,12.9762
7,decoder,bumped up,485186,1,1.0,13.8572
7,decoder,bumped up,485186,1,0.998,6.2354
7,decoder,bumped up,485186,1,1.0,11.1537
7,decoder,bumped up,485186,1,0.9999,9.2188
7,decoder,bumped up,485186,1,0.9999,9.6477
7,decoder,bumped up,485186,1,0.9957,5.4475
7,decoder,bumped up,485186,1,1.0,12.64
7,decoder,bumped up,485186,1,0.9999,9.2027
7,decoder,bumped up,485186,1,0.9993,7.3135
7,decoder,bumped up,485186,1,0.9999,8.8444
7,decoder,bumped up,485186,1,0.9999,9.5288
7,decoder,bumped up,485186,1,0.9994,7.4752
7,decoder,bumped up,485186,1,1.0,10.1804
7,decoder,bumped up,485186,1,1.0,12.4125
7,decoder,bumped up,485186,1,0.999,6.9512
7,decoder,swarmed up,15794,1,1.0,10.3937
7,decoder,swarmed up,15794,1,1.0,14.2977
7,decoder,swarmed up,15794,1,1.0,9.9234
7,decoder,swarmed up,15794,1,1.0,10.0163
7,decoder,swarmed up,15794,1,1.0,11.4297
7,decoder,swarmed up,15794,1,0.9999,9.3222
7,decoder,swarmed up,15794,1,0.9998,8.7883
7,decoder,swarmed up,15794,1,0.9999,9.0881
7,decoder,swarmed up,15794,1,0.9998,8.5174
7,decoder,swarmed up,15794,1,0.9999,9.4142
7,decoder,swarmed up,15794,1,1.0,10.2744
7,decoder,swarmed up,15794,1,0.9999,9.2008
7,decoder,swarmed up,15794,1,1.0,11.3296
7,decoder,swarmed up,15794,1,0.9976,6.0408
7,decoder,swarmed up,15794,1,0.9997,8.0364
7,decoder,swarmed up,15794,1,1.0,13.2114
7,decoder,swarmed up,15794,1,0.9999,9.4054
7,decoder,swarmed up,15794,1,0.9998,8.7366
7,decoder,struggled up,41419,1,1.0,13.7936
7,decoder,struggled up,41419,1,0.9997,8.143
7,decoder,struggled up,41419,1,0.9998,8.5441
7,decoder,struggled up,41419,1,0.9989,6.7821
7,decoder,struggled up,41419,1,0.998,6.2035
7,decoder,struggled up,41419,1,0.9991,6.968
7,decoder,struggled up,41419,1,0.9999,8.8064
7,decoder,struggled up,41419,1,1.0,12.0088
7,decoder,struggled up,41419,1,0.9999,8.934
7,decoder,struggled up,41419,1,1.0,11.9222
7,decoder,struggled up,41419,1,1.0,12.8498
7,decoder,struggled up,41419,1,1.0,12.4511
7,decoder,struggled up,41419,1,1.0,10.5903
7,decoder,struggled up,41419,1,1.0,12.2228
7,decoder,struggled up,41419,1,0.9998,8.5262
7,decoder,struggled up,41419,1,1.0,15.4649
7,decoder,struggled up,41419,1,0.9992,7.1449
7,decoder,struggled up,41419,1,0.9994,7.348
7,decoder,summon up,151510,1,1.0,12.1198
7,decoder,summon up,151510,1,1.0,13.2439
7,decoder,summon up,151510,1,1.0,14.3441
7,decoder,summon up,151510,1,0.9999,9.8778
7,decoder,summon up,151510,1,1.0,14.6718
7,decoder,summon up,151510,1,1.0,13.5419
7,decoder,summon up,151510,1,1.0,17.1011
7,decoder,summon up,151510,1,1.0,17.1673
7,decoder,summon up,151510,1,1.0,15.785
7,decoder,summon up,151510,1,1.0,18.0885
7,decoder,summon up,151510,1,1.0,14.2922
7,decoder,summon up,151510,1,1.0,16.8954
7,decoder,summon up,151510,1,1.0,15.476
7,decoder,summon up,151510,1,1.0,16.8592
7,decoder,summon up,151510,1,0.9999,8.9892
7,decoder,summon up,151510,1,0.9889,4.4873
7,decoder,summon up,151510,1,1.0,12.7884
7,decoder,summon up,151510,1,1.0,13.5403
7,decoder,bundled up,442546,1,0.995,5.2994
7,decoder,bundled up,442546,1,0.9998,8.7333
7,decoder,bundled up,442546,1,0.9999,9.695
7,decoder,bundled up,442546,1,1.0,14.1057
7,decoder,bundled up,442546,1,1.0,12.7515
7,decoder,bundled up,442546,1,1.0,11.9148
7,decoder,bundled up,442546,1,0.9984,6.4385
7,decoder,bundled up,442546,1,1.0,11.1772
7,decoder,bundled up,442546,1,0.9988,6.7122
7,decoder,bundled up,442546,1,1.0,14.3152
7,decoder,bundled up,442546,1,1.0,12.2849
7,decoder,bundled up,442546,1,1.0,12.1157
7,decoder,bundled up,442546,1,1.0,13.3588
7,decoder,bundled up,442546,1,1.0,10.4749
7,decoder,bundled up,442546,1,0.999,6.8747
7,decoder,bundled up,442546,1,1.0,10.6553
7,decoder,bundled up,442546,1,1.0,13.0086
7,decoder,bundled up,442546,1,1.0,13.1641
7,decoder,bumping up,216639,1,1.0,12.773
7,decoder,bumping up,216639,1,0.9999,9.7365
7,decoder,bumping up,216639,1,0.9979,6.1598
7,decoder,bumping up,216639,1,0.9993,7.3005
7,decoder,bumping up,216639,1,0.9998,8.3533
7,decoder,bumping up,216639,1,1.0,10.5814
7,decoder,bumping up,216639,1,0.9997,8.1396
7,decoder,bumping up,216639,1,0.9999,8.8179
7,decoder,bumping up,216639,1,1.0,13.497
7,decoder,bumping up,216639,1,0.9985,6.5324
7,decoder,bumping up,216639,1,0.9999,9.6782
7,decoder,bumping up,216639,1,1.0,11.0607
7,decoder,bumping up,216639,1,0.9932,4.9893
7,decoder,bumping up,216639,1,0.9733,3.5949
7,decoder,bumping up,216639,1,0.9999,9.1316
7,decoder,bumping up,216639,1,0.9435,2.8153
7,decoder,bumping up,216639,1,1.0,10.767
7,decoder,bumping up,216639,1,1.0,13.7041
7,decoder,cleans up,540693,1,1.0,12.191
7,decoder,cleans up,540693,1,0.9402,2.7559
7,decoder,cleans up,540693,1,0.9952,5.3388
7,decoder,cleans up,540693,1,0.9964,5.6259
7,decoder,cleans up,540693,1,0.9984,6.447
7,decoder,cleans up,540693,1,0.9074,2.2819
7,decoder,cleans up,540693,1,0.9998,8.4026
7,decoder,cleans up,540693,1,0.9999,9.337
7,decoder,cleans up,540693,1,0.9999,9.0645
7,decoder,cleans up,540693,1,0.9995,7.6737
7,decoder,cleans up,540693,1,0.9994,7.4788
7,decoder,cleans up,540693,1,0.8349,1.6205
7,decoder,cleans up,540693,1,1.0,10.8167
7,decoder,cleans up,540693,1,0.9998,8.4958
7,decoder,cleans up,540693,1,0.9996,7.7721
7,decoder,cleans up,540693,1,0.9994,7.3662
7,decoder,cleans up,540693,1,0.9987,6.6589
7,decoder,cleans up,540693,1,1.0,10.5436
7,decoder,sewed up,86391,1,1.0,12.3046
7,decoder,sewed up,86391,1,1.0,14.0204
7,decoder,sewed up,86391,1,1.0,14.1519
7,decoder,sewed up,86391,1,0.9869,4.3238
7,decoder,sewed up,86391,1,0.9999,9.4418
7,decoder,sewed up,86391,1,1.0,13.7689
7,decoder,sewed up,86391,1,1.0,10.286
7,decoder,sewed up,86391,1,1.0,13.1545
7,decoder,sewed up,86391,1,0.9998,8.6002
7,decoder,sewed up,86391,1,1.0,11.4491
7,decoder,sewed up,86391,1,1.0,13.6346
7,decoder,sewed up,86391,1,1.0,14.3239
7,decoder,sewed up,86391,1,1.0,12.1959
7,decoder,sewed up,86391,1,1.0,10.9711
7,decoder,sewed up,86391,1,1.0,10.495
7,decoder,sewed up,86391,1,1.0,10.0847
7,decoder,sewed up,86391,1,1.0,16.56
7,decoder,striding up,14904,1,1.0,11.8448
7,decoder,striding up,14904,1,1.0,12.2622
7,decoder,striding up,14904,1,1.0,10.2711
7,decoder,striding up,14904,1,1.0,11.2349
7,decoder,striding up,14904,1,1.0,10.5876
7,decoder,striding up,14904,1,1.0,13.4836
7,decoder,striding up,14904,1,1.0,10.1736
7,decoder,striding up,14904,1,1.0,12.9948
7,decoder,striding up,14904,1,1.0,11.557
7,decoder,striding up,14904,1,0.9999,9.5463
7,decoder,striding up,14904,1,0.9995,7.5497
7,decoder,striding up,14904,1,1.0,11.0657
7,decoder,striding up,14904,1,1.0,10.166
7,decoder,striding up,14904,1,0.9999,9.1904
7,decoder,striding up,14904,1,1.0,10.8252
7,decoder,striding up,14904,1,1.0,12.2235
7,decoder,striding up,14904,1,1.0,10.2385
7,decoder,drives up,351667,1,1.0,18.4095
7,decoder,drives up,351667,1,0.9999,8.985
7,decoder,drives up,351667,1,1.0,10.1345
7,decoder,drives up,351667,1,1.0,11.6948
7,decoder,drives up,351667,1,1.0,16.2264
7,decoder,drives up,351667,1,1.0,11.0026
7,decoder,drives up,351667,1,1.0,12.3846
7,decoder,drives up,351667,1,1.0,11.4014
7,decoder,drives up,351667,1,1.0,11.4249
7,decoder,drives up,351667,1,0.9999,9.6947
7,decoder,drives up,351667,1,1.0,13.1102
7,decoder,drives up,351667,1,1.0,11.6045
7,decoder,drives up,351667,1,0.9999,8.9306
7,decoder,drives up,351667,1,1.0,12.2243
7,decoder,drives up,351667,1,1.0,10.1012
7,decoder,drives up,351667,1,1.0,12.2041
7,decoder,drives up,351667,1,1.0,11.1357
7,decoder,ratcheting up,172378,1,1.0,10.857
7,decoder,ratcheting up,172378,1,1.0,10.2138
7,decoder,ratcheting up,172378,1,1.0,15.3962
7,decoder,ratcheting up,172378,1,0.9999,9.5248
7,decoder,ratcheting up,172378,1,1.0,12.0631
7,decoder,ratcheting up,172378,1,1.0,10.8514
7,decoder,ratcheting up,172378,1,0.9993,7.2176
7,decoder,ratcheting up,172378,1,1.0,17.0833
7,decoder,ratcheting up,172378,1,0.9999,8.8903
7,decoder,ratcheting up,172378,1,1.0,13.0152
7,decoder,ratcheting up,172378,1,1.0,11.3408
7,decoder,ratcheting up,172378,1,1.0,15.1193
7,decoder,ratcheting up,172378,1,0.9999,8.851
7,decoder,ratcheting up,172378,1,1.0,13.4596
7,decoder,ratcheting up,172378,1,1.0,15.2773
7,decoder,ratcheting up,172378,1,1.0,16.6906
7,decoder,ratcheting up,172378,1,0.9997,8.0067
7,decoder,sizing up,217262,1,1.0,11.6188
7,decoder,sizing up,217262,1,1.0,16.4035
7,decoder,sizing up,217262,1,1.0,12.6537
7,decoder,sizing up,217262,1,1.0,12.2305
7,decoder,sizing up,217262,1,1.0,16.4843
7,decoder,sizing up,217262,1,0.9999,9.0392
7,decoder,sizing up,217262,1,1.0,15.7748
7,decoder,sizing up,217262,1,1.0,13.5019
7,decoder,sizing up,217262,1,1.0,15.8083
7,decoder,sizing up,217262,1,0.9999,9.8162
7,decoder,sizing up,217262,1,1.0,9.9051
7,decoder,sizing up,217262,1,1.0,11.5523
7,decoder,sizing up,217262,1,1.0,13.2141
7,decoder,sizing up,217262,1,1.0,11.8152
7,decoder,sizing up,217262,1,1.0,14.2735
7,decoder,sizing up,217262,1,1.0,11.7368
7,decoder,sizing up,217262,1,1.0,11.073
7,decoder,dreaming up,268954,1,1.0,15.6095
7,decoder,dreaming up,268954,1,1.0,14.643
7,decoder,dreaming up,268954,1,1.0,12.8739
7,decoder,dreaming up,268954,1,1.0,11.9528
7,decoder,dreaming up,268954,1,1.0,13.2061
7,decoder,dreaming up,268954,1,1.0,18.4059
7,decoder,dreaming up,268954,1,0.9998,8.6361
7,decoder,dreaming up,268954,1,1.0,11.521
7,decoder,dreaming up,268954,1,1.0,13.1677
7,decoder,dreaming up,268954,1,1.0,11.2575
7,decoder,dreaming up,268954,1,1.0,11.6859
7,decoder,dreaming up,268954,1,1.0,17.0276
7,decoder,dreaming up,268954,1,1.0,15.2395
7,decoder,dreaming up,268954,1,1.0,13.7752
7,decoder,dreaming up,268954,1,1.0,14.7772
7,decoder,dreaming up,268954,1,1.0,14.2721
7,decoder,dreaming up,268954,1,1.0,10.1792
7,decoder,packaged up,137511,1,1.0,11.5852
7,decoder,packaged up,137511,1,0.9952,5.3315
7,decoder,packaged up,137511,1,0.9978,6.1248
7,decoder,packaged up,137511,1,1.0,11.1514
7,decoder,packaged up,137511,1,1.0,11.3114
7,decoder,packaged up,137511,1,1.0,11.1819
7,decoder,packaged up,137511,1,0.9928,4.9289
7,decoder,packaged up,137511,1,0.9993,7.2903
7,decoder,packaged up,137511,1,1.0,9.9227
7,decoder,packaged up,137511,1,0.9999,9.866
7,decoder,packaged up,137511,1,0.9994,7.4448
7,decoder,packaged up,137511,1,0.9994,7.3701
7,decoder,packaged up,137511,1,0.9989,6.7864
7,decoder,packaged up,137511,1,0.9981,6.2861
7,decoder,packaged up,137511,1,1.0,11.3103
7,decoder,packaged up,137511,1,0.9999,9.7319
7,decoder,packaged up,137511,1,1.0,11.1209
7,decoder,thrust up,60895,1,0.9999,9.2051
7,decoder,thrust up,60895,1,1.0,10.3194
7,decoder,thrust up,60895,1,0.9989,6.8538
7,decoder,thrust up,60895,1,0.9998,8.6844
7,decoder,thrust up,60895,1,0.9992,7.1803
7,decoder,thrust up,60895,1,1.0,10.6519
7,decoder,thrust up,60895,1,0.9985,6.5285
7,decoder,thrust up,60895,1,0.9998,8.7458
7,decoder,thrust up,60895,1,0.9998,8.5368
7,decoder,thrust up,60895,1,0.9999,9.3986
7,decoder,thrust up,60895,1,0.9984,6.4436
7,decoder,thrust up,60895,1,1.0,12.1478
7,decoder,thrust up,60895,1,0.9998,8.5417
7,decoder,thrust up,60895,1,0.9996,7.7973
7,decoder,thrust up,60895,1,1.0,11.8102
7,decoder,thrust up,60895,1,0.9999,8.9028
7,decoder,thrust up,60895,1,1.0,12.0685
7,decoder,dragged up,77292,1,0.9944,5.1734
7,decoder,dragged up,77292,1,1.0,10.5537
7,decoder,dragged up,77292,1,1.0,10.9494
7,decoder,dragged up,77292,1,1.0,10.9366
7,decoder,dragged up,77292,1,1.0,13.8317
7,decoder,dragged up,77292,1,0.8679,1.8823
7,decoder,dragged up,77292,1,0.9919,4.8043
7,decoder,dragged up,77292,1,0.994,5.1021
7,decoder,dragged up,77292,1,0.9996,7.8689
7,decoder,dragged up,77292,1,0.9998,8.383
7,decoder,dragged up,77292,1,1.0,12.1826
7,decoder,dragged up,77292,1,0.9986,6.5614
7,decoder,dragged up,77292,1,0.9999,9.5437
7,decoder,dragged up,77292,1,0.9848,4.1715
7,decoder,dragged up,77292,1,0.9998,8.6608
7,decoder,dragged up,77292,1,1.0,12.2418
7,decoder,dragged up,77292,1,0.9999,9.2213
7,decoder,sweep up,198852,1,1.0,11.7538
7,decoder,sweep up,198852,1,1.0,12.9933
7,decoder,sweep up,198852,1,1.0,10.6129
7,decoder,sweep up,198852,1,0.9998,8.3981
7,decoder,sweep up,198852,1,1.0,10.9477
7,decoder,sweep up,198852,1,0.9999,8.9721
7,decoder,sweep up,198852,1,1.0,10.166
7,decoder,sweep up,198852,1,1.0,17.0825
7,decoder,sweep up,198852,1,0.9988,6.7389
7,decoder,sweep up,198852,1,0.9992,7.0873
7,decoder,sweep up,198852,1,0.9999,9.666
7,decoder,sweep up,198852,1,1.0,11.5188
7,decoder,sweep up,198852,1,1.0,12.1108
7,decoder,sweep up,198852,1,0.9978,6.1242
7,decoder,sweep up,198852,1,0.9999,9.8018
7,decoder,sweep up,198852,1,1.0,14.9182
7,decoder,sweep up,198852,1,1.0,13.5451
7,decoder,jerked up,44189,1,0.9999,9.4928
7,decoder,jerked up,44189,1,0.9998,8.7557
7,decoder,jerked up,44189,1,1.0,10.6894
7,decoder,jerked up,44189,1,1.0,10.513
7,decoder,jerked up,44189,1,0.9998,8.3918
7,decoder,jerked up,44189,1,0.9976,6.0244
7,decoder,jerked up,44189,1,1.0,10.625
7,decoder,jerked up,44189,1,0.9912,4.7227
7,decoder,jerked up,44189,1,0.9986,6.6029
7,decoder,jerked up,44189,1,1.0,11.1719
7,decoder,jerked up,44189,1,0.9998,8.5032
7,decoder,jerked up,44189,1,0.9998,8.476
7,decoder,jerked up,44189,1,0.9586,3.143
7,decoder,jerked up,44189,1,0.9967,5.7231
7,decoder,jerked up,44189,1,1.0,10.8015
7,decoder,jerked up,44189,1,0.9978,6.1238
7,decoder,jerked up,44189,1,1.0,12.0163
7,decoder,speaks up,212736,1,0.9999,9.7495
7,decoder,speaks up,212736,1,1.0,11.7156
7,decoder,speaks up,212736,1,0.9997,8.0392
7,decoder,speaks up,212736,1,0.9958,5.4603
7,decoder,speaks up,212736,1,1.0,11.4072
7,decoder,speaks up,212736,1,1.0,10.0969
7,decoder,speaks up,212736,1,0.9995,7.6391
7,decoder,speaks up,212736,1,1.0,10.2045
7,decoder,speaks up,212736,1,0.9995,7.632
7,decoder,speaks up,212736,1,0.9987,6.653
7,decoder,speaks up,212736,1,1.0,12.5874
7,decoder,speaks up,212736,1,1.0,10.2601
7,decoder,speaks up,212736,1,0.9999,9.319
7,decoder,speaks up,212736,1,1.0,11.5482
7,decoder,speaks up,212736,1,1.0,10.1217
7,decoder,speaks up,212736,1,0.9999,9.2043
7,decoder,speaks up,212736,1,1.0,10.1722
7,decoder,straighten up,194930,1,0.7318,1.0036
7,decoder,straighten up,194930,1,0.9838,4.1038
7,decoder,straighten up,194930,1,0.8426,1.6777
7,decoder,straighten up,194930,0,0.0822,-2.413
7,decoder,straighten up,194930,1,0.9987,6.6372
7,decoder,straighten up,194930,1,0.9898,4.572
7,decoder,straighten up,194930,1,0.9621,3.2342
7,decoder,straighten up,194930,1,0.9164,2.3946
7,decoder,straighten up,194930,1,0.9685,3.4251
7,decoder,straighten up,194930,1,0.9999,9.0699
7,decoder,straighten up,194930,0,0.3087,-0.8063
7,decoder,straighten up,194930,1,1.0,10.0314
7,decoder,straighten up,194930,1,0.9987,6.6079
7,decoder,straighten up,194930,1,0.8458,1.7024
7,decoder,straighten up,194930,1,0.9501,2.9476
7,decoder,straighten up,194930,1,0.8907,2.0982
7,decoder,straighten up,194930,1,0.9993,7.3036
7,decoder,swallowing up,61979,1,1.0,11.1845
7,decoder,swallowing up,61979,1,1.0,19.4354
7,decoder,swallowing up,61979,1,1.0,12.5444
7,decoder,swallowing up,61979,1,1.0,13.5125
7,decoder,swallowing up,61979,1,1.0,19.7311
7,decoder,swallowing up,61979,1,1.0,10.5702
7,decoder,swallowing up,61979,1,1.0,14.1664
7,decoder,swallowing up,61979,1,1.0,11.5333
7,decoder,swallowing up,61979,1,1.0,16.6348
7,decoder,swallowing up,61979,1,0.9997,8.2657
7,decoder,swallowing up,61979,1,1.0,10.8766
7,decoder,swallowing up,61979,1,1.0,14.0154
7,decoder,swallowing up,61979,1,1.0,13.9525
7,decoder,swallowing up,61979,1,1.0,16.0671
7,decoder,swallowing up,61979,1,1.0,10.7653
7,decoder,swallowing up,61979,1,0.9999,9.753
7,decoder,swallowing up,61979,1,1.0,14.0426
7,decoder,grabbed up,52256,1,0.9993,7.2978
7,decoder,grabbed up,52256,1,0.9988,6.7349
7,decoder,grabbed up,52256,1,0.9999,9.2288
7,decoder,grabbed up,52256,1,0.9988,6.7347
7,decoder,grabbed up,52256,1,1.0,11.3934
7,decoder,grabbed up,52256,1,1.0,11.7061
7,decoder,grabbed up,52256,1,1.0,10.0724
7,decoder,grabbed up,52256,1,0.9997,8.1037
7,decoder,grabbed up,52256,1,0.9975,5.9837
7,decoder,grabbed up,52256,1,0.9997,8.019
7,decoder,grabbed up,52256,1,1.0,12.1614
7,decoder,grabbed up,52256,1,0.9993,7.2073
7,decoder,grabbed up,52256,1,0.9999,9.6316
7,decoder,grabbed up,52256,1,0.9989,6.8495
7,decoder,grabbed up,52256,1,0.9999,9.4772
7,decoder,grabbed up,52256,1,1.0,12.7103
7,decoder,grabbed up,52256,1,0.999,6.8864
7,decoder,cracking up,303098,1,0.949,2.9227
7,decoder,cracking up,303098,1,1.0,13.6948
7,decoder,cracking up,303098,1,0.9999,9.4835
7,decoder,cracking up,303098,1,1.0,11.1008
7,decoder,cracking up,303098,1,0.9997,8.0357
7,decoder,cracking up,303098,1,1.0,10.9199
7,decoder,cracking up,303098,1,1.0,10.9726
7,decoder,cracking up,303098,1,1.0,11.2482
7,decoder,cracking up,303098,1,0.9999,9.4692
7,decoder,cracking up,303098,1,1.0,9.9358
7,decoder,cracking up,303098,1,1.0,11.1265
7,decoder,cracking up,303098,1,1.0,12.3908
7,decoder,cracking up,303098,1,0.9966,5.6848
7,decoder,cracking up,303098,1,0.9999,9.7065
7,decoder,cracking up,303098,1,0.9999,8.9664
7,decoder,cracking up,303098,1,0.9951,5.3065
7,decoder,cracking up,303098,1,0.904,2.2421
7,decoder,uses up,481744,1,1.0,10.4684
7,decoder,uses up,481744,1,0.9998,8.338
7,decoder,uses up,481744,1,0.9999,9.8401
7,decoder,uses up,481744,1,0.9998,8.8031
7,decoder,uses up,481744,1,1.0,9.9349
7,decoder,uses up,481744,1,1.0,11.5674
7,decoder,uses up,481744,1,1.0,12.08
7,decoder,uses up,481744,1,0.9985,6.508
7,decoder,uses up,481744,1,0.9995,7.6583
7,decoder,uses up,481744,1,1.0,10.2723
7,decoder,uses up,481744,1,1.0,15.0081
7,decoder,uses up,481744,1,1.0,16.0549
7,decoder,uses up,481744,1,0.9997,8.112
7,decoder,uses up,481744,1,0.9999,9.7428
7,decoder,uses up,481744,1,1.0,13.2787
7,decoder,uses up,481744,1,0.9995,7.5316
7,decoder,uses up,481744,1,1.0,10.55
7,decoder,freshen up,720716,1,1.0,11.9036
7,decoder,freshen up,720716,1,0.996,5.529
7,decoder,freshen up,720716,1,0.9999,9.6061
7,decoder,freshen up,720716,1,0.9998,8.3981
7,decoder,freshen up,720716,1,1.0,10.4397
7,decoder,freshen up,720716,1,1.0,11.5021
7,decoder,freshen up,720716,1,0.9999,9.0379
7,decoder,freshen up,720716,1,0.9988,6.7591
7,decoder,freshen up,720716,1,1.0,9.9108
7,decoder,freshen up,720716,1,0.9998,8.3728
7,decoder,freshen up,720716,1,0.9861,4.2631
7,decoder,freshen up,720716,1,0.9999,9.534
7,decoder,freshen up,720716,1,1.0,10.0883
7,decoder,freshen up,720716,1,0.9885,4.4521
7,decoder,freshen up,720716,1,0.9998,8.337
7,decoder,freshen up,720716,1,1.0,12.2481
7,decoder,freshen up,720716,1,0.9989,6.8047
7,decoder,barking up,166068,1,1.0,15.1822
7,decoder,barking up,166068,1,1.0,13.6131
7,decoder,barking up,166068,1,1.0,11.8175
7,decoder,barking up,166068,1,1.0,15.2584
7,decoder,barking up,166068,1,1.0,13.9727
7,decoder,barking up,166068,1,1.0,12.9307
7,decoder,barking up,166068,1,1.0,14.173
7,decoder,barking up,166068,1,1.0,11.4626
7,decoder,barking up,166068,1,1.0,11.1667
7,decoder,barking up,166068,1,1.0,13.3814
7,decoder,barking up,166068,1,1.0,12.3962
7,decoder,barking up,166068,1,1.0,15.9727
7,decoder,barking up,166068,1,1.0,15.0246
7,decoder,barking up,166068,1,1.0,16.4129
7,decoder,barking up,166068,1,1.0,16.5933
7,decoder,barking up,166068,1,1.0,12.6414
7,decoder,barking up,166068,1,1.0,10.4814
7,decoder,stop up,142960,1,1.0,10.301
7,decoder,stop up,142960,1,1.0,11.7934
7,decoder,stop up,142960,1,1.0,17.1841
7,decoder,stop up,142960,1,1.0,12.7378
7,decoder,stop up,142960,1,1.0,15.1896
7,decoder,stop up,142960,1,1.0,10.6933
7,decoder,stop up,142960,1,1.0,10.4223
7,decoder,stop up,142960,1,1.0,10.0793
7,decoder,stop up,142960,1,1.0,10.4054
7,decoder,stop up,142960,1,1.0,19.5707
7,decoder,stop up,142960,1,1.0,17.3014
7,decoder,stop up,142960,1,1.0,12.9886
7,decoder,stop up,142960,1,1.0,16.9224
7,decoder,stop up,142960,1,1.0,12.1549
7,decoder,stop up,142960,1,1.0,10.787
7,decoder,stop up,142960,1,1.0,14.4043
7,decoder,stop up,142960,1,0.9994,7.5046
7,decoder,flamed up,9854,1,1.0,10.3683
7,decoder,flamed up,9854,1,1.0,11.959
7,decoder,flamed up,9854,1,0.983,4.0554
7,decoder,flamed up,9854,1,1.0,11.9089
7,decoder,flamed up,9854,1,0.9999,9.0493
7,decoder,flamed up,9854,1,1.0,12.7364
7,decoder,flamed up,9854,1,0.9994,7.3806
7,decoder,flamed up,9854,1,0.9999,9.7736
7,decoder,flamed up,9854,1,0.9999,9.5799
7,decoder,flamed up,9854,1,1.0,11.1982
7,decoder,flamed up,9854,1,0.9959,5.4945
7,decoder,flamed up,9854,1,0.9999,9.0245
7,decoder,flamed up,9854,1,0.9999,9.3126
7,decoder,flamed up,9854,1,0.9971,5.8406
7,decoder,flamed up,9854,1,0.9999,9.0605
7,decoder,flamed up,9854,1,0.9731,3.5881
7,decoder,flamed up,9854,1,1.0,10.8095
7,decoder,reaches up,262678,1,1.0,13.4907
7,decoder,reaches up,262678,1,1.0,12.6329
7,decoder,reaches up,262678,1,0.9967,5.7207
7,decoder,reaches up,262678,1,0.9999,9.4932
7,decoder,reaches up,262678,1,0.9999,9.4573
7,decoder,reaches up,262678,1,0.9999,9.5325
7,decoder,reaches up,262678,1,1.0,11.3439
7,decoder,reaches up,262678,1,0.9999,9.0425
7,decoder,reaches up,262678,1,0.9998,8.683
7,decoder,reaches up,262678,1,0.9992,7.1204
7,decoder,reaches up,262678,1,0.9997,8.0336
7,decoder,reaches up,262678,1,0.9999,8.9819
7,decoder,reaches up,262678,1,1.0,10.5423
7,decoder,reaches up,262678,1,1.0,12.9015
7,decoder,reaches up,262678,1,0.9999,9.8423
7,decoder,reaches up,262678,1,0.9939,5.0889
7,decoder,reaches up,262678,1,0.9998,8.5315
7,decoder,hitched up,67718,1,0.9997,7.9909
7,decoder,hitched up,67718,1,1.0,16.4612
7,decoder,hitched up,67718,1,1.0,14.3794
7,decoder,hitched up,67718,1,1.0,10.339
7,decoder,hitched up,67718,1,1.0,11.2341
7,decoder,hitched up,67718,1,1.0,10.624
7,decoder,hitched up,67718,1,1.0,10.7406
7,decoder,hitched up,67718,1,0.9998,8.3724
7,decoder,hitched up,67718,1,0.9514,2.9749
7,decoder,hitched up,67718,1,0.9998,8.7155
7,decoder,hitched up,67718,1,0.9999,9.2236
7,decoder,hitched up,67718,1,1.0,12.7198
7,decoder,hitched up,67718,1,0.9993,7.2181
7,decoder,hitched up,67718,1,1.0,18.8869
7,decoder,hitched up,67718,1,0.9663,3.3552
7,decoder,hitched up,67718,1,1.0,12.3301
7,decoder,hitched up,67718,1,0.9995,7.6486
7,decoder,coiled up,65955,1,1.0,10.7687
7,decoder,coiled up,65955,1,1.0,13.1206
7,decoder,coiled up,65955,1,0.9994,7.4535
7,decoder,coiled up,65955,1,0.893,2.1214
7,decoder,coiled up,65955,1,0.9999,9.5645
7,decoder,coiled up,65955,1,0.9699,3.4739
7,decoder,coiled up,65955,1,0.9998,8.296
7,decoder,coiled up,65955,1,1.0,12.2261
7,decoder,coiled up,65955,1,0.9999,9.1809
7,decoder,coiled up,65955,1,1.0,11.1483
7,decoder,coiled up,65955,1,0.9993,7.2931
7,decoder,coiled up,65955,1,1.0,13.6986
7,decoder,coiled up,65955,1,0.9996,7.8899
7,decoder,coiled up,65955,1,1.0,9.9476
7,decoder,coiled up,65955,1,0.9997,8.2064
7,decoder,coiled up,65955,1,0.7502,1.0996
7,decoder,did up,0,1,1.0,16.3705
7,decoder,did up,0,1,1.0,10.4999
7,decoder,did up,0,1,1.0,12.8574
7,decoder,did up,0,1,0.9998,8.7325
7,decoder,did up,0,1,0.9995,7.6046
7,decoder,did up,0,1,1.0,11.2962
7,decoder,did up,0,1,1.0,12.896
7,decoder,did up,0,1,1.0,12.2753
7,decoder,did up,0,1,1.0,12.0203
7,decoder,did up,0,1,0.9999,9.5764
7,decoder,did up,0,1,1.0,14.4825
7,decoder,did up,0,1,1.0,13.7944
7,decoder,did up,0,1,1.0,15.3134
7,decoder,did up,0,1,1.0,13.8702
7,decoder,did up,0,1,1.0,12.8431
7,decoder,did up,0,1,1.0,14.7999
7,decoder,connected up,104360,1,1.0,11.2605
7,decoder,connected up,104360,1,1.0,14.3648
7,decoder,connected up,104360,1,1.0,16.6615
7,decoder,connected up,104360,1,1.0,19.0617
7,decoder,connected up,104360,1,1.0,15.8268
7,decoder,connected up,104360,1,1.0,11.5531
7,decoder,connected up,104360,1,0.9997,8.2571
7,decoder,connected up,104360,1,1.0,17.3868
7,decoder,connected up,104360,1,1.0,13.1794
7,decoder,connected up,104360,1,1.0,16.4384
7,decoder,connected up,104360,1,1.0,13.1231
7,decoder,connected up,104360,1,1.0,13.3514
7,decoder,connected up,104360,1,1.0,10.1318
7,decoder,connected up,104360,1,1.0,13.1083
7,decoder,connected up,104360,1,0.7439,1.0662
7,decoder,connected up,104360,1,1.0,12.9068
7,decoder,bred up,14422,1,0.9999,9.5249
7,decoder,bred up,14422,1,0.9999,9.7277
7,decoder,bred up,14422,1,0.9999,9.6404
7,decoder,bred up,14422,1,1.0,12.4099
7,decoder,bred up,14422,1,0.9998,8.5672
7,decoder,bred up,14422,1,1.0,13.0438
7,decoder,bred up,14422,1,0.9998,8.4672
7,decoder,bred up,14422,1,1.0,11.7931
7,decoder,bred up,14422,1,0.9999,9.7765
7,decoder,bred up,14422,1,1.0,12.9374
7,decoder,bred up,14422,1,1.0,18.2344
7,decoder,bred up,14422,1,1.0,10.0251
7,decoder,bred up,14422,1,1.0,10.004
7,decoder,bred up,14422,1,0.9999,9.0032
7,decoder,bred up,14422,1,1.0,11.7414
7,decoder,bred up,14422,1,0.9999,9.8264
7,decoder,coughing up,313610,1,1.0,10.0337
7,decoder,coughing up,313610,1,1.0,11.0847
7,decoder,coughing up,313610,1,1.0,12.7433
7,decoder,coughing up,313610,1,1.0,12.6986
7,decoder,coughing up,313610,1,0.9999,9.2921
7,decoder,coughing up,313610,1,1.0,11.3188
7,decoder,coughing up,313610,1,1.0,12.9085
7,decoder,coughing up,313610,1,1.0,15.8917
7,decoder,coughing up,313610,1,1.0,12.1708
7,decoder,coughing up,313610,1,0.9998,8.6162
7,decoder,coughing up,313610,1,1.0,13.3388
7,decoder,coughing up,313610,1,0.9993,7.3099
7,decoder,coughing up,313610,1,1.0,12.9548
7,decoder,coughing up,313610,1,1.0,11.5881
7,decoder,coughing up,313610,1,1.0,12.7953
7,decoder,coughing up,313610,1,0.9999,9.8657
7,decoder,welling up,228550,1,1.0,10.9109
7,decoder,welling up,228550,1,1.0,17.5966
7,decoder,welling up,228550,1,1.0,18.0222
7,decoder,welling up,228550,1,1.0,17.2545
7,decoder,welling up,228550,1,1.0,12.5584
7,decoder,welling up,228550,1,1.0,11.2311
7,decoder,welling up,228550,1,1.0,15.0551
7,decoder,welling up,228550,1,0.9998,8.7904
7,decoder,welling up,228550,1,1.0,15.624
7,decoder,welling up,228550,1,1.0,13.7412
7,decoder,welling up,228550,1,1.0,12.0891
7,decoder,welling up,228550,1,1.0,12.8143
7,decoder,welling up,228550,1,1.0,12.9773
7,decoder,welling up,228550,1,1.0,17.8638
7,decoder,welling up,228550,1,1.0,14.273
7,decoder,welling up,228550,1,1.0,15.4284
7,decoder,clog up,340549,1,1.0,11.1615
7,decoder,clog up,340549,1,1.0,11.5683
7,decoder,clog up,340549,1,1.0,12.2479
7,decoder,clog up,340549,1,1.0,14.4685
7,decoder,clog up,340549,1,1.0,11.072
7,decoder,clog up,340549,1,1.0,11.3202
7,decoder,clog up,340549,1,1.0,10.5949
7,decoder,clog up,340549,1,1.0,13.6436
7,decoder,clog up,340549,1,1.0,12.126
7,decoder,clog up,340549,1,1.0,11.0305
7,decoder,clog up,340549,1,1.0,10.2995
7,decoder,clog up,340549,1,1.0,12.0183
7,decoder,clog up,340549,1,1.0,10.8715
7,decoder,clog up,340549,1,1.0,15.7443
7,decoder,clog up,340549,1,1.0,11.7309
7,decoder,clog up,340549,1,1.0,10.0161
7,decoder,posted up,263856,1,1.0,12.8944
7,decoder,posted up,263856,1,0.9997,8.1747
7,decoder,posted up,263856,1,0.9228,2.4813
7,decoder,posted up,263856,1,1.0,10.3216
7,decoder,posted up,263856,1,0.9999,9.1904
7,decoder,posted up,263856,1,0.9997,8.0245
7,decoder,posted up,263856,1,0.9993,7.3232
7,decoder,posted up,263856,1,0.9982,6.311
7,decoder,posted up,263856,1,0.9938,5.0759
7,decoder,posted up,263856,1,0.9995,7.6394
7,decoder,posted up,263856,1,0.999,6.9209
7,decoder,posted up,263856,1,0.9999,9.834
7,decoder,posted up,263856,1,0.9998,8.3688
7,decoder,posted up,263856,1,0.9999,9.459
7,decoder,posted up,263856,1,1.0,14.1533
7,decoder,posted up,263856,1,0.9996,7.8673
7,decoder,post up,893779,1,0.9998,8.755
7,decoder,post up,893779,1,0.9999,8.8068
7,decoder,post up,893779,1,0.9944,5.1856
7,decoder,post up,893779,1,1.0,14.3361
7,decoder,post up,893779,1,0.9999,9.8466
7,decoder,post up,893779,1,0.9888,4.4837
7,decoder,post up,893779,1,0.9999,9.4222
7,decoder,post up,893779,1,1.0,16.7638
7,decoder,post up,893779,1,1.0,15.6181
7,decoder,post up,893779,1,0.9823,4.0172
7,decoder,post up,893779,1,1.0,12.4273
7,decoder,post up,893779,1,1.0,10.2019
7,decoder,post up,893779,1,0.9948,5.2479
7,decoder,post up,893779,1,0.9999,9.0896
7,decoder,post up,893779,1,1.0,13.0379
7,decoder,post up,893779,1,1.0,10.0382
7,decoder,spins up,104672,1,1.0,10.5929
7,decoder,spins up,104672,1,0.9998,8.6439
7,decoder,spins up,104672,1,0.9988,6.6868
7,decoder,spins up,104672,1,0.9988,6.7536
7,decoder,spins up,104672,1,1.0,10.3886
7,decoder,spins up,104672,1,1.0,14.7756
7,decoder,spins up,104672,1,1.0,11.3896
7,decoder,spins up,104672,1,1.0,12.1642
7,decoder,spins up,104672,1,0.9999,9.5689
7,decoder,spins up,104672,1,0.9991,7.0447
7,decoder,spins up,104672,1,0.999,6.922
7,decoder,spins up,104672,1,1.0,11.0529
7,decoder,spins up,104672,1,0.9998,8.3107
7,decoder,spins up,104672,1,1.0,10.5164
7,decoder,spins up,104672,1,1.0,11.461
7,decoder,spins up,104672,1,0.9999,9.8638
7,decoder,touch up,743860,1,0.997,5.8137
7,decoder,touch up,743860,1,0.9998,8.3745
7,decoder,touch up,743860,1,1.0,11.7805
7,decoder,touch up,743860,1,0.9985,6.49
7,decoder,touch up,743860,1,0.9999,9.4849
7,decoder,touch up,743860,1,1.0,10.6961
7,decoder,touch up,743860,1,0.9992,7.1887
7,decoder,touch up,743860,1,0.9998,8.5999
7,decoder,touch up,743860,1,0.9999,9.8933
7,decoder,touch up,743860,1,1.0,13.6439
7,decoder,touch up,743860,1,1.0,10.8108
7,decoder,touch up,743860,1,1.0,14.3559
7,decoder,touch up,743860,1,1.0,11.6452
7,decoder,touch up,743860,1,1.0,10.165
7,decoder,touch up,743860,1,1.0,10.8907
7,decoder,touch up,743860,1,0.9999,9.8859
7,decoder,bind up,104187,1,0.9999,9.0319
7,decoder,bind up,104187,1,1.0,12.1465
7,decoder,bind up,104187,1,1.0,16.4886
7,decoder,bind up,104187,1,0.9999,9.7097
7,decoder,bind up,104187,1,1.0,12.0197
7,decoder,bind up,104187,1,1.0,13.649
7,decoder,bind up,104187,1,1.0,13.4606
7,decoder,bind up,104187,1,1.0,14.2714
7,decoder,bind up,104187,1,1.0,13.013
7,decoder,bind up,104187,1,1.0,16.3185
7,decoder,bind up,104187,1,0.9999,9.8904
7,decoder,bind up,104187,1,1.0,16.3633
7,decoder,bind up,104187,1,0.9998,8.5697
7,decoder,bind up,104187,1,0.9999,9.2506
7,decoder,bind up,104187,1,1.0,12.2631
7,decoder,bind up,104187,1,1.0,14.8722
7,decoder,covers up,422093,1,1.0,10.7475
7,decoder,covers up,422093,1,0.9985,6.4751
7,decoder,covers up,422093,1,0.9999,9.2066
7,decoder,covers up,422093,1,1.0,10.3073
7,decoder,covers up,422093,1,0.9994,7.4913
7,decoder,covers up,422093,1,1.0,11.2889
7,decoder,covers up,422093,1,0.9996,7.795
7,decoder,covers up,422093,1,0.9991,7.0071
7,decoder,covers up,422093,1,0.9998,8.6243
7,decoder,covers up,422093,1,0.9999,9.4
7,decoder,covers up,422093,1,0.9981,6.2413
7,decoder,covers up,422093,1,0.9966,5.6865
7,decoder,covers up,422093,1,0.9998,8.3384
7,decoder,covers up,422093,1,1.0,10.8283
7,decoder,covers up,422093,1,0.9998,8.4299
7,decoder,covers up,422093,1,0.9989,6.7881
7,decoder,sneaking up,238318,1,0.9999,9.6739
7,decoder,sneaking up,238318,1,1.0,11.8719
7,decoder,sneaking up,238318,1,0.9925,4.8888
7,decoder,sneaking up,238318,1,0.9999,8.9159
7,decoder,sneaking up,238318,1,1.0,14.341
7,decoder,sneaking up,238318,1,1.0,10.2541
7,decoder,sneaking up,238318,1,0.9997,8.1272
7,decoder,sneaking up,238318,1,0.9999,8.8296
7,decoder,sneaking up,238318,1,1.0,10.4134
7,decoder,sneaking up,238318,1,1.0,11.2123
7,decoder,sneaking up,238318,1,1.0,11.5961
7,decoder,sneaking up,238318,1,1.0,10.5286
7,decoder,sneaking up,238318,1,1.0,11.2988
7,decoder,sneaking up,238318,1,0.9991,7.0016
7,decoder,sneaking up,238318,1,1.0,10.8109
7,decoder,sneaking up,238318,1,1.0,11.5739
7,decoder,swell up,231767,1,0.9999,9.8409
7,decoder,swell up,231767,1,0.9998,8.6372
7,decoder,swell up,231767,1,0.9898,4.5753
7,decoder,swell up,231767,1,0.9995,7.702
7,decoder,swell up,231767,1,1.0,11.8263
7,decoder,swell up,231767,1,1.0,12.7203
7,decoder,swell up,231767,1,0.9953,5.3474
7,decoder,swell up,231767,1,1.0,12.0228
7,decoder,swell up,231767,1,0.9998,8.4678
7,decoder,swell up,231767,1,0.8995,2.1915
7,decoder,swell up,231767,1,0.9999,9.4735
7,decoder,swell up,231767,1,1.0,10.2794
7,decoder,swell up,231767,1,0.9934,5.014
7,decoder,swell up,231767,1,0.9977,6.089
7,decoder,swell up,231767,1,1.0,15.4244
7,decoder,swell up,231767,1,1.0,11.543
7,decoder,bobbing up,102889,1,0.9999,9.6601
7,decoder,bobbing up,102889,1,1.0,12.7847
7,decoder,bobbing up,102889,1,1.0,10.6518
7,decoder,bobbing up,102889,1,0.9999,9.5705
7,decoder,bobbing up,102889,1,1.0,12.35
7,decoder,bobbing up,102889,1,0.9989,6.8543
7,decoder,bobbing up,102889,1,1.0,12.1022
7,decoder,bobbing up,102889,1,0.9997,8.291
7,decoder,bobbing up,102889,1,1.0,11.2159
7,decoder,bobbing up,102889,1,1.0,10.9997
7,decoder,bobbing up,102889,1,0.9999,8.8689
7,decoder,bobbing up,102889,1,1.0,10.7611
7,decoder,bobbing up,102889,1,0.9307,2.597
7,decoder,bobbing up,102889,1,0.9998,8.5707
7,decoder,bobbing up,102889,1,1.0,12.433
7,decoder,bobbing up,102889,1,0.9999,9.8303
7,decoder,fold up,561591,1,0.9975,6.0068
7,decoder,fold up,561591,1,1.0,12.3505
7,decoder,fold up,561591,1,0.9988,6.7391
7,decoder,fold up,561591,1,0.9999,9.0405
7,decoder,fold up,561591,1,0.9999,9.0088
7,decoder,fold up,561591,1,0.9999,9.1298
7,decoder,fold up,561591,1,0.9963,5.607
7,decoder,fold up,561591,1,1.0,9.9913
7,decoder,fold up,561591,1,1.0,12.0305
7,decoder,fold up,561591,1,0.9941,5.1217
7,decoder,fold up,561591,1,0.9979,6.175
7,decoder,fold up,561591,1,1.0,11.4424
7,decoder,fold up,561591,1,0.988,4.4139
7,decoder,fold up,561591,1,0.9985,6.529
7,decoder,fold up,561591,1,0.9984,6.452
7,decoder,fold up,561591,1,0.9999,8.8361
7,decoder,conjures up,647030,1,0.9998,8.6274
7,decoder,conjures up,647030,1,0.9971,5.8557
7,decoder,conjures up,647030,1,0.9999,9.7467
7,decoder,conjures up,647030,1,1.0,12.164
7,decoder,conjures up,647030,1,1.0,10.2848
7,decoder,conjures up,647030,1,1.0,13.6034
7,decoder,conjures up,647030,1,1.0,14.7032
7,decoder,conjures up,647030,1,0.9997,8.2812
7,decoder,conjures up,647030,1,0.9992,7.0997
7,decoder,conjures up,647030,1,0.9999,8.9389
7,decoder,conjures up,647030,1,1.0,11.8483
7,decoder,conjures up,647030,1,1.0,10.7513
7,decoder,conjures up,647030,1,1.0,10.9087
7,decoder,conjures up,647030,1,1.0,11.8793
7,decoder,conjures up,647030,1,1.0,10.0239
7,decoder,conjures up,647030,1,1.0,11.6871
7,decoder,ripping up,172909,1,1.0,13.0132
7,decoder,ripping up,172909,1,1.0,16.1944
7,decoder,ripping up,172909,1,1.0,13.2031
7,decoder,ripping up,172909,1,1.0,10.2789
7,decoder,ripping up,172909,1,1.0,11.8286
7,decoder,ripping up,172909,1,1.0,11.5141
7,decoder,ripping up,172909,1,1.0,11.9874
7,decoder,ripping up,172909,1,1.0,11.8418
7,decoder,ripping up,172909,1,1.0,14.7458
7,decoder,ripping up,172909,1,1.0,12.149
7,decoder,ripping up,172909,1,1.0,10.0112
7,decoder,ripping up,172909,1,1.0,12.5259
7,decoder,ripping up,172909,1,0.9999,9.4783
7,decoder,ripping up,172909,1,1.0,9.921
7,decoder,ripping up,172909,1,0.9983,6.3973
7,decoder,ripping up,172909,1,0.9999,9.8811
7,decoder,thicken up,129905,1,0.9988,6.7537
7,decoder,thicken up,129905,1,0.9992,7.1814
7,decoder,thicken up,129905,1,0.9999,9.5735
7,decoder,thicken up,129905,1,0.9949,5.2771
7,decoder,thicken up,129905,1,0.9998,8.6471
7,decoder,thicken up,129905,1,0.9709,3.5086
7,decoder,thicken up,129905,1,1.0,15.775
7,decoder,thicken up,129905,1,0.9996,7.9311
7,decoder,thicken up,129905,1,0.9942,5.143
7,decoder,thicken up,129905,1,0.9999,9.839
7,decoder,thicken up,129905,1,1.0,11.6629
7,decoder,thicken up,129905,1,1.0,14.6029
7,decoder,thicken up,129905,1,1.0,13.1476
7,decoder,thicken up,129905,1,1.0,10.8029
7,decoder,thicken up,129905,1,1.0,10.2688
7,decoder,thicken up,129905,1,0.9999,8.9977
7,decoder,strode up,45100,1,0.9998,8.355
7,decoder,strode up,45100,1,0.9997,7.9903
7,decoder,strode up,45100,1,1.0,13.419
7,decoder,strode up,45100,1,1.0,13.0144
7,decoder,strode up,45100,1,1.0,12.2252
7,decoder,strode up,45100,1,1.0,14.8595
7,decoder,strode up,45100,1,1.0,12.4023
7,decoder,strode up,45100,1,0.9955,5.3886
7,decoder,strode up,45100,1,1.0,11.7659
7,decoder,strode up,45100,1,1.0,13.8631
7,decoder,strode up,45100,1,1.0,12.0233
7,decoder,strode up,45100,1,1.0,11.1054
7,decoder,strode up,45100,1,1.0,10.6134
7,decoder,strode up,45100,1,0.9996,7.8433
7,decoder,strode up,45100,1,1.0,11.8827
7,decoder,strode up,45100,1,1.0,12.8406
7,decoder,tightened up,352558,1,0.9433,2.8121
7,decoder,tightened up,352558,1,0.9997,7.9729
7,decoder,tightened up,352558,1,0.9563,3.0847
7,decoder,tightened up,352558,1,0.9175,2.4094
7,decoder,tightened up,352558,1,0.9996,7.8171
7,decoder,tightened up,352558,1,1.0,12.9906
7,decoder,tightened up,352558,1,1.0,10.1341
7,decoder,tightened up,352558,1,0.8148,1.4817
7,decoder,tightened up,352558,1,0.9991,6.9999
7,decoder,tightened up,352558,1,0.9999,9.8345
7,decoder,tightened up,352558,1,0.9928,4.9299
7,decoder,tightened up,352558,1,0.9995,7.5536
7,decoder,tightened up,352558,1,0.9941,5.12
7,decoder,tightened up,352558,1,0.9998,8.5439
7,decoder,tightened up,352558,1,0.9965,5.664
7,decoder,tightened up,352558,1,1.0,13.8003
7,decoder,cough up,529948,1,0.9994,7.3731
7,decoder,cough up,529948,1,1.0,15.173
7,decoder,cough up,529948,1,1.0,11.1805
7,decoder,cough up,529948,1,1.0,13.8035
7,decoder,cough up,529948,1,0.9996,7.9443
7,decoder,cough up,529948,1,0.9998,8.6297
7,decoder,cough up,529948,1,1.0,10.5477
7,decoder,cough up,529948,1,1.0,10.0142
7,decoder,cough up,529948,1,0.9999,9.2742
7,decoder,cough up,529948,1,0.957,3.103
7,decoder,cough up,529948,1,0.9996,7.8206
7,decoder,cough up,529948,1,0.9983,6.3625
7,decoder,cough up,529948,1,0.9986,6.5976
7,decoder,cough up,529948,1,0.9942,5.15
7,decoder,cough up,529948,1,0.9987,6.6136
7,decoder,cough up,529948,1,0.9999,9.1548
7,decoder,hooks up,245959,1,1.0,11.6334
7,decoder,hooks up,245959,1,0.9998,8.6611
7,decoder,hooks up,245959,1,0.9995,7.6837
7,decoder,hooks up,245959,1,1.0,15.2401
7,decoder,hooks up,245959,1,1.0,10.6018
7,decoder,hooks up,245959,1,0.9657,3.3367
7,decoder,hooks up,245959,1,0.9998,8.506
7,decoder,hooks up,245959,1,1.0,10.9982
7,decoder,hooks up,245959,1,0.7915,1.3342
7,decoder,hooks up,245959,1,0.9997,8.2387
7,decoder,hooks up,245959,1,1.0,11.3398
7,decoder,hooks up,245959,1,0.9988,6.7007
7,decoder,hooks up,245959,1,0.9996,7.839
7,decoder,hooks up,245959,1,0.9999,9.3681
7,decoder,hooks up,245959,1,0.9997,7.9799
7,decoder,hooks up,245959,1,1.0,11.1671
7,decoder,brimmed up,960,1,0.9809,3.9385
7,decoder,brimmed up,960,1,0.9746,3.6472
7,decoder,brimmed up,960,1,0.9782,3.8059
7,decoder,brimmed up,960,1,1.0,14.3392
7,decoder,brimmed up,960,1,0.9811,3.9518
7,decoder,brimmed up,960,1,1.0,11.921
7,decoder,brimmed up,960,1,1.0,12.6593
7,decoder,brimmed up,960,1,0.9692,3.4474
7,decoder,brimmed up,960,1,0.997,5.7971
7,decoder,brimmed up,960,1,0.9819,3.9919
7,decoder,brimmed up,960,1,1.0,11.6376
7,decoder,brimmed up,960,1,0.9898,4.5796
7,decoder,brimmed up,960,1,0.9996,7.8142
7,decoder,brimmed up,960,1,1.0,14.1177
7,decoder,brimmed up,960,1,1.0,10.6684
7,decoder,brimmed up,960,1,0.9951,5.3162
7,decoder,gobbling up,195916,1,1.0,13.5275
7,decoder,gobbling up,195916,1,1.0,15.3329
7,decoder,gobbling up,195916,1,1.0,10.8799
7,decoder,gobbling up,195916,1,1.0,17.672
7,decoder,gobbling up,195916,1,0.9999,9.1761
7,decoder,gobbling up,195916,1,1.0,13.7292
7,decoder,gobbling up,195916,1,1.0,14.1281
7,decoder,gobbling up,195916,1,1.0,16.3576
7,decoder,gobbling up,195916,1,1.0,16.7196
7,decoder,gobbling up,195916,1,1.0,10.2764
7,decoder,gobbling up,195916,1,1.0,14.8508
7,decoder,gobbling up,195916,1,1.0,12.4725
7,decoder,gobbling up,195916,1,1.0,14.888
7,decoder,gobbling up,195916,1,0.9999,9.4694
7,decoder,gobbling up,195916,1,1.0,13.2097
7,decoder,gobbling up,195916,1,1.0,13.87
7,decoder,changed up,260904,1,1.0,13.5497
7,decoder,changed up,260904,1,1.0,12.1556
7,decoder,changed up,260904,1,0.9997,8.0905
7,decoder,changed up,260904,1,0.9995,7.6244
7,decoder,changed up,260904,1,1.0,11.5993
7,decoder,changed up,260904,1,0.9985,6.4828
7,decoder,changed up,260904,1,0.9683,3.4184
7,decoder,changed up,260904,1,1.0,12.0664
7,decoder,changed up,260904,1,0.9992,7.1935
7,decoder,changed up,260904,1,1.0,12.8504
7,decoder,changed up,260904,1,1.0,10.725
7,decoder,changed up,260904,1,1.0,11.9088
7,decoder,changed up,260904,1,0.9999,9.1439
7,decoder,changed up,260904,1,1.0,12.4715
7,decoder,changed up,260904,1,0.9999,9.255
7,decoder,changed up,260904,1,0.9945,5.1993
7,decoder,jacking up,147545,1,1.0,10.8368
7,decoder,jacking up,147545,1,1.0,11.769
7,decoder,jacking up,147545,1,1.0,11.2887
7,decoder,jacking up,147545,1,1.0,12.0488
7,decoder,jacking up,147545,1,0.9987,6.675
7,decoder,jacking up,147545,1,0.9992,7.1586
7,decoder,jacking up,147545,1,1.0,10.0337
7,decoder,jacking up,147545,1,1.0,11.947
7,decoder,jacking up,147545,1,0.9999,9.8401
7,decoder,jacking up,147545,1,1.0,10.9373
7,decoder,jacking up,147545,1,0.9999,9.2752
7,decoder,jacking up,147545,1,1.0,15.6456
7,decoder,jacking up,147545,1,1.0,13.9682
7,decoder,jacking up,147545,1,0.9999,8.8558
7,decoder,jacking up,147545,1,0.9975,6.0064
7,decoder,jacking up,147545,1,0.9992,7.1755
7,decoder,hitting up,318570,1,1.0,15.0928
7,decoder,hitting up,318570,1,1.0,12.2375
7,decoder,hitting up,318570,1,1.0,11.6981
7,decoder,hitting up,318570,1,0.9999,9.8303
7,decoder,hitting up,318570,1,0.9999,9.8532
7,decoder,hitting up,318570,1,0.9995,7.599
7,decoder,hitting up,318570,1,1.0,13.4996
7,decoder,hitting up,318570,1,0.9992,7.1033
7,decoder,hitting up,318570,1,1.0,11.0723
7,decoder,hitting up,318570,1,1.0,12.2544
7,decoder,hitting up,318570,1,0.9999,9.7857
7,decoder,hitting up,318570,1,1.0,10.3785
7,decoder,hitting up,318570,1,0.9978,6.0948
7,decoder,hitting up,318570,1,1.0,10.2689
7,decoder,hitting up,318570,1,1.0,12.1955
7,decoder,hitting up,318570,1,1.0,14.7737
7,decoder,tuned up,192368,1,0.9999,9.8974
7,decoder,tuned up,192368,1,1.0,10.8249
7,decoder,tuned up,192368,1,1.0,10.0578
7,decoder,tuned up,192368,1,1.0,15.3352
7,decoder,tuned up,192368,1,0.9999,9.5534
7,decoder,tuned up,192368,1,0.9999,9.6295
7,decoder,tuned up,192368,1,1.0,14.7954
7,decoder,tuned up,192368,1,1.0,10.8349
7,decoder,tuned up,192368,1,0.9999,8.8165
7,decoder,tuned up,192368,1,0.9973,5.9133
7,decoder,tuned up,192368,1,0.9999,9.8591
7,decoder,tuned up,192368,1,1.0,11.1365
7,decoder,tuned up,192368,1,0.9999,9.632
7,decoder,tuned up,192368,1,0.9994,7.4527
7,decoder,tuned up,192368,1,1.0,12.6822
7,decoder,summoned up,67104,1,1.0,13.4693
7,decoder,summoned up,67104,1,1.0,18.0766
7,decoder,summoned up,67104,1,1.0,12.1883
7,decoder,summoned up,67104,1,1.0,11.9815
7,decoder,summoned up,67104,1,1.0,15.9824
7,decoder,summoned up,67104,1,0.9998,8.493
7,decoder,summoned up,67104,1,1.0,17.56
7,decoder,summoned up,67104,1,1.0,10.5413
7,decoder,summoned up,67104,1,1.0,11.4562
7,decoder,summoned up,67104,1,1.0,15.3326
7,decoder,summoned up,67104,1,1.0,14.4771
7,decoder,summoned up,67104,1,1.0,13.6707
7,decoder,summoned up,67104,1,1.0,12.0443
7,decoder,summoned up,67104,1,1.0,12.3978
7,decoder,summoned up,67104,1,1.0,15.9707
7,decoder,danced up,20858,1,1.0,10.964
7,decoder,danced up,20858,1,1.0,13.4844
7,decoder,danced up,20858,1,0.9999,9.6253
7,decoder,danced up,20858,1,1.0,13.4568
7,decoder,danced up,20858,1,1.0,16.0793
7,decoder,danced up,20858,1,0.9999,8.8605
7,decoder,danced up,20858,1,1.0,11.5757
7,decoder,danced up,20858,1,0.9999,9.8494
7,decoder,danced up,20858,1,0.9993,7.2649
7,decoder,danced up,20858,1,1.0,11.5048
7,decoder,danced up,20858,1,1.0,12.1946
7,decoder,danced up,20858,1,1.0,12.2925
7,decoder,danced up,20858,1,1.0,13.5196
7,decoder,danced up,20858,1,1.0,10.7745
7,decoder,danced up,20858,1,1.0,11.846
7,decoder,bounced up,115625,1,0.9986,6.5917
7,decoder,bounced up,115625,1,0.9998,8.3631
7,decoder,bounced up,115625,1,0.9926,4.8941
7,decoder,bounced up,115625,1,0.9998,8.4302
7,decoder,bounced up,115625,1,0.9998,8.6446
7,decoder,bounced up,115625,1,0.9996,7.8902
7,decoder,bounced up,115625,1,0.9996,7.9028
7,decoder,bounced up,115625,1,0.9998,8.7737
7,decoder,bounced up,115625,1,0.9997,7.9892
7,decoder,bounced up,115625,1,0.9993,7.2551
7,decoder,bounced up,115625,1,0.9999,9.3465
7,decoder,bounced up,115625,1,0.9996,7.7597
7,decoder,bounced up,115625,1,0.9999,8.8547
7,decoder,bounced up,115625,1,1.0,11.1034
7,decoder,bounced up,115625,1,1.0,11.4765
7,decoder,feel up,346172,1,1.0,13.9315
7,decoder,feel up,346172,1,1.0,13.5865
7,decoder,feel up,346172,1,0.9998,8.5487
7,decoder,feel up,346172,1,1.0,10.5968
7,decoder,feel up,346172,1,1.0,11.8606
7,decoder,feel up,346172,1,1.0,10.5617
7,decoder,feel up,346172,1,1.0,14.8123
7,decoder,feel up,346172,1,1.0,13.5587
7,decoder,feel up,346172,1,1.0,12.4854
7,decoder,feel up,346172,1,1.0,14.6416
7,decoder,feel up,346172,1,1.0,13.4499
7,decoder,feel up,346172,1,1.0,15.1794
7,decoder,feel up,346172,1,0.9998,8.4943
7,decoder,feel up,346172,1,1.0,12.82
7,decoder,feel up,346172,1,1.0,11.9142
7,decoder,loads up,285603,1,0.9998,8.6967
7,decoder,loads up,285603,1,1.0,13.724
7,decoder,loads up,285603,1,1.0,13.7581
7,decoder,loads up,285603,1,0.9997,8.1285
7,decoder,loads up,285603,1,1.0,13.6809
7,decoder,loads up,285603,1,0.9994,7.4189
7,decoder,loads up,285603,1,0.9986,6.5938
7,decoder,loads up,285603,1,1.0,11.6682
7,decoder,loads up,285603,1,1.0,10.0007
7,decoder,loads up,285603,1,0.9983,6.3707
7,decoder,loads up,285603,1,1.0,15.4181
7,decoder,loads up,285603,1,1.0,10.1482
7,decoder,loads up,285603,1,0.9984,6.4279
7,decoder,loads up,285603,1,0.9998,8.6696
7,decoder,loads up,285603,1,0.9996,7.9179
7,decoder,shaking up,323728,1,0.9999,9.1305
7,decoder,shaking up,323728,1,0.9999,8.9419
7,decoder,shaking up,323728,1,0.9943,5.1603
7,decoder,shaking up,323728,1,0.998,6.2084
7,decoder,shaking up,323728,1,1.0,10.4392
7,decoder,shaking up,323728,1,0.9952,5.3253
7,decoder,shaking up,323728,1,1.0,10.2423
7,decoder,shaking up,323728,1,0.9925,4.8866
7,decoder,shaking up,323728,1,1.0,10.8112
7,decoder,shaking up,323728,1,0.9979,6.1844
7,decoder,shaking up,323728,1,1.0,10.0489
7,decoder,shaking up,323728,1,1.0,10.5919
7,decoder,shaking up,323728,1,1.0,12.8832
7,decoder,shaking up,323728,1,1.0,11.7949
7,decoder,shaking up,323728,1,1.0,14.9078
7,decoder,spice up,1334203,1,0.9995,7.5195
7,decoder,spice up,1334203,1,0.9999,9.0441
7,decoder,spice up,1334203,1,0.9991,7.061
7,decoder,spice up,1334203,1,1.0,13.2986
7,decoder,spice up,1334203,1,0.9998,8.8031
7,decoder,spice up,1334203,1,0.9998,8.6386
7,decoder,spice up,1334203,1,0.9996,7.7874
7,decoder,spice up,1334203,1,1.0,11.6434
7,decoder,spice up,1334203,1,1.0,10.4039
7,decoder,spice up,1334203,1,1.0,10.8822
7,decoder,spice up,1334203,1,1.0,10.1106
7,decoder,spice up,1334203,1,0.9999,9.4936
7,decoder,spice up,1334203,1,0.9994,7.4386
7,decoder,spice up,1334203,1,1.0,10.7442
7,decoder,spice up,1334203,1,0.9995,7.6141
7,decoder,reckon up,9269,1,0.9989,6.8554
7,decoder,reckon up,9269,1,0.9999,9.7147
7,decoder,reckon up,9269,1,1.0,13.897
7,decoder,reckon up,9269,1,0.9997,7.9986
7,decoder,reckon up,9269,1,1.0,10.8176
7,decoder,reckon up,9269,1,1.0,14.9514
7,decoder,reckon up,9269,1,1.0,16.2433
7,decoder,reckon up,9269,1,1.0,13.4542
7,decoder,reckon up,9269,1,1.0,18.6055
7,decoder,reckon up,9269,1,1.0,11.6749
7,decoder,reckon up,9269,1,0.9984,6.4608
7,decoder,reckon up,9269,1,1.0,15.4572
7,decoder,reckon up,9269,1,1.0,13.1758
7,decoder,reckon up,9269,1,1.0,14.924
7,decoder,reckon up,9269,1,1.0,14.4579
7,decoder,counted up,78368,1,0.8718,1.9173
7,decoder,counted up,78368,1,1.0,10.7466
7,decoder,counted up,78368,1,0.9999,9.7649
7,decoder,counted up,78368,1,1.0,12.6658
7,decoder,counted up,78368,1,1.0,13.2313
7,decoder,counted up,78368,1,0.9999,8.8994
7,decoder,counted up,78368,1,0.9999,8.9726
7,decoder,counted up,78368,1,1.0,13.6708
7,decoder,counted up,78368,1,1.0,14.3798
7,decoder,counted up,78368,1,0.9999,9.0219
7,decoder,counted up,78368,1,1.0,10.1241
7,decoder,counted up,78368,1,1.0,12.4048
7,decoder,counted up,78368,1,1.0,10.6735
7,decoder,counted up,78368,1,0.9999,9.3874
7,decoder,counted up,78368,1,1.0,11.4334
7,decoder,tense up,200995,1,0.9995,7.5333
7,decoder,tense up,200995,1,1.0,10.206
7,decoder,tense up,200995,1,1.0,11.7926
7,decoder,tense up,200995,1,1.0,11.4942
7,decoder,tense up,200995,1,1.0,15.7994
7,decoder,tense up,200995,1,1.0,11.2683
7,decoder,tense up,200995,1,0.9999,9.8344
7,decoder,tense up,200995,1,0.9999,9.8101
7,decoder,tense up,200995,1,0.9998,8.7864
7,decoder,tense up,200995,1,1.0,9.9954
7,decoder,tense up,200995,1,1.0,14.0289
7,decoder,tense up,200995,1,1.0,10.0301
7,decoder,tense up,200995,1,0.9996,7.815
7,decoder,tense up,200995,1,1.0,10.1046
7,decoder,tense up,200995,1,0.9999,9.2315
7,decoder,traveling up,145318,1,1.0,15.2423
7,decoder,traveling up,145318,1,1.0,16.8912
7,decoder,traveling up,145318,1,1.0,10.2727
7,decoder,traveling up,145318,1,1.0,12.7051
7,decoder,traveling up,145318,1,1.0,11.8474
7,decoder,traveling up,145318,1,1.0,17.7445
7,decoder,traveling up,145318,1,1.0,13.7548
7,decoder,traveling up,145318,1,1.0,14.4209
7,decoder,traveling up,145318,1,1.0,17.5384
7,decoder,traveling up,145318,1,1.0,11.417
7,decoder,traveling up,145318,1,1.0,11.2659
7,decoder,traveling up,145318,1,1.0,11.9937
7,decoder,traveling up,145318,1,1.0,13.4689
7,decoder,traveling up,145318,1,1.0,14.7655
7,decoder,traveling up,145318,1,0.9999,9.5243
7,decoder,clears up,446464,1,0.9993,7.2283
7,decoder,clears up,446464,1,1.0,11.5215
7,decoder,clears up,446464,1,1.0,10.7115
7,decoder,clears up,446464,1,0.9979,6.1428
7,decoder,clears up,446464,1,0.9994,7.416
7,decoder,clears up,446464,1,0.5255,0.1021
7,decoder,clears up,446464,1,0.9999,9.7384
7,decoder,clears up,446464,1,0.9998,8.7567
7,decoder,clears up,446464,1,1.0,10.2935
7,decoder,clears up,446464,1,1.0,11.1243
7,decoder,clears up,446464,0,0.4697,-0.1212
7,decoder,clears up,446464,1,1.0,11.8811
7,decoder,clears up,446464,1,0.9996,7.8579
7,decoder,clears up,446464,1,0.9999,9.1615
7,decoder,clears up,446464,1,0.9998,8.4673
7,decoder,spoken up,202426,1,1.0,12.6542
7,decoder,spoken up,202426,1,0.9999,9.3071
7,decoder,spoken up,202426,1,0.9985,6.4947
7,decoder,spoken up,202426,1,0.9967,5.7035
7,decoder,spoken up,202426,1,0.9975,5.9832
7,decoder,spoken up,202426,1,1.0,16.699
7,decoder,spoken up,202426,1,0.9988,6.6917
7,decoder,spoken up,202426,1,0.9998,8.4051
7,decoder,spoken up,202426,1,1.0,11.5787
7,decoder,spoken up,202426,1,0.9999,9.2565
7,decoder,spoken up,202426,1,1.0,10.3708
7,decoder,spoken up,202426,1,1.0,14.4727
7,decoder,spoken up,202426,1,1.0,11.5043
7,decoder,spoken up,202426,1,0.9998,8.3327
7,decoder,spoken up,202426,1,1.0,14.0585
7,decoder,slowed up,48981,1,0.9661,3.3502
7,decoder,slowed up,48981,1,0.6896,0.7984
7,decoder,slowed up,48981,1,0.99,4.5991
7,decoder,slowed up,48981,1,0.999,6.8667
7,decoder,slowed up,48981,1,0.9997,8.2418
7,decoder,slowed up,48981,1,0.9933,4.995
7,decoder,slowed up,48981,1,0.9959,5.4919
7,decoder,slowed up,48981,1,0.9918,4.7993
7,decoder,slowed up,48981,1,0.9999,9.1007
7,decoder,slowed up,48981,1,0.9942,5.1394
7,decoder,slowed up,48981,1,0.8733,1.9301
7,decoder,slowed up,48981,1,0.9999,9.8403
7,decoder,slowed up,48981,1,0.8601,1.8159
7,decoder,slowed up,48981,1,0.9998,8.382
7,decoder,slowed up,48981,1,0.9972,5.8735
7,decoder,phone up,308722,1,0.9998,8.6669
7,decoder,phone up,308722,1,1.0,13.8765
7,decoder,phone up,308722,1,1.0,10.8216
7,decoder,phone up,308722,1,1.0,17.3095
7,decoder,phone up,308722,1,1.0,13.4483
7,decoder,phone up,308722,1,1.0,10.7267
7,decoder,phone up,308722,1,0.993,4.9572
7,decoder,phone up,308722,1,1.0,10.9201
7,decoder,phone up,308722,1,0.9992,7.0699
7,decoder,phone up,308722,1,1.0,13.7446
7,decoder,phone up,308722,1,0.9908,4.6747
7,decoder,phone up,308722,1,0.9994,7.4912
7,decoder,phone up,308722,1,1.0,11.1382
7,decoder,phone up,308722,1,0.9988,6.6896
7,decoder,phone up,308722,1,0.9998,8.5463
7,decoder,package up,165004,1,1.0,12.6927
7,decoder,package up,165004,1,0.9999,9.8998
7,decoder,package up,165004,1,1.0,11.0628
7,decoder,package up,165004,1,0.9999,9.531
7,decoder,package up,165004,1,1.0,12.8915
7,decoder,package up,165004,1,1.0,12.3746
7,decoder,package up,165004,1,0.9999,9.4358
7,decoder,package up,165004,1,1.0,12.7904
7,decoder,package up,165004,1,1.0,10.0619
7,decoder,package up,165004,1,1.0,14.3438
7,decoder,package up,165004,1,0.9996,7.7527
7,decoder,package up,165004,1,1.0,10.1175
7,decoder,package up,165004,1,1.0,17.0232
7,decoder,package up,165004,1,1.0,10.1541
7,decoder,package up,165004,1,1.0,11.26
7,decoder,type up,235106,1,1.0,15.2151
7,decoder,type up,235106,1,1.0,10.0578
7,decoder,type up,235106,1,1.0,14.2781
7,decoder,type up,235106,1,1.0,14.1047
7,decoder,type up,235106,1,1.0,13.3937
7,decoder,type up,235106,1,1.0,11.3124
7,decoder,type up,235106,1,0.9981,6.2895
7,decoder,type up,235106,1,1.0,15.8915
7,decoder,type up,235106,1,1.0,19.4329
7,decoder,type up,235106,1,1.0,11.6746
7,decoder,type up,235106,1,1.0,10.0097
7,decoder,type up,235106,1,1.0,10.0683
7,decoder,type up,235106,1,0.9998,8.5095
7,decoder,type up,235106,1,0.9999,9.6412
7,decoder,type up,235106,1,1.0,12.9107
7,decoder,sailing up,54940,1,1.0,17.5689
7,decoder,sailing up,54940,1,1.0,17.1636
7,decoder,sailing up,54940,1,1.0,12.0112
7,decoder,sailing up,54940,1,1.0,15.4948
7,decoder,sailing up,54940,1,0.9997,8.0842
7,decoder,sailing up,54940,1,1.0,13.3596
7,decoder,sailing up,54940,1,1.0,19.7413
7,decoder,sailing up,54940,1,1.0,16.126
7,decoder,sailing up,54940,1,1.0,12.4307
7,decoder,sailing up,54940,1,1.0,13.8011
7,decoder,sailing up,54940,1,0.9999,9.494
7,decoder,sailing up,54940,1,1.0,14.4251
7,decoder,sailing up,54940,1,1.0,18.4048
7,decoder,sailing up,54940,1,1.0,18.4633
7,decoder,sailing up,54940,1,1.0,12.2978
7,decoder,shoring up,288122,1,0.9999,9.1861
7,decoder,shoring up,288122,1,1.0,12.0172
7,decoder,shoring up,288122,1,1.0,15.5135
7,decoder,shoring up,288122,1,1.0,15.1467
7,decoder,shoring up,288122,1,1.0,12.125
7,decoder,shoring up,288122,1,0.9999,9.1897
7,decoder,shoring up,288122,1,1.0,11.9085
7,decoder,shoring up,288122,1,1.0,12.656
7,decoder,shoring up,288122,1,1.0,14.115
7,decoder,shoring up,288122,1,1.0,10.4491
7,decoder,shoring up,288122,1,1.0,18.9304
7,decoder,shoring up,288122,1,0.9999,9.4631
7,decoder,shoring up,288122,1,1.0,13.3949
7,decoder,shoring up,288122,1,1.0,16.2981
7,decoder,shoring up,288122,1,1.0,20.0954
7,decoder,clogging up,304076,1,1.0,16.7723
7,decoder,clogging up,304076,1,1.0,10.6752
7,decoder,clogging up,304076,1,1.0,12.7486
7,decoder,clogging up,304076,1,1.0,11.8633
7,decoder,clogging up,304076,1,1.0,12.7645
7,decoder,clogging up,304076,1,1.0,11.8436
7,decoder,clogging up,304076,1,0.9988,6.7278
7,decoder,clogging up,304076,1,1.0,11.5093
7,decoder,clogging up,304076,1,0.9998,8.6645
7,decoder,clogging up,304076,1,1.0,11.4996
7,decoder,clogging up,304076,1,1.0,13.7307
7,decoder,clogging up,304076,1,0.9998,8.4834
7,decoder,clogging up,304076,1,1.0,10.647
7,decoder,clogging up,304076,1,1.0,11.2158
7,decoder,pursed up,0,1,0.9998,8.3858
7,decoder,pursed up,0,1,1.0,12.0156
7,decoder,pursed up,0,1,1.0,12.8774
7,decoder,pursed up,0,1,1.0,13.9551
7,decoder,pursed up,0,1,1.0,13.2433
7,decoder,pursed up,0,1,1.0,10.41
7,decoder,pursed up,0,1,1.0,11.7483
7,decoder,pursed up,0,1,1.0,12.1994
7,decoder,pursed up,0,1,1.0,12.7456
7,decoder,pursed up,0,1,1.0,13.6105
7,decoder,pursed up,0,1,1.0,11.951
7,decoder,pursed up,0,1,0.9996,7.715
7,decoder,pursed up,0,1,1.0,16.3804
7,decoder,pursed up,0,1,1.0,12.9541
7,decoder,surged up,64107,1,1.0,11.8342
7,decoder,surged up,64107,1,1.0,10.8119
7,decoder,surged up,64107,1,1.0,14.3433
7,decoder,surged up,64107,1,0.9952,5.3255
7,decoder,surged up,64107,1,1.0,11.2097
7,decoder,surged up,64107,1,1.0,11.9028
7,decoder,surged up,64107,1,1.0,11.3411
7,decoder,surged up,64107,1,1.0,10.7126
7,decoder,surged up,64107,1,0.9998,8.4294
7,decoder,surged up,64107,1,0.9987,6.6424
7,decoder,surged up,64107,1,0.9981,6.2386
7,decoder,surged up,64107,1,1.0,10.7739
7,decoder,surged up,64107,1,1.0,10.3662
7,decoder,surged up,64107,1,1.0,14.0831
7,decoder,cocked up,33149,1,1.0,11.6308
7,decoder,cocked up,33149,1,1.0,10.9651
7,decoder,cocked up,33149,1,0.9998,8.757
7,decoder,cocked up,33149,1,0.9994,7.4373
7,decoder,cocked up,33149,1,0.9994,7.4606
7,decoder,cocked up,33149,1,0.9971,5.8397
7,decoder,cocked up,33149,1,0.994,5.1168
7,decoder,cocked up,33149,1,1.0,11.8
7,decoder,cocked up,33149,1,0.9997,8.1246
7,decoder,cocked up,33149,1,0.9998,8.7817
7,decoder,cocked up,33149,1,0.9999,8.8553
7,decoder,cocked up,33149,1,1.0,11.7333
7,decoder,cocked up,33149,1,0.9771,3.7545
7,decoder,cocked up,33149,1,0.9967,5.6978
7,decoder,spend up,552641,1,1.0,10.042
7,decoder,spend up,552641,1,1.0,11.1015
7,decoder,spend up,552641,1,0.9998,8.7897
7,decoder,spend up,552641,1,0.9994,7.4389
7,decoder,spend up,552641,1,1.0,12.1351
7,decoder,spend up,552641,1,0.9999,9.7066
7,decoder,spend up,552641,1,0.9659,3.3433
7,decoder,spend up,552641,1,0.9996,7.8856
7,decoder,spend up,552641,1,1.0,14.9628
7,decoder,spend up,552641,1,1.0,12.5605
7,decoder,spend up,552641,1,1.0,11.8009
7,decoder,spend up,552641,1,1.0,14.475
7,decoder,spend up,552641,1,1.0,12.504
7,decoder,spend up,552641,1,0.9997,8.2479
7,decoder,screws up,293508,1,1.0,10.1397
7,decoder,screws up,293508,1,1.0,12.4029
7,decoder,screws up,293508,1,1.0,11.5675
7,decoder,screws up,293508,1,0.9988,6.6995
7,decoder,screws up,293508,1,0.9997,8.2721
7,decoder,screws up,293508,1,0.9988,6.7223
7,decoder,screws up,293508,1,1.0,13.2891
7,decoder,screws up,293508,1,0.998,6.2066
7,decoder,screws up,293508,1,1.0,13.1006
7,decoder,screws up,293508,1,0.9991,7.0516
7,decoder,screws up,293508,1,1.0,10.3319
7,decoder,screws up,293508,1,0.9999,9.2406
7,decoder,screws up,293508,1,0.9999,9.1753
7,decoder,screws up,293508,1,0.9981,6.2823
7,decoder,storing up,137435,1,1.0,14.1329
7,decoder,storing up,137435,1,1.0,13.4767
7,decoder,storing up,137435,1,0.9999,9.7296
7,decoder,storing up,137435,1,1.0,14.7214
7,decoder,storing up,137435,1,1.0,10.2903
7,decoder,storing up,137435,1,1.0,14.7756
7,decoder,storing up,137435,1,1.0,11.668
7,decoder,storing up,137435,1,1.0,16.1895
7,decoder,storing up,137435,1,0.9999,9.5974
7,decoder,storing up,137435,1,0.9998,8.5246
7,decoder,storing up,137435,1,1.0,12.304
7,decoder,storing up,137435,1,1.0,14.4432
7,decoder,storing up,137435,1,0.9999,9.4635
7,decoder,storing up,137435,1,0.9999,9.8923
7,decoder,slowing up,32151,1,0.9997,8.292
7,decoder,slowing up,32151,1,0.996,5.5152
7,decoder,slowing up,32151,1,0.9999,9.1388
7,decoder,slowing up,32151,1,0.9933,4.9956
7,decoder,slowing up,32151,1,0.9985,6.5023
7,decoder,slowing up,32151,1,0.9986,6.5847
7,decoder,slowing up,32151,1,0.9815,3.9727
7,decoder,slowing up,32151,1,0.9999,9.2579
7,decoder,slowing up,32151,1,0.9998,8.5691
7,decoder,slowing up,32151,1,0.9999,9.4905
7,decoder,slowing up,32151,1,0.9997,7.9574
7,decoder,slowing up,32151,1,1.0,9.9361
7,decoder,slowing up,32151,1,1.0,10.3941
7,decoder,slowing up,32151,1,0.9999,9.0553
7,decoder,wrinkled up,21361,1,1.0,12.3443
7,decoder,wrinkled up,21361,1,1.0,11.1773
7,decoder,wrinkled up,21361,1,1.0,13.3332
7,decoder,wrinkled up,21361,1,1.0,12.9618
7,decoder,wrinkled up,21361,1,1.0,13.2727
7,decoder,wrinkled up,21361,1,0.9999,9.8348
7,decoder,wrinkled up,21361,1,1.0,10.2845
7,decoder,wrinkled up,21361,1,1.0,13.2607
7,decoder,wrinkled up,21361,1,0.7347,1.0184
7,decoder,wrinkled up,21361,1,0.9997,8.2927
7,decoder,wrinkled up,21361,1,0.999,6.9421
7,decoder,wrinkled up,21361,1,1.0,10.96
7,decoder,wrinkled up,21361,1,1.0,11.0562
7,decoder,wrinkled up,21361,1,0.9999,9.415
7,decoder,ploughed up,18217,1,0.9999,9.7429
7,decoder,ploughed up,18217,1,0.9999,9.2224
7,decoder,ploughed up,18217,1,1.0,10.9727
7,decoder,ploughed up,18217,1,1.0,11.2189
7,decoder,ploughed up,18217,1,0.9989,6.7867
7,decoder,ploughed up,18217,1,0.93,2.5867
7,decoder,ploughed up,18217,1,1.0,12.6526
7,decoder,ploughed up,18217,1,1.0,12.0321
7,decoder,ploughed up,18217,1,1.0,10.4229
7,decoder,ploughed up,18217,1,0.9998,8.458
7,decoder,ploughed up,18217,1,1.0,10.3526
7,decoder,ploughed up,18217,1,0.9983,6.388
7,decoder,ploughed up,18217,1,0.9999,9.5951
7,decoder,ploughed up,18217,1,1.0,10.6677
7,decoder,scrambling up,71095,1,1.0,12.6141
7,decoder,scrambling up,71095,1,1.0,13.2328
7,decoder,scrambling up,71095,1,1.0,13.7516
7,decoder,scrambling up,71095,1,1.0,13.7117
7,decoder,scrambling up,71095,1,1.0,15.1208
7,decoder,scrambling up,71095,1,1.0,16.9171
7,decoder,scrambling up,71095,1,0.9999,9.2539
7,decoder,scrambling up,71095,1,0.9999,9.7585
7,decoder,scrambling up,71095,1,1.0,12.9138
7,decoder,scrambling up,71095,1,1.0,12.6811
7,decoder,scrambling up,71095,1,1.0,13.4359
7,decoder,scrambling up,71095,1,0.9999,9.6885
7,decoder,scrambling up,71095,1,1.0,14.256
7,decoder,scrambling up,71095,1,1.0,12.3829
7,decoder,tidying up,517002,1,0.9997,8.0105
7,decoder,tidying up,517002,1,1.0,14.742
7,decoder,tidying up,517002,1,0.9973,5.9
7,decoder,tidying up,517002,1,0.9999,9.7613
7,decoder,tidying up,517002,1,1.0,10.4726
7,decoder,tidying up,517002,1,0.9979,6.1493
7,decoder,tidying up,517002,1,0.9995,7.5141
7,decoder,tidying up,517002,1,1.0,10.6658
7,decoder,tidying up,517002,1,0.9999,9.6434
7,decoder,tidying up,517002,1,0.9999,9.3757
7,decoder,tidying up,517002,1,0.9999,9.1687
7,decoder,tidying up,517002,1,1.0,9.9373
7,decoder,tidying up,517002,1,0.999,6.8586
7,decoder,tidying up,517002,1,0.9998,8.4764
7,decoder,hoisted up,70320,1,1.0,12.3606
7,decoder,hoisted up,70320,1,1.0,14.9614
7,decoder,hoisted up,70320,1,1.0,10.2689
7,decoder,hoisted up,70320,1,0.9995,7.5605
7,decoder,hoisted up,70320,1,1.0,16.935
7,decoder,hoisted up,70320,1,1.0,11.8918
7,decoder,hoisted up,70320,1,1.0,13.3933
7,decoder,hoisted up,70320,1,0.9979,6.175
7,decoder,hoisted up,70320,1,1.0,14.1388
7,decoder,hoisted up,70320,1,1.0,11.0822
7,decoder,hoisted up,70320,1,1.0,17.6614
7,decoder,hoisted up,70320,1,1.0,13.0898
7,decoder,hoisted up,70320,1,1.0,12.3539
7,decoder,hoisted up,70320,1,1.0,13.933
7,decoder,beefed up,478402,1,0.9999,8.8804
7,decoder,beefed up,478402,1,1.0,12.8559
7,decoder,beefed up,478402,1,0.9997,8.0418
7,decoder,beefed up,478402,1,0.9998,8.7777
7,decoder,beefed up,478402,1,1.0,11.1263
7,decoder,beefed up,478402,1,1.0,11.1973
7,decoder,beefed up,478402,1,1.0,16.0598
7,decoder,beefed up,478402,1,1.0,12.9672
7,decoder,beefed up,478402,1,1.0,13.6336
7,decoder,beefed up,478402,1,1.0,12.6012
7,decoder,beefed up,478402,1,0.9996,7.7493
7,decoder,beefed up,478402,1,1.0,10.9502
7,decoder,beefed up,478402,1,1.0,17.1651
7,decoder,beefed up,478402,1,0.9996,7.8786
7,decoder,touched up,255428,1,0.9999,9.5944
7,decoder,touched up,255428,1,0.9994,7.4429
7,decoder,touched up,255428,1,0.9996,7.9075
7,decoder,touched up,255428,1,0.9997,8.0121
7,decoder,touched up,255428,1,1.0,10.7158
7,decoder,touched up,255428,1,0.9432,2.8101
7,decoder,touched up,255428,1,0.9788,3.8303
7,decoder,touched up,255428,1,0.9998,8.3243
7,decoder,touched up,255428,1,0.9999,9.2098
7,decoder,touched up,255428,1,1.0,10.188
7,decoder,touched up,255428,1,0.999,6.9152
7,decoder,touched up,255428,1,1.0,11.3751
7,decoder,touched up,255428,1,0.9955,5.3966
7,decoder,touched up,255428,1,0.9999,9.509
7,decoder,jack up,313933,1,0.9999,9.7122
7,decoder,jack up,313933,1,0.9998,8.3694
7,decoder,jack up,313933,1,1.0,11.6108
7,decoder,jack up,313933,1,0.9997,8.1156
7,decoder,jack up,313933,1,0.9999,9.3227
7,decoder,jack up,313933,1,0.9997,8.0923
7,decoder,jack up,313933,1,0.9986,6.5426
7,decoder,jack up,313933,1,0.9996,7.9469
7,decoder,jack up,313933,1,0.9966,5.6904
7,decoder,jack up,313933,1,1.0,12.7173
7,decoder,jack up,313933,1,1.0,11.36
7,decoder,jack up,313933,1,0.9999,9.829
7,decoder,jack up,313933,1,0.9999,9.7931
7,decoder,jack up,313933,1,1.0,12.0657
7,decoder,ramps up,535430,1,1.0,13.5168
7,decoder,ramps up,535430,1,0.9898,4.5705
7,decoder,ramps up,535430,1,0.9999,9.0071
7,decoder,ramps up,535430,1,1.0,13.2713
7,decoder,ramps up,535430,1,0.9998,8.3731
7,decoder,ramps up,535430,1,1.0,13.8127
7,decoder,ramps up,535430,1,1.0,12.2078
7,decoder,ramps up,535430,1,1.0,12.4808
7,decoder,ramps up,535430,1,0.9998,8.5263
7,decoder,ramps up,535430,1,1.0,11.349
7,decoder,ramps up,535430,1,0.9999,8.9045
7,decoder,ramps up,535430,1,0.9992,7.1517
7,decoder,ramps up,535430,1,0.9991,7.0649
7,decoder,ramps up,535430,1,0.9974,5.9434
7,decoder,partnered up,415561,1,1.0,13.5316
7,decoder,partnered up,415561,1,1.0,14.0055
7,decoder,partnered up,415561,1,1.0,12.8048
7,decoder,partnered up,415561,1,1.0,12.1827
7,decoder,partnered up,415561,1,1.0,10.6642
7,decoder,partnered up,415561,1,0.9998,8.3663
7,decoder,partnered up,415561,1,1.0,12.3853
7,decoder,partnered up,415561,1,1.0,18.3863
7,decoder,partnered up,415561,1,0.9996,7.8005
7,decoder,partnered up,415561,1,1.0,11.3148
7,decoder,partnered up,415561,1,0.9987,6.6123
7,decoder,partnered up,415561,1,0.9997,8.0809
7,decoder,partnered up,415561,1,1.0,10.5028
7,decoder,partnered up,415561,1,1.0,15.3987
7,decoder,wire up,218573,1,1.0,18.2946
7,decoder,wire up,218573,1,1.0,17.828
7,decoder,wire up,218573,1,0.9999,9.3615
7,decoder,wire up,218573,1,1.0,13.6083
7,decoder,wire up,218573,1,1.0,11.4455
7,decoder,wire up,218573,1,0.9998,8.3373
7,decoder,wire up,218573,1,1.0,12.469
7,decoder,wire up,218573,1,1.0,10.7056
7,decoder,wire up,218573,1,1.0,12.7607
7,decoder,wire up,218573,1,0.9988,6.6951
7,decoder,wire up,218573,1,1.0,10.05
7,decoder,wire up,218573,1,1.0,14.8937
7,decoder,wire up,218573,1,1.0,14.6073
7,decoder,wire up,218573,1,1.0,10.161
7,decoder,bearing up,33052,1,1.0,12.1278
7,decoder,bearing up,33052,1,0.9999,8.808
7,decoder,bearing up,33052,1,0.9822,4.0082
7,decoder,bearing up,33052,1,0.9991,6.9829
7,decoder,bearing up,33052,1,1.0,11.8541
7,decoder,bearing up,33052,1,1.0,10.0963
7,decoder,bearing up,33052,1,0.9998,8.5307
7,decoder,bearing up,33052,1,1.0,12.8589
7,decoder,bearing up,33052,1,0.9994,7.3724
7,decoder,bearing up,33052,1,1.0,9.9915
7,decoder,bearing up,33052,1,0.999,6.9403
7,decoder,bearing up,33052,1,1.0,11.092
7,decoder,bearing up,33052,1,0.9999,9.5709
7,decoder,bearing up,33052,1,1.0,12.4312
7,decoder,scramble up,121513,1,1.0,14.3781
7,decoder,scramble up,121513,1,0.9998,8.7832
7,decoder,scramble up,121513,1,1.0,12.6153
7,decoder,scramble up,121513,1,1.0,10.8128
7,decoder,scramble up,121513,1,0.9986,6.5902
7,decoder,scramble up,121513,1,1.0,10.2916
7,decoder,scramble up,121513,1,0.9999,9.2708
7,decoder,scramble up,121513,1,0.9422,2.7905
7,decoder,scramble up,121513,1,0.9999,9.3387
7,decoder,scramble up,121513,1,1.0,13.6995
7,decoder,scramble up,121513,1,1.0,12.644
7,decoder,scramble up,121513,1,0.9999,9.5925
7,decoder,scramble up,121513,1,1.0,11.3602
7,decoder,scramble up,121513,1,1.0,10.9443
7,decoder,ordered up,109662,1,1.0,15.7729
7,decoder,ordered up,109662,1,1.0,17.5409
7,decoder,ordered up,109662,1,1.0,16.8523
7,decoder,ordered up,109662,1,0.9999,9.4158
7,decoder,ordered up,109662,1,1.0,14.908
7,decoder,ordered up,109662,1,1.0,15.5345
7,decoder,ordered up,109662,1,1.0,11.4488
7,decoder,ordered up,109662,1,1.0,10.0136
7,decoder,ordered up,109662,1,1.0,13.4083
7,decoder,ordered up,109662,1,1.0,14.1937
7,decoder,ordered up,109662,1,1.0,13.693
7,decoder,ordered up,109662,1,1.0,13.8465
7,decoder,ordered up,109662,1,1.0,13.3283
7,decoder,ordered up,109662,1,1.0,16.4535
7,decoder,rev up,266469,1,0.9993,7.3345
7,decoder,rev up,266469,1,1.0,13.9699
7,decoder,rev up,266469,1,1.0,14.2176
7,decoder,rev up,266469,1,0.9998,8.6106
7,decoder,rev up,266469,1,1.0,12.7463
7,decoder,rev up,266469,1,1.0,14.8587
7,decoder,rev up,266469,1,1.0,16.0794
7,decoder,rev up,266469,1,1.0,13.6588
7,decoder,rev up,266469,1,0.9998,8.3066
7,decoder,rev up,266469,1,1.0,14.3389
7,decoder,rev up,266469,1,1.0,11.8937
7,decoder,rev up,266469,1,1.0,16.931
7,decoder,rev up,266469,1,1.0,16.2935
7,decoder,rev up,266469,1,0.9996,7.8862
7,decoder,shuts up,85350,1,0.9998,8.6863
7,decoder,shuts up,85350,1,0.9992,7.1893
7,decoder,shuts up,85350,1,1.0,12.0005
7,decoder,shuts up,85350,1,0.9994,7.3614
7,decoder,shuts up,85350,1,1.0,9.9415
7,decoder,shuts up,85350,1,1.0,10.8026
7,decoder,shuts up,85350,1,0.9998,8.5489
7,decoder,shuts up,85350,1,0.9992,7.0764
7,decoder,shuts up,85350,1,0.9993,7.3212
7,decoder,shuts up,85350,1,0.9981,6.2838
7,decoder,shuts up,85350,0,0.359,-0.5797
7,decoder,shuts up,85350,1,1.0,10.3418
7,decoder,shuts up,85350,1,0.9993,7.2958
7,decoder,shuts up,85350,1,0.9993,7.3344
7,decoder,fuel up,242778,1,1.0,13.3133
7,decoder,fuel up,242778,1,0.9995,7.6983
7,decoder,fuel up,242778,1,0.9997,8.191
7,decoder,fuel up,242778,1,0.9984,6.4402
7,decoder,fuel up,242778,1,1.0,19.0369
7,decoder,fuel up,242778,1,1.0,9.9205
7,decoder,fuel up,242778,1,1.0,11.8586
7,decoder,fuel up,242778,1,1.0,12.9252
7,decoder,fuel up,242778,1,1.0,10.7746
7,decoder,fuel up,242778,1,1.0,13.4292
7,decoder,fuel up,242778,1,1.0,16.5445
7,decoder,fuel up,242778,1,1.0,10.4988
7,decoder,fuel up,242778,1,0.9995,7.5639
7,decoder,fuel up,242778,1,1.0,14.7582
7,decoder,hole up,168767,1,0.9999,9.3699
7,decoder,hole up,168767,1,1.0,9.9155
7,decoder,hole up,168767,1,1.0,9.991
7,decoder,hole up,168767,1,0.9997,8.0296
7,decoder,hole up,168767,1,0.9999,9.1852
7,decoder,hole up,168767,1,1.0,13.294
7,decoder,hole up,168767,1,1.0,10.5086
7,decoder,hole up,168767,1,0.9998,8.3352
7,decoder,hole up,168767,1,1.0,12.3479
7,decoder,hole up,168767,1,0.9999,8.9082
7,decoder,hole up,168767,1,0.9993,7.2265
7,decoder,hole up,168767,1,0.9999,9.3228
7,decoder,hole up,168767,1,0.9999,9.1907
7,decoder,hole up,168767,1,1.0,12.3203
7,decoder,coughed up,262268,1,1.0,10.4577
7,decoder,coughed up,262268,1,0.9998,8.4473
7,decoder,coughed up,262268,1,1.0,11.9608
7,decoder,coughed up,262268,1,0.9995,7.5217
7,decoder,coughed up,262268,1,0.9934,5.0211
7,decoder,coughed up,262268,1,0.9998,8.4264
7,decoder,coughed up,262268,1,0.9999,8.9869
7,decoder,coughed up,262268,1,0.9997,8.138
7,decoder,coughed up,262268,1,0.9987,6.6696
7,decoder,coughed up,262268,1,0.9997,8.1847
7,decoder,coughed up,262268,1,1.0,11.2577
7,decoder,coughed up,262268,1,1.0,10.0153
7,decoder,coughed up,262268,1,0.9952,5.3335
7,decoder,coughed up,262268,1,0.9999,9.1866
7,decoder,lean up,39250,1,0.9999,9.3324
7,decoder,lean up,39250,1,0.9999,9.6293
7,decoder,lean up,39250,1,1.0,10.9115
7,decoder,lean up,39250,1,1.0,10.1344
7,decoder,lean up,39250,1,0.9988,6.7243
7,decoder,lean up,39250,1,1.0,10.8522
7,decoder,lean up,39250,1,0.9999,8.8892
7,decoder,lean up,39250,1,0.9997,8.2382
7,decoder,lean up,39250,1,1.0,10.8514
7,decoder,lean up,39250,1,0.9999,8.9735
7,decoder,lean up,39250,1,1.0,12.0612
7,decoder,lean up,39250,1,1.0,10.1761
7,decoder,lean up,39250,1,0.9999,9.3614
7,decoder,lean up,39250,1,0.9999,9.7938
7,decoder,meets up,413751,1,0.9998,8.5486
7,decoder,meets up,413751,1,0.9994,7.4535
7,decoder,meets up,413751,1,1.0,9.9724
7,decoder,meets up,413751,1,1.0,12.413
7,decoder,meets up,413751,1,0.9992,7.1388
7,decoder,meets up,413751,1,1.0,10.6389
7,decoder,meets up,413751,1,0.9999,9.211
7,decoder,meets up,413751,1,0.9998,8.323
7,decoder,meets up,413751,1,1.0,10.9882
7,decoder,meets up,413751,1,0.9967,5.7067
7,decoder,meets up,413751,1,1.0,10.7878
7,decoder,meets up,413751,1,0.9999,9.0892
7,decoder,meets up,413751,1,0.9997,8.2719
7,decoder,meets up,413751,1,1.0,9.9233
7,decoder,tune up,475271,1,1.0,13.9245
7,decoder,tune up,475271,1,1.0,12.4164
7,decoder,tune up,475271,1,1.0,13.7676
7,decoder,tune up,475271,1,1.0,14.2763
7,decoder,tune up,475271,1,1.0,12.4951
7,decoder,tune up,475271,1,1.0,14.0318
7,decoder,tune up,475271,1,1.0,14.0435
7,decoder,tune up,475271,1,1.0,10.6586
7,decoder,tune up,475271,1,0.9982,6.319
7,decoder,tune up,475271,1,0.9968,5.7268
7,decoder,tune up,475271,1,1.0,13.8474
7,decoder,tune up,475271,1,1.0,11.4038
7,decoder,tune up,475271,1,1.0,14.3198
7,decoder,tune up,475271,1,1.0,10.8511
7,decoder,gaze up,130810,1,1.0,14.8025
7,decoder,gaze up,130810,1,0.9998,8.5646
7,decoder,gaze up,130810,1,1.0,10.1954
7,decoder,gaze up,130810,1,0.9999,9.082
7,decoder,gaze up,130810,1,0.9999,9.2755
7,decoder,gaze up,130810,1,1.0,10.007
7,decoder,gaze up,130810,1,0.9999,9.892
7,decoder,gaze up,130810,1,1.0,11.7163
7,decoder,gaze up,130810,1,1.0,15.5507
7,decoder,gaze up,130810,1,0.9992,7.1835
7,decoder,gaze up,130810,1,1.0,13.7681
7,decoder,gaze up,130810,1,1.0,12.2397
7,decoder,gaze up,130810,1,1.0,14.9143
7,decoder,gaze up,130810,1,1.0,11.4909
7,decoder,revving up,145751,1,1.0,11.2348
7,decoder,revving up,145751,1,1.0,19.7551
7,decoder,revving up,145751,1,1.0,12.4589
7,decoder,revving up,145751,1,1.0,10.4571
7,decoder,revving up,145751,1,1.0,12.4051
7,decoder,revving up,145751,1,0.9999,9.4081
7,decoder,revving up,145751,1,1.0,10.47
7,decoder,revving up,145751,1,1.0,10.732
7,decoder,revving up,145751,1,1.0,14.3841
7,decoder,revving up,145751,1,0.9996,7.7283
7,decoder,revving up,145751,1,1.0,12.0397
7,decoder,revving up,145751,1,1.0,12.2809
7,decoder,revving up,145751,1,1.0,11.9555
7,decoder,revving up,145751,1,1.0,14.4455
7,decoder,raced up,107893,1,0.9998,8.7196
7,decoder,raced up,107893,1,1.0,14.7953
7,decoder,raced up,107893,1,1.0,11.2597
7,decoder,raced up,107893,1,1.0,10.1284
7,decoder,raced up,107893,1,1.0,12.9117
7,decoder,raced up,107893,1,0.9997,8.1842
7,decoder,raced up,107893,1,0.9999,9.7414
7,decoder,raced up,107893,1,1.0,13.9817
7,decoder,raced up,107893,1,1.0,11.0178
7,decoder,raced up,107893,1,1.0,13.5561
7,decoder,raced up,107893,1,1.0,16.4475
7,decoder,raced up,107893,1,1.0,16.3131
7,decoder,raced up,107893,1,1.0,12.3672
7,decoder,raced up,107893,1,1.0,13.3069
7,decoder,revved up,225346,1,0.9999,9.0796
7,decoder,revved up,225346,1,0.9998,8.5408
7,decoder,revved up,225346,1,0.9998,8.3658
7,decoder,revved up,225346,1,1.0,11.6845
7,decoder,revved up,225346,1,1.0,20.141
7,decoder,revved up,225346,1,1.0,12.0179
7,decoder,revved up,225346,1,0.9998,8.4017
7,decoder,revved up,225346,1,0.9901,4.6026
7,decoder,revved up,225346,1,1.0,11.0767
7,decoder,revved up,225346,1,1.0,11.4952
7,decoder,revved up,225346,1,0.9627,3.2509
7,decoder,revved up,225346,1,1.0,10.0836
7,decoder,revved up,225346,1,1.0,10.727
7,decoder,revved up,225346,1,0.9998,8.3355
7,decoder,top up,1481907,1,0.9989,6.7713
7,decoder,top up,1481907,1,1.0,10.9272
7,decoder,top up,1481907,1,1.0,11.2886
7,decoder,top up,1481907,1,1.0,10.9744
7,decoder,top up,1481907,1,1.0,10.445
7,decoder,top up,1481907,1,1.0,12.419
7,decoder,top up,1481907,1,0.9998,8.5368
7,decoder,top up,1481907,1,0.9634,3.2708
7,decoder,top up,1481907,1,1.0,10.8635
7,decoder,top up,1481907,1,0.9857,4.2341
7,decoder,top up,1481907,1,0.9998,8.6854
7,decoder,top up,1481907,1,0.9999,9.7759
7,decoder,top up,1481907,1,0.9994,7.5041
7,decoder,top up,1481907,1,0.9994,7.4224
7,decoder,bid up,146925,1,1.0,13.7883
7,decoder,bid up,146925,1,1.0,15.1375
7,decoder,bid up,146925,1,1.0,17.7872
7,decoder,bid up,146925,1,1.0,11.0775
7,decoder,bid up,146925,1,1.0,13.0453
7,decoder,bid up,146925,1,1.0,13.1473
7,decoder,bid up,146925,1,1.0,16.3103
7,decoder,bid up,146925,1,1.0,16.1023
7,decoder,bid up,146925,1,1.0,15.2008
7,decoder,bid up,146925,1,1.0,17.5362
7,decoder,bid up,146925,1,1.0,10.2691
7,decoder,bid up,146925,1,1.0,10.3219
7,decoder,bid up,146925,1,1.0,16.265
7,decoder,bid up,146925,1,1.0,11.8996
7,decoder,hips up,116721,1,1.0,12.0389
7,decoder,hips up,116721,1,0.9999,8.9216
7,decoder,hips up,116721,1,1.0,14.7533
7,decoder,hips up,116721,1,0.9999,8.9971
7,decoder,hips up,116721,1,0.9998,8.3155
7,decoder,hips up,116721,1,0.9997,8.0276
7,decoder,hips up,116721,1,0.9991,7.0342
7,decoder,hips up,116721,1,0.9999,9.6579
7,decoder,hips up,116721,1,0.9998,8.5779
7,decoder,hips up,116721,1,0.9999,9.0697
7,decoder,hips up,116721,1,0.9995,7.5772
7,decoder,hips up,116721,1,0.9997,8.0753
7,decoder,hips up,116721,1,0.9992,7.1436
7,decoder,hips up,116721,1,0.9999,9.0108
7,decoder,sew up,155340,1,1.0,11.9228
7,decoder,sew up,155340,1,0.9999,9.4569
7,decoder,sew up,155340,1,1.0,12.3908
7,decoder,sew up,155340,1,1.0,13.4462
7,decoder,sew up,155340,1,1.0,12.4188
7,decoder,sew up,155340,1,0.9993,7.3167
7,decoder,sew up,155340,1,0.9999,9.4823
7,decoder,sew up,155340,1,0.9999,9.8383
7,decoder,sew up,155340,1,1.0,12.1558
7,decoder,sew up,155340,1,0.9978,6.1039
7,decoder,sew up,155340,1,1.0,10.8082
7,decoder,sew up,155340,1,1.0,12.9459
7,decoder,sew up,155340,1,0.9999,9.6059
7,decoder,sew up,155340,1,1.0,12.3644
7,decoder,perked up,358934,1,1.0,15.6058
7,decoder,perked up,358934,1,0.9984,6.4102
7,decoder,perked up,358934,1,0.9674,3.3905
7,decoder,perked up,358934,1,0.8821,2.0129
7,decoder,perked up,358934,1,0.9996,7.8432
7,decoder,perked up,358934,1,0.9893,4.5225
7,decoder,perked up,358934,1,1.0,10.0559
7,decoder,perked up,358934,1,0.9997,8.0289
7,decoder,perked up,358934,1,0.9998,8.7749
7,decoder,perked up,358934,1,0.9998,8.3271
7,decoder,perked up,358934,1,0.9999,9.8864
7,decoder,perked up,358934,1,1.0,13.6632
7,decoder,perked up,358934,1,0.9995,7.5178
7,decoder,perked up,358934,1,0.9999,9.1385
7,decoder,sail up,73516,1,1.0,12.8102
7,decoder,sail up,73516,1,1.0,18.3795
7,decoder,sail up,73516,1,1.0,10.0692
7,decoder,sail up,73516,1,1.0,12.469
7,decoder,sail up,73516,1,1.0,15.9192
7,decoder,sail up,73516,1,1.0,14.8992
7,decoder,sail up,73516,1,1.0,18.1104
7,decoder,sail up,73516,1,0.9999,9.6345
7,decoder,sail up,73516,1,0.9998,8.541
7,decoder,sail up,73516,1,1.0,12.4776
7,decoder,sail up,73516,1,1.0,18.7714
7,decoder,sail up,73516,1,1.0,17.204
7,decoder,sail up,73516,1,1.0,17.5936
7,decoder,sail up,73516,1,1.0,18.2715
7,decoder,clamber up,49805,1,1.0,10.5862
7,decoder,clamber up,49805,1,1.0,13.1044
7,decoder,clamber up,49805,1,1.0,10.0062
7,decoder,clamber up,49805,1,1.0,11.9817
7,decoder,clamber up,49805,1,1.0,10.6519
7,decoder,clamber up,49805,1,0.9998,8.4981
7,decoder,clamber up,49805,1,1.0,11.1461
7,decoder,clamber up,49805,1,1.0,14.0665
7,decoder,clamber up,49805,1,0.9998,8.475
7,decoder,clamber up,49805,1,0.9999,9.4244
7,decoder,clamber up,49805,1,1.0,13.4585
7,decoder,clamber up,49805,1,0.9997,8.2005
7,decoder,clamber up,49805,1,1.0,10.3628
7,decoder,shape up,439066,1,1.0,13.5386
7,decoder,shape up,439066,1,0.9999,9.8791
7,decoder,shape up,439066,1,1.0,9.9658
7,decoder,shape up,439066,1,0.9996,7.7992
7,decoder,shape up,439066,1,1.0,12.5092
7,decoder,shape up,439066,1,1.0,10.4016
7,decoder,shape up,439066,1,0.9963,5.5878
7,decoder,shape up,439066,1,0.9999,9.8646
7,decoder,shape up,439066,1,1.0,12.4159
7,decoder,shape up,439066,1,0.9999,9.3315
7,decoder,shape up,439066,1,1.0,14.4109
7,decoder,shape up,439066,1,0.9993,7.2732
7,decoder,shape up,439066,1,1.0,12.451
7,decoder,owning up,163132,1,1.0,12.5532
7,decoder,owning up,163132,1,1.0,15.6257
7,decoder,owning up,163132,1,1.0,18.4168
7,decoder,owning up,163132,1,1.0,15.8464
7,decoder,owning up,163132,1,1.0,16.6406
7,decoder,owning up,163132,1,1.0,17.2659
7,decoder,owning up,163132,1,1.0,17.6217
7,decoder,owning up,163132,1,1.0,13.1242
7,decoder,owning up,163132,1,1.0,15.6519
7,decoder,owning up,163132,1,1.0,16.9213
7,decoder,owning up,163132,1,1.0,12.9534
7,decoder,owning up,163132,1,1.0,18.7969
7,decoder,owning up,163132,1,1.0,12.6914
7,decoder,fess up,153830,1,0.9997,8.1915
7,decoder,fess up,153830,1,1.0,10.2591
7,decoder,fess up,153830,1,0.9998,8.5937
7,decoder,fess up,153830,1,0.9998,8.6302
7,decoder,fess up,153830,1,0.9807,3.9287
7,decoder,fess up,153830,1,1.0,15.7595
7,decoder,fess up,153830,1,0.9616,3.2198
7,decoder,fess up,153830,1,1.0,10.0496
7,decoder,fess up,153830,1,0.9772,3.756
7,decoder,fess up,153830,1,1.0,14.2406
7,decoder,fess up,153830,1,1.0,13.8155
7,decoder,fess up,153830,1,0.9998,8.7879
7,decoder,fess up,153830,1,0.93,2.5864
7,decoder,drag up,70178,1,1.0,11.3828
7,decoder,drag up,70178,1,0.9998,8.7382
7,decoder,drag up,70178,1,0.9981,6.253
7,decoder,drag up,70178,1,0.9999,9.6078
7,decoder,drag up,70178,1,0.9985,6.5011
7,decoder,drag up,70178,1,1.0,12.3236
7,decoder,drag up,70178,1,1.0,10.4188
7,decoder,drag up,70178,1,0.9995,7.601
7,decoder,drag up,70178,1,1.0,12.4955
7,decoder,drag up,70178,1,0.9973,5.8963
7,decoder,drag up,70178,1,1.0,11.3208
7,decoder,drag up,70178,1,1.0,14.1495
7,decoder,drag up,70178,1,0.999,6.9129
7,decoder,sidled up,61620,1,1.0,15.1822
7,decoder,sidled up,61620,1,1.0,12.1303
7,decoder,sidled up,61620,1,1.0,11.7322
7,decoder,sidled up,61620,1,1.0,11.6185
7,decoder,sidled up,61620,1,0.9994,7.3762
7,decoder,sidled up,61620,1,0.9997,8.2377
7,decoder,sidled up,61620,1,1.0,10.8478
7,decoder,sidled up,61620,1,0.9903,4.624
7,decoder,sidled up,61620,1,0.9776,3.7778
7,decoder,sidled up,61620,1,1.0,13.1889
7,decoder,sidled up,61620,1,1.0,11.3315
7,decoder,sidled up,61620,1,1.0,9.9453
7,decoder,sidled up,61620,1,1.0,15.5068
7,decoder,divvied up,101817,1,1.0,16.0115
7,decoder,divvied up,101817,1,1.0,16.3119
7,decoder,divvied up,101817,1,1.0,12.5349
7,decoder,divvied up,101817,1,1.0,10.3593
7,decoder,divvied up,101817,1,0.9998,8.4327
7,decoder,divvied up,101817,1,1.0,15.1093
7,decoder,divvied up,101817,1,1.0,17.9444
7,decoder,divvied up,101817,1,0.9943,5.1532
7,decoder,divvied up,101817,1,1.0,13.0849
7,decoder,divvied up,101817,1,1.0,18.6085
7,decoder,divvied up,101817,1,0.9997,7.9651
7,decoder,divvied up,101817,1,1.0,14.0001
7,decoder,divvied up,101817,1,1.0,15.0618
7,decoder,bulk up,467517,1,0.9999,9.1286
7,decoder,bulk up,467517,1,0.9999,9.6306
7,decoder,bulk up,467517,1,0.9993,7.2386
7,decoder,bulk up,467517,1,0.9853,4.2081
7,decoder,bulk up,467517,1,0.9999,9.4263
7,decoder,bulk up,467517,1,0.9995,7.7015
7,decoder,bulk up,467517,1,1.0,11.212
7,decoder,bulk up,467517,1,0.9995,7.5493
7,decoder,bulk up,467517,1,1.0,11.1388
7,decoder,bulk up,467517,1,1.0,11.2024
7,decoder,bulk up,467517,1,0.9992,7.1406
7,decoder,bulk up,467517,1,1.0,12.8412
7,decoder,bulk up,467517,1,1.0,10.6292
7,decoder,queuing up,248279,1,0.9999,9.0855
7,decoder,queuing up,248279,1,1.0,16.1834
7,decoder,queuing up,248279,1,0.9999,9.1689
7,decoder,queuing up,248279,1,1.0,16.3313
7,decoder,queuing up,248279,1,0.9925,4.8899
7,decoder,queuing up,248279,1,1.0,11.859
7,decoder,queuing up,248279,1,1.0,11.9297
7,decoder,queuing up,248279,1,0.9976,6.028
7,decoder,queuing up,248279,1,1.0,13.2262
7,decoder,queuing up,248279,1,0.9979,6.1591
7,decoder,queuing up,248279,1,0.9998,8.6792
7,decoder,queuing up,248279,1,0.9999,9.5325
7,decoder,queuing up,248279,1,1.0,12.8881
7,decoder,synced up,89849,1,0.9994,7.4765
7,decoder,synced up,89849,1,0.9999,9.0354
7,decoder,synced up,89849,1,1.0,13.0519
7,decoder,synced up,89849,1,1.0,19.4481
7,decoder,synced up,89849,1,0.9999,8.8595
7,decoder,synced up,89849,1,1.0,11.0788
7,decoder,synced up,89849,1,1.0,12.4884
7,decoder,synced up,89849,1,0.9983,6.4023
7,decoder,synced up,89849,1,1.0,12.6298
7,decoder,synced up,89849,1,1.0,15.9993
7,decoder,synced up,89849,1,0.9966,5.6804
7,decoder,synced up,89849,1,1.0,11.5384
7,decoder,synced up,89849,1,1.0,10.7031
7,decoder,switch up,576046,1,1.0,11.132
7,decoder,switch up,576046,1,1.0,13.6494
7,decoder,switch up,576046,1,1.0,12.7502
7,decoder,switch up,576046,1,1.0,16.5003
7,decoder,switch up,576046,1,0.9994,7.4368
7,decoder,switch up,576046,1,0.9813,3.9599
7,decoder,switch up,576046,1,1.0,9.9969
7,decoder,switch up,576046,1,1.0,11.8264
7,decoder,switch up,576046,1,1.0,12.835
7,decoder,switch up,576046,1,1.0,14.1537
7,decoder,switch up,576046,1,1.0,11.6417
7,decoder,switch up,576046,1,1.0,13.8339
7,decoder,switch up,576046,1,1.0,11.75
7,decoder,scare up,52657,1,1.0,12.3352
7,decoder,scare up,52657,1,0.9999,8.848
7,decoder,scare up,52657,1,0.9998,8.4177
7,decoder,scare up,52657,1,1.0,10.839
7,decoder,scare up,52657,1,1.0,14.8114
7,decoder,scare up,52657,1,0.9998,8.6656
7,decoder,scare up,52657,1,1.0,12.6686
7,decoder,scare up,52657,1,1.0,12.0525
7,decoder,scare up,52657,1,1.0,12.3884
7,decoder,scare up,52657,1,1.0,10.9978
7,decoder,scare up,52657,1,1.0,9.9419
7,decoder,scare up,52657,1,1.0,11.8685
7,decoder,scare up,52657,1,1.0,12.6796
7,decoder,invite up,40925,1,1.0,16.055
7,decoder,invite up,40925,1,1.0,15.8448
7,decoder,invite up,40925,1,0.9999,9.3394
7,decoder,invite up,40925,1,1.0,14.3455
7,decoder,invite up,40925,1,1.0,11.3999
7,decoder,invite up,40925,1,1.0,12.0281
7,decoder,invite up,40925,1,1.0,13.4312
7,decoder,invite up,40925,1,1.0,14.282
7,decoder,invite up,40925,1,0.9999,9.6858
7,decoder,invite up,40925,1,1.0,12.02
7,decoder,invite up,40925,1,1.0,14.592
7,decoder,invite up,40925,1,1.0,14.4009
7,decoder,invite up,40925,1,1.0,11.4213
7,decoder,racing up,92337,1,1.0,19.4218
7,decoder,racing up,92337,1,1.0,18.4193
7,decoder,racing up,92337,1,0.9999,9.2313
7,decoder,racing up,92337,1,0.9997,7.9757
7,decoder,racing up,92337,1,0.9999,9.8853
7,decoder,racing up,92337,1,1.0,17.8043
7,decoder,racing up,92337,1,1.0,17.2496
7,decoder,racing up,92337,1,1.0,14.9917
7,decoder,racing up,92337,1,1.0,11.483
7,decoder,racing up,92337,1,1.0,10.7821
7,decoder,racing up,92337,1,1.0,11.5645
7,decoder,racing up,92337,1,1.0,10.5497
7,decoder,racing up,92337,1,1.0,14.3168
7,decoder,bunched up,197683,1,0.9946,5.2217
7,decoder,bunched up,197683,1,1.0,9.9609
7,decoder,bunched up,197683,1,1.0,10.131
7,decoder,bunched up,197683,1,1.0,12.8463
7,decoder,bunched up,197683,1,0.9998,8.6714
7,decoder,bunched up,197683,1,0.9999,8.8603
7,decoder,bunched up,197683,1,1.0,12.3129
7,decoder,bunched up,197683,1,0.9999,9.6963
7,decoder,bunched up,197683,1,1.0,12.2026
7,decoder,bunched up,197683,1,0.9999,9.5357
7,decoder,bunched up,197683,1,0.9943,5.1544
7,decoder,bunched up,197683,1,0.9999,9.6969
7,decoder,bunched up,197683,1,0.9997,8.2587
7,decoder,galloped up,15010,1,0.9999,9.2893
7,decoder,galloped up,15010,1,1.0,14.505
7,decoder,galloped up,15010,1,1.0,14.113
7,decoder,galloped up,15010,1,1.0,13.452
7,decoder,galloped up,15010,1,0.9986,6.5611
7,decoder,galloped up,15010,1,0.992,4.8256
7,decoder,galloped up,15010,1,1.0,12.3289
7,decoder,galloped up,15010,1,1.0,10.6738
7,decoder,galloped up,15010,1,0.9998,8.6516
7,decoder,galloped up,15010,1,1.0,9.9286
7,decoder,galloped up,15010,1,1.0,11.7289
7,decoder,galloped up,15010,1,0.9999,9.2063
7,decoder,galloped up,15010,1,0.9999,9.7209
7,decoder,gin up,77122,1,1.0,14.592
7,decoder,gin up,77122,1,1.0,12.8111
7,decoder,gin up,77122,1,1.0,15.186
7,decoder,gin up,77122,1,1.0,16.9013
7,decoder,gin up,77122,1,1.0,12.3457
7,decoder,gin up,77122,1,0.9995,7.7009
7,decoder,gin up,77122,1,1.0,12.9357
7,decoder,gin up,77122,1,1.0,14.4698
7,decoder,gin up,77122,1,1.0,15.3136
7,decoder,gin up,77122,1,1.0,12.4836
7,decoder,gin up,77122,1,1.0,13.6093
7,decoder,gin up,77122,1,1.0,12.3571
7,decoder,gin up,77122,1,1.0,15.9218
7,decoder,welcome up,35902,1,0.9996,7.8499
7,decoder,welcome up,35902,1,0.9999,9.5086
7,decoder,welcome up,35902,1,1.0,12.8057
7,decoder,welcome up,35902,1,0.9985,6.4808
7,decoder,welcome up,35902,1,1.0,14.5253
7,decoder,welcome up,35902,1,1.0,9.9156
7,decoder,welcome up,35902,1,1.0,12.9476
7,decoder,welcome up,35902,1,1.0,11.3654
7,decoder,welcome up,35902,1,1.0,11.4291
7,decoder,welcome up,35902,1,1.0,10.5145
7,decoder,welcome up,35902,1,1.0,11.4903
7,decoder,welcome up,35902,1,0.9999,9.5032
7,decoder,welcome up,35902,1,1.0,11.4481
7,decoder,stare up,77836,1,0.9999,9.1269
7,decoder,stare up,77836,1,0.9989,6.8326
7,decoder,stare up,77836,1,0.9999,9.2719
7,decoder,stare up,77836,1,0.9996,7.7158
7,decoder,stare up,77836,1,0.9982,6.3237
7,decoder,stare up,77836,1,0.9987,6.632
7,decoder,stare up,77836,1,0.9998,8.456
7,decoder,stare up,77836,1,0.9999,9.3253
7,decoder,stare up,77836,1,1.0,11.2802
7,decoder,stare up,77836,1,0.9989,6.8381
7,decoder,stare up,77836,1,0.9974,5.9461
7,decoder,stare up,77836,1,1.0,10.7564
7,decoder,stare up,77836,1,1.0,11.6436
7,decoder,clogged up,255515,1,0.9953,5.3616
7,decoder,clogged up,255515,1,1.0,12.1698
7,decoder,clogged up,255515,1,0.9961,5.5383
7,decoder,clogged up,255515,1,0.9999,8.9116
7,decoder,clogged up,255515,1,0.9999,9.5299
7,decoder,clogged up,255515,1,1.0,13.2475
7,decoder,clogged up,255515,1,0.9999,9.8679
7,decoder,clogged up,255515,1,1.0,12.073
7,decoder,clogged up,255515,1,0.9998,8.5304
7,decoder,clogged up,255515,1,0.9989,6.7776
7,decoder,clogged up,255515,1,0.9907,4.665
7,decoder,clogged up,255515,1,0.9998,8.5274
7,decoder,clogged up,255515,1,0.9961,5.5316
7,decoder,keyed up,62148,1,1.0,10.1512
7,decoder,keyed up,62148,1,0.9998,8.745
7,decoder,keyed up,62148,1,1.0,10.1947
7,decoder,keyed up,62148,1,1.0,12.621
7,decoder,keyed up,62148,1,1.0,12.1683
7,decoder,keyed up,62148,1,0.9998,8.5267
7,decoder,keyed up,62148,1,0.9999,9.6557
7,decoder,keyed up,62148,1,1.0,10.0254
7,decoder,keyed up,62148,1,0.9998,8.331
7,decoder,keyed up,62148,1,1.0,13.3872
7,decoder,keyed up,62148,1,0.9991,7.0414
7,decoder,keyed up,62148,1,1.0,10.3126
7,decoder,keyed up,62148,1,0.9962,5.5745
7,decoder,seen up,224388,1,1.0,14.6752
7,decoder,seen up,224388,1,1.0,10.5653
7,decoder,seen up,224388,1,1.0,12.3928
7,decoder,seen up,224388,1,1.0,15.6846
7,decoder,seen up,224388,1,0.9999,9.4433
7,decoder,seen up,224388,1,1.0,10.3003
7,decoder,seen up,224388,1,1.0,10.3192
7,decoder,seen up,224388,1,1.0,13.6895
7,decoder,seen up,224388,1,1.0,12.3495
7,decoder,seen up,224388,1,1.0,12.6315
7,decoder,seen up,224388,1,1.0,10.8054
7,decoder,seen up,224388,1,1.0,13.1189
7,decoder,seen up,224388,1,1.0,13.683
7,decoder,sliced up,142432,1,1.0,10.976
7,decoder,sliced up,142432,1,0.9835,4.0892
7,decoder,sliced up,142432,1,0.9999,9.5345
7,decoder,sliced up,142432,1,0.9994,7.4425
7,decoder,sliced up,142432,1,1.0,11.122
7,decoder,sliced up,142432,1,0.9926,4.8936
7,decoder,sliced up,142432,1,0.9883,4.4372
7,decoder,sliced up,142432,1,1.0,11.251
7,decoder,sliced up,142432,1,0.9708,3.5036
7,decoder,sliced up,142432,1,0.9996,7.7879
7,decoder,sliced up,142432,1,0.9889,4.4883
7,decoder,sliced up,142432,1,0.9993,7.2569
7,decoder,sliced up,142432,1,0.9984,6.4373
7,decoder,carry up,456626,1,1.0,13.0435
7,decoder,carry up,456626,1,0.9999,9.3642
7,decoder,carry up,456626,1,1.0,11.0963
7,decoder,carry up,456626,1,1.0,11.8034
7,decoder,carry up,456626,1,0.9999,9.5767
7,decoder,carry up,456626,1,1.0,13.9269
7,decoder,carry up,456626,1,0.9996,7.8517
7,decoder,carry up,456626,1,0.9999,9.8226
7,decoder,carry up,456626,1,1.0,11.4851
7,decoder,carry up,456626,1,1.0,12.2173
7,decoder,carry up,456626,1,1.0,11.2384
7,decoder,carry up,456626,1,0.9998,8.4015
7,decoder,carry up,456626,1,1.0,10.3829
7,decoder,panting up,0,1,0.9999,9.3731
7,decoder,panting up,0,1,1.0,10.0956
7,decoder,panting up,0,1,0.9999,9.5681
7,decoder,panting up,0,1,0.9998,8.296
7,decoder,panting up,0,1,0.8507,1.7402
7,decoder,panting up,0,1,1.0,12.5881
7,decoder,panting up,0,1,0.9995,7.6434
7,decoder,panting up,0,1,0.9999,9.8781
7,decoder,panting up,0,1,0.9999,9.1429
7,decoder,panting up,0,1,0.9991,6.969
7,decoder,panting up,0,1,0.9999,9.1987
7,decoder,panting up,0,1,1.0,13.0874
7,decoder,panting up,0,1,0.9691,3.4442
7,decoder,conjuring up,216864,1,1.0,11.6282
7,decoder,conjuring up,216864,1,0.9969,5.7639
7,decoder,conjuring up,216864,1,1.0,10.3659
7,decoder,conjuring up,216864,1,0.9999,9.0534
7,decoder,conjuring up,216864,1,1.0,10.8917
7,decoder,conjuring up,216864,1,1.0,11.6973
7,decoder,conjuring up,216864,1,1.0,13.7353
7,decoder,conjuring up,216864,1,1.0,13.8158
7,decoder,conjuring up,216864,1,0.9991,7.0051
7,decoder,conjuring up,216864,1,0.9998,8.6987
7,decoder,conjuring up,216864,1,1.0,14.0348
7,decoder,conjuring up,216864,1,1.0,14.7505
7,decoder,conjuring up,216864,1,1.0,10.7739
7,decoder,stealing up,8209,1,1.0,15.2894
7,decoder,stealing up,8209,1,1.0,10.1478
7,decoder,stealing up,8209,1,0.999,6.8732
7,decoder,stealing up,8209,1,1.0,11.5543
7,decoder,stealing up,8209,1,0.9998,8.3608
7,decoder,stealing up,8209,1,1.0,11.2948
7,decoder,stealing up,8209,1,1.0,14.1869
7,decoder,stealing up,8209,1,1.0,11.9724
7,decoder,stealing up,8209,1,1.0,12.5986
7,decoder,stealing up,8209,1,0.9996,7.7333
7,decoder,stealing up,8209,1,0.9995,7.6364
7,decoder,stealing up,8209,1,1.0,10.9666
7,decoder,stealing up,8209,1,1.0,10.8049
7,decoder,joining up,289530,1,1.0,10.3308
7,decoder,joining up,289530,1,1.0,15.06
7,decoder,joining up,289530,1,1.0,10.0012
7,decoder,joining up,289530,1,1.0,11.7156
7,decoder,joining up,289530,1,1.0,10.5754
7,decoder,joining up,289530,1,1.0,10.812
7,decoder,joining up,289530,1,1.0,14.4711
7,decoder,joining up,289530,1,1.0,11.4113
7,decoder,joining up,289530,1,1.0,11.8839
7,decoder,joining up,289530,1,1.0,18.7751
7,decoder,joining up,289530,1,1.0,12.2066
7,decoder,joining up,289530,1,1.0,14.0407
7,decoder,joining up,289530,1,1.0,12.2223
7,decoder,ringing up,113933,1,1.0,11.7166
7,decoder,ringing up,113933,1,1.0,11.5139
7,decoder,ringing up,113933,1,1.0,16.0138
7,decoder,ringing up,113933,1,1.0,11.4872
7,decoder,ringing up,113933,1,1.0,10.866
7,decoder,ringing up,113933,1,1.0,10.2432
7,decoder,ringing up,113933,1,1.0,15.4026
7,decoder,ringing up,113933,1,0.9999,9.8147
7,decoder,ringing up,113933,1,1.0,14.0595
7,decoder,ringing up,113933,1,1.0,12.4022
7,decoder,ringing up,113933,1,0.9999,9.489
7,decoder,ringing up,113933,1,1.0,14.2289
7,decoder,ringing up,113933,1,1.0,11.3311
7,decoder,jumbled up,128979,1,0.9845,4.1537
7,decoder,jumbled up,128979,1,1.0,11.5859
7,decoder,jumbled up,128979,1,0.9999,9.7661
7,decoder,jumbled up,128979,1,1.0,11.663
7,decoder,jumbled up,128979,1,0.998,6.2355
7,decoder,jumbled up,128979,1,0.9999,8.9756
7,decoder,jumbled up,128979,1,0.9997,8.0049
7,decoder,jumbled up,128979,1,1.0,11.0071
7,decoder,jumbled up,128979,1,0.9991,7.0103
7,decoder,jumbled up,128979,1,0.9984,6.4636
7,decoder,jumbled up,128979,1,1.0,14.347
7,decoder,jumbled up,128979,1,0.955,3.0551
7,decoder,jumbled up,128979,1,1.0,10.4658
7,decoder,walled up,43910,1,1.0,16.1208
7,decoder,walled up,43910,1,1.0,14.7309
7,decoder,walled up,43910,1,1.0,16.9365
7,decoder,walled up,43910,1,1.0,11.1014
7,decoder,walled up,43910,1,1.0,10.1615
7,decoder,walled up,43910,1,1.0,13.1073
7,decoder,walled up,43910,1,0.9786,3.822
7,decoder,walled up,43910,1,1.0,12.0389
7,decoder,walled up,43910,1,1.0,13.0737
7,decoder,walled up,43910,1,0.9993,7.3272
7,decoder,walled up,43910,1,0.9972,5.8834
7,decoder,walled up,43910,1,0.9998,8.7286
7,decoder,walled up,43910,1,0.9986,6.5402
7,decoder,scales up,168711,1,0.9988,6.7471
7,decoder,scales up,168711,1,1.0,10.0545
7,decoder,scales up,168711,1,0.9981,6.2645
7,decoder,scales up,168711,1,0.9999,9.5974
7,decoder,scales up,168711,1,0.9974,5.9396
7,decoder,scales up,168711,1,1.0,13.56
7,decoder,scales up,168711,1,1.0,14.1938
7,decoder,scales up,168711,1,0.9999,9.4771
7,decoder,scales up,168711,1,0.998,6.1883
7,decoder,scales up,168711,1,1.0,10.2212
7,decoder,scales up,168711,1,0.9999,8.928
7,decoder,scales up,168711,1,1.0,12.7667
7,decoder,scales up,168711,1,0.9997,8.0476
7,decoder,found up,280264,1,0.9999,9.4915
7,decoder,found up,280264,1,1.0,11.8529
7,decoder,found up,280264,1,0.9999,9.49
7,decoder,found up,280264,1,1.0,10.633
7,decoder,found up,280264,1,1.0,13.026
7,decoder,found up,280264,1,1.0,13.6175
7,decoder,found up,280264,1,0.9978,6.1265
7,decoder,found up,280264,1,1.0,10.0573
7,decoder,found up,280264,1,1.0,10.8082
7,decoder,found up,280264,1,1.0,15.2687
7,decoder,found up,280264,1,1.0,10.3889
7,decoder,found up,280264,1,0.9999,9.7509
7,decoder,found up,280264,1,0.9999,9.6922
7,decoder,plugged up,85307,1,0.9997,8.0812
7,decoder,plugged up,85307,1,0.9903,4.6226
7,decoder,plugged up,85307,1,0.9954,5.3826
7,decoder,plugged up,85307,1,0.9999,9.1722
7,decoder,plugged up,85307,1,0.9988,6.6929
7,decoder,plugged up,85307,1,1.0,11.0956
7,decoder,plugged up,85307,1,0.9974,5.9619
7,decoder,plugged up,85307,1,0.9898,4.5718
7,decoder,plugged up,85307,1,0.538,0.1523
7,decoder,plugged up,85307,1,1.0,13.9373
7,decoder,plugged up,85307,1,0.996,5.5194
7,decoder,plugged up,85307,1,1.0,10.5947
7,decoder,plugged up,85307,1,0.9968,5.7383
7,decoder,rake up,76175,1,1.0,14.2562
7,decoder,rake up,76175,1,1.0,10.147
7,decoder,rake up,76175,1,0.9991,7.0542
7,decoder,rake up,76175,1,1.0,11.863
7,decoder,rake up,76175,1,0.9995,7.5935
7,decoder,rake up,76175,1,1.0,11.3903
7,decoder,rake up,76175,1,1.0,11.432
7,decoder,rake up,76175,1,1.0,15.0866
7,decoder,rake up,76175,1,1.0,11.0217
7,decoder,rake up,76175,1,0.9991,7.042
7,decoder,rake up,76175,1,0.9982,6.3061
7,decoder,rake up,76175,1,0.9986,6.5405
7,decoder,rake up,76175,1,0.9977,6.0702
7,decoder,crawl up,171519,1,1.0,12.7835
7,decoder,crawl up,171519,1,1.0,14.9352
7,decoder,crawl up,171519,1,1.0,11.4351
7,decoder,crawl up,171519,1,1.0,13.2561
7,decoder,crawl up,171519,1,1.0,13.7725
7,decoder,crawl up,171519,1,0.9974,5.9524
7,decoder,crawl up,171519,1,1.0,12.3448
7,decoder,crawl up,171519,1,1.0,12.1188
7,decoder,crawl up,171519,1,1.0,13.1486
7,decoder,crawl up,171519,1,0.9999,9.1305
7,decoder,crawl up,171519,1,1.0,12.288
7,decoder,crawl up,171519,1,1.0,13.8621
7,decoder,crawl up,171519,1,1.0,12.1774
7,decoder,froze up,123450,1,0.9418,2.7834
7,decoder,froze up,123450,1,0.9864,4.2832
7,decoder,froze up,123450,1,0.9923,4.8646
7,decoder,froze up,123450,1,0.9998,8.2962
7,decoder,froze up,123450,1,0.9993,7.3348
7,decoder,froze up,123450,1,0.9994,7.5016
7,decoder,froze up,123450,1,0.9795,3.8664
7,decoder,froze up,123450,1,0.9969,5.7809
7,decoder,froze up,123450,1,1.0,11.4566
7,decoder,froze up,123450,1,0.9999,9.0851
7,decoder,froze up,123450,1,1.0,11.0718
7,decoder,froze up,123450,1,1.0,11.3213
7,decoder,froze up,123450,1,0.9884,4.4456
7,decoder,pace up,176709,1,1.0,14.6084
7,decoder,pace up,176709,1,0.998,6.1934
7,decoder,pace up,176709,1,1.0,10.2459
7,decoder,pace up,176709,1,0.9997,8.2746
7,decoder,pace up,176709,1,0.9991,7.0565
7,decoder,pace up,176709,1,0.9999,9.4197
7,decoder,pace up,176709,1,1.0,11.6612
7,decoder,pace up,176709,1,0.9995,7.6536
7,decoder,pace up,176709,1,1.0,13.2775
7,decoder,pace up,176709,1,1.0,10.4979
7,decoder,pace up,176709,1,1.0,10.3545
7,decoder,pace up,176709,1,0.9971,5.8378
7,decoder,slide up,205148,1,0.9999,9.642
7,decoder,slide up,205148,1,0.9995,7.5208
7,decoder,slide up,205148,1,1.0,14.5702
7,decoder,slide up,205148,1,0.9997,7.9842
7,decoder,slide up,205148,1,0.9993,7.2848
7,decoder,slide up,205148,1,1.0,10.1189
7,decoder,slide up,205148,1,0.9999,8.985
7,decoder,slide up,205148,1,1.0,10.528
7,decoder,slide up,205148,1,0.9994,7.4496
7,decoder,slide up,205148,1,1.0,12.9923
7,decoder,slide up,205148,1,0.9996,7.7891
7,decoder,slide up,205148,1,0.9995,7.5598
7,decoder,puckered up,18521,1,0.9999,9.2968
7,decoder,puckered up,18521,1,1.0,12.2504
7,decoder,puckered up,18521,1,0.9983,6.372
7,decoder,puckered up,18521,1,0.9997,8.2204
7,decoder,puckered up,18521,1,1.0,10.7775
7,decoder,puckered up,18521,1,1.0,11.1476
7,decoder,puckered up,18521,1,1.0,9.9175
7,decoder,puckered up,18521,1,0.9946,5.2249
7,decoder,puckered up,18521,1,1.0,12.5551
7,decoder,puckered up,18521,1,1.0,10.9302
7,decoder,puckered up,18521,1,1.0,11.073
7,decoder,puckered up,18521,1,0.9992,7.1531
7,decoder,travelling up,109566,1,1.0,17.3013
7,decoder,travelling up,109566,1,1.0,15.3896
7,decoder,travelling up,109566,1,1.0,10.0302
7,decoder,travelling up,109566,1,1.0,14.6357
7,decoder,travelling up,109566,1,1.0,11.8379
7,decoder,travelling up,109566,1,1.0,14.2158
7,decoder,travelling up,109566,1,0.9997,7.9896
7,decoder,travelling up,109566,1,1.0,11.4271
7,decoder,travelling up,109566,1,1.0,12.1706
7,decoder,travelling up,109566,1,1.0,14.7546
7,decoder,travelling up,109566,1,1.0,13.6504
7,decoder,travelling up,109566,1,1.0,12.822
7,decoder,buoyed up,44298,1,1.0,18.3046
7,decoder,buoyed up,44298,1,0.9999,9.2148
7,decoder,buoyed up,44298,1,1.0,14.0921
7,decoder,buoyed up,44298,1,1.0,13.3818
7,decoder,buoyed up,44298,1,1.0,13.2834
7,decoder,buoyed up,44298,1,0.9996,7.904
7,decoder,buoyed up,44298,1,0.9999,8.9671
7,decoder,buoyed up,44298,1,1.0,10.749
7,decoder,buoyed up,44298,1,1.0,18.1697
7,decoder,buoyed up,44298,1,1.0,14.6619
7,decoder,buoyed up,44298,1,0.9998,8.6652
7,decoder,buoyed up,44298,1,1.0,15.0592
7,decoder,grind up,158102,1,0.9971,5.8436
7,decoder,grind up,158102,1,0.9732,3.5931
7,decoder,grind up,158102,1,1.0,14.2063
7,decoder,grind up,158102,1,1.0,10.8973
7,decoder,grind up,158102,1,1.0,19.8585
7,decoder,grind up,158102,1,0.9998,8.5971
7,decoder,grind up,158102,1,1.0,13.095
7,decoder,grind up,158102,1,1.0,14.0167
7,decoder,grind up,158102,1,0.9935,5.0298
7,decoder,grind up,158102,1,1.0,11.8448
7,decoder,grind up,158102,1,1.0,11.4567
7,decoder,grind up,158102,1,1.0,14.525
7,decoder,block up,162845,1,1.0,12.7709
7,decoder,block up,162845,1,1.0,11.565
7,decoder,block up,162845,1,0.9998,8.3319
7,decoder,block up,162845,1,0.9819,3.996
7,decoder,block up,162845,1,1.0,13.7354
7,decoder,block up,162845,1,1.0,10.4802
7,decoder,block up,162845,1,1.0,11.0128
7,decoder,block up,162845,1,0.995,5.2834
7,decoder,block up,162845,1,1.0,10.6264
7,decoder,block up,162845,1,1.0,11.3853
7,decoder,block up,162845,1,0.98,3.8933
7,decoder,block up,162845,1,0.9998,8.3665
7,decoder,freezes up,112048,1,0.9993,7.3045
7,decoder,freezes up,112048,1,1.0,11.717
7,decoder,freezes up,112048,1,0.9992,7.1028
7,decoder,freezes up,112048,1,0.9996,7.9354
7,decoder,freezes up,112048,1,1.0,17.2453
7,decoder,freezes up,112048,1,0.9964,5.6275
7,decoder,freezes up,112048,1,0.9984,6.4232
7,decoder,freezes up,112048,1,0.9829,4.0539
7,decoder,freezes up,112048,1,0.9996,7.8957
7,decoder,freezes up,112048,1,0.9993,7.3103
7,decoder,freezes up,112048,1,0.9998,8.4064
7,decoder,freezes up,112048,1,0.9999,9.5173
7,decoder,flip up,172638,1,1.0,11.8088
7,decoder,flip up,172638,1,1.0,10.2871
7,decoder,flip up,172638,1,1.0,11.3171
7,decoder,flip up,172638,1,1.0,11.6968
7,decoder,flip up,172638,1,0.9996,7.8938
7,decoder,flip up,172638,1,1.0,12.5801
7,decoder,flip up,172638,1,1.0,19.9301
7,decoder,flip up,172638,1,1.0,13.2522
7,decoder,flip up,172638,1,0.9999,9.5673
7,decoder,flip up,172638,1,0.9883,4.4325
7,decoder,flip up,172638,1,1.0,10.0222
7,decoder,flip up,172638,1,1.0,14.7751
7,decoder,leaned up,81919,1,1.0,10.0007
7,decoder,leaned up,81919,1,0.9997,8.2321
7,decoder,leaned up,81919,1,0.9996,7.785
7,decoder,leaned up,81919,1,0.9999,8.8645
7,decoder,leaned up,81919,1,0.9997,8.1326
7,decoder,leaned up,81919,1,1.0,11.9143
7,decoder,leaned up,81919,1,1.0,10.5174
7,decoder,leaned up,81919,1,0.9984,6.4256
7,decoder,leaned up,81919,1,0.9803,3.9054
7,decoder,leaned up,81919,1,0.9995,7.523
7,decoder,leaned up,81919,1,0.9999,9.3643
7,decoder,leaned up,81919,1,0.9996,7.8504
7,decoder,tears up,112930,1,0.9999,9.7046
7,decoder,tears up,112930,1,0.9998,8.5711
7,decoder,tears up,112930,1,1.0,10.5613
7,decoder,tears up,112930,1,0.9999,9.5202
7,decoder,tears up,112930,1,0.9971,5.8454
7,decoder,tears up,112930,1,1.0,9.9192
7,decoder,tears up,112930,1,0.9993,7.2794
7,decoder,tears up,112930,1,0.9999,8.9389
7,decoder,tears up,112930,1,0.9982,6.3105
7,decoder,tears up,112930,1,0.9993,7.2043
7,decoder,tears up,112930,1,1.0,10.7056
7,decoder,tears up,112930,1,1.0,10.8329
7,decoder,cue up,56683,1,1.0,11.9552
7,decoder,cue up,56683,1,1.0,17.8565
7,decoder,cue up,56683,1,1.0,11.1311
7,decoder,cue up,56683,1,1.0,11.621
7,decoder,cue up,56683,1,0.9999,9.8773
7,decoder,cue up,56683,1,0.9994,7.4169
7,decoder,cue up,56683,1,1.0,12.5165
7,decoder,cue up,56683,1,1.0,16.517
7,decoder,cue up,56683,1,1.0,14.101
7,decoder,cue up,56683,1,1.0,16.7776
7,decoder,cue up,56683,1,0.9972,5.8716
7,decoder,cue up,56683,1,1.0,10.3945
7,decoder,fled up,15309,1,1.0,14.1829
7,decoder,fled up,15309,1,0.9998,8.4848
7,decoder,fled up,15309,1,1.0,15.9352
7,decoder,fled up,15309,1,1.0,10.4338
7,decoder,fled up,15309,1,1.0,16.725
7,decoder,fled up,15309,1,1.0,13.8066
7,decoder,fled up,15309,1,0.9997,8.126
7,decoder,fled up,15309,1,1.0,13.3605
7,decoder,fled up,15309,1,1.0,17.3796
7,decoder,fled up,15309,1,1.0,11.1317
7,decoder,fled up,15309,1,0.9999,9.4643
7,decoder,fled up,15309,1,1.0,16.37
7,decoder,looped up,20093,1,0.9749,3.6575
7,decoder,looped up,20093,1,0.9998,8.7059
7,decoder,looped up,20093,1,0.9943,5.1564
7,decoder,looped up,20093,1,0.9998,8.4381
7,decoder,looped up,20093,1,0.9993,7.3267
7,decoder,looped up,20093,1,1.0,11.0902
7,decoder,looped up,20093,1,0.9981,6.242
7,decoder,looped up,20093,1,0.9999,9.6969
7,decoder,looped up,20093,1,0.9999,8.8705
7,decoder,looped up,20093,1,1.0,10.086
7,decoder,looped up,20093,1,0.9999,9.1031
7,decoder,looped up,20093,1,0.9999,9.5367
7,decoder,busted up,106837,1,0.999,6.9543
7,decoder,busted up,106837,1,0.9998,8.6753
7,decoder,busted up,106837,1,0.9999,9.4323
7,decoder,busted up,106837,1,0.9994,7.5045
7,decoder,busted up,106837,1,0.9999,9.8788
7,decoder,busted up,106837,1,1.0,10.3053
7,decoder,busted up,106837,1,0.9996,7.8282
7,decoder,busted up,106837,1,1.0,11.6079
7,decoder,busted up,106837,1,0.9917,4.7825
7,decoder,busted up,106837,1,0.9999,9.2202
7,decoder,busted up,106837,1,0.974,3.623
7,decoder,busted up,106837,1,0.9996,7.7099
7,decoder,cost up,836664,1,0.9978,6.1349
7,decoder,cost up,836664,1,1.0,16.124
7,decoder,cost up,836664,1,0.981,3.9445
7,decoder,cost up,836664,1,0.9989,6.7876
7,decoder,cost up,836664,1,0.9994,7.4818
7,decoder,cost up,836664,1,0.9998,8.5794
7,decoder,cost up,836664,1,1.0,11.9842
7,decoder,cost up,836664,1,1.0,12.1978
7,decoder,cost up,836664,1,0.9998,8.2983
7,decoder,cost up,836664,1,0.9864,4.2864
7,decoder,cost up,836664,1,0.9513,2.9727
7,decoder,cost up,836664,1,1.0,11.9718
7,decoder,suited up,369469,1,0.9999,9.2842
7,decoder,suited up,369469,1,1.0,10.6479
7,decoder,suited up,369469,1,1.0,10.4535
7,decoder,suited up,369469,1,0.9995,7.6231
7,decoder,suited up,369469,1,0.9983,6.3749
7,decoder,suited up,369469,1,0.9984,6.4124
7,decoder,suited up,369469,1,0.992,4.8231
7,decoder,suited up,369469,1,0.9989,6.8048
7,decoder,suited up,369469,1,1.0,15.4587
7,decoder,suited up,369469,1,1.0,13.0336
7,decoder,suited up,369469,1,0.9999,9.8605
7,decoder,suited up,369469,1,0.9999,9.8091
7,decoder,brushing up,240484,1,1.0,11.3794
7,decoder,brushing up,240484,1,1.0,11.7274
7,decoder,brushing up,240484,1,0.9997,7.9717
7,decoder,brushing up,240484,1,0.9949,5.2745
7,decoder,brushing up,240484,1,0.9983,6.4013
7,decoder,brushing up,240484,1,0.9999,9.3965
7,decoder,brushing up,240484,1,1.0,10.0302
7,decoder,brushing up,240484,1,1.0,9.9724
7,decoder,brushing up,240484,1,1.0,10.3226
7,decoder,brushing up,240484,1,0.9999,9.5922
7,decoder,brushing up,240484,1,1.0,10.6382
7,decoder,brushing up,240484,1,0.9999,9.4884
7,decoder,stretched up,65171,1,1.0,9.9516
7,decoder,stretched up,65171,1,1.0,11.3143
7,decoder,stretched up,65171,1,0.9998,8.5874
7,decoder,stretched up,65171,1,0.9937,5.0592
7,decoder,stretched up,65171,1,0.9818,3.9884
7,decoder,stretched up,65171,1,0.9994,7.3764
7,decoder,stretched up,65171,1,0.9998,8.7036
7,decoder,stretched up,65171,1,1.0,11.67
7,decoder,stretched up,65171,1,0.9995,7.5233
7,decoder,stretched up,65171,1,1.0,10.8925
7,decoder,stretched up,65171,1,1.0,11.0075
7,decoder,stretched up,65171,1,0.9993,7.2636
7,decoder,tripping up,57570,1,1.0,10.5838
7,decoder,tripping up,57570,1,0.9986,6.582
7,decoder,tripping up,57570,1,1.0,11.5609
7,decoder,tripping up,57570,1,1.0,12.3264
7,decoder,tripping up,57570,1,1.0,12.0587
7,decoder,tripping up,57570,1,1.0,10.8246
7,decoder,tripping up,57570,1,0.9992,7.1936
7,decoder,tripping up,57570,1,1.0,12.2344
7,decoder,tripping up,57570,1,0.9999,9.1778
7,decoder,tripping up,57570,1,1.0,11.8983
7,decoder,tripping up,57570,1,1.0,10.5168
7,decoder,tripping up,57570,1,1.0,10.0144
7,decoder,smiling up,40657,1,0.9996,7.7153
7,decoder,smiling up,40657,1,1.0,12.5198
7,decoder,smiling up,40657,1,0.9837,4.1023
7,decoder,smiling up,40657,1,0.9974,5.9536
7,decoder,smiling up,40657,1,0.9998,8.6412
7,decoder,smiling up,40657,1,0.9992,7.1234
7,decoder,smiling up,40657,1,0.9998,8.344
7,decoder,smiling up,40657,1,0.9991,6.969
7,decoder,smiling up,40657,1,0.9719,3.5441
7,decoder,smiling up,40657,1,0.9998,8.3679
7,decoder,smiling up,40657,1,0.9971,5.8446
7,decoder,smiling up,40657,1,0.9995,7.5893
7,decoder,reined up,0,1,1.0,11.9699
7,decoder,reined up,0,1,0.9999,9.4374
7,decoder,reined up,0,1,0.9994,7.5025
7,decoder,reined up,0,1,0.9998,8.3685
7,decoder,reined up,0,1,0.9982,6.2972
7,decoder,reined up,0,1,1.0,10.2354
7,decoder,reined up,0,1,1.0,10.1829
7,decoder,reined up,0,1,0.9946,5.2108
7,decoder,reined up,0,1,0.9998,8.5339
7,decoder,reined up,0,1,0.9976,6.0356
7,decoder,reined up,0,1,1.0,12.2408
7,decoder,reined up,0,1,1.0,13.6031
7,decoder,hush up,50015,1,0.9999,8.9828
7,decoder,hush up,50015,1,0.9996,7.8764
7,decoder,hush up,50015,1,1.0,14.7951
7,decoder,hush up,50015,1,0.9971,5.8488
7,decoder,hush up,50015,1,0.9993,7.2608
7,decoder,hush up,50015,1,0.9997,8.1898
7,decoder,hush up,50015,1,1.0,13.1368
7,decoder,hush up,50015,1,1.0,11.6045
7,decoder,hush up,50015,1,0.9999,9.2849
7,decoder,hush up,50015,1,1.0,10.712
7,decoder,hush up,50015,1,0.9748,3.6565
7,decoder,hush up,50015,1,1.0,10.8342
7,decoder,tidied up,263120,1,0.9999,9.8258
7,decoder,tidied up,263120,1,0.9621,3.2347
7,decoder,tidied up,263120,1,1.0,10.4582
7,decoder,tidied up,263120,1,1.0,10.1324
7,decoder,tidied up,263120,1,1.0,16.633
7,decoder,tidied up,263120,1,0.9914,4.7482
7,decoder,tidied up,263120,1,0.9992,7.1219
7,decoder,tidied up,263120,1,0.9998,8.3974
7,decoder,tidied up,263120,1,0.9999,8.9293
7,decoder,tidied up,263120,1,0.9999,9.6525
7,decoder,tidied up,263120,1,0.5924,0.3738
7,decoder,tidied up,263120,1,0.9583,3.1344
7,decoder,measured up,172635,1,0.9979,6.1593
7,decoder,measured up,172635,1,1.0,16.1473
7,decoder,measured up,172635,1,1.0,10.9133
7,decoder,measured up,172635,1,0.9998,8.6166
7,decoder,measured up,172635,1,1.0,10.4302
7,decoder,measured up,172635,1,1.0,15.1191
7,decoder,measured up,172635,1,1.0,15.0616
7,decoder,measured up,172635,1,1.0,14.029
7,decoder,measured up,172635,1,0.9998,8.5247
7,decoder,measured up,172635,1,1.0,10.0577
7,decoder,measured up,172635,1,1.0,11.2958
7,decoder,measured up,172635,1,1.0,13.804
7,decoder,gang up,208148,1,0.9998,8.6114
7,decoder,gang up,208148,1,1.0,11.5753
7,decoder,gang up,208148,1,0.9981,6.2869
7,decoder,gang up,208148,1,1.0,15.1077
7,decoder,gang up,208148,1,0.9995,7.6688
7,decoder,gang up,208148,1,1.0,14.0888
7,decoder,gang up,208148,1,0.9999,8.9993
7,decoder,gang up,208148,1,1.0,11.6592
7,decoder,gang up,208148,1,0.9952,5.3411
7,decoder,gang up,208148,1,1.0,11.3488
7,decoder,gang up,208148,1,0.9992,7.1281
7,decoder,gang up,208148,1,0.9999,8.9886
7,decoder,stacks up,603321,1,0.9767,3.7341
7,decoder,stacks up,603321,1,0.9989,6.8507
7,decoder,stacks up,603321,1,0.9995,7.6138
7,decoder,stacks up,603321,1,0.9997,8.1154
7,decoder,stacks up,603321,1,1.0,12.9475
7,decoder,stacks up,603321,1,0.9999,9.9001
7,decoder,stacks up,603321,1,0.9972,5.8828
7,decoder,stacks up,603321,1,0.9993,7.3189
7,decoder,stacks up,603321,1,0.9994,7.3996
7,decoder,stacks up,603321,1,1.0,14.6372
7,decoder,stacks up,603321,1,0.9999,9.356
7,decoder,stacks up,603321,1,1.0,10.3596
7,decoder,struggling up,36940,1,1.0,17.7296
7,decoder,struggling up,36940,1,1.0,11.5824
7,decoder,struggling up,36940,1,0.9997,8.1899
7,decoder,struggling up,36940,1,0.9999,9.4713
7,decoder,struggling up,36940,1,0.9999,9.2344
7,decoder,struggling up,36940,1,0.9717,3.5351
7,decoder,struggling up,36940,1,1.0,13.1462
7,decoder,struggling up,36940,1,1.0,13.934
7,decoder,struggling up,36940,1,1.0,10.8691
7,decoder,struggling up,36940,1,1.0,12.2672
7,decoder,struggling up,36940,1,1.0,11.9134
7,decoder,struggling up,36940,1,1.0,17.4113
7,decoder,pressing up,73127,1,0.9999,8.903
7,decoder,pressing up,73127,1,1.0,11.4856
7,decoder,pressing up,73127,1,1.0,12.4347
7,decoder,pressing up,73127,1,0.9893,4.5289
7,decoder,pressing up,73127,1,1.0,15.2215
7,decoder,pressing up,73127,1,1.0,10.2061
7,decoder,pressing up,73127,1,1.0,10.2967
7,decoder,pressing up,73127,1,1.0,11.8064
7,decoder,pressing up,73127,1,1.0,11.3568
7,decoder,pressing up,73127,1,1.0,11.0932
7,decoder,pressing up,73127,1,0.9999,9.0482
7,decoder,pressing up,73127,1,0.9999,9.0079
7,decoder,booked up,318784,1,1.0,13.2471
7,decoder,booked up,318784,1,1.0,10.5992
7,decoder,booked up,318784,1,0.9999,9.3945
7,decoder,booked up,318784,1,0.9946,5.2122
7,decoder,booked up,318784,1,0.9995,7.6431
7,decoder,booked up,318784,1,1.0,10.2472
7,decoder,booked up,318784,1,1.0,11.1836
7,decoder,booked up,318784,1,1.0,14.0731
7,decoder,booked up,318784,1,0.9982,6.3164
7,decoder,booked up,318784,1,1.0,10.6987
7,decoder,booked up,318784,1,0.9542,3.0371
7,decoder,booked up,318784,1,1.0,10.7638
7,decoder,towering up,11671,1,0.9999,9.2399
7,decoder,towering up,11671,1,1.0,10.7678
7,decoder,towering up,11671,1,0.9999,8.8188
7,decoder,towering up,11671,1,0.9999,8.8808
7,decoder,towering up,11671,1,1.0,10.4639
7,decoder,towering up,11671,1,0.9985,6.4947
7,decoder,towering up,11671,1,1.0,11.6618
7,decoder,towering up,11671,1,1.0,10.8475
7,decoder,towering up,11671,1,1.0,11.4407
7,decoder,towering up,11671,1,0.9999,9.6803
7,decoder,towering up,11671,1,0.9998,8.3023
7,decoder,towering up,11671,1,1.0,11.8836
7,decoder,training up,146329,1,1.0,10.0198
7,decoder,training up,146329,1,1.0,16.9204
7,decoder,training up,146329,1,1.0,12.5959
7,decoder,training up,146329,1,1.0,14.8872
7,decoder,training up,146329,1,1.0,15.8417
7,decoder,training up,146329,1,1.0,11.249
7,decoder,training up,146329,1,1.0,13.8267
7,decoder,training up,146329,1,1.0,16.8127
7,decoder,training up,146329,1,0.9996,7.9499
7,decoder,training up,146329,1,0.9992,7.105
7,decoder,training up,146329,1,1.0,12.0093
7,decoder,training up,146329,1,0.9998,8.3758
7,decoder,cheering up,120773,1,0.9998,8.3579
7,decoder,cheering up,120773,1,0.9976,6.0105
7,decoder,cheering up,120773,1,1.0,13.6396
7,decoder,cheering up,120773,1,0.996,5.5062
7,decoder,cheering up,120773,1,1.0,12.6215
7,decoder,cheering up,120773,1,0.9967,5.7199
7,decoder,cheering up,120773,1,0.9999,9.6716
7,decoder,cheering up,120773,1,1.0,10.2286
7,decoder,cheering up,120773,1,0.9994,7.3991
7,decoder,cheering up,120773,1,0.9971,5.8527
7,decoder,cheering up,120773,1,0.9996,7.8102
7,decoder,cheering up,120773,1,1.0,9.9122
7,decoder,carving up,98409,1,1.0,12.0898
7,decoder,carving up,98409,1,0.9994,7.4184
7,decoder,carving up,98409,1,1.0,12.9217
7,decoder,carving up,98409,1,1.0,11.8658
7,decoder,carving up,98409,1,1.0,11.9501
7,decoder,carving up,98409,1,1.0,10.1894
7,decoder,carving up,98409,1,0.9999,9.6012
7,decoder,carving up,98409,1,1.0,12.327
7,decoder,carving up,98409,1,1.0,11.064
7,decoder,carving up,98409,1,1.0,12.6814
7,decoder,carving up,98409,1,1.0,10.1977
7,decoder,carving up,98409,1,1.0,11.7641
7,decoder,dashing up,24615,1,0.9999,9.0326
7,decoder,dashing up,24615,1,0.9997,8.2895
7,decoder,dashing up,24615,1,0.9999,9.0684
7,decoder,dashing up,24615,1,0.985,4.1842
7,decoder,dashing up,24615,1,0.9998,8.5747
7,decoder,dashing up,24615,1,1.0,11.8984
7,decoder,dashing up,24615,1,1.0,12.9969
7,decoder,dashing up,24615,1,0.9875,4.3662
7,decoder,dashing up,24615,1,1.0,14.2012
7,decoder,dashing up,24615,1,0.9999,9.5585
7,decoder,dashing up,24615,1,0.9999,9.0012
7,decoder,dashing up,24615,1,1.0,11.4079
7,decoder,stole up,11793,1,0.6338,0.5485
7,decoder,stole up,11793,1,1.0,9.9292
7,decoder,stole up,11793,1,1.0,11.5152
7,decoder,stole up,11793,1,0.999,6.8618
7,decoder,stole up,11793,1,0.9977,6.0934
7,decoder,stole up,11793,1,0.999,6.9304
7,decoder,stole up,11793,1,1.0,11.0509
7,decoder,stole up,11793,1,0.9995,7.5417
7,decoder,stole up,11793,1,1.0,11.1791
7,decoder,stole up,11793,1,1.0,11.5554
7,decoder,stole up,11793,1,1.0,9.987
7,decoder,stole up,11793,1,1.0,13.2607
7,decoder,hushed up,67523,1,0.9994,7.3673
7,decoder,hushed up,67523,1,0.9998,8.6236
7,decoder,hushed up,67523,1,0.9986,6.5822
7,decoder,hushed up,67523,1,1.0,13.8283
7,decoder,hushed up,67523,1,0.9999,9.0527
7,decoder,hushed up,67523,1,0.9994,7.3507
7,decoder,hushed up,67523,1,0.9998,8.7915
7,decoder,hushed up,67523,1,0.9999,9.1951
7,decoder,hushed up,67523,1,1.0,11.6024
7,decoder,hushed up,67523,1,0.9988,6.762
7,decoder,hushed up,67523,1,0.9999,9.0476
7,decoder,hushed up,67523,1,0.9995,7.5901
7,decoder,flushed up,8608,1,1.0,10.8478
7,decoder,flushed up,8608,1,1.0,11.9366
7,decoder,flushed up,8608,1,0.9997,7.9772
7,decoder,flushed up,8608,1,1.0,11.3588
7,decoder,flushed up,8608,1,1.0,10.2543
7,decoder,flushed up,8608,1,1.0,11.241
7,decoder,flushed up,8608,1,0.9999,9.1606
7,decoder,flushed up,8608,1,1.0,12.3782
7,decoder,flushed up,8608,1,0.9993,7.2725
7,decoder,flushed up,8608,1,1.0,10.8491
7,decoder,flushed up,8608,1,0.9996,7.784
7,decoder,flushed up,8608,1,1.0,10.041
7,decoder,typed up,194682,1,0.9932,4.9809
7,decoder,typed up,194682,1,0.9991,7.0545
7,decoder,typed up,194682,1,1.0,13.0296
7,decoder,typed up,194682,1,1.0,13.8981
7,decoder,typed up,194682,1,1.0,11.5078
7,decoder,typed up,194682,1,1.0,10.6872
7,decoder,typed up,194682,1,1.0,11.313
7,decoder,typed up,194682,1,1.0,15.9936
7,decoder,typed up,194682,1,1.0,14.0553
7,decoder,typed up,194682,1,1.0,12.5339
7,decoder,typed up,194682,1,0.9999,9.1099
7,decoder,typed up,194682,1,1.0,10.0519
7,decoder,swimming up,127529,1,1.0,15.0671
7,decoder,swimming up,127529,1,1.0,15.5538
7,decoder,swimming up,127529,1,1.0,15.1403
7,decoder,swimming up,127529,1,1.0,11.7721
7,decoder,swimming up,127529,1,0.9972,5.8676
7,decoder,swimming up,127529,1,1.0,10.2228
7,decoder,swimming up,127529,1,1.0,12.3253
7,decoder,swimming up,127529,1,1.0,14.5232
7,decoder,swimming up,127529,1,0.9993,7.3223
7,decoder,swimming up,127529,1,1.0,10.5672
7,decoder,swimming up,127529,1,0.9999,9.6128
7,decoder,swimming up,127529,1,1.0,11.5584
7,decoder,last up,1398290,1,0.999,6.8827
7,decoder,last up,1398290,1,1.0,13.8439
7,decoder,last up,1398290,1,0.9995,7.6639
7,decoder,last up,1398290,1,1.0,10.5105
7,decoder,last up,1398290,1,0.9999,9.4827
7,decoder,last up,1398290,1,0.9991,6.9628
7,decoder,last up,1398290,1,0.9959,5.493
7,decoder,last up,1398290,1,1.0,13.7056
7,decoder,last up,1398290,1,0.9966,5.6871
7,decoder,last up,1398290,1,0.999,6.9343
7,decoder,last up,1398290,1,0.9999,9.1808
7,decoder,last up,1398290,1,0.9998,8.3744
7,decoder,raked up,61872,1,0.9859,4.2468
7,decoder,raked up,61872,1,1.0,10.0272
7,decoder,raked up,61872,1,0.9999,9.7992
7,decoder,raked up,61872,1,0.9988,6.7532
7,decoder,raked up,61872,1,0.9999,8.9338
7,decoder,raked up,61872,1,0.9978,6.0948
7,decoder,raked up,61872,1,0.9999,9.5529
7,decoder,raked up,61872,1,0.9976,6.0372
7,decoder,raked up,61872,1,1.0,11.3857
7,decoder,raked up,61872,1,1.0,12.2719
7,decoder,raked up,61872,1,0.9993,7.3297
7,decoder,raked up,61872,1,0.756,1.1308
7,decoder,boiling up,44058,1,0.9999,9.0238
7,decoder,boiling up,44058,1,1.0,11.6387
7,decoder,boiling up,44058,1,1.0,13.0689
7,decoder,boiling up,44058,1,0.9938,5.0792
7,decoder,boiling up,44058,1,0.9948,5.2547
7,decoder,boiling up,44058,1,0.9993,7.3171
7,decoder,boiling up,44058,1,0.9573,3.11
7,decoder,boiling up,44058,1,1.0,11.1113
7,decoder,boiling up,44058,1,1.0,13.9959
7,decoder,boiling up,44058,1,1.0,10.1556
7,decoder,boiling up,44058,1,1.0,12.8222
7,decoder,boiling up,44058,1,1.0,12.3173
7,decoder,happened up,69103,1,1.0,15.075
7,decoder,happened up,69103,1,1.0,11.2266
7,decoder,happened up,69103,1,1.0,12.2987
7,decoder,happened up,69103,1,1.0,16.4958
7,decoder,happened up,69103,1,1.0,10.0765
7,decoder,happened up,69103,1,1.0,13.8259
7,decoder,happened up,69103,1,1.0,13.9823
7,decoder,happened up,69103,1,1.0,12.0884
7,decoder,happened up,69103,1,1.0,10.1924
7,decoder,happened up,69103,1,1.0,16.2668
7,decoder,happened up,69103,1,1.0,12.5676
7,decoder,happened up,69103,1,1.0,12.3594
7,decoder,shored up,135741,1,1.0,10.2452
7,decoder,shored up,135741,1,1.0,13.2189
7,decoder,shored up,135741,1,0.9983,6.3652
7,decoder,shored up,135741,1,0.9999,9.6264
7,decoder,shored up,135741,1,0.9984,6.4291
7,decoder,shored up,135741,1,1.0,14.0391
7,decoder,shored up,135741,1,1.0,14.9471
7,decoder,shored up,135741,1,0.9902,4.6145
7,decoder,shored up,135741,1,0.9988,6.7016
7,decoder,shored up,135741,1,0.9977,6.0651
7,decoder,shored up,135741,1,0.9945,5.2052
7,decoder,shored up,135741,1,1.0,10.2104
7,decoder,ease up,430583,1,0.9999,9.1149
7,decoder,ease up,430583,1,0.8824,2.0157
7,decoder,ease up,430583,1,0.9998,8.524
7,decoder,ease up,430583,1,0.9999,9.1575
7,decoder,ease up,430583,1,0.9944,5.186
7,decoder,ease up,430583,1,1.0,12.3058
7,decoder,ease up,430583,1,1.0,9.9559
7,decoder,ease up,430583,1,0.957,3.1016
7,decoder,ease up,430583,1,0.5246,0.0986
7,decoder,ease up,430583,1,0.9991,7.0621
7,decoder,ease up,430583,1,0.9997,8.2732
7,decoder,flaring up,136215,1,0.9974,5.9608
7,decoder,flaring up,136215,1,0.9969,5.7595
7,decoder,flaring up,136215,1,1.0,10.2018
7,decoder,flaring up,136215,1,0.9542,3.0371
7,decoder,flaring up,136215,1,0.9996,7.8939
7,decoder,flaring up,136215,1,0.9787,3.8295
7,decoder,flaring up,136215,1,0.9999,9.751
7,decoder,flaring up,136215,1,0.9995,7.6315
7,decoder,flaring up,136215,1,0.9999,9.0247
7,decoder,flaring up,136215,1,0.9999,9.7642
7,decoder,flaring up,136215,1,1.0,9.977
7,decoder,marking up,137903,1,0.9999,9.7191
7,decoder,marking up,137903,1,0.9998,8.7452
7,decoder,marking up,137903,1,1.0,15.333
7,decoder,marking up,137903,1,0.9997,8.1132
7,decoder,marking up,137903,1,0.9999,8.8053
7,decoder,marking up,137903,1,0.9994,7.457
7,decoder,marking up,137903,1,0.9992,7.0767
7,decoder,marking up,137903,1,1.0,14.2567
7,decoder,marking up,137903,1,1.0,10.6531
7,decoder,marking up,137903,1,0.9997,8.0128
7,decoder,marking up,137903,1,1.0,9.9336
7,decoder,stocked up,612398,1,1.0,10.2575
7,decoder,stocked up,612398,1,1.0,9.9972
7,decoder,stocked up,612398,1,1.0,10.4349
7,decoder,stocked up,612398,1,1.0,10.2783
7,decoder,stocked up,612398,1,0.9928,4.9306
7,decoder,stocked up,612398,1,0.9989,6.8448
7,decoder,stocked up,612398,1,1.0,10.1524
7,decoder,stocked up,612398,1,0.9495,2.9347
7,decoder,stocked up,612398,1,1.0,13.3115
7,decoder,stocked up,612398,1,1.0,10.8283
7,decoder,stocked up,612398,1,0.9983,6.3944
7,decoder,tee up,79416,1,1.0,12.5918
7,decoder,tee up,79416,1,1.0,14.2071
7,decoder,tee up,79416,1,1.0,10.1468
7,decoder,tee up,79416,1,1.0,14.3911
7,decoder,tee up,79416,1,1.0,14.6957
7,decoder,tee up,79416,1,0.9999,9.3935
7,decoder,tee up,79416,1,1.0,12.7546
7,decoder,tee up,79416,1,0.9999,9.0381
7,decoder,tee up,79416,1,1.0,10.5993
7,decoder,tee up,79416,1,0.9999,9.7503
7,decoder,tee up,79416,1,1.0,14.8231
7,decoder,taped up,116416,1,1.0,10.2236
7,decoder,taped up,116416,1,1.0,13.0539
7,decoder,taped up,116416,1,0.9997,8.2621
7,decoder,taped up,116416,1,0.9999,9.7471
7,decoder,taped up,116416,1,1.0,13.0097
7,decoder,taped up,116416,1,0.9996,7.7706
7,decoder,taped up,116416,1,0.9997,8.0662
7,decoder,taped up,116416,1,0.9999,8.8293
7,decoder,taped up,116416,1,0.9999,8.9999
7,decoder,taped up,116416,1,0.9999,8.9383
7,decoder,taped up,116416,1,0.9991,7.0091
7,decoder,fucking up,0,1,1.0,14.967
7,decoder,fucking up,0,1,1.0,15.4957
7,decoder,fucking up,0,1,1.0,18.3901
7,decoder,fucking up,0,1,1.0,13.8919
7,decoder,fucking up,0,1,1.0,21.8689
7,decoder,fucking up,0,1,1.0,14.8667
7,decoder,fucking up,0,1,1.0,14.3849
7,decoder,fucking up,0,1,1.0,12.9051
7,decoder,fucking up,0,1,1.0,13.216
7,decoder,fucking up,0,1,1.0,13.7046
7,decoder,fucking up,0,1,0.9964,5.6221
7,decoder,stuffed up,140437,1,0.9834,4.0826
7,decoder,stuffed up,140437,1,1.0,10.1015
7,decoder,stuffed up,140437,1,1.0,11.9851
7,decoder,stuffed up,140437,1,0.9995,7.5605
7,decoder,stuffed up,140437,1,0.9829,4.0488
7,decoder,stuffed up,140437,1,1.0,10.0278
7,decoder,stuffed up,140437,1,0.9864,4.2854
7,decoder,stuffed up,140437,1,0.9998,8.5694
7,decoder,stuffed up,140437,1,0.999,6.9102
7,decoder,stuffed up,140437,1,0.9885,4.4518
7,decoder,stuffed up,140437,1,1.0,12.6419
7,decoder,doubling up,276670,1,1.0,11.8383
7,decoder,doubling up,276670,1,0.9973,5.9116
7,decoder,doubling up,276670,1,0.9999,9.6684
7,decoder,doubling up,276670,1,0.9995,7.5195
7,decoder,doubling up,276670,1,0.9984,6.4246
7,decoder,doubling up,276670,1,0.9958,5.461
7,decoder,doubling up,276670,1,1.0,10.28
7,decoder,doubling up,276670,1,1.0,12.8172
7,decoder,doubling up,276670,1,1.0,11.629
7,decoder,doubling up,276670,1,1.0,10.225
7,decoder,doubling up,276670,1,0.9991,7.0229
7,decoder,borne up,14873,1,1.0,14.3054
7,decoder,borne up,14873,1,1.0,11.4573
7,decoder,borne up,14873,1,0.996,5.5283
7,decoder,borne up,14873,1,1.0,13.3973
7,decoder,borne up,14873,1,1.0,16.6131
7,decoder,borne up,14873,1,0.9998,8.4901
7,decoder,borne up,14873,1,1.0,12.5542
7,decoder,borne up,14873,1,0.9995,7.6774
7,decoder,borne up,14873,1,1.0,10.4182
7,decoder,borne up,14873,1,1.0,15.5166
7,decoder,borne up,14873,1,1.0,13.6488
7,decoder,checked up,165876,1,1.0,10.9691
7,decoder,checked up,165876,1,0.9779,3.7893
7,decoder,checked up,165876,1,0.9999,9.3733
7,decoder,checked up,165876,1,0.9993,7.2392
7,decoder,checked up,165876,1,0.9986,6.5899
7,decoder,checked up,165876,1,0.9963,5.5987
7,decoder,checked up,165876,1,0.9439,2.822
7,decoder,checked up,165876,1,0.9865,4.2921
7,decoder,checked up,165876,1,0.9953,5.3579
7,decoder,checked up,165876,1,0.9841,4.1258
7,decoder,checked up,165876,1,0.9997,8.0761
7,decoder,towered up,5630,1,0.9782,3.8028
7,decoder,towered up,5630,1,1.0,13.2639
7,decoder,towered up,5630,1,1.0,15.178
7,decoder,towered up,5630,1,1.0,10.0892
7,decoder,towered up,5630,1,0.9998,8.677
7,decoder,towered up,5630,1,0.9998,8.5053
7,decoder,towered up,5630,1,0.9998,8.7364
7,decoder,towered up,5630,1,0.9998,8.5956
7,decoder,towered up,5630,1,0.9998,8.6236
7,decoder,towered up,5630,1,0.9995,7.5348
7,decoder,towered up,5630,1,0.9999,9.6677
7,decoder,sauntered up,21236,1,1.0,10.178
7,decoder,sauntered up,21236,1,1.0,12.1177
7,decoder,sauntered up,21236,1,1.0,19.2008
7,decoder,sauntered up,21236,1,0.9996,7.919
7,decoder,sauntered up,21236,1,1.0,10.8467
7,decoder,sauntered up,21236,1,1.0,14.6309
7,decoder,sauntered up,21236,1,1.0,10.2275
7,decoder,sauntered up,21236,1,1.0,10.7572
7,decoder,sauntered up,21236,1,1.0,13.0567
7,decoder,sauntered up,21236,1,1.0,11.5825
7,decoder,sauntered up,21236,1,1.0,11.4588
7,decoder,tally up,183405,1,1.0,14.0976
7,decoder,tally up,183405,1,1.0,13.6329
7,decoder,tally up,183405,1,1.0,12.0451
7,decoder,tally up,183405,1,1.0,14.9467
7,decoder,tally up,183405,1,0.9994,7.3941
7,decoder,tally up,183405,1,1.0,16.0394
7,decoder,tally up,183405,1,1.0,10.8909
7,decoder,tally up,183405,1,0.9998,8.5089
7,decoder,tally up,183405,1,0.9999,9.7012
7,decoder,tally up,183405,1,1.0,10.1796
7,decoder,tally up,183405,1,0.9985,6.5019
7,decoder,surge up,53620,1,1.0,10.8491
7,decoder,surge up,53620,1,0.9988,6.7235
7,decoder,surge up,53620,1,0.9999,9.2387
7,decoder,surge up,53620,1,1.0,16.027
7,decoder,surge up,53620,1,1.0,18.0512
7,decoder,surge up,53620,1,1.0,15.0933
7,decoder,surge up,53620,1,0.9994,7.4941
7,decoder,surge up,53620,1,1.0,12.1663
7,decoder,surge up,53620,1,1.0,15.6059
7,decoder,surge up,53620,1,1.0,19.305
7,decoder,surge up,53620,1,1.0,9.9679
7,decoder,bricked up,49777,1,0.9577,3.1203
7,decoder,bricked up,49777,1,0.9973,5.8956
7,decoder,bricked up,49777,1,1.0,13.9947
7,decoder,bricked up,49777,1,0.9997,8.2897
7,decoder,bricked up,49777,1,0.9965,5.6509
7,decoder,bricked up,49777,1,1.0,10.2765
7,decoder,bricked up,49777,1,0.9998,8.6279
7,decoder,bricked up,49777,1,1.0,9.9514
7,decoder,bricked up,49777,1,0.999,6.8946
7,decoder,bricked up,49777,1,0.9974,5.9369
7,decoder,bricked up,49777,1,0.999,6.8855
7,decoder,bubbles up,128961,1,1.0,10.3327
7,decoder,bubbles up,128961,1,0.9995,7.6866
7,decoder,bubbles up,128961,1,1.0,10.2697
7,decoder,bubbles up,128961,1,0.9792,3.8534
7,decoder,bubbles up,128961,1,0.9991,6.9711
7,decoder,bubbles up,128961,1,0.9999,9.7115
7,decoder,bubbles up,128961,1,0.9874,4.3634
7,decoder,bubbles up,128961,1,0.9999,9.8987
7,decoder,bubbles up,128961,1,0.9998,8.5411
7,decoder,bubbles up,128961,1,0.9999,9.6049
7,decoder,bubbles up,128961,1,0.9999,9.4965
7,decoder,waiting up,98863,1,1.0,13.0636
7,decoder,waiting up,98863,1,1.0,14.7706
7,decoder,waiting up,98863,1,1.0,11.6816
7,decoder,waiting up,98863,1,1.0,11.9389
7,decoder,waiting up,98863,1,1.0,12.5429
7,decoder,waiting up,98863,1,1.0,10.9082
7,decoder,waiting up,98863,1,1.0,13.3955
7,decoder,waiting up,98863,1,1.0,11.1378
7,decoder,waiting up,98863,1,1.0,13.1125
7,decoder,waiting up,98863,1,1.0,11.6529
7,decoder,waiting up,98863,1,1.0,12.9484
7,decoder,cuddled up,173530,1,0.9945,5.2052
7,decoder,cuddled up,173530,1,1.0,10.4429
7,decoder,cuddled up,173530,1,0.9999,9.8593
7,decoder,cuddled up,173530,1,1.0,16.2521
7,decoder,cuddled up,173530,1,1.0,13.8985
7,decoder,cuddled up,173530,1,1.0,11.0438
7,decoder,cuddled up,173530,1,1.0,13.4714
7,decoder,cuddled up,173530,1,1.0,10.5173
7,decoder,cuddled up,173530,1,1.0,14.3552
7,decoder,cuddled up,173530,1,1.0,14.3186
7,decoder,cuddled up,173530,1,0.9999,9.7796
7,decoder,snuck up,236886,1,1.0,13.0501
7,decoder,snuck up,236886,1,1.0,10.1011
7,decoder,snuck up,236886,1,1.0,12.0616
7,decoder,snuck up,236886,1,0.9903,4.6254
7,decoder,snuck up,236886,1,1.0,11.9526
7,decoder,snuck up,236886,1,1.0,10.5994
7,decoder,snuck up,236886,1,1.0,11.8473
7,decoder,snuck up,236886,1,1.0,14.2566
7,decoder,snuck up,236886,1,1.0,11.4897
7,decoder,snuck up,236886,1,1.0,10.0748
7,decoder,snuck up,236886,1,1.0,12.4254
7,decoder,button up,332487,1,1.0,14.6518
7,decoder,button up,332487,1,1.0,14.5683
7,decoder,button up,332487,1,1.0,17.3451
7,decoder,button up,332487,1,1.0,10.7469
7,decoder,button up,332487,1,0.9998,8.432
7,decoder,button up,332487,1,1.0,14.0941
7,decoder,button up,332487,1,1.0,19.4168
7,decoder,button up,332487,1,1.0,12.0943
7,decoder,button up,332487,1,1.0,16.2621
7,decoder,button up,332487,1,1.0,13.203
7,decoder,button up,332487,1,0.9999,9.7274
7,decoder,divides up,31677,1,1.0,11.8484
7,decoder,divides up,31677,1,0.9994,7.3399
7,decoder,divides up,31677,1,1.0,11.7445
7,decoder,divides up,31677,1,1.0,13.3992
7,decoder,divides up,31677,1,1.0,14.2091
7,decoder,divides up,31677,1,1.0,13.0635
7,decoder,divides up,31677,1,1.0,12.6488
7,decoder,divides up,31677,1,1.0,10.3505
7,decoder,divides up,31677,1,1.0,12.5235
7,decoder,divides up,31677,1,1.0,12.2099
7,decoder,divides up,31677,1,0.9976,6.0382
7,decoder,rowed up,9356,1,1.0,15.6977
7,decoder,rowed up,9356,1,1.0,13.4884
7,decoder,rowed up,9356,1,1.0,10.613
7,decoder,rowed up,9356,1,1.0,12.9165
7,decoder,rowed up,9356,1,0.9999,9.7645
7,decoder,rowed up,9356,1,0.9998,8.4444
7,decoder,rowed up,9356,1,1.0,10.4746
7,decoder,rowed up,9356,1,0.9999,9.6542
7,decoder,rowed up,9356,1,1.0,13.3632
7,decoder,rowed up,9356,1,1.0,12.2482
7,decoder,rowed up,9356,1,1.0,10.1076
7,decoder,flares up,162045,1,1.0,13.085
7,decoder,flares up,162045,1,0.9989,6.8059
7,decoder,flares up,162045,1,1.0,12.6974
7,decoder,flares up,162045,1,0.9995,7.6813
7,decoder,flares up,162045,1,0.9617,3.2242
7,decoder,flares up,162045,1,1.0,10.5508
7,decoder,flares up,162045,1,0.999,6.9504
7,decoder,flares up,162045,1,0.9948,5.2537
7,decoder,flares up,162045,1,1.0,12.0685
7,decoder,flares up,162045,1,1.0,11.1443
7,decoder,flares up,162045,1,1.0,10.2384
7,decoder,haul up,65936,1,1.0,16.6929
7,decoder,haul up,65936,1,1.0,10.3178
7,decoder,haul up,65936,1,0.9982,6.3156
7,decoder,haul up,65936,1,0.9968,5.7329
7,decoder,haul up,65936,1,1.0,12.9696
7,decoder,haul up,65936,1,1.0,14.6411
7,decoder,haul up,65936,1,0.9993,7.2981
7,decoder,haul up,65936,1,0.9981,6.2725
7,decoder,haul up,65936,1,1.0,12.7585
7,decoder,haul up,65936,1,0.9992,7.1322
7,decoder,haul up,65936,1,1.0,11.7629
7,decoder,snuggled up,267374,1,1.0,9.9653
7,decoder,snuggled up,267374,1,0.9999,8.8178
7,decoder,snuggled up,267374,1,1.0,14.519
7,decoder,snuggled up,267374,1,1.0,11.8716
7,decoder,snuggled up,267374,1,1.0,12.2368
7,decoder,snuggled up,267374,1,1.0,10.6674
7,decoder,snuggled up,267374,1,1.0,11.1085
7,decoder,snuggled up,267374,1,0.9961,5.5498
7,decoder,snuggled up,267374,1,1.0,16.205
7,decoder,snuggled up,267374,1,0.9999,8.8964
7,decoder,snuggled up,267374,1,1.0,13.7425
7,decoder,boots up,245597,1,0.9999,8.9951
7,decoder,boots up,245597,1,0.9996,7.8536
7,decoder,boots up,245597,1,0.994,5.1059
7,decoder,boots up,245597,1,1.0,13.6638
7,decoder,boots up,245597,1,0.9994,7.4245
7,decoder,boots up,245597,1,0.9999,9.0385
7,decoder,boots up,245597,1,1.0,11.8807
7,decoder,boots up,245597,1,0.9999,9.5518
7,decoder,boots up,245597,1,1.0,14.185
7,decoder,boots up,245597,1,0.979,3.8411
7,decoder,boots up,245597,1,0.9879,4.4001
7,decoder,shit up,0,1,0.9999,9.8419
7,decoder,shit up,0,1,0.9999,9.2852
7,decoder,shit up,0,1,0.9999,9.8017
7,decoder,shit up,0,1,1.0,12.1125
7,decoder,shit up,0,1,0.9988,6.7497
7,decoder,shit up,0,1,1.0,13.5644
7,decoder,shit up,0,1,0.9971,5.841
7,decoder,shit up,0,1,0.9999,9.3898
7,decoder,shit up,0,1,0.9992,7.0938
7,decoder,shit up,0,1,1.0,10.8197
7,decoder,shit up,0,1,0.9986,6.545
7,decoder,harrowed up,0,1,0.9984,6.4091
7,decoder,harrowed up,0,1,0.9999,9.6483
7,decoder,harrowed up,0,1,0.9999,9.2783
7,decoder,harrowed up,0,1,1.0,11.3094
7,decoder,harrowed up,0,1,0.9987,6.6221
7,decoder,harrowed up,0,1,1.0,10.5453
7,decoder,harrowed up,0,1,1.0,12.3093
7,decoder,harrowed up,0,1,1.0,14.1344
7,decoder,harrowed up,0,1,1.0,12.502
7,decoder,harrowed up,0,1,1.0,12.8998
7,decoder,harrowed up,0,1,1.0,11.029
7,decoder,cranked up,370099,1,0.9982,6.3448
7,decoder,cranked up,370099,1,0.9997,8.1276
7,decoder,cranked up,370099,1,1.0,14.6199
7,decoder,cranked up,370099,1,1.0,14.7866
7,decoder,cranked up,370099,1,0.9986,6.5744
7,decoder,cranked up,370099,1,0.9997,7.9667
7,decoder,cranked up,370099,1,0.9994,7.4079
7,decoder,cranked up,370099,1,1.0,12.1085
7,decoder,cranked up,370099,1,1.0,13.2129
7,decoder,cranked up,370099,1,1.0,10.2409
7,decoder,cranked up,370099,1,1.0,12.2722
7,decoder,mounting up,71218,1,1.0,12.0444
7,decoder,mounting up,71218,1,1.0,11.7478
7,decoder,mounting up,71218,1,1.0,13.5561
7,decoder,mounting up,71218,1,1.0,11.2625
7,decoder,mounting up,71218,1,0.9998,8.3367
7,decoder,mounting up,71218,1,1.0,13.8724
7,decoder,mounting up,71218,1,1.0,13.495
7,decoder,mounting up,71218,1,0.9995,7.5817
7,decoder,mounting up,71218,1,1.0,15.2098
7,decoder,mounting up,71218,1,1.0,14.9122
7,decoder,mounting up,71218,1,1.0,10.6394
7,decoder,eats up,280799,1,1.0,12.2645
7,decoder,eats up,280799,1,0.9661,3.3498
7,decoder,eats up,280799,1,1.0,10.1771
7,decoder,eats up,280799,1,0.999,6.8846
7,decoder,eats up,280799,1,1.0,11.0656
7,decoder,eats up,280799,1,1.0,11.4134
7,decoder,eats up,280799,1,0.999,6.9254
7,decoder,eats up,280799,1,0.9999,9.406
7,decoder,eats up,280799,1,0.9999,8.8387
7,decoder,eats up,280799,1,1.0,10.9654
7,decoder,eats up,280799,1,0.9555,3.0677
7,decoder,hunting up,26270,1,1.0,10.9899
7,decoder,hunting up,26270,1,0.9999,9.5466
7,decoder,hunting up,26270,1,0.9995,7.5977
7,decoder,hunting up,26270,1,1.0,11.8447
7,decoder,hunting up,26270,1,0.9999,9.022
7,decoder,hunting up,26270,1,0.9997,8.2633
7,decoder,hunting up,26270,1,1.0,11.0779
7,decoder,hunting up,26270,1,1.0,12.4701
7,decoder,hunting up,26270,1,0.9966,5.6687
7,decoder,hunting up,26270,1,1.0,12.9332
7,decoder,hunting up,26270,1,1.0,11.5498
7,decoder,heap up,29275,1,1.0,13.301
7,decoder,heap up,29275,1,0.9999,9.7529
7,decoder,heap up,29275,1,0.9994,7.4736
7,decoder,heap up,29275,1,0.9997,8.2877
7,decoder,heap up,29275,1,1.0,12.012
7,decoder,heap up,29275,1,0.9999,9.8949
7,decoder,heap up,29275,1,0.9997,8.2551
7,decoder,heap up,29275,1,1.0,12.3668
7,decoder,heap up,29275,1,0.9993,7.3268
7,decoder,heap up,29275,1,1.0,12.4267
7,decoder,heap up,29275,1,1.0,14.0228
7,decoder,lap up,132532,1,1.0,12.76
7,decoder,lap up,132532,1,1.0,13.1848
7,decoder,lap up,132532,1,1.0,9.9793
7,decoder,lap up,132532,1,0.9996,7.7134
7,decoder,lap up,132532,1,0.9999,8.9195
7,decoder,lap up,132532,1,0.9841,4.1254
7,decoder,lap up,132532,1,1.0,9.9738
7,decoder,lap up,132532,1,1.0,10.5421
7,decoder,lap up,132532,1,0.9998,8.6358
7,decoder,lap up,132532,1,1.0,10.8972
7,decoder,lap up,132532,1,0.9998,8.6114
7,decoder,rattled up,12634,1,1.0,10.5565
7,decoder,rattled up,12634,1,1.0,17.9169
7,decoder,rattled up,12634,1,1.0,10.377
7,decoder,rattled up,12634,1,0.9998,8.7996
7,decoder,rattled up,12634,1,1.0,12.8562
7,decoder,rattled up,12634,1,0.9999,9.3371
7,decoder,rattled up,12634,1,0.9997,8.2266
7,decoder,rattled up,12634,1,0.9998,8.7544
7,decoder,rattled up,12634,1,0.9997,8.2473
7,decoder,rattled up,12634,1,1.0,10.5136
7,decoder,rattled up,12634,1,0.9999,9.8102
7,decoder,roughed up,211111,1,0.9999,9.8709
7,decoder,roughed up,211111,1,1.0,11.569
7,decoder,roughed up,211111,1,0.9993,7.2331
7,decoder,roughed up,211111,1,0.9996,7.8757
7,decoder,roughed up,211111,1,0.9719,3.5449
7,decoder,roughed up,211111,1,0.9999,9.5504
7,decoder,roughed up,211111,1,0.9987,6.673
7,decoder,roughed up,211111,1,1.0,9.9901
7,decoder,roughed up,211111,1,0.9946,5.2187
7,decoder,roughed up,211111,1,1.0,11.994
7,decoder,roughed up,211111,1,1.0,10.7124
7,decoder,are up,10203800,1,0.9983,6.4017
7,decoder,are up,10203800,1,0.9995,7.6983
7,decoder,are up,10203800,1,0.999,6.9433
7,decoder,are up,10203800,1,1.0,10.4105
7,decoder,are up,10203800,1,0.9984,6.4466
7,decoder,are up,10203800,1,0.9999,9.3479
7,decoder,are up,10203800,1,1.0,12.0598
7,decoder,are up,10203800,1,1.0,10.4199
7,decoder,are up,10203800,1,0.9994,7.4662
7,decoder,are up,10203800,1,1.0,15.0497
7,decoder,are up,10203800,1,1.0,14.5934
7,decoder,scooping up,248440,1,0.9999,9.5403
7,decoder,scooping up,248440,1,1.0,10.358
7,decoder,scooping up,248440,1,1.0,11.2786
7,decoder,scooping up,248440,1,1.0,14.9594
7,decoder,scooping up,248440,1,1.0,11.4662
7,decoder,scooping up,248440,1,1.0,15.2454
7,decoder,scooping up,248440,1,1.0,12.0168
7,decoder,scooping up,248440,1,1.0,11.6658
7,decoder,scooping up,248440,1,0.9998,8.3644
7,decoder,scooping up,248440,1,0.9999,9.2148
7,decoder,scooping up,248440,1,1.0,11.002
7,decoder,stumbled up,34394,1,0.9999,9.499
7,decoder,stumbled up,34394,1,1.0,12.7804
7,decoder,stumbled up,34394,1,1.0,12.1074
7,decoder,stumbled up,34394,1,1.0,15.035
7,decoder,stumbled up,34394,1,0.9997,8.2151
7,decoder,stumbled up,34394,1,0.9999,9.0007
7,decoder,stumbled up,34394,1,1.0,15.4148
7,decoder,stumbled up,34394,1,1.0,12.4074
7,decoder,stumbled up,34394,1,0.9997,7.9884
7,decoder,stumbled up,34394,1,0.9861,4.2631
7,decoder,stumbled up,34394,1,0.9996,7.8489
7,decoder,hunched up,24418,1,1.0,10.6423
7,decoder,hunched up,24418,1,0.9965,5.6477
7,decoder,hunched up,24418,1,1.0,10.8052
7,decoder,hunched up,24418,1,0.9582,3.1325
7,decoder,hunched up,24418,1,0.996,5.5212
7,decoder,hunched up,24418,1,0.9998,8.4982
7,decoder,hunched up,24418,1,1.0,11.4752
7,decoder,hunched up,24418,1,1.0,11.7692
7,decoder,hunched up,24418,1,0.9998,8.6851
7,decoder,hunched up,24418,1,0.9995,7.5419
7,decoder,hunched up,24418,1,0.9999,9.7412
7,decoder,shrivelled up,16426,1,0.9998,8.7268
7,decoder,shrivelled up,16426,1,0.9996,7.7702
7,decoder,shrivelled up,16426,1,0.9773,3.7632
7,decoder,shrivelled up,16426,1,0.9746,3.6475
7,decoder,shrivelled up,16426,1,1.0,10.5783
7,decoder,shrivelled up,16426,1,0.9839,4.1132
7,decoder,shrivelled up,16426,1,0.9983,6.39
7,decoder,shrivelled up,16426,1,0.9999,9.6277
7,decoder,shrivelled up,16426,1,0.9999,9.0154
7,decoder,shrivelled up,16426,1,0.9456,2.855
7,decoder,shrivelled up,16426,1,0.9999,9.1948
7,decoder,travels up,134438,1,1.0,13.3113
7,decoder,travels up,134438,1,1.0,11.1155
7,decoder,travels up,134438,1,0.999,6.9488
7,decoder,travels up,134438,1,1.0,10.7021
7,decoder,travels up,134438,1,1.0,10.9771
7,decoder,travels up,134438,1,1.0,10.4304
7,decoder,travels up,134438,1,1.0,13.0446
7,decoder,travels up,134438,1,0.9999,8.8502
7,decoder,travels up,134438,1,1.0,14.2603
7,decoder,travels up,134438,1,0.9996,7.9333
7,decoder,travels up,134438,1,1.0,15.4514
7,decoder,seize up,105294,1,0.9997,8.0558
7,decoder,seize up,105294,1,0.9701,3.4787
7,decoder,seize up,105294,1,0.9998,8.5173
7,decoder,seize up,105294,1,0.9949,5.2773
7,decoder,seize up,105294,1,1.0,13.6348
7,decoder,seize up,105294,1,0.9919,4.8094
7,decoder,seize up,105294,1,0.9989,6.8361
7,decoder,seize up,105294,1,0.9999,9.5821
7,decoder,seize up,105294,1,1.0,12.1947
7,decoder,seize up,105294,1,1.0,16.1884
7,decoder,seize up,105294,1,0.9999,9.3342
7,decoder,point up,301104,1,1.0,10.4291
7,decoder,point up,301104,1,0.999,6.9428
7,decoder,point up,301104,1,0.9995,7.5286
7,decoder,point up,301104,1,0.9995,7.6773
7,decoder,point up,301104,1,0.9973,5.8989
7,decoder,point up,301104,1,0.8764,1.9585
7,decoder,point up,301104,1,0.9999,9.8895
7,decoder,point up,301104,1,0.9943,5.1646
7,decoder,point up,301104,1,1.0,13.5985
7,decoder,point up,301104,1,0.9998,8.4446
7,decoder,point up,301104,1,0.9952,5.3378
7,decoder,straightening up,72718,1,1.0,13.9129
7,decoder,straightening up,72718,1,0.9999,8.9406
7,decoder,straightening up,72718,1,0.994,5.1149
7,decoder,straightening up,72718,1,0.9999,9.5394
7,decoder,straightening up,72718,1,1.0,10.8802
7,decoder,straightening up,72718,1,1.0,10.9822
7,decoder,straightening up,72718,1,0.9997,8.0423
7,decoder,straightening up,72718,1,0.9999,9.2557
7,decoder,straightening up,72718,1,0.9999,9.7825
7,decoder,straightening up,72718,1,1.0,14.1829
7,decoder,amping up,105205,1,1.0,16.5976
7,decoder,amping up,105205,1,1.0,12.3642
7,decoder,amping up,105205,1,1.0,13.5135
7,decoder,amping up,105205,1,1.0,13.4529
7,decoder,amping up,105205,1,1.0,13.0831
7,decoder,amping up,105205,1,1.0,14.6444
7,decoder,amping up,105205,1,1.0,13.7042
7,decoder,amping up,105205,1,1.0,13.3434
7,decoder,amping up,105205,1,1.0,15.5484
7,decoder,amping up,105205,1,1.0,11.1073
7,decoder,locks up,297269,1,0.9997,7.9994
7,decoder,locks up,297269,1,1.0,12.132
7,decoder,locks up,297269,1,0.9935,5.0329
7,decoder,locks up,297269,1,0.9946,5.2094
7,decoder,locks up,297269,1,1.0,10.6901
7,decoder,locks up,297269,1,0.8598,1.8135
7,decoder,locks up,297269,1,0.9999,8.8923
7,decoder,locks up,297269,1,1.0,12.4106
7,decoder,locks up,297269,1,0.9999,9.8399
7,decoder,locks up,297269,1,0.9975,5.9867
7,decoder,blazing up,10511,1,1.0,13.2898
7,decoder,blazing up,10511,1,0.9996,7.9099
7,decoder,blazing up,10511,1,0.9999,9.8988
7,decoder,blazing up,10511,1,1.0,11.9607
7,decoder,blazing up,10511,1,1.0,12.6518
7,decoder,blazing up,10511,1,0.999,6.9559
7,decoder,blazing up,10511,1,1.0,11.3431
7,decoder,blazing up,10511,1,0.9998,8.6778
7,decoder,blazing up,10511,1,1.0,15.7188
7,decoder,blazing up,10511,1,1.0,11.6977
7,decoder,tossing up,56553,1,1.0,12.3123
7,decoder,tossing up,56553,1,0.9993,7.3159
7,decoder,tossing up,56553,1,0.9127,2.3471
7,decoder,tossing up,56553,1,0.9999,9.3434
7,decoder,tossing up,56553,1,1.0,11.4247
7,decoder,tossing up,56553,1,1.0,9.9644
7,decoder,tossing up,56553,1,1.0,10.1688
7,decoder,tossing up,56553,1,0.9999,9.3953
7,decoder,tossing up,56553,1,0.9998,8.3288
7,decoder,tossing up,56553,1,1.0,12.9061
7,decoder,mustered up,114421,1,0.9987,6.6457
7,decoder,mustered up,114421,1,0.9997,8.2282
7,decoder,mustered up,114421,1,1.0,12.8378
7,decoder,mustered up,114421,1,1.0,12.8381
7,decoder,mustered up,114421,1,1.0,12.0775
7,decoder,mustered up,114421,1,0.9744,3.6405
7,decoder,mustered up,114421,1,1.0,15.1711
7,decoder,mustered up,114421,1,1.0,11.8904
7,decoder,mustered up,114421,1,1.0,11.8277
7,decoder,mustered up,114421,1,1.0,11.3824
7,decoder,sold up,88601,1,0.999,6.9314
7,decoder,sold up,88601,1,0.999,6.9027
7,decoder,sold up,88601,1,1.0,17.0886
7,decoder,sold up,88601,1,1.0,11.8574
7,decoder,sold up,88601,1,0.9994,7.4082
7,decoder,sold up,88601,1,0.9999,9.8159
7,decoder,sold up,88601,1,1.0,12.3411
7,decoder,sold up,88601,1,0.9996,7.7698
7,decoder,sold up,88601,1,1.0,12.2492
7,decoder,sold up,88601,1,0.9986,6.5754
7,decoder,fessed up,59300,1,0.9999,9.6569
7,decoder,fessed up,59300,1,1.0,13.9327
7,decoder,fessed up,59300,1,0.9999,9.8719
7,decoder,fessed up,59300,1,0.9991,6.9829
7,decoder,fessed up,59300,1,0.9999,9.4865
7,decoder,fessed up,59300,1,0.9999,8.8715
7,decoder,fessed up,59300,1,0.9989,6.8552
7,decoder,fessed up,59300,1,0.9997,7.9862
7,decoder,fessed up,59300,1,0.9777,3.7785
7,decoder,fessed up,59300,1,0.9976,6.0502
7,decoder,acted up,64734,1,1.0,14.0549
7,decoder,acted up,64734,1,1.0,12.1183
7,decoder,acted up,64734,1,0.9997,8.2585
7,decoder,acted up,64734,1,1.0,9.9512
7,decoder,acted up,64734,1,1.0,12.1732
7,decoder,acted up,64734,1,0.9999,9.868
7,decoder,acted up,64734,1,1.0,11.6829
7,decoder,acted up,64734,1,0.9862,4.2676
7,decoder,acted up,64734,1,1.0,14.4673
7,decoder,acted up,64734,1,1.0,16.0724
7,decoder,swelling up,69022,1,0.973,3.5851
7,decoder,swelling up,69022,1,0.9997,8.0322
7,decoder,swelling up,69022,1,0.9976,6.0495
7,decoder,swelling up,69022,1,1.0,11.9753
7,decoder,swelling up,69022,1,0.9969,5.7587
7,decoder,swelling up,69022,1,0.9946,5.2092
7,decoder,swelling up,69022,1,0.9988,6.7435
7,decoder,swelling up,69022,1,0.9798,3.8801
7,decoder,swelling up,69022,1,0.9998,8.5654
7,decoder,swelling up,69022,1,0.9997,8.0813
7,decoder,mopped up,105546,1,0.9796,3.8718
7,decoder,mopped up,105546,1,0.9995,7.6913
7,decoder,mopped up,105546,1,0.9953,5.3528
7,decoder,mopped up,105546,1,0.9852,4.1956
7,decoder,mopped up,105546,1,1.0,11.7196
7,decoder,mopped up,105546,1,0.9999,9.0067
7,decoder,mopped up,105546,1,0.9992,7.1147
7,decoder,mopped up,105546,1,0.9985,6.4845
7,decoder,mopped up,105546,1,1.0,11.3458
7,decoder,mopped up,105546,1,0.9991,7.0563
7,decoder,raises up,93049,1,0.9973,5.8969
7,decoder,raises up,93049,1,0.9992,7.1394
7,decoder,raises up,93049,1,0.9998,8.3751
7,decoder,raises up,93049,1,0.9925,4.8884
7,decoder,raises up,93049,1,1.0,11.7642
7,decoder,raises up,93049,1,0.9974,5.9566
7,decoder,raises up,93049,1,0.9988,6.7505
7,decoder,raises up,93049,1,0.9994,7.3491
7,decoder,raises up,93049,1,0.9982,6.2925
7,decoder,raises up,93049,1,0.9999,8.8176
7,decoder,flash up,53177,1,1.0,11.5431
7,decoder,flash up,53177,1,1.0,13.6512
7,decoder,flash up,53177,1,1.0,11.3183
7,decoder,flash up,53177,1,1.0,14.1307
7,decoder,flash up,53177,1,0.9948,5.257
7,decoder,flash up,53177,1,1.0,13.8765
7,decoder,flash up,53177,1,1.0,12.6462
7,decoder,flash up,53177,1,0.9989,6.8146
7,decoder,flash up,53177,1,0.9997,8.2389
7,decoder,flash up,53177,1,1.0,10.3871
7,decoder,partner up,341270,1,0.9998,8.6456
7,decoder,partner up,341270,1,1.0,10.7858
7,decoder,partner up,341270,1,1.0,11.768
7,decoder,partner up,341270,1,0.9999,9.2888
7,decoder,partner up,341270,1,0.992,4.8223
7,decoder,partner up,341270,1,1.0,13.8892
7,decoder,partner up,341270,1,0.9997,8.2829
7,decoder,partner up,341270,1,1.0,16.3767
7,decoder,partner up,341270,1,1.0,10.7052
7,decoder,partner up,341270,1,0.9985,6.4979
7,decoder,plucking up,20324,1,0.9999,9.2429
7,decoder,plucking up,20324,1,1.0,17.991
7,decoder,plucking up,20324,1,1.0,14.2852
7,decoder,plucking up,20324,1,1.0,11.1118
7,decoder,plucking up,20324,1,1.0,11.1127
7,decoder,plucking up,20324,1,0.9998,8.319
7,decoder,plucking up,20324,1,1.0,10.9907
7,decoder,plucking up,20324,1,1.0,14.0496
7,decoder,plucking up,20324,1,1.0,12.9544
7,decoder,plucking up,20324,1,1.0,11.3943
7,decoder,soaks up,268165,1,1.0,12.9949
7,decoder,soaks up,268165,1,0.9998,8.6022
7,decoder,soaks up,268165,1,0.9992,7.1031
7,decoder,soaks up,268165,1,0.9999,9.5747
7,decoder,soaks up,268165,1,1.0,15.348
7,decoder,soaks up,268165,1,0.9982,6.3443
7,decoder,soaks up,268165,1,1.0,12.8934
7,decoder,soaks up,268165,1,0.9997,8.2752
7,decoder,soaks up,268165,1,1.0,11.1684
7,decoder,soaks up,268165,1,0.9999,8.8404
7,decoder,soaked up,472604,1,0.9984,6.4177
7,decoder,soaked up,472604,1,0.9999,9.3373
7,decoder,soaked up,472604,1,0.9997,8.0614
7,decoder,soaked up,472604,1,0.9991,6.9709
7,decoder,soaked up,472604,1,0.9915,4.7635
7,decoder,soaked up,472604,1,0.9995,7.6251
7,decoder,soaked up,472604,1,0.9992,7.1185
7,decoder,soaked up,472604,1,0.9941,5.1352
7,decoder,soaked up,472604,1,0.9996,7.9472
7,decoder,soaked up,472604,1,0.8795,1.9879
7,decoder,feeling up,218980,1,1.0,12.7773
7,decoder,feeling up,218980,1,0.9997,8.1978
7,decoder,feeling up,218980,1,1.0,13.1166
7,decoder,feeling up,218980,1,1.0,15.8562
7,decoder,feeling up,218980,1,1.0,11.7254
7,decoder,feeling up,218980,1,1.0,13.1989
7,decoder,feeling up,218980,1,1.0,13.4147
7,decoder,feeling up,218980,1,1.0,15.1005
7,decoder,feeling up,218980,1,1.0,12.5646
7,decoder,feeling up,218980,1,1.0,15.5004
7,decoder,trading up,268031,1,1.0,10.0365
7,decoder,trading up,268031,1,0.9994,7.3621
7,decoder,trading up,268031,1,0.994,5.1023
7,decoder,trading up,268031,1,1.0,13.3064
7,decoder,trading up,268031,1,0.9965,5.6574
7,decoder,trading up,268031,1,1.0,13.5388
7,decoder,trading up,268031,1,1.0,11.4712
7,decoder,trading up,268031,1,0.9999,9.7706
7,decoder,trading up,268031,1,1.0,10.0085
7,decoder,trading up,268031,1,0.9949,5.2712
7,decoder,dreamt up,150829,1,0.9998,8.7545
7,decoder,dreamt up,150829,1,1.0,17.7628
7,decoder,dreamt up,150829,1,1.0,11.065
7,decoder,dreamt up,150829,1,1.0,11.3956
7,decoder,dreamt up,150829,1,1.0,12.1509
7,decoder,dreamt up,150829,1,0.9998,8.3616
7,decoder,dreamt up,150829,1,1.0,16.6949
7,decoder,dreamt up,150829,1,1.0,14.5266
7,decoder,dreamt up,150829,1,1.0,16.4939
7,decoder,dreamt up,150829,1,0.9999,9.8023
7,decoder,drumming up,147509,1,1.0,14.8727
7,decoder,drumming up,147509,1,1.0,19.5296
7,decoder,drumming up,147509,1,1.0,11.1506
7,decoder,drumming up,147509,1,1.0,19.0645
7,decoder,drumming up,147509,1,0.9989,6.8362
7,decoder,drumming up,147509,1,1.0,12.0294
7,decoder,drumming up,147509,1,1.0,13.1324
7,decoder,drumming up,147509,1,1.0,14.7902
7,decoder,drumming up,147509,1,1.0,15.8837
7,decoder,drumming up,147509,1,1.0,13.1477
7,decoder,sewn up,173635,1,1.0,14.087
7,decoder,sewn up,173635,1,0.9998,8.4539
7,decoder,sewn up,173635,1,0.9999,9.3771
7,decoder,sewn up,173635,1,1.0,13.8746
7,decoder,sewn up,173635,1,1.0,11.4169
7,decoder,sewn up,173635,1,0.9999,9.2693
7,decoder,sewn up,173635,1,0.9998,8.3025
7,decoder,sewn up,173635,1,1.0,11.5885
7,decoder,sewn up,173635,1,0.9993,7.207
7,decoder,sewn up,173635,1,1.0,11.7975
7,decoder,hastened up,0,1,1.0,12.9687
7,decoder,hastened up,0,1,1.0,11.9372
7,decoder,hastened up,0,1,1.0,14.6119
7,decoder,hastened up,0,1,0.9999,9.8196
7,decoder,hastened up,0,1,1.0,13.3221
7,decoder,hastened up,0,1,1.0,11.3092
7,decoder,hastened up,0,1,1.0,11.6452
7,decoder,hastened up,0,1,0.9986,6.5608
7,decoder,hastened up,0,1,1.0,10.7436
7,decoder,hastened up,0,1,1.0,13.3655
7,decoder,snatch up,0,1,0.9935,5.0319
7,decoder,snatch up,0,1,1.0,16.2833
7,decoder,snatch up,0,1,1.0,12.4532
7,decoder,snatch up,0,1,0.9992,7.1906
7,decoder,snatch up,0,1,0.994,5.1092
7,decoder,snatch up,0,1,0.9996,7.8206
7,decoder,snatch up,0,1,1.0,10.0094
7,decoder,snatch up,0,1,0.9999,9.7297
7,decoder,snatch up,0,1,1.0,11.3206
7,decoder,snatch up,0,1,0.8087,1.4413
7,decoder,wiring up,85371,1,1.0,11.0502
7,decoder,wiring up,85371,1,1.0,10.5278
7,decoder,wiring up,85371,1,1.0,17.845
7,decoder,wiring up,85371,1,1.0,14.9007
7,decoder,wiring up,85371,1,1.0,11.9809
7,decoder,wiring up,85371,1,1.0,10.922
7,decoder,wiring up,85371,1,1.0,15.6421
7,decoder,wiring up,85371,1,1.0,17.2262
7,decoder,wiring up,85371,1,1.0,14.9036
7,decoder,wiring up,85371,1,1.0,18.3908
7,decoder,sized up,158825,1,0.9965,5.6593
7,decoder,sized up,158825,1,0.9999,9.7606
7,decoder,sized up,158825,1,0.9999,8.8834
7,decoder,sized up,158825,1,0.9879,4.4022
7,decoder,sized up,158825,1,0.9988,6.737
7,decoder,sized up,158825,1,0.9999,9.8912
7,decoder,sized up,158825,1,0.9992,7.1629
7,decoder,sized up,158825,1,0.9996,7.813
7,decoder,sized up,158825,1,0.9997,8.0131
7,decoder,sized up,158825,1,0.9996,7.7486
7,decoder,heaved up,23247,1,0.8757,1.9521
7,decoder,heaved up,23247,1,0.9934,5.0195
7,decoder,heaved up,23247,1,0.9798,3.8828
7,decoder,heaved up,23247,1,1.0,13.914
7,decoder,heaved up,23247,1,0.9999,9.4075
7,decoder,heaved up,23247,1,0.9994,7.4667
7,decoder,heaved up,23247,1,1.0,10.9495
7,decoder,heaved up,23247,1,0.9985,6.4855
7,decoder,heaved up,23247,1,0.9992,7.0726
7,decoder,heaved up,23247,1,0.9709,3.506
7,decoder,roused up,9619,1,0.9937,5.0684
7,decoder,roused up,9619,1,0.9997,8.2791
7,decoder,roused up,9619,1,1.0,11.5331
7,decoder,roused up,9619,1,0.9984,6.4547
7,decoder,roused up,9619,1,1.0,11.6928
7,decoder,roused up,9619,1,0.9993,7.2648
7,decoder,roused up,9619,1,0.9944,5.1851
7,decoder,roused up,9619,1,0.8187,1.5077
7,decoder,roused up,9619,1,1.0,10.8011
7,decoder,roused up,9619,1,0.9854,4.2089
7,decoder,cuddle up,252704,1,1.0,12.1465
7,decoder,cuddle up,252704,1,0.9999,9.8197
7,decoder,cuddle up,252704,1,1.0,14.4445
7,decoder,cuddle up,252704,1,0.9992,7.1063
7,decoder,cuddle up,252704,1,0.9996,7.8373
7,decoder,cuddle up,252704,1,1.0,9.9781
7,decoder,cuddle up,252704,1,1.0,10.1824
7,decoder,cuddle up,252704,1,0.9999,8.8707
7,decoder,cuddle up,252704,1,0.9999,9.0139
7,decoder,cuddle up,252704,1,1.0,10.5734
7,decoder,finishes up,168362,1,0.9906,4.6551
7,decoder,finishes up,168362,1,0.9992,7.0898
7,decoder,finishes up,168362,1,0.9974,5.9435
7,decoder,finishes up,168362,1,0.999,6.9545
7,decoder,finishes up,168362,1,0.9997,8.0824
7,decoder,finishes up,168362,1,0.9999,9.5182
7,decoder,finishes up,168362,0,0.3856,-0.466
7,decoder,finishes up,168362,1,0.9999,8.8458
7,decoder,finishes up,168362,1,0.9637,3.2791
7,decoder,finishes up,168362,1,0.9999,9.2679
7,decoder,zip up,214844,1,1.0,10.2991
7,decoder,zip up,214844,1,1.0,11.4459
7,decoder,zip up,214844,1,1.0,10.6376
7,decoder,zip up,214844,1,1.0,11.0735
7,decoder,zip up,214844,1,0.9997,8.0327
7,decoder,zip up,214844,1,0.9997,8.0369
7,decoder,zip up,214844,1,0.9999,9.5185
7,decoder,zip up,214844,1,1.0,11.3602
7,decoder,zip up,214844,1,0.9997,8.1046
7,decoder,zip up,214844,1,1.0,10.5294
7,decoder,firm up,505063,1,1.0,12.1418
7,decoder,firm up,505063,1,0.9999,9.7557
7,decoder,firm up,505063,1,0.9999,9.8832
7,decoder,firm up,505063,1,0.9998,8.4232
7,decoder,firm up,505063,1,0.9323,2.6226
7,decoder,firm up,505063,1,1.0,12.8701
7,decoder,firm up,505063,1,1.0,11.4135
7,decoder,firm up,505063,1,0.9968,5.7281
7,decoder,firm up,505063,1,1.0,15.6178
7,decoder,firm up,505063,1,1.0,13.0074
7,decoder,switched up,146446,1,1.0,10.3668
7,decoder,switched up,146446,1,1.0,15.5152
7,decoder,switched up,146446,1,0.9934,5.0111
7,decoder,switched up,146446,1,0.9997,8.1578
7,decoder,switched up,146446,1,0.9995,7.5157
7,decoder,switched up,146446,1,1.0,11.0193
7,decoder,switched up,146446,1,0.9997,8.0179
7,decoder,switched up,146446,1,0.9999,9.119
7,decoder,switched up,146446,1,0.9999,9.6493
7,decoder,switched up,146446,1,0.9998,8.7551
7,decoder,hike up,795782,1,1.0,10.4271
7,decoder,hike up,795782,1,1.0,11.6475
7,decoder,hike up,795782,1,1.0,10.2755
7,decoder,hike up,795782,1,1.0,12.9583
7,decoder,hike up,795782,1,1.0,11.5791
7,decoder,hike up,795782,1,0.9998,8.7285
7,decoder,hike up,795782,1,1.0,14.0798
7,decoder,hike up,795782,1,1.0,13.934
7,decoder,hike up,795782,1,1.0,11.9953
7,decoder,hike up,795782,1,1.0,13.275
7,decoder,leaning up,80213,1,1.0,10.478
7,decoder,leaning up,80213,1,1.0,16.4042
7,decoder,leaning up,80213,1,0.9999,9.2757
7,decoder,leaning up,80213,1,1.0,13.9246
7,decoder,leaning up,80213,1,1.0,11.3345
7,decoder,leaning up,80213,1,0.9999,9.3909
7,decoder,leaning up,80213,1,0.9999,9.3346
7,decoder,leaning up,80213,1,1.0,10.69
7,decoder,leaning up,80213,1,0.9982,6.3012
7,decoder,leaning up,80213,1,1.0,10.4085
7,decoder,brace up,37362,1,1.0,9.9915
7,decoder,brace up,37362,1,0.9898,4.5741
7,decoder,brace up,37362,1,1.0,11.6193
7,decoder,brace up,37362,1,1.0,12.687
7,decoder,brace up,37362,1,1.0,11.5564
7,decoder,brace up,37362,1,0.9996,7.735
7,decoder,brace up,37362,1,0.6802,0.7545
7,decoder,brace up,37362,1,1.0,12.0702
7,decoder,brace up,37362,1,0.9997,8.1052
7,decoder,brace up,37362,1,0.9999,9.6965
7,decoder,muffled up,0,1,0.9999,9.8763
7,decoder,muffled up,0,1,1.0,11.3773
7,decoder,muffled up,0,1,0.9999,9.5654
7,decoder,muffled up,0,1,1.0,11.9618
7,decoder,muffled up,0,1,1.0,12.7897
7,decoder,muffled up,0,1,0.9991,7.0445
7,decoder,muffled up,0,1,1.0,12.7521
7,decoder,muffled up,0,1,0.9996,7.7313
7,decoder,muffled up,0,1,1.0,12.2838
7,decoder,muffled up,0,1,0.9999,9.6708
7,decoder,carve up,126973,1,1.0,10.6324
7,decoder,carve up,126973,1,0.9996,7.7981
7,decoder,carve up,126973,1,0.9999,9.2766
7,decoder,carve up,126973,1,0.9971,5.854
7,decoder,carve up,126973,1,0.9998,8.7015
7,decoder,carve up,126973,1,0.8737,1.9343
7,decoder,carve up,126973,1,1.0,11.206
7,decoder,carve up,126973,1,0.9999,9.0762
7,decoder,carve up,126973,1,0.9965,5.6453
7,decoder,carve up,126973,1,1.0,10.2385
7,decoder,topped up,523573,1,0.8541,1.7673
7,decoder,topped up,523573,1,1.0,10.2849
7,decoder,topped up,523573,1,0.9989,6.7937
7,decoder,topped up,523573,1,0.982,4.0011
7,decoder,topped up,523573,1,1.0,11.4562
7,decoder,topped up,523573,1,1.0,10.3297
7,decoder,topped up,523573,1,0.9999,8.9394
7,decoder,topped up,523573,1,0.7987,1.3779
7,decoder,topped up,523573,1,0.9132,2.3535
7,decoder,topped up,523573,1,0.9964,5.6223
7,decoder,choke up,73026,1,1.0,15.3779
7,decoder,choke up,73026,1,1.0,10.6295
7,decoder,choke up,73026,1,0.9997,7.9705
7,decoder,choke up,73026,1,1.0,11.6808
7,decoder,choke up,73026,1,1.0,11.2458
7,decoder,choke up,73026,1,1.0,10.8943
7,decoder,choke up,73026,1,0.9995,7.6915
7,decoder,choke up,73026,1,1.0,12.504
7,decoder,choke up,73026,1,1.0,11.6356
7,decoder,choke up,73026,1,1.0,14.4825
7,decoder,buried up,43720,1,1.0,11.1051
7,decoder,buried up,43720,1,1.0,13.3284
7,decoder,buried up,43720,1,1.0,12.1657
7,decoder,buried up,43720,1,1.0,11.3472
7,decoder,buried up,43720,1,0.9999,9.149
7,decoder,buried up,43720,1,1.0,12.4865
7,decoder,buried up,43720,1,0.9999,9.6378
7,decoder,buried up,43720,1,1.0,11.6494
7,decoder,buried up,43720,1,1.0,15.8332
7,decoder,buried up,43720,1,1.0,10.0761
7,decoder,happens up,38525,1,1.0,12.6265
7,decoder,happens up,38525,1,1.0,12.8023
7,decoder,happens up,38525,1,1.0,13.5467
7,decoder,happens up,38525,1,1.0,14.3309
7,decoder,happens up,38525,1,1.0,12.3334
7,decoder,happens up,38525,1,1.0,12.9272
7,decoder,happens up,38525,1,1.0,10.4024
7,decoder,happens up,38525,1,1.0,13.0281
7,decoder,happens up,38525,1,1.0,13.7091
7,decoder,happens up,38525,1,1.0,18.7752
7,decoder,points up,404751,1,1.0,12.1585
7,decoder,points up,404751,1,0.9999,9.2419
7,decoder,points up,404751,1,1.0,10.0716
7,decoder,points up,404751,1,0.6244,0.5083
7,decoder,points up,404751,1,1.0,10.2156
7,decoder,points up,404751,1,0.9975,6.0059
7,decoder,points up,404751,1,1.0,10.9967
7,decoder,points up,404751,1,1.0,10.4813
7,decoder,points up,404751,1,0.999,6.9208
7,decoder,points up,404751,1,0.999,6.9123
7,decoder,striking up,155032,1,1.0,13.2573
7,decoder,striking up,155032,1,1.0,12.636
7,decoder,striking up,155032,1,1.0,13.3055
7,decoder,striking up,155032,1,1.0,11.9101
7,decoder,striking up,155032,1,1.0,13.0282
7,decoder,striking up,155032,1,1.0,11.6996
7,decoder,striking up,155032,1,0.9842,4.1337
7,decoder,striking up,155032,1,1.0,13.0429
7,decoder,striking up,155032,1,1.0,10.8256
7,decoder,striking up,155032,1,1.0,10.4447
7,decoder,forced up,97582,1,1.0,12.1474
7,decoder,forced up,97582,1,1.0,14.9283
7,decoder,forced up,97582,1,1.0,17.0981
7,decoder,forced up,97582,1,1.0,12.5565
7,decoder,forced up,97582,1,0.9967,5.7223
7,decoder,forced up,97582,1,1.0,14.5983
7,decoder,forced up,97582,1,0.9999,9.1924
7,decoder,forced up,97582,1,0.9823,4.0136
7,decoder,forced up,97582,1,1.0,10.2959
7,decoder,forced up,97582,1,0.9998,8.5018
7,decoder,powered up,486334,1,1.0,12.4473
7,decoder,powered up,486334,1,1.0,12.0855
7,decoder,powered up,486334,1,0.9994,7.3627
7,decoder,powered up,486334,1,1.0,11.1096
7,decoder,powered up,486334,1,1.0,10.4324
7,decoder,powered up,486334,1,1.0,14.4682
7,decoder,powered up,486334,1,0.9992,7.1785
7,decoder,powered up,486334,1,0.9999,9.0679
7,decoder,powered up,486334,1,1.0,11.8583
7,decoder,powered up,486334,1,0.98,3.8911
7,decoder,landed up,90392,1,0.9995,7.6499
7,decoder,landed up,90392,1,0.9998,8.4193
7,decoder,landed up,90392,1,0.9855,4.2183
7,decoder,landed up,90392,1,0.9997,8.1967
7,decoder,landed up,90392,1,0.9442,2.8293
7,decoder,landed up,90392,1,0.9997,8.2612
7,decoder,landed up,90392,1,1.0,10.0017
7,decoder,landed up,90392,1,0.9903,4.6297
7,decoder,landed up,90392,1,0.9998,8.5717
7,decoder,landed up,90392,1,0.9997,8.2137
7,decoder,loosened up,233635,1,1.0,10.1937
7,decoder,loosened up,233635,1,0.9998,8.4653
7,decoder,loosened up,233635,1,0.9999,9.3643
7,decoder,loosened up,233635,1,0.8428,1.6789
7,decoder,loosened up,233635,1,0.9983,6.3853
7,decoder,loosened up,233635,1,0.9989,6.8255
7,decoder,loosened up,233635,1,0.8763,1.9575
7,decoder,loosened up,233635,1,1.0,11.9694
7,decoder,loosened up,233635,1,1.0,12.245
7,decoder,loosened up,233635,1,0.9998,8.6641
7,decoder,springs up,152722,1,0.9997,8.1931
7,decoder,springs up,152722,1,0.814,1.4759
7,decoder,springs up,152722,1,1.0,13.0734
7,decoder,springs up,152722,1,0.9998,8.3
7,decoder,springs up,152722,1,0.9998,8.4434
7,decoder,springs up,152722,1,0.9972,5.8649
7,decoder,springs up,152722,1,0.9997,8.013
7,decoder,springs up,152722,1,0.9922,4.8415
7,decoder,springs up,152722,1,0.9997,8.1742
7,decoder,springs up,152722,1,1.0,12.2332
7,decoder,fastened up,13809,1,1.0,12.5995
7,decoder,fastened up,13809,1,1.0,11.8826
7,decoder,fastened up,13809,1,1.0,10.1281
7,decoder,fastened up,13809,1,0.9999,9.6459
7,decoder,fastened up,13809,1,1.0,10.4624
7,decoder,fastened up,13809,1,0.9964,5.6227
7,decoder,fastened up,13809,1,0.9999,9.5908
7,decoder,fastened up,13809,1,0.9999,9.0329
7,decoder,fastened up,13809,1,1.0,12.2224
7,decoder,fastened up,13809,1,0.9995,7.625
7,decoder,blocking up,55123,1,0.9917,4.7778
7,decoder,blocking up,55123,1,0.9902,4.6197
7,decoder,blocking up,55123,1,1.0,11.1894
7,decoder,blocking up,55123,1,1.0,15.8028
7,decoder,blocking up,55123,1,0.9999,8.8645
7,decoder,blocking up,55123,1,0.9998,8.4075
7,decoder,blocking up,55123,1,1.0,12.9001
7,decoder,blocking up,55123,1,1.0,12.8799
7,decoder,blocking up,55123,1,1.0,10.9371
7,decoder,blocking up,55123,1,0.9998,8.5907
7,decoder,study up,192187,1,1.0,15.542
7,decoder,study up,192187,1,0.9999,9.8798
7,decoder,study up,192187,1,1.0,17.0482
7,decoder,study up,192187,1,0.9999,9.1283
7,decoder,study up,192187,1,1.0,11.9904
7,decoder,study up,192187,1,0.9998,8.5379
7,decoder,study up,192187,1,1.0,13.8714
7,decoder,study up,192187,1,0.9999,8.834
7,decoder,study up,192187,1,1.0,13.2208
7,decoder,study up,192187,1,1.0,13.3221
7,decoder,mixes up,132781,1,0.9989,6.8015
7,decoder,mixes up,132781,1,1.0,16.0853
7,decoder,mixes up,132781,1,1.0,11.1439
7,decoder,mixes up,132781,1,0.9999,9.3149
7,decoder,mixes up,132781,1,1.0,14.8222
7,decoder,mixes up,132781,1,1.0,12.7723
7,decoder,mixes up,132781,1,0.9999,9.7104
7,decoder,mixes up,132781,1,1.0,10.455
7,decoder,mixes up,132781,1,0.9994,7.345
7,decoder,mixes up,132781,1,1.0,11.9843
7,decoder,posting up,140903,1,1.0,12.754
7,decoder,posting up,140903,1,1.0,13.2867
7,decoder,posting up,140903,1,1.0,11.5789
7,decoder,posting up,140903,1,0.9999,9.1781
7,decoder,posting up,140903,1,1.0,10.8226
7,decoder,posting up,140903,1,0.9991,7.013
7,decoder,posting up,140903,1,1.0,10.7739
7,decoder,posting up,140903,1,1.0,12.4787
7,decoder,posting up,140903,1,1.0,11.324
7,decoder,posting up,140903,1,1.0,11.6111
7,decoder,staggered up,20234,1,0.6036,0.4204
7,decoder,staggered up,20234,1,1.0,10.1183
7,decoder,staggered up,20234,1,0.9978,6.1012
7,decoder,staggered up,20234,1,0.978,3.7964
7,decoder,staggered up,20234,1,1.0,10.249
7,decoder,staggered up,20234,1,1.0,10.9106
7,decoder,staggered up,20234,1,1.0,10.8537
7,decoder,staggered up,20234,1,0.9993,7.3358
7,decoder,staggered up,20234,1,0.9994,7.4513
7,decoder,staggered up,20234,1,1.0,12.1525
7,decoder,hand up,1023093,1,0.9999,9.513
7,decoder,hand up,1023093,1,1.0,11.1916
7,decoder,hand up,1023093,1,0.9989,6.8414
7,decoder,hand up,1023093,1,1.0,13.6359
7,decoder,hand up,1023093,1,0.9999,9.1472
7,decoder,hand up,1023093,1,0.9996,7.957
7,decoder,hand up,1023093,1,1.0,10.5065
7,decoder,hand up,1023093,1,1.0,11.8273
7,decoder,hand up,1023093,1,0.9997,8.1977
7,decoder,hand up,1023093,1,1.0,12.2164
7,decoder,sobered up,108477,1,0.9998,8.2997
7,decoder,sobered up,108477,1,0.9999,9.6779
7,decoder,sobered up,108477,1,1.0,11.7438
7,decoder,sobered up,108477,1,0.9907,4.673
7,decoder,sobered up,108477,1,0.9999,9.1918
7,decoder,sobered up,108477,0,0.4494,-0.2032
7,decoder,sobered up,108477,1,0.9987,6.6577
7,decoder,sobered up,108477,1,0.9865,4.2924
7,decoder,sobered up,108477,1,0.9979,6.1443
7,decoder,sobered up,108477,1,0.9873,4.3536
7,decoder,mop up,345164,1,1.0,13.8641
7,decoder,mop up,345164,1,1.0,13.4612
7,decoder,mop up,345164,1,1.0,13.4597
7,decoder,mop up,345164,1,1.0,16.1646
7,decoder,mop up,345164,1,1.0,10.1532
7,decoder,mop up,345164,1,0.9986,6.553
7,decoder,mop up,345164,1,0.9998,8.5451
7,decoder,mop up,345164,1,1.0,10.5489
7,decoder,mop up,345164,1,1.0,11.3797
7,decoder,mop up,345164,1,0.9998,8.7825
7,decoder,scrunched up,146196,1,1.0,13.0919
7,decoder,scrunched up,146196,1,0.9988,6.7155
7,decoder,scrunched up,146196,1,0.9997,7.9621
7,decoder,scrunched up,146196,1,0.9999,8.8212
7,decoder,scrunched up,146196,1,1.0,15.7945
7,decoder,scrunched up,146196,1,0.9999,9.1388
7,decoder,scrunched up,146196,1,1.0,12.2552
7,decoder,scrunched up,146196,1,0.9999,8.9658
7,decoder,scrunched up,146196,1,1.0,10.1867
7,decoder,scrunched up,146196,1,1.0,11.5272
7,decoder,beefing up,299064,1,1.0,12.2411
7,decoder,beefing up,299064,1,1.0,10.4269
7,decoder,beefing up,299064,1,1.0,11.7261
7,decoder,beefing up,299064,1,1.0,13.1656
7,decoder,beefing up,299064,1,1.0,15.1334
7,decoder,beefing up,299064,1,1.0,11.0821
7,decoder,beefing up,299064,1,0.9999,9.1529
7,decoder,beefing up,299064,1,1.0,12.3101
7,decoder,beefing up,299064,1,1.0,13.7214
7,decoder,beefing up,299064,1,1.0,17.0617
7,decoder,fucks up,124138,1,1.0,15.6159
7,decoder,fucks up,124138,1,1.0,14.6957
7,decoder,fucks up,124138,1,1.0,14.9234
7,decoder,fucks up,124138,1,1.0,12.544
7,decoder,fucks up,124138,1,1.0,11.3139
7,decoder,fucks up,124138,1,1.0,10.826
7,decoder,fucks up,124138,1,1.0,11.5578
7,decoder,fucks up,124138,1,1.0,10.5894
7,decoder,fucks up,124138,1,1.0,11.4215
7,decoder,fucks up,124138,1,1.0,13.3604
7,decoder,tallied up,100444,1,1.0,10.6257
7,decoder,tallied up,100444,1,0.9996,7.7741
7,decoder,tallied up,100444,1,1.0,10.7857
7,decoder,tallied up,100444,1,1.0,11.3536
7,decoder,tallied up,100444,1,1.0,12.3367
7,decoder,tallied up,100444,1,1.0,10.0306
7,decoder,tallied up,100444,1,1.0,15.2287
7,decoder,tallied up,100444,1,1.0,10.6957
7,decoder,tallied up,100444,1,0.9993,7.2132
7,decoder,tallied up,100444,1,1.0,11.0077
7,decoder,rung up,96330,1,1.0,12.2792
7,decoder,rung up,96330,1,0.9999,9.1003
7,decoder,rung up,96330,1,0.9929,4.937
7,decoder,rung up,96330,1,1.0,10.0836
7,decoder,rung up,96330,1,1.0,11.2496
7,decoder,rung up,96330,1,1.0,14.0756
7,decoder,rung up,96330,1,1.0,18.1651
7,decoder,rung up,96330,1,1.0,12.6267
7,decoder,rung up,96330,1,1.0,13.9593
7,decoder,rung up,96330,1,1.0,10.6597
7,decoder,leave up,113295,1,1.0,15.8797
7,decoder,leave up,113295,1,1.0,12.6867
7,decoder,leave up,113295,1,1.0,18.4468
7,decoder,leave up,113295,1,0.9997,8.1409
7,decoder,leave up,113295,1,1.0,10.7965
7,decoder,leave up,113295,1,0.9987,6.6334
7,decoder,leave up,113295,1,0.9893,4.5225
7,decoder,leave up,113295,1,1.0,13.1922
7,decoder,leave up,113295,1,1.0,11.668
7,decoder,leave up,113295,1,1.0,12.3116
7,decoder,swim up,218691,1,1.0,18.9958
7,decoder,swim up,218691,1,1.0,11.8847
7,decoder,swim up,218691,1,1.0,12.3974
7,decoder,swim up,218691,1,1.0,17.143
7,decoder,swim up,218691,1,1.0,14.5925
7,decoder,swim up,218691,1,1.0,14.4529
7,decoder,swim up,218691,1,1.0,11.6569
7,decoder,swim up,218691,1,0.9999,9.6972
7,decoder,swim up,218691,1,1.0,15.61
7,decoder,swim up,218691,1,1.0,10.3418
7,decoder,washes up,94124,1,0.9932,4.9901
7,decoder,washes up,94124,1,0.6019,0.4134
7,decoder,washes up,94124,1,0.6252,0.5116
7,decoder,washes up,94124,1,0.9971,5.8535
7,decoder,washes up,94124,1,0.9774,3.7647
7,decoder,washes up,94124,1,0.9999,9.637
7,decoder,washes up,94124,1,0.9962,5.5715
7,decoder,washes up,94124,1,0.9997,8.1393
7,decoder,washes up,94124,1,0.9913,4.736
7,decoder,piles up,203468,1,0.9858,4.2389
7,decoder,piles up,203468,1,0.9999,8.9571
7,decoder,piles up,203468,1,1.0,10.2152
7,decoder,piles up,203468,1,1.0,10.0825
7,decoder,piles up,203468,1,0.9971,5.8427
7,decoder,piles up,203468,1,0.9998,8.6701
7,decoder,piles up,203468,1,0.9994,7.4651
7,decoder,piles up,203468,1,1.0,11.6674
7,decoder,piles up,203468,1,1.0,12.6298
7,decoder,cozying up,157851,1,1.0,13.5448
7,decoder,cozying up,157851,1,0.9999,9.1019
7,decoder,cozying up,157851,1,1.0,15.7501
7,decoder,cozying up,157851,1,1.0,16.6748
7,decoder,cozying up,157851,1,1.0,15.7362
7,decoder,cozying up,157851,1,1.0,13.1618
7,decoder,cozying up,157851,1,1.0,13.5424
7,decoder,cozying up,157851,1,1.0,10.9274
7,decoder,cozying up,157851,1,1.0,18.4865
7,decoder,boost up,422188,1,1.0,13.9495
7,decoder,boost up,422188,1,1.0,13.3123
7,decoder,boost up,422188,1,1.0,10.8695
7,decoder,boost up,422188,1,1.0,16.3879
7,decoder,boost up,422188,1,1.0,12.2221
7,decoder,boost up,422188,1,0.9999,9.8682
7,decoder,boost up,422188,1,1.0,12.0988
7,decoder,boost up,422188,1,1.0,14.6973
7,decoder,boost up,422188,1,1.0,11.5394
7,decoder,fetched up,23270,1,0.9999,8.8619
7,decoder,fetched up,23270,1,1.0,13.2296
7,decoder,fetched up,23270,1,0.9996,7.8807
7,decoder,fetched up,23270,1,1.0,10.4701
7,decoder,fetched up,23270,1,1.0,12.2794
7,decoder,fetched up,23270,1,1.0,11.2905
7,decoder,fetched up,23270,1,1.0,14.2161
7,decoder,fetched up,23270,1,0.9999,9.1094
7,decoder,fetched up,23270,1,0.9985,6.5242
7,decoder,harrow up,0,1,0.9999,9.844
7,decoder,harrow up,0,1,1.0,15.0941
7,decoder,harrow up,0,1,1.0,12.6034
7,decoder,harrow up,0,1,1.0,10.6353
7,decoder,harrow up,0,1,1.0,11.6361
7,decoder,harrow up,0,1,1.0,11.7978
7,decoder,harrow up,0,1,1.0,10.489
7,decoder,harrow up,0,1,1.0,12.0753
7,decoder,harrow up,0,1,1.0,11.5562
7,decoder,bundle up,276834,1,0.9909,4.6956
7,decoder,bundle up,276834,1,1.0,13.1117
7,decoder,bundle up,276834,1,1.0,10.0539
7,decoder,bundle up,276834,1,1.0,11.0782
7,decoder,bundle up,276834,1,1.0,10.8059
7,decoder,bundle up,276834,1,0.9966,5.6899
7,decoder,bundle up,276834,1,0.9996,7.8787
7,decoder,bundle up,276834,1,0.996,5.5279
7,decoder,bundle up,276834,1,1.0,10.5823
7,decoder,lie up,23173,1,1.0,11.1503
7,decoder,lie up,23173,1,0.9999,9.8414
7,decoder,lie up,23173,1,1.0,14.5527
7,decoder,lie up,23173,1,1.0,10.3703
7,decoder,lie up,23173,1,0.9993,7.2298
7,decoder,lie up,23173,1,1.0,18.3795
7,decoder,lie up,23173,1,1.0,12.5752
7,decoder,lie up,23173,1,0.9999,8.8989
7,decoder,lie up,23173,1,0.9302,2.5895
7,decoder,booted up,225682,1,1.0,11.3236
7,decoder,booted up,225682,1,0.9999,9.314
7,decoder,booted up,225682,1,1.0,16.5159
7,decoder,booted up,225682,1,1.0,14.1352
7,decoder,booted up,225682,1,1.0,11.3324
7,decoder,booted up,225682,1,1.0,16.3242
7,decoder,booted up,225682,1,1.0,15.4079
7,decoder,booted up,225682,1,1.0,18.0629
7,decoder,booted up,225682,1,1.0,15.6491
7,decoder,heal up,234251,1,1.0,11.3646
7,decoder,heal up,234251,1,0.9996,7.7736
7,decoder,heal up,234251,1,0.9321,2.6194
7,decoder,heal up,234251,1,1.0,12.9908
7,decoder,heal up,234251,1,0.9974,5.9356
7,decoder,heal up,234251,1,0.9965,5.6651
7,decoder,heal up,234251,1,1.0,10.73
7,decoder,heal up,234251,1,0.9938,5.0782
7,decoder,heal up,234251,1,0.9931,4.9668
7,decoder,tumbling up,0,1,0.9999,8.9607
7,decoder,tumbling up,0,1,0.9999,9.6427
7,decoder,tumbling up,0,1,0.9999,9.6447
7,decoder,tumbling up,0,1,1.0,10.5942
7,decoder,tumbling up,0,1,1.0,11.4547
7,decoder,tumbling up,0,1,1.0,12.6452
7,decoder,tumbling up,0,1,0.9999,9.0581
7,decoder,tumbling up,0,1,0.9998,8.724
7,decoder,tumbling up,0,1,1.0,10.2081
7,decoder,select up,239917,1,0.9999,8.8055
7,decoder,select up,239917,1,1.0,13.5226
7,decoder,select up,239917,1,0.9998,8.3212
7,decoder,select up,239917,1,1.0,11.5506
7,decoder,select up,239917,1,1.0,11.8176
7,decoder,select up,239917,1,1.0,12.8371
7,decoder,select up,239917,1,1.0,10.9584
7,decoder,select up,239917,1,1.0,13.1881
7,decoder,select up,239917,1,1.0,13.3221
7,decoder,rubbing up,74199,1,1.0,12.0128
7,decoder,rubbing up,74199,1,1.0,10.5261
7,decoder,rubbing up,74199,1,1.0,11.0288
7,decoder,rubbing up,74199,1,0.9999,8.8492
7,decoder,rubbing up,74199,1,1.0,9.9667
7,decoder,rubbing up,74199,1,1.0,10.7164
7,decoder,rubbing up,74199,1,1.0,10.6063
7,decoder,rubbing up,74199,1,0.9999,9.4901
7,decoder,rubbing up,74199,1,1.0,10.8781
7,decoder,fetch up,92356,1,0.9997,8.2112
7,decoder,fetch up,92356,1,1.0,15.4134
7,decoder,fetch up,92356,1,0.9988,6.7525
7,decoder,fetch up,92356,1,1.0,13.7505
7,decoder,fetch up,92356,1,0.9997,8.1483
7,decoder,fetch up,92356,1,0.9998,8.4016
7,decoder,fetch up,92356,1,1.0,13.1535
7,decoder,fetch up,92356,1,1.0,9.9296
7,decoder,fetch up,92356,1,1.0,12.0408
7,decoder,fit up,220597,1,1.0,12.1407
7,decoder,fit up,220597,1,0.9994,7.471
7,decoder,fit up,220597,1,1.0,12.3131
7,decoder,fit up,220597,1,0.9997,8.0992
7,decoder,fit up,220597,1,1.0,12.6505
7,decoder,fit up,220597,1,0.9991,7.0498
7,decoder,fit up,220597,1,1.0,15.4546
7,decoder,fit up,220597,1,0.9992,7.1192
7,decoder,fit up,220597,1,1.0,13.7129
7,decoder,suit up,509940,1,1.0,13.0709
7,decoder,suit up,509940,1,0.9996,7.8231
7,decoder,suit up,509940,1,1.0,11.1505
7,decoder,suit up,509940,1,1.0,13.4994
7,decoder,suit up,509940,1,0.9999,9.5375
7,decoder,suit up,509940,1,1.0,12.8358
7,decoder,suit up,509940,1,0.997,5.7979
7,decoder,suit up,509940,1,1.0,12.1625
7,decoder,suit up,509940,1,0.9979,6.1516
7,decoder,mashed up,147283,1,0.9953,5.3661
7,decoder,mashed up,147283,1,1.0,10.1432
7,decoder,mashed up,147283,1,1.0,11.4439
7,decoder,mashed up,147283,1,1.0,11.0173
7,decoder,mashed up,147283,1,0.9997,8.1866
7,decoder,mashed up,147283,1,1.0,10.7805
7,decoder,mashed up,147283,1,0.9999,9.113
7,decoder,mashed up,147283,1,0.9958,5.4717
7,decoder,mashed up,147283,1,1.0,11.053
7,decoder,proceeded up,45180,1,1.0,12.4937
7,decoder,proceeded up,45180,1,0.9943,5.1689
7,decoder,proceeded up,45180,1,1.0,12.5951
7,decoder,proceeded up,45180,1,1.0,15.0958
7,decoder,proceeded up,45180,1,1.0,13.7259
7,decoder,proceeded up,45180,1,1.0,12.0879
7,decoder,proceeded up,45180,1,1.0,12.3192
7,decoder,proceeded up,45180,1,1.0,16.2731
7,decoder,proceeded up,45180,1,0.9995,7.5126
7,decoder,swallows up,36705,1,1.0,11.1995
7,decoder,swallows up,36705,1,0.9997,8.1638
7,decoder,swallows up,36705,1,0.9995,7.6612
7,decoder,swallows up,36705,1,1.0,12.3861
7,decoder,swallows up,36705,1,1.0,15.4587
7,decoder,swallows up,36705,1,1.0,10.564
7,decoder,swallows up,36705,1,0.9997,8.0951
7,decoder,swallows up,36705,1,1.0,14.2495
7,decoder,swallows up,36705,1,1.0,15.1338
7,decoder,sober up,163435,1,0.9851,4.1942
7,decoder,sober up,163435,1,0.9995,7.5929
7,decoder,sober up,163435,1,0.9979,6.1605
7,decoder,sober up,163435,1,0.9998,8.3443
7,decoder,sober up,163435,1,0.989,4.5023
7,decoder,sober up,163435,1,1.0,10.6486
7,decoder,sober up,163435,1,1.0,12.4258
7,decoder,sober up,163435,1,1.0,13.5147
7,decoder,sober up,163435,1,0.9796,3.8694
7,decoder,clambering up,36990,1,1.0,11.6827
7,decoder,clambering up,36990,1,0.9989,6.8322
7,decoder,clambering up,36990,1,1.0,10.1767
7,decoder,clambering up,36990,1,1.0,13.1894
7,decoder,clambering up,36990,1,1.0,12.429
7,decoder,clambering up,36990,1,1.0,13.0452
7,decoder,clambering up,36990,1,1.0,13.4274
7,decoder,clambering up,36990,1,1.0,12.4143
7,decoder,clambering up,36990,1,1.0,15.9287
7,decoder,boxed up,158768,1,1.0,11.1648
7,decoder,boxed up,158768,1,0.9963,5.6031
7,decoder,boxed up,158768,1,0.9995,7.5275
7,decoder,boxed up,158768,1,1.0,10.3067
7,decoder,boxed up,158768,1,1.0,10.1799
7,decoder,boxed up,158768,1,0.9999,9.6574
7,decoder,boxed up,158768,1,0.9932,4.978
7,decoder,boxed up,158768,1,0.9998,8.5848
7,decoder,boxed up,158768,1,0.9998,8.5665
7,decoder,clattering up,0,1,1.0,12.0864
7,decoder,clattering up,0,1,0.9973,5.9031
7,decoder,clattering up,0,1,1.0,10.797
7,decoder,clattering up,0,1,0.9966,5.6943
7,decoder,clattering up,0,1,1.0,12.6518
7,decoder,clattering up,0,1,0.9999,8.9595
7,decoder,clattering up,0,1,0.9999,9.4976
7,decoder,clattering up,0,1,1.0,14.4898
7,decoder,clattering up,0,1,1.0,11.3248
7,decoder,prick up,37829,1,1.0,11.2533
7,decoder,prick up,37829,1,1.0,10.6734
7,decoder,prick up,37829,1,1.0,11.9434
7,decoder,prick up,37829,1,0.9997,8.0134
7,decoder,prick up,37829,1,1.0,12.5248
7,decoder,prick up,37829,1,0.9999,9.5592
7,decoder,prick up,37829,1,0.9999,9.4574
7,decoder,prick up,37829,1,1.0,10.9935
7,decoder,prick up,37829,1,0.9953,5.3521
7,decoder,happening up,53620,1,1.0,15.2095
7,decoder,happening up,53620,1,1.0,16.6159
7,decoder,happening up,53620,1,1.0,13.712
7,decoder,happening up,53620,1,1.0,14.5721
7,decoder,happening up,53620,1,1.0,13.5439
7,decoder,happening up,53620,1,0.9999,9.7267
7,decoder,happening up,53620,1,1.0,13.5766
7,decoder,happening up,53620,1,1.0,12.1809
7,decoder,happening up,53620,1,0.9999,9.1749
7,decoder,perk up,412701,1,0.9994,7.5027
7,decoder,perk up,412701,1,0.9771,3.7544
7,decoder,perk up,412701,1,0.9882,4.4314
7,decoder,perk up,412701,1,0.9976,6.0443
7,decoder,perk up,412701,1,0.9999,9.3853
7,decoder,perk up,412701,1,1.0,11.3532
7,decoder,perk up,412701,1,0.9912,4.7271
7,decoder,perk up,412701,1,0.9413,2.7747
7,decoder,perk up,412701,1,0.9842,4.1337
7,decoder,crack up,202245,1,0.9998,8.7857
7,decoder,crack up,202245,1,0.9987,6.6759
7,decoder,crack up,202245,1,1.0,10.7945
7,decoder,crack up,202245,1,0.9999,8.9898
7,decoder,crack up,202245,1,0.9999,9.1204
7,decoder,crack up,202245,1,0.9997,8.0611
7,decoder,crack up,202245,1,0.9998,8.5691
7,decoder,crack up,202245,1,0.9999,9.357
7,decoder,crack up,202245,1,0.9998,8.3887
7,decoder,bob up,46431,1,1.0,13.0105
7,decoder,bob up,46431,1,0.9367,2.695
7,decoder,bob up,46431,1,0.9951,5.3079
7,decoder,bob up,46431,1,1.0,11.7875
7,decoder,bob up,46431,1,1.0,11.6687
7,decoder,bob up,46431,1,0.9999,8.9978
7,decoder,bob up,46431,1,1.0,13.1929
7,decoder,bob up,46431,1,0.9998,8.7554
7,decoder,bob up,46431,1,0.9989,6.8278
7,decoder,slicing up,66751,1,1.0,12.7304
7,decoder,slicing up,66751,1,1.0,11.4936
7,decoder,slicing up,66751,1,0.9999,9.7987
7,decoder,slicing up,66751,1,0.9971,5.8464
7,decoder,slicing up,66751,1,1.0,11.2843
7,decoder,slicing up,66751,1,1.0,10.308
7,decoder,slicing up,66751,1,1.0,10.8418
7,decoder,slicing up,66751,1,1.0,13.6444
7,decoder,slicing up,66751,1,1.0,11.8498
7,decoder,rushes up,45241,1,0.9999,9.5328
7,decoder,rushes up,45241,1,1.0,10.9624
7,decoder,rushes up,45241,1,1.0,14.659
7,decoder,rushes up,45241,1,0.996,5.5145
7,decoder,rushes up,45241,1,1.0,13.2327
7,decoder,rushes up,45241,1,0.9999,9.3687
7,decoder,rushes up,45241,1,1.0,10.4734
7,decoder,rushes up,45241,1,1.0,13.8785
7,decoder,rushes up,45241,1,1.0,10.7209
7,decoder,square up,169599,1,0.9968,5.752
7,decoder,square up,169599,1,1.0,10.7711
7,decoder,square up,169599,1,0.9999,9.5707
7,decoder,square up,169599,1,1.0,12.5608
7,decoder,square up,169599,1,0.9997,8.2367
7,decoder,square up,169599,1,0.998,6.225
7,decoder,square up,169599,1,0.9999,8.9036
7,decoder,square up,169599,1,0.9995,7.6171
7,decoder,square up,169599,1,1.0,11.82
7,decoder,rub up,72120,1,1.0,11.5983
7,decoder,rub up,72120,1,1.0,13.752
7,decoder,rub up,72120,1,0.9999,9.8093
7,decoder,rub up,72120,1,0.9999,9.4867
7,decoder,rub up,72120,1,0.9992,7.1379
7,decoder,rub up,72120,1,1.0,15.4464
7,decoder,rub up,72120,1,0.98,3.8924
7,decoder,rub up,72120,1,1.0,12.8383
7,decoder,rub up,72120,1,1.0,12.1175
7,decoder,stitched up,153033,1,0.9996,7.9129
7,decoder,stitched up,153033,1,1.0,13.122
7,decoder,stitched up,153033,1,0.9995,7.6453
7,decoder,stitched up,153033,1,0.9966,5.6676
7,decoder,stitched up,153033,1,0.9764,3.7248
7,decoder,stitched up,153033,1,0.9994,7.3528
7,decoder,stitched up,153033,1,1.0,9.9496
7,decoder,stitched up,153033,1,0.9998,8.346
7,decoder,stitched up,153033,1,0.9997,8.2387
7,decoder,touching up,176272,1,1.0,11.0519
7,decoder,touching up,176272,1,1.0,17.3976
7,decoder,touching up,176272,1,0.9999,9.7493
7,decoder,touching up,176272,1,1.0,10.4193
7,decoder,touching up,176272,1,1.0,10.1165
7,decoder,touching up,176272,1,0.9999,9.3873
7,decoder,touching up,176272,1,0.9999,9.2972
7,decoder,touching up,176272,1,1.0,11.1621
7,decoder,touching up,176272,1,1.0,12.8309
7,decoder,traveled up,127609,1,1.0,13.877
7,decoder,traveled up,127609,1,1.0,11.9694
7,decoder,traveled up,127609,1,1.0,14.8385
7,decoder,traveled up,127609,1,1.0,10.9164
7,decoder,traveled up,127609,1,0.9999,9.3627
7,decoder,traveled up,127609,1,1.0,15.392
7,decoder,traveled up,127609,1,1.0,13.9322
7,decoder,traveled up,127609,1,0.9999,9.8718
7,decoder,traveled up,127609,1,1.0,12.05
7,decoder,front up,78253,1,1.0,13.3265
7,decoder,front up,78253,1,1.0,14.6891
7,decoder,front up,78253,1,0.9999,9.7525
7,decoder,front up,78253,1,1.0,11.8396
7,decoder,front up,78253,1,0.9997,8.2585
7,decoder,front up,78253,1,1.0,12.1729
7,decoder,front up,78253,1,1.0,13.2939
7,decoder,front up,78253,1,1.0,13.6146
7,decoder,front up,78253,1,1.0,17.3971
7,decoder,banked up,19713,1,0.9721,3.5497
7,decoder,banked up,19713,1,1.0,9.9882
7,decoder,banked up,19713,1,0.9951,5.3178
7,decoder,banked up,19713,1,1.0,10.6855
7,decoder,banked up,19713,1,1.0,11.1728
7,decoder,banked up,19713,1,1.0,10.5036
7,decoder,banked up,19713,1,1.0,11.9971
7,decoder,banked up,19713,1,1.0,11.63
7,decoder,banked up,19713,1,0.9997,8.2542
7,decoder,letting up,238079,1,1.0,10.321
7,decoder,letting up,238079,1,0.9939,5.0957
7,decoder,letting up,238079,1,0.9121,2.3396
7,decoder,letting up,238079,1,0.9987,6.6215
7,decoder,letting up,238079,1,0.9999,9.7682
7,decoder,letting up,238079,1,1.0,12.5726
7,decoder,letting up,238079,1,0.996,5.53
7,decoder,letting up,238079,1,0.9689,3.4402
7,decoder,letting up,238079,1,1.0,11.3891
7,decoder,toned up,30900,1,0.9999,9.1001
7,decoder,toned up,30900,1,0.9999,9.2781
7,decoder,toned up,30900,1,1.0,12.5541
7,decoder,toned up,30900,1,0.9996,7.7754
7,decoder,toned up,30900,1,0.9987,6.677
7,decoder,toned up,30900,1,1.0,13.8319
7,decoder,toned up,30900,1,0.998,6.2288
7,decoder,toned up,30900,1,0.9995,7.5251
7,decoder,toned up,30900,1,0.9942,5.1519
7,decoder,mopping up,181947,1,1.0,13.5135
7,decoder,mopping up,181947,1,1.0,13.2972
7,decoder,mopping up,181947,1,0.9951,5.3078
7,decoder,mopping up,181947,1,1.0,12.4921
7,decoder,mopping up,181947,1,0.9998,8.5887
7,decoder,mopping up,181947,1,1.0,12.3029
7,decoder,mopping up,181947,1,1.0,12.6422
7,decoder,mopping up,181947,1,1.0,12.601
7,decoder,mopping up,181947,1,1.0,11.8119
7,decoder,penned up,32558,1,0.9998,8.4508
7,decoder,penned up,32558,1,0.9922,4.8434
7,decoder,penned up,32558,1,0.9999,8.9711
7,decoder,penned up,32558,1,0.9999,9.8119
7,decoder,penned up,32558,1,0.9996,7.7326
7,decoder,penned up,32558,1,0.9999,9.3492
7,decoder,penned up,32558,1,0.9995,7.5374
7,decoder,penned up,32558,1,0.9992,7.0782
7,decoder,penned up,32558,1,1.0,10.9403
7,decoder,jam up,60254,1,0.9999,9.2078
7,decoder,jam up,60254,1,1.0,13.5248
7,decoder,jam up,60254,1,1.0,12.4471
7,decoder,jam up,60254,1,1.0,13.2356
7,decoder,jam up,60254,1,1.0,10.3775
7,decoder,jam up,60254,1,1.0,15.1634
7,decoder,jam up,60254,1,0.9969,5.7586
7,decoder,jam up,60254,1,1.0,14.7044
7,decoder,jam up,60254,1,1.0,11.6215
7,decoder,mashing up,52953,1,0.9995,7.5608
7,decoder,mashing up,52953,1,1.0,12.6993
7,decoder,mashing up,52953,1,1.0,15.8429
7,decoder,mashing up,52953,1,0.9999,9.4611
7,decoder,mashing up,52953,1,1.0,11.8895
7,decoder,mashing up,52953,1,1.0,13.7073
7,decoder,mashing up,52953,1,1.0,9.9562
7,decoder,mashing up,52953,1,1.0,11.4134
7,decoder,mashing up,52953,1,0.9999,9.4248
7,decoder,sends up,85807,1,0.9999,9.0671
7,decoder,sends up,85807,1,1.0,10.2007
7,decoder,sends up,85807,1,0.9987,6.6628
7,decoder,sends up,85807,1,0.9998,8.5906
7,decoder,sends up,85807,1,1.0,10.8223
7,decoder,sends up,85807,1,0.9997,8.1041
7,decoder,sends up,85807,1,0.9998,8.662
7,decoder,sends up,85807,1,0.9996,7.84
7,decoder,sends up,85807,1,1.0,10.3766
7,decoder,charging up,193567,1,1.0,15.3245
7,decoder,charging up,193567,1,1.0,11.662
7,decoder,charging up,193567,1,1.0,15.3843
7,decoder,charging up,193567,1,1.0,11.4842
7,decoder,charging up,193567,1,1.0,15.7679
7,decoder,charging up,193567,1,1.0,13.507
7,decoder,charging up,193567,1,1.0,11.7943
7,decoder,charging up,193567,1,1.0,12.3416
7,decoder,charging up,193567,1,1.0,11.5587
7,decoder,faces up,407940,1,0.8818,2.0093
7,decoder,faces up,407940,1,1.0,10.6578
7,decoder,faces up,407940,1,1.0,14.7301
7,decoder,faces up,407940,1,1.0,14.8419
7,decoder,faces up,407940,1,0.9691,3.447
7,decoder,faces up,407940,1,0.9509,2.9635
7,decoder,faces up,407940,1,0.9853,4.2019
7,decoder,faces up,407940,1,0.9969,5.7871
7,decoder,faces up,407940,1,1.0,10.8501
7,decoder,swam up,51781,1,1.0,16.2108
7,decoder,swam up,51781,1,1.0,11.7207
7,decoder,swam up,51781,1,0.9999,9.73
7,decoder,swam up,51781,1,1.0,16.1839
7,decoder,swam up,51781,1,1.0,11.0833
7,decoder,swam up,51781,1,1.0,11.9811
7,decoder,swam up,51781,1,1.0,14.3939
7,decoder,swam up,51781,1,1.0,10.0176
7,decoder,swam up,51781,1,1.0,11.3792
7,decoder,swells up,74429,1,1.0,11.1697
7,decoder,swells up,74429,1,1.0,11.9264
7,decoder,swells up,74429,1,0.9993,7.3139
7,decoder,swells up,74429,1,0.9951,5.3076
7,decoder,swells up,74429,1,0.9994,7.4256
7,decoder,swells up,74429,1,0.9966,5.6891
7,decoder,swells up,74429,1,0.9998,8.2983
7,decoder,swells up,74429,1,0.9984,6.4496
7,decoder,swells up,74429,1,1.0,11.9036
7,decoder,flies up,91631,1,0.9993,7.1995
7,decoder,flies up,91631,1,1.0,10.1674
7,decoder,flies up,91631,1,0.9976,6.025
7,decoder,flies up,91631,1,0.9917,4.7802
7,decoder,flies up,91631,1,1.0,11.7572
7,decoder,flies up,91631,1,0.9991,7.0385
7,decoder,flies up,91631,1,0.9992,7.1213
7,decoder,flies up,91631,1,1.0,13.9232
7,decoder,flies up,91631,1,1.0,12.2052
7,decoder,tipped up,39592,1,0.9996,7.7508
7,decoder,tipped up,39592,1,0.9995,7.5602
7,decoder,tipped up,39592,1,0.995,5.3008
7,decoder,tipped up,39592,1,0.9615,3.2177
7,decoder,tipped up,39592,1,1.0,11.7674
7,decoder,tipped up,39592,1,0.9638,3.2809
7,decoder,tipped up,39592,1,0.9994,7.4609
7,decoder,tipped up,39592,1,0.9991,7.0243
7,decoder,tipped up,39592,1,1.0,12.0632
7,decoder,peered up,42530,1,0.9997,8.0801
7,decoder,peered up,42530,1,0.9959,5.4891
7,decoder,peered up,42530,1,0.9998,8.3341
7,decoder,peered up,42530,1,0.9994,7.36
7,decoder,peered up,42530,1,0.9998,8.7972
7,decoder,peered up,42530,1,1.0,10.2318
7,decoder,peered up,42530,1,0.9994,7.45
7,decoder,peered up,42530,1,1.0,11.3125
7,decoder,peered up,42530,1,0.9996,7.8713
7,decoder,tick up,97885,1,1.0,9.9204
7,decoder,tick up,97885,1,0.9746,3.6463
7,decoder,tick up,97885,1,0.9998,8.5858
7,decoder,tick up,97885,1,1.0,12.2446
7,decoder,tick up,97885,1,0.9976,6.0348
7,decoder,tick up,97885,1,0.9944,5.1713
7,decoder,tick up,97885,1,0.9831,4.0613
7,decoder,tick up,97885,1,0.9996,7.9339
7,decoder,tick up,97885,1,0.9958,5.476
7,decoder,toiled up,0,1,1.0,11.7101
7,decoder,toiled up,0,1,1.0,12.4948
7,decoder,toiled up,0,1,0.9995,7.6305
7,decoder,toiled up,0,1,0.9995,7.6931
7,decoder,toiled up,0,1,1.0,12.0297
7,decoder,toiled up,0,1,0.9998,8.5437
7,decoder,toiled up,0,1,0.9998,8.4558
7,decoder,toiled up,0,1,1.0,15.5719
7,decoder,toiled up,0,1,1.0,11.4958
7,decoder,rile up,99916,1,1.0,15.3738
7,decoder,rile up,99916,1,0.9981,6.2472
7,decoder,rile up,99916,1,1.0,11.9717
7,decoder,rile up,99916,1,0.9987,6.6109
7,decoder,rile up,99916,1,1.0,11.2736
7,decoder,rile up,99916,1,1.0,12.6058
7,decoder,rile up,99916,1,1.0,10.5021
7,decoder,rile up,99916,1,1.0,11.7042
7,decoder,rile up,99916,1,1.0,14.1495
7,decoder,dredging up,71636,1,0.9999,9.3895
7,decoder,dredging up,71636,1,1.0,13.4573
7,decoder,dredging up,71636,1,1.0,15.5886
7,decoder,dredging up,71636,1,0.9999,8.9979
7,decoder,dredging up,71636,1,1.0,10.4437
7,decoder,dredging up,71636,1,1.0,18.1624
7,decoder,dredging up,71636,1,1.0,11.0124
7,decoder,dredging up,71636,1,1.0,11.0169
7,decoder,dredging up,71636,1,0.9999,9.8527
7,decoder,wakened up,6517,1,0.9886,4.4597
7,decoder,wakened up,6517,1,1.0,10.063
7,decoder,wakened up,6517,1,0.9337,2.6451
7,decoder,wakened up,6517,1,0.9918,4.7975
7,decoder,wakened up,6517,1,0.9992,7.1683
7,decoder,wakened up,6517,1,1.0,10.011
7,decoder,wakened up,6517,1,1.0,13.3261
7,decoder,wakened up,6517,1,0.9996,7.7406
7,decoder,wakened up,6517,1,0.9977,6.0666
7,decoder,sneaks up,199125,1,0.9999,9.6523
7,decoder,sneaks up,199125,1,0.9987,6.6225
7,decoder,sneaks up,199125,1,0.9997,8.0016
7,decoder,sneaks up,199125,1,0.9998,8.6963
7,decoder,sneaks up,199125,1,0.9992,7.1755
7,decoder,sneaks up,199125,1,0.9983,6.3968
7,decoder,sneaks up,199125,1,1.0,10.154
7,decoder,sneaks up,199125,1,0.9998,8.7422
7,decoder,sneaks up,199125,1,0.9997,8.1573
7,decoder,bottle up,188321,1,0.9995,7.525
7,decoder,bottle up,188321,1,0.9996,7.7183
7,decoder,bottle up,188321,1,0.9998,8.7241
7,decoder,bottle up,188321,1,0.9974,5.9667
7,decoder,bottle up,188321,1,0.9999,9.8527
7,decoder,bottle up,188321,1,0.9999,9.7607
7,decoder,bottle up,188321,1,0.9997,8.1846
7,decoder,bottle up,188321,1,1.0,13.7214
7,decoder,bottle up,188321,1,0.9999,9.2293
7,decoder,reining up,0,1,1.0,13.2046
7,decoder,reining up,0,1,1.0,13.6816
7,decoder,reining up,0,1,1.0,14.2436
7,decoder,reining up,0,1,1.0,10.2594
7,decoder,reining up,0,1,1.0,11.577
7,decoder,reining up,0,1,1.0,11.999
7,decoder,reining up,0,1,0.9933,4.9962
7,decoder,reining up,0,1,0.9788,3.8335
7,decoder,reining up,0,1,1.0,13.2562
7,decoder,rounds up,244047,1,1.0,10.5605
7,decoder,rounds up,244047,1,0.9999,9.1281
7,decoder,rounds up,244047,1,0.9968,5.7282
7,decoder,rounds up,244047,1,1.0,10.038
7,decoder,rounds up,244047,1,0.9998,8.4998
7,decoder,rounds up,244047,1,0.9999,9.581
7,decoder,rounds up,244047,1,0.9998,8.6358
7,decoder,rounds up,244047,1,1.0,13.2365
7,decoder,rounds up,244047,1,0.998,6.2345
7,decoder,summoning up,31689,1,1.0,11.956
7,decoder,summoning up,31689,1,1.0,12.3065
7,decoder,summoning up,31689,1,1.0,13.1159
7,decoder,summoning up,31689,1,0.9999,9.5469
7,decoder,summoning up,31689,1,1.0,14.7415
7,decoder,summoning up,31689,1,1.0,17.8807
7,decoder,summoning up,31689,1,1.0,16.6709
7,decoder,summoning up,31689,1,1.0,12.7669
7,decoder,summoning up,31689,1,1.0,15.3546
7,decoder,hauling up,23673,1,0.9998,8.3225
7,decoder,hauling up,23673,1,1.0,9.9918
7,decoder,hauling up,23673,1,0.9998,8.6904
7,decoder,hauling up,23673,1,1.0,15.4222
7,decoder,hauling up,23673,1,1.0,13.5061
7,decoder,hauling up,23673,1,0.9994,7.4042
7,decoder,hauling up,23673,1,0.9998,8.7615
7,decoder,hauling up,23673,1,1.0,17.9402
7,decoder,hauling up,23673,1,1.0,15.1156
7,decoder,bouncing up,146192,1,1.0,10.5306
7,decoder,bouncing up,146192,1,0.9999,9.3627
7,decoder,bouncing up,146192,1,1.0,12.758
7,decoder,bouncing up,146192,1,0.9998,8.5496
7,decoder,bouncing up,146192,1,0.9999,9.6814
7,decoder,bouncing up,146192,1,1.0,10.4135
7,decoder,bouncing up,146192,1,1.0,13.293
7,decoder,bouncing up,146192,1,1.0,11.3407
7,decoder,bouncing up,146192,1,1.0,12.8953
7,decoder,plays up,198693,1,1.0,14.1803
7,decoder,plays up,198693,1,1.0,12.7764
7,decoder,plays up,198693,1,0.9999,9.8344
7,decoder,plays up,198693,1,0.9999,9.0894
7,decoder,plays up,198693,1,1.0,15.7887
7,decoder,plays up,198693,1,1.0,16.6725
7,decoder,plays up,198693,1,1.0,14.1668
7,decoder,plays up,198693,1,1.0,13.9406
7,decoder,plays up,198693,1,1.0,15.4974
7,decoder,rate up,574828,1,0.9989,6.7724
7,decoder,rate up,574828,1,1.0,15.1728
7,decoder,rate up,574828,1,1.0,14.8003
7,decoder,rate up,574828,1,0.9999,9.8406
7,decoder,rate up,574828,1,1.0,12.4872
7,decoder,rate up,574828,1,1.0,10.5326
7,decoder,rate up,574828,1,0.9998,8.2938
7,decoder,rate up,574828,1,0.9969,5.7788
7,decoder,rate up,574828,1,0.9999,8.8186
7,decoder,closes up,86331,1,0.9934,5.0159
7,decoder,closes up,86331,1,0.9991,7.0529
7,decoder,closes up,86331,1,0.9967,5.7204
7,decoder,closes up,86331,1,0.9974,5.9559
7,decoder,closes up,86331,1,1.0,11.856
7,decoder,closes up,86331,1,1.0,11.4969
7,decoder,closes up,86331,1,0.992,4.8256
7,decoder,closes up,86331,1,0.9943,5.1555
7,decoder,closes up,86331,1,0.9864,4.2837
7,decoder,scratched up,148396,1,0.9995,7.5751
7,decoder,scratched up,148396,1,0.9994,7.5047
7,decoder,scratched up,148396,1,0.9953,5.35
7,decoder,scratched up,148396,1,0.9978,6.1337
7,decoder,scratched up,148396,1,0.9635,3.2733
7,decoder,scratched up,148396,1,0.9999,9.5825
7,decoder,scratched up,148396,1,0.9999,8.9458
7,decoder,scratched up,148396,1,1.0,10.2442
7,decoder,scratched up,148396,1,1.0,9.9944
7,decoder,advanced up,37823,1,1.0,13.999
7,decoder,advanced up,37823,1,1.0,14.171
7,decoder,advanced up,37823,1,1.0,10.3715
7,decoder,advanced up,37823,1,1.0,17.7048
7,decoder,advanced up,37823,1,1.0,17.1705
7,decoder,advanced up,37823,1,1.0,19.5708
7,decoder,advanced up,37823,1,0.9999,9.6504
7,decoder,advanced up,37823,1,1.0,16.7773
7,decoder,advanced up,37823,1,1.0,13.4195
7,decoder,dialed up,115591,1,0.9991,7.0385
7,decoder,dialed up,115591,1,0.9992,7.0701
7,decoder,dialed up,115591,1,1.0,12.1721
7,decoder,dialed up,115591,1,1.0,11.4857
7,decoder,dialed up,115591,1,1.0,12.3486
7,decoder,dialed up,115591,1,1.0,13.2914
7,decoder,dialed up,115591,1,0.9999,9.6781
7,decoder,dialed up,115591,1,0.9999,9.7581
7,decoder,dialed up,115591,1,1.0,12.4378
7,decoder,handed up,44187,1,0.9999,9.0193
7,decoder,handed up,44187,1,0.9986,6.543
7,decoder,handed up,44187,1,0.994,5.1122
7,decoder,handed up,44187,1,0.9968,5.7264
7,decoder,handed up,44187,1,0.9921,4.8356
7,decoder,handed up,44187,1,0.9973,5.9014
7,decoder,handed up,44187,1,0.9962,5.581
7,decoder,handed up,44187,1,0.9865,4.2918
7,decoder,handed up,44187,1,1.0,10.1886
7,decoder,nailed up,21659,1,0.9991,6.9645
7,decoder,nailed up,21659,1,1.0,13.9392
7,decoder,nailed up,21659,1,0.9975,5.9741
7,decoder,nailed up,21659,1,0.9858,4.2393
7,decoder,nailed up,21659,1,0.9998,8.3156
7,decoder,nailed up,21659,1,1.0,11.4914
7,decoder,nailed up,21659,1,0.9987,6.6318
7,decoder,nailed up,21659,1,0.9998,8.4623
7,decoder,nailed up,21659,1,1.0,14.695
7,decoder,cried up,0,1,1.0,10.1371
7,decoder,cried up,0,1,1.0,11.6833
7,decoder,cried up,0,1,1.0,13.0308
7,decoder,cried up,0,1,1.0,14.9536
7,decoder,cried up,0,1,0.9982,6.3164
7,decoder,cried up,0,1,1.0,10.5573
7,decoder,cried up,0,1,0.9954,5.3845
7,decoder,cried up,0,1,1.0,10.9928
7,decoder,cried up,0,1,1.0,10.4407
7,decoder,bounding up,26857,1,0.9975,5.9886
7,decoder,bounding up,26857,1,1.0,12.1087
7,decoder,bounding up,26857,1,1.0,12.6848
7,decoder,bounding up,26857,1,0.9957,5.444
7,decoder,bounding up,26857,1,1.0,11.0024
7,decoder,bounding up,26857,1,0.9996,7.9027
7,decoder,bounding up,26857,1,0.9999,9.0559
7,decoder,bounding up,26857,1,0.999,6.8992
7,decoder,bounding up,26857,1,0.9999,9.7556
7,decoder,wandering up,42206,1,1.0,11.8985
7,decoder,wandering up,42206,1,1.0,13.0081
7,decoder,wandering up,42206,1,1.0,10.9829
7,decoder,wandering up,42206,1,1.0,10.6007
7,decoder,wandering up,42206,1,1.0,12.504
7,decoder,wandering up,42206,1,1.0,12.3885
7,decoder,wandering up,42206,1,1.0,13.0421
7,decoder,wandering up,42206,1,1.0,11.0676
7,decoder,wandering up,42206,1,1.0,14.5454
7,decoder,casting up,16304,1,1.0,12.9671
7,decoder,casting up,16304,1,1.0,11.1393
7,decoder,casting up,16304,1,0.9991,7.06
7,decoder,casting up,16304,1,1.0,10.1477
7,decoder,casting up,16304,1,1.0,10.844
7,decoder,casting up,16304,1,1.0,16.5908
7,decoder,casting up,16304,1,1.0,11.4819
7,decoder,casting up,16304,1,1.0,11.5587
7,decoder,casting up,16304,1,0.9998,8.5542
7,decoder,dragging up,31228,1,0.9999,9.8691
7,decoder,dragging up,31228,1,1.0,13.9973
7,decoder,dragging up,31228,1,1.0,14.5522
7,decoder,dragging up,31228,1,0.9992,7.1327
7,decoder,dragging up,31228,1,0.9999,9.2185
7,decoder,dragging up,31228,1,1.0,12.3638
7,decoder,dragging up,31228,1,1.0,16.0483
7,decoder,dragging up,31228,1,1.0,10.1983
7,decoder,sprouted up,90035,1,0.9999,9.5733
7,decoder,sprouted up,90035,1,0.9998,8.5481
7,decoder,sprouted up,90035,1,0.9985,6.4938
7,decoder,sprouted up,90035,1,1.0,11.6816
7,decoder,sprouted up,90035,1,1.0,16.838
7,decoder,sprouted up,90035,1,0.9998,8.7879
7,decoder,sprouted up,90035,1,1.0,13.7737
7,decoder,sprouted up,90035,1,0.9999,9.4493
7,decoder,sticks up,113697,1,1.0,10.6447
7,decoder,sticks up,113697,1,0.998,6.2008
7,decoder,sticks up,113697,1,0.9994,7.4542
7,decoder,sticks up,113697,1,0.9999,9.1407
7,decoder,sticks up,113697,1,0.9802,3.9035
7,decoder,sticks up,113697,1,0.9999,9.7024
7,decoder,sticks up,113697,1,0.9984,6.4596
7,decoder,sticks up,113697,1,0.9634,3.2695
7,decoder,clutter up,164201,1,0.9999,9.4631
7,decoder,clutter up,164201,1,0.9999,9.5576
7,decoder,clutter up,164201,1,1.0,13.2455
7,decoder,clutter up,164201,1,0.9951,5.3041
7,decoder,clutter up,164201,1,1.0,10.4574
7,decoder,clutter up,164201,1,1.0,10.0585
7,decoder,clutter up,164201,1,0.9998,8.3823
7,decoder,clutter up,164201,1,1.0,10.4293
7,decoder,lost up,92829,1,1.0,11.3525
7,decoder,lost up,92829,1,1.0,10.4156
7,decoder,lost up,92829,1,1.0,14.4437
7,decoder,lost up,92829,1,1.0,10.4953
7,decoder,lost up,92829,1,1.0,11.7248
7,decoder,lost up,92829,1,0.9957,5.4557
7,decoder,lost up,92829,1,0.9993,7.2924
7,decoder,lost up,92829,1,1.0,10.3538
7,decoder,polished up,95031,1,1.0,10.1098
7,decoder,polished up,95031,1,1.0,11.2779
7,decoder,polished up,95031,1,1.0,10.8351
7,decoder,polished up,95031,1,0.9997,8.0814
7,decoder,polished up,95031,1,1.0,13.8097
7,decoder,polished up,95031,1,1.0,11.2699
7,decoder,polished up,95031,1,1.0,13.0765
7,decoder,polished up,95031,1,0.9946,5.2237
7,decoder,fitting up,31391,1,1.0,11.8099
7,decoder,fitting up,31391,1,1.0,12.8608
7,decoder,fitting up,31391,1,1.0,12.1117
7,decoder,fitting up,31391,1,1.0,13.9085
7,decoder,fitting up,31391,1,1.0,12.8699
7,decoder,fitting up,31391,1,1.0,10.0851
7,decoder,fitting up,31391,1,1.0,15.8433
7,decoder,fitting up,31391,1,0.9999,9.1615
7,decoder,heaving up,15455,1,0.9993,7.1976
7,decoder,heaving up,15455,1,0.9998,8.3527
7,decoder,heaving up,15455,1,1.0,14.839
7,decoder,heaving up,15455,1,0.9999,9.5454
7,decoder,heaving up,15455,1,0.9999,9.4999
7,decoder,heaving up,15455,1,1.0,13.3992
7,decoder,heaving up,15455,1,0.9994,7.3888
7,decoder,heaving up,15455,1,0.9992,7.1811
7,decoder,galloping up,11841,1,0.9998,8.3591
7,decoder,galloping up,11841,1,1.0,10.2422
7,decoder,galloping up,11841,1,0.9994,7.4833
7,decoder,galloping up,11841,1,1.0,10.3519
7,decoder,galloping up,11841,1,1.0,16.0687
7,decoder,galloping up,11841,1,0.9999,9.3301
7,decoder,galloping up,11841,1,0.9995,7.5536
7,decoder,galloping up,11841,1,0.9998,8.6015
7,decoder,roaring up,20899,1,1.0,12.5281
7,decoder,roaring up,20899,1,1.0,9.9404
7,decoder,roaring up,20899,1,1.0,17.0122
7,decoder,roaring up,20899,1,1.0,13.4825
7,decoder,roaring up,20899,1,1.0,12.5369
7,decoder,roaring up,20899,1,1.0,13.3901
7,decoder,roaring up,20899,1,1.0,11.0686
7,decoder,roaring up,20899,1,1.0,12.0276
7,decoder,cluttering up,195982,1,1.0,10.2941
7,decoder,cluttering up,195982,1,0.9998,8.785
7,decoder,cluttering up,195982,1,1.0,13.1502
7,decoder,cluttering up,195982,1,1.0,11.1137
7,decoder,cluttering up,195982,1,0.9999,9.7987
7,decoder,cluttering up,195982,1,0.9999,9.2314
7,decoder,cluttering up,195982,1,1.0,12.2363
7,decoder,cluttering up,195982,1,1.0,10.8192
7,decoder,steamed up,61529,1,1.0,13.5057
7,decoder,steamed up,61529,1,1.0,12.854
7,decoder,steamed up,61529,1,0.9688,3.437
7,decoder,steamed up,61529,1,1.0,10.8077
7,decoder,steamed up,61529,1,1.0,11.9032
7,decoder,steamed up,61529,1,1.0,10.3778
7,decoder,steamed up,61529,1,1.0,10.7964
7,decoder,steamed up,61529,1,0.9993,7.2459
7,decoder,invited up,42252,1,1.0,12.4966
7,decoder,invited up,42252,1,1.0,16.3233
7,decoder,invited up,42252,1,1.0,11.4538
7,decoder,invited up,42252,1,1.0,10.7569
7,decoder,invited up,42252,1,1.0,16.8451
7,decoder,invited up,42252,1,1.0,13.6948
7,decoder,invited up,42252,1,1.0,13.708
7,decoder,invited up,42252,1,1.0,17.9608
7,decoder,looms up,13375,1,0.9998,8.498
7,decoder,looms up,13375,1,1.0,11.0718
7,decoder,looms up,13375,1,1.0,15.1392
7,decoder,looms up,13375,1,1.0,10.9177
7,decoder,looms up,13375,1,1.0,12.437
7,decoder,looms up,13375,1,1.0,11.0101
7,decoder,looms up,13375,1,0.9999,9.4621
7,decoder,looms up,13375,1,0.9997,8.1402
7,decoder,polish up,154355,1,1.0,13.4481
7,decoder,polish up,154355,1,1.0,11.4379
7,decoder,polish up,154355,1,1.0,13.374
7,decoder,polish up,154355,1,0.9999,9.5196
7,decoder,polish up,154355,1,0.9989,6.7909
7,decoder,polish up,154355,1,1.0,10.1925
7,decoder,polish up,154355,1,1.0,10.0499
7,decoder,polish up,154355,1,0.9998,8.3966
7,decoder,scampering up,10485,1,1.0,14.6527
7,decoder,scampering up,10485,1,0.9999,9.7581
7,decoder,scampering up,10485,1,1.0,11.6732
7,decoder,scampering up,10485,1,1.0,16.0258
7,decoder,scampering up,10485,1,1.0,12.5625
7,decoder,scampering up,10485,1,1.0,10.4864
7,decoder,scampering up,10485,1,1.0,10.1776
7,decoder,scampering up,10485,1,1.0,10.3195
7,decoder,cued up,52942,1,1.0,13.8923
7,decoder,cued up,52942,1,0.9974,5.9611
7,decoder,cued up,52942,1,0.9999,8.9162
7,decoder,cued up,52942,1,0.9998,8.5023
7,decoder,cued up,52942,1,1.0,14.905
7,decoder,cued up,52942,1,1.0,12.3279
7,decoder,cued up,52942,1,0.9997,8.1235
7,decoder,cued up,52942,1,1.0,11.1354
7,decoder,ganging up,121060,1,0.9996,7.8402
7,decoder,ganging up,121060,1,0.9998,8.5649
7,decoder,ganging up,121060,1,0.9721,3.5522
7,decoder,ganging up,121060,1,0.9787,3.8269
7,decoder,ganging up,121060,1,1.0,13.2969
7,decoder,ganging up,121060,1,0.9998,8.4636
7,decoder,ganging up,121060,1,0.9999,9.4188
7,decoder,ganging up,121060,1,0.9996,7.8307
7,decoder,fires up,245168,1,0.9998,8.4018
7,decoder,fires up,245168,1,0.9999,9.0187
7,decoder,fires up,245168,1,1.0,11.6559
7,decoder,fires up,245168,1,0.9996,7.7072
7,decoder,fires up,245168,1,0.9998,8.502
7,decoder,fires up,245168,1,1.0,14.2309
7,decoder,fires up,245168,1,0.9999,9.8716
7,decoder,fires up,245168,1,0.9969,5.7641
7,decoder,support up,600616,1,0.9999,9.884
7,decoder,support up,600616,1,1.0,12.0294
7,decoder,support up,600616,1,1.0,16.1404
7,decoder,support up,600616,1,1.0,14.1893
7,decoder,support up,600616,1,1.0,15.6111
7,decoder,support up,600616,1,0.9998,8.3229
7,decoder,support up,600616,1,1.0,13.8978
7,decoder,support up,600616,1,1.0,16.896
7,decoder,pushes up,150131,1,0.9991,7.0145
7,decoder,pushes up,150131,1,1.0,13.3654
7,decoder,pushes up,150131,1,1.0,10.7999
7,decoder,pushes up,150131,1,1.0,11.0566
7,decoder,pushes up,150131,1,0.9992,7.1226
7,decoder,pushes up,150131,1,0.9965,5.6569
7,decoder,pushes up,150131,1,1.0,11.8468
7,decoder,pushes up,150131,1,1.0,12.3891
7,decoder,tumbled up,0,1,1.0,10.5231
7,decoder,tumbled up,0,1,0.9971,5.8437
7,decoder,tumbled up,0,1,1.0,10.8487
7,decoder,tumbled up,0,1,0.9995,7.6182
7,decoder,tumbled up,0,1,0.9983,6.3972
7,decoder,tumbled up,0,1,0.9999,9.4714
7,decoder,tumbled up,0,1,1.0,12.3495
7,decoder,tumbled up,0,1,1.0,12.6592
7,decoder,limped up,7249,1,0.9999,9.1907
7,decoder,limped up,7249,1,1.0,10.8275
7,decoder,limped up,7249,1,1.0,14.5543
7,decoder,limped up,7249,1,1.0,9.9842
7,decoder,limped up,7249,1,1.0,13.2766
7,decoder,limped up,7249,1,0.9973,5.9143
7,decoder,limped up,7249,1,1.0,10.2219
7,decoder,limped up,7249,1,1.0,10.1597
7,decoder,dredged up,98742,1,1.0,10.8105
7,decoder,dredged up,98742,1,1.0,14.2832
7,decoder,dredged up,98742,1,0.9928,4.9319
7,decoder,dredged up,98742,1,0.9996,7.7198
7,decoder,dredged up,98742,1,1.0,12.0767
7,decoder,dredged up,98742,1,1.0,17.0946
7,decoder,dredged up,98742,1,0.9976,6.049
7,decoder,dredged up,98742,1,0.9999,9.5804
7,decoder,spit up,166319,1,1.0,10.0755
7,decoder,spit up,166319,1,1.0,17.4956
7,decoder,spit up,166319,1,1.0,13.3127
7,decoder,spit up,166319,1,0.9995,7.5405
7,decoder,spit up,166319,1,1.0,10.9937
7,decoder,spit up,166319,1,1.0,13.8019
7,decoder,spit up,166319,1,0.9998,8.3322
7,decoder,spit up,166319,1,1.0,11.0482
7,decoder,pony up,381526,1,0.999,6.8764
7,decoder,pony up,381526,1,1.0,10.7894
7,decoder,pony up,381526,1,1.0,11.229
7,decoder,pony up,381526,1,1.0,13.3095
7,decoder,pony up,381526,1,1.0,15.9893
7,decoder,pony up,381526,1,1.0,10.16
7,decoder,pony up,381526,1,0.9999,8.8426
7,decoder,pony up,381526,1,0.9997,8.2081
7,decoder,cranking up,168907,1,1.0,11.2175
7,decoder,cranking up,168907,1,1.0,15.5397
7,decoder,cranking up,168907,1,1.0,11.7609
7,decoder,cranking up,168907,1,1.0,12.6255
7,decoder,cranking up,168907,1,1.0,15.8579
7,decoder,cranking up,168907,1,1.0,12.1767
7,decoder,cranking up,168907,1,1.0,14.3282
7,decoder,cranking up,168907,1,1.0,14.3602
7,decoder,lightened up,142883,1,0.9785,3.8197
7,decoder,lightened up,142883,1,0.9997,8.2715
7,decoder,lightened up,142883,1,0.9999,9.8475
7,decoder,lightened up,142883,1,0.9999,9.4417
7,decoder,lightened up,142883,1,1.0,10.2937
7,decoder,lightened up,142883,1,0.9994,7.3935
7,decoder,lightened up,142883,1,0.9998,8.3134
7,decoder,lightened up,142883,1,1.0,9.9316
7,decoder,boils up,16383,1,0.9229,2.4825
7,decoder,boils up,16383,1,0.9742,3.6301
7,decoder,boils up,16383,1,0.9985,6.5249
7,decoder,boils up,16383,1,0.9982,6.3089
7,decoder,boils up,16383,1,0.9949,5.2791
7,decoder,boils up,16383,1,0.9999,9.4932
7,decoder,boils up,16383,1,0.9837,4.1015
7,decoder,boils up,16383,1,0.9998,8.3432
7,decoder,means up,119536,1,0.9998,8.4095
7,decoder,means up,119536,1,1.0,11.9453
7,decoder,means up,119536,1,1.0,13.9002
7,decoder,means up,119536,1,1.0,10.4773
7,decoder,means up,119536,1,1.0,11.4582
7,decoder,means up,119536,1,0.9999,8.9352
7,decoder,means up,119536,1,1.0,11.8421
7,decoder,means up,119536,1,1.0,15.2937
7,decoder,soften up,187393,1,0.9999,9.2168
7,decoder,soften up,187393,1,1.0,14.7056
7,decoder,soften up,187393,1,1.0,11.7277
7,decoder,soften up,187393,1,1.0,10.7675
7,decoder,soften up,187393,1,0.9982,6.3061
7,decoder,soften up,187393,1,1.0,15.7238
7,decoder,soften up,187393,1,0.9882,4.4246
7,decoder,soften up,187393,1,1.0,10.342
7,decoder,need up,248599,1,1.0,17.3111
7,decoder,need up,248599,1,1.0,19.7074
7,decoder,need up,248599,1,1.0,14.6154
7,decoder,need up,248599,1,1.0,13.9032
7,decoder,need up,248599,1,1.0,12.783
7,decoder,need up,248599,1,1.0,16.3362
7,decoder,need up,248599,1,0.9999,9.8388
7,decoder,need up,248599,1,1.0,18.1515
7,decoder,chalked up,408512,1,0.9964,5.6368
7,decoder,chalked up,408512,1,1.0,11.4553
7,decoder,chalked up,408512,1,1.0,13.0311
7,decoder,chalked up,408512,1,1.0,11.6933
7,decoder,chalked up,408512,1,0.9994,7.4495
7,decoder,chalked up,408512,1,0.9989,6.854
7,decoder,chalked up,408512,1,1.0,14.2118
7,decoder,chalked up,408512,1,0.9995,7.6371
7,decoder,trotting up,16219,1,0.9995,7.585
7,decoder,trotting up,16219,1,1.0,13.3432
7,decoder,trotting up,16219,1,0.9969,5.7827
7,decoder,trotting up,16219,1,0.9998,8.5426
7,decoder,trotting up,16219,1,0.9998,8.4059
7,decoder,trotting up,16219,1,1.0,12.8534
7,decoder,trotting up,16219,1,0.9987,6.6332
7,decoder,trotting up,16219,1,1.0,12.9321
7,decoder,tuning up,101974,1,1.0,12.6192
7,decoder,tuning up,101974,1,1.0,15.2405
7,decoder,tuning up,101974,1,1.0,15.0576
7,decoder,tuning up,101974,1,0.9997,8.2008
7,decoder,tuning up,101974,1,1.0,15.2287
7,decoder,tuning up,101974,1,1.0,11.5718
7,decoder,tuning up,101974,1,1.0,11.2848
7,decoder,tuning up,101974,1,0.9998,8.666
7,decoder,rested up,48413,1,0.9904,4.6348
7,decoder,rested up,48413,1,0.9998,8.7873
7,decoder,rested up,48413,1,0.9999,9.7448
7,decoder,rested up,48413,1,0.9979,6.1778
7,decoder,rested up,48413,1,0.8991,2.1872
7,decoder,rested up,48413,1,0.9967,5.6978
7,decoder,rested up,48413,1,0.9961,5.545
7,decoder,rested up,48413,1,1.0,10.9421
7,decoder,hoist up,22619,1,1.0,16.338
7,decoder,hoist up,22619,1,1.0,11.1276
7,decoder,hoist up,22619,1,1.0,13.6736
7,decoder,hoist up,22619,1,1.0,10.9829
7,decoder,hoist up,22619,1,1.0,10.2581
7,decoder,hoist up,22619,1,1.0,15.1983
7,decoder,hoist up,22619,1,1.0,13.0235
7,decoder,hoist up,22619,1,1.0,11.8925
7,decoder,heaping up,15600,1,1.0,9.9651
7,decoder,heaping up,15600,1,0.9698,3.4676
7,decoder,heaping up,15600,1,1.0,14.6557
7,decoder,heaping up,15600,1,1.0,10.6888
7,decoder,heaping up,15600,1,1.0,13.1379
7,decoder,heaping up,15600,1,0.9862,4.2694
7,decoder,heaping up,15600,1,0.9977,6.0711
7,decoder,heaping up,15600,1,1.0,11.375
7,decoder,kicks up,143286,1,1.0,10.8545
7,decoder,kicks up,143286,1,0.9999,9.6306
7,decoder,kicks up,143286,1,0.9997,8.2666
7,decoder,kicks up,143286,1,0.9959,5.4824
7,decoder,kicks up,143286,1,1.0,12.2727
7,decoder,kicks up,143286,1,1.0,11.24
7,decoder,kicks up,143286,1,0.9943,5.1679
7,decoder,kicks up,143286,1,0.9949,5.2825
7,decoder,trump up,20689,1,0.9997,8.2033
7,decoder,trump up,20689,1,0.9998,8.7379
7,decoder,trump up,20689,1,0.9999,9.2207
7,decoder,trump up,20689,1,0.9999,9.3424
7,decoder,trump up,20689,1,1.0,12.5026
7,decoder,trump up,20689,1,1.0,14.5165
7,decoder,trump up,20689,1,0.984,4.1215
7,decoder,trump up,20689,1,0.9999,9.3626
7,decoder,burst up,42875,1,1.0,12.7316
7,decoder,burst up,42875,1,0.6585,0.6567
7,decoder,burst up,42875,1,1.0,11.1608
7,decoder,burst up,42875,1,0.9999,9.6705
7,decoder,burst up,42875,1,0.9879,4.4012
7,decoder,burst up,42875,1,0.9998,8.7388
7,decoder,burst up,42875,1,0.9998,8.678
7,decoder,burst up,42875,1,1.0,11.8591
7,decoder,squared up,102538,1,0.9999,8.8858
7,decoder,squared up,102538,1,1.0,14.1998
7,decoder,squared up,102538,1,1.0,10.3307
7,decoder,squared up,102538,1,0.9996,7.8375
7,decoder,squared up,102538,1,0.9999,8.8706
7,decoder,squared up,102538,1,0.9998,8.3127
7,decoder,squared up,102538,1,1.0,11.0223
7,decoder,squared up,102538,1,1.0,18.774
7,decoder,continued up,251690,1,0.9999,9.1735
7,decoder,continued up,251690,1,1.0,12.7742
7,decoder,continued up,251690,1,1.0,10.7568
7,decoder,continued up,251690,1,1.0,12.4916
7,decoder,continued up,251690,1,1.0,16.4158
7,decoder,continued up,251690,1,1.0,10.5971
7,decoder,continued up,251690,1,1.0,13.3191
7,decoder,continued up,251690,1,1.0,15.7124
7,decoder,chopping up,151457,1,1.0,9.9508
7,decoder,chopping up,151457,1,1.0,13.186
7,decoder,chopping up,151457,1,1.0,10.6531
7,decoder,chopping up,151457,1,1.0,10.8763
7,decoder,chopping up,151457,1,0.9998,8.3252
7,decoder,chopping up,151457,1,0.9994,7.3577
7,decoder,chopping up,151457,1,0.9999,9.648
7,decoder,chopping up,151457,1,1.0,12.4024
7,decoder,trending up,316976,1,0.9974,5.943
7,decoder,trending up,316976,1,1.0,9.9461
7,decoder,trending up,316976,1,1.0,11.4377
7,decoder,trending up,316976,1,1.0,14.3137
7,decoder,trending up,316976,1,0.9999,9.0023
7,decoder,trending up,316976,1,0.9944,5.1756
7,decoder,trending up,316976,1,1.0,10.9632
7,decoder,trending up,316976,1,0.9999,8.9379
7,decoder,search up,148461,1,1.0,12.8381
7,decoder,search up,148461,1,0.9999,9.0118
7,decoder,search up,148461,1,0.9999,8.9313
7,decoder,search up,148461,1,0.9999,9.0827
7,decoder,search up,148461,1,1.0,14.2099
7,decoder,search up,148461,1,1.0,10.4129
7,decoder,search up,148461,1,1.0,10.6334
7,decoder,search up,148461,1,1.0,14.3144
7,decoder,scrape up,135930,1,0.9998,8.356
7,decoder,scrape up,135930,1,0.9999,8.8122
7,decoder,scrape up,135930,1,0.9961,5.5423
7,decoder,scrape up,135930,1,1.0,11.245
7,decoder,scrape up,135930,1,1.0,12.553
7,decoder,scrape up,135930,1,0.9997,8.2575
7,decoder,scrape up,135930,1,0.9996,7.9356
7,decoder,scrape up,135930,1,0.8847,2.038
7,decoder,darted up,21619,1,1.0,12.0963
7,decoder,darted up,21619,1,0.9998,8.339
7,decoder,darted up,21619,1,1.0,12.2266
7,decoder,darted up,21619,1,1.0,10.4866
7,decoder,darted up,21619,1,0.9999,9.504
7,decoder,darted up,21619,1,1.0,10.6778
7,decoder,darted up,21619,1,0.9984,6.4286
7,decoder,darted up,21619,1,1.0,11.0213
7,decoder,trimmed up,36231,1,0.9846,4.161
7,decoder,trimmed up,36231,1,0.9999,9.0096
7,decoder,trimmed up,36231,1,0.8563,1.7849
7,decoder,trimmed up,36231,1,0.9995,7.6226
7,decoder,trimmed up,36231,1,0.9999,9.2743
7,decoder,trimmed up,36231,1,1.0,17.2582
7,decoder,trimmed up,36231,1,0.9871,4.3393
7,decoder,trimmed up,36231,1,1.0,12.0336
7,decoder,fish up,117743,1,1.0,12.9448
7,decoder,fish up,117743,1,0.9856,4.2247
7,decoder,fish up,117743,1,1.0,12.846
7,decoder,fish up,117743,1,1.0,11.5623
7,decoder,fish up,117743,1,1.0,20.3735
7,decoder,fish up,117743,1,0.9998,8.2945
7,decoder,fish up,117743,1,0.9999,9.1575
7,decoder,fish up,117743,1,1.0,10.7571
7,decoder,crumple up,22032,1,0.9958,5.4608
7,decoder,crumple up,22032,1,0.9999,9.0426
7,decoder,crumple up,22032,1,0.9867,4.3087
7,decoder,crumple up,22032,1,1.0,11.975
7,decoder,crumple up,22032,1,1.0,11.8627
7,decoder,crumple up,22032,1,0.9996,7.8055
7,decoder,crumple up,22032,1,0.9632,3.2636
7,decoder,crumple up,22032,1,1.0,11.7737
7,decoder,hop up,140984,1,1.0,10.2472
7,decoder,hop up,140984,1,0.9964,5.625
7,decoder,hop up,140984,1,1.0,11.0345
7,decoder,hop up,140984,1,0.9999,9.0294
7,decoder,hop up,140984,1,1.0,13.2019
7,decoder,hop up,140984,1,0.9995,7.5675
7,decoder,hop up,140984,1,0.999,6.8712
7,decoder,hop up,140984,1,0.9981,6.2623
7,decoder,has up,0,1,1.0,12.6783
7,decoder,has up,0,1,0.9939,5.0957
7,decoder,has up,0,1,0.9977,6.0731
7,decoder,has up,0,1,1.0,13.2101
7,decoder,has up,0,1,1.0,20.7204
7,decoder,has up,0,1,1.0,11.138
7,decoder,has up,0,1,0.9997,8.14
7,decoder,has up,0,1,1.0,12.8281
7,decoder,smarten up,81522,1,1.0,11.4169
7,decoder,smarten up,81522,1,0.9993,7.3195
7,decoder,smarten up,81522,1,1.0,10.2175
7,decoder,smarten up,81522,1,1.0,11.5328
7,decoder,smarten up,81522,1,1.0,14.3336
7,decoder,smarten up,81522,1,0.9998,8.3234
7,decoder,smarten up,81522,1,0.9999,9.6791
7,decoder,smarten up,81522,1,0.9998,8.3098
7,decoder,lapped up,120596,1,0.9999,9.1498
7,decoder,lapped up,120596,1,0.9908,4.6838
7,decoder,lapped up,120596,1,1.0,10.409
7,decoder,lapped up,120596,1,1.0,10.762
7,decoder,lapped up,120596,1,0.9999,9.7164
7,decoder,lapped up,120596,1,0.9996,7.8099
7,decoder,lapped up,120596,1,1.0,12.5779
7,decoder,lapped up,120596,1,0.9999,9.047
7,decoder,laced up,124513,1,0.9999,9.1799
7,decoder,laced up,124513,1,0.9999,9.3901
7,decoder,laced up,124513,1,0.9999,9.2458
7,decoder,laced up,124513,1,1.0,10.6351
7,decoder,laced up,124513,1,1.0,16.1456
7,decoder,laced up,124513,1,1.0,11.63
7,decoder,laced up,124513,1,0.995,5.2897
7,decoder,laced up,124513,1,1.0,10.2559
7,decoder,buckled up,72228,1,0.9602,3.1838
7,decoder,buckled up,72228,1,0.9999,9.4281
7,decoder,buckled up,72228,1,0.9998,8.3888
7,decoder,buckled up,72228,1,0.9998,8.356
7,decoder,buckled up,72228,1,0.9996,7.8408
7,decoder,buckled up,72228,1,0.9981,6.2818
7,decoder,buckled up,72228,1,1.0,11.0579
7,decoder,buckled up,72228,1,0.9999,9.2002
7,decoder,bust up,90547,1,1.0,10.7855
7,decoder,bust up,90547,1,1.0,9.9697
7,decoder,bust up,90547,1,0.9999,9.0529
7,decoder,bust up,90547,1,1.0,11.9401
7,decoder,bust up,90547,1,0.9921,4.8302
7,decoder,bust up,90547,1,1.0,11.0711
7,decoder,bust up,90547,1,1.0,17.3315
7,decoder,bust up,90547,1,0.9947,5.2399
7,decoder,props up,91921,1,1.0,12.7034
7,decoder,props up,91921,1,1.0,11.7607
7,decoder,props up,91921,1,1.0,16.7246
7,decoder,props up,91921,1,0.9999,9.2343
7,decoder,props up,91921,1,1.0,11.5025
7,decoder,props up,91921,1,1.0,12.5965
7,decoder,props up,91921,1,1.0,13.9184
7,decoder,props up,91921,1,1.0,11.5616
7,decoder,fished up,22196,1,0.9999,9.2533
7,decoder,fished up,22196,1,0.9972,5.8705
7,decoder,fished up,22196,1,1.0,13.2871
7,decoder,fished up,22196,1,0.9985,6.509
7,decoder,fished up,22196,1,0.9999,9.3552
7,decoder,fished up,22196,1,0.9999,9.7854
7,decoder,fished up,22196,1,0.9999,8.9433
7,decoder,fished up,22196,1,0.9996,7.9404
7,decoder,peering up,32033,1,0.9946,5.219
7,decoder,peering up,32033,1,0.9995,7.6978
7,decoder,peering up,32033,1,0.9999,9.1546
7,decoder,peering up,32033,1,0.9941,5.1185
7,decoder,peering up,32033,1,0.9995,7.6106
7,decoder,peering up,32033,1,1.0,10.9301
7,decoder,peering up,32033,1,0.9998,8.6299
7,decoder,peering up,32033,1,0.9997,8.2697
7,decoder,says up,71002,1,1.0,11.3508
7,decoder,says up,71002,1,1.0,15.5548
7,decoder,says up,71002,1,1.0,12.9454
7,decoder,says up,71002,1,1.0,11.1614
7,decoder,says up,71002,1,1.0,12.5382
7,decoder,says up,71002,1,1.0,16.6208
7,decoder,says up,71002,1,1.0,16.0636
7,decoder,says up,71002,1,1.0,15.0872
7,decoder,leaps up,67268,1,0.9993,7.292
7,decoder,leaps up,67268,1,1.0,11.4228
7,decoder,leaps up,67268,1,0.9965,5.6463
7,decoder,leaps up,67268,1,0.9999,8.9081
7,decoder,leaps up,67268,1,0.9996,7.7758
7,decoder,leaps up,67268,1,0.9996,7.8931
7,decoder,leaps up,67268,1,0.999,6.9507
7,decoder,leaps up,67268,1,1.0,10.1607
7,decoder,dammed up,28983,1,1.0,13.1362
7,decoder,dammed up,28983,1,1.0,11.6693
7,decoder,dammed up,28983,1,1.0,11.0239
7,decoder,dammed up,28983,1,1.0,10.8219
7,decoder,dammed up,28983,1,0.9992,7.1785
7,decoder,dammed up,28983,1,0.9998,8.5562
7,decoder,dammed up,28983,1,1.0,10.8
7,decoder,dammed up,28983,1,0.9999,8.926
7,decoder,mean up,64662,1,1.0,16.4522
7,decoder,mean up,64662,1,0.9999,9.5854
7,decoder,mean up,64662,1,1.0,10.9525
7,decoder,mean up,64662,1,0.9999,9.5074
7,decoder,mean up,64662,1,1.0,11.0842
7,decoder,mean up,64662,1,1.0,20.2893
7,decoder,mean up,64662,1,1.0,17.6791
7,decoder,circle up,31347,1,1.0,12.1434
7,decoder,circle up,31347,1,0.9993,7.3334
7,decoder,circle up,31347,1,1.0,13.5206
7,decoder,circle up,31347,1,0.9974,5.9322
7,decoder,circle up,31347,1,1.0,9.9226
7,decoder,circle up,31347,1,0.9992,7.1395
7,decoder,circle up,31347,1,0.9999,9.0904
7,decoder,mash up,253065,1,1.0,10.8232
7,decoder,mash up,253065,1,1.0,14.3418
7,decoder,mash up,253065,1,1.0,13.6917
7,decoder,mash up,253065,1,1.0,10.733
7,decoder,mash up,253065,1,1.0,11.2468
7,decoder,mash up,253065,1,1.0,13.2735
7,decoder,mash up,253065,1,1.0,13.3102
7,decoder,stiffened up,33408,1,1.0,11.2634
7,decoder,stiffened up,33408,1,0.9991,7.0091
7,decoder,stiffened up,33408,1,0.9987,6.6752
7,decoder,stiffened up,33408,1,0.9984,6.4478
7,decoder,stiffened up,33408,1,0.9985,6.532
7,decoder,stiffened up,33408,1,0.9968,5.7448
7,decoder,stiffened up,33408,1,0.9919,4.8115
7,decoder,waited up,41231,1,1.0,10.9923
7,decoder,waited up,41231,1,1.0,10.4046
7,decoder,waited up,41231,1,1.0,17.9907
7,decoder,waited up,41231,1,1.0,10.9376
7,decoder,waited up,41231,1,1.0,12.158
7,decoder,waited up,41231,1,1.0,12.6663
7,decoder,waited up,41231,1,0.9999,9.7473
7,decoder,saddle up,123650,1,1.0,12.1574
7,decoder,saddle up,123650,1,0.9145,2.3701
7,decoder,saddle up,123650,1,1.0,10.5976
7,decoder,saddle up,123650,1,1.0,12.5654
7,decoder,saddle up,123650,1,1.0,11.0421
7,decoder,saddle up,123650,1,0.9999,8.9528
7,decoder,saddle up,123650,1,1.0,13.3147
7,decoder,whirled up,7082,1,0.9994,7.4646
7,decoder,whirled up,7082,1,0.9997,8.0093
7,decoder,whirled up,7082,1,1.0,13.0945
7,decoder,whirled up,7082,1,1.0,12.2139
7,decoder,whirled up,7082,1,0.9998,8.7592
7,decoder,whirled up,7082,1,1.0,13.199
7,decoder,whirled up,7082,1,1.0,16.5349
7,decoder,produce up,360396,1,1.0,12.4218
7,decoder,produce up,360396,1,1.0,10.4798
7,decoder,produce up,360396,1,1.0,12.4576
7,decoder,produce up,360396,1,1.0,10.7995
7,decoder,produce up,360396,1,1.0,10.7707
7,decoder,produce up,360396,1,0.9997,8.1144
7,decoder,produce up,360396,1,1.0,19.0086
7,decoder,rocketing up,31226,1,1.0,11.5436
7,decoder,rocketing up,31226,1,1.0,10.9908
7,decoder,rocketing up,31226,1,1.0,10.2146
7,decoder,rocketing up,31226,1,1.0,19.3958
7,decoder,rocketing up,31226,1,1.0,12.774
7,decoder,rocketing up,31226,1,1.0,10.0496
7,decoder,rocketing up,31226,1,0.9997,8.2249
7,decoder,heave up,12476,1,1.0,10.4171
7,decoder,heave up,12476,1,1.0,10.4763
7,decoder,heave up,12476,1,1.0,10.8149
7,decoder,heave up,12476,1,0.9912,4.7206
7,decoder,heave up,12476,1,0.9999,9.22
7,decoder,heave up,12476,1,0.9999,9.2669
7,decoder,heave up,12476,1,0.9999,8.8497
7,decoder,smash up,64687,1,1.0,15.7925
7,decoder,smash up,64687,1,1.0,14.9553
7,decoder,smash up,64687,1,0.9993,7.327
7,decoder,smash up,64687,1,1.0,15.2379
7,decoder,smash up,64687,1,1.0,12.9339
7,decoder,smash up,64687,1,1.0,15.2536
7,decoder,smash up,64687,1,1.0,14.2085
7,decoder,ganged up,126629,1,0.9976,6.042
7,decoder,ganged up,126629,1,1.0,16.1571
7,decoder,ganged up,126629,1,1.0,11.5891
7,decoder,ganged up,126629,1,0.9999,9.7954
7,decoder,ganged up,126629,1,0.9995,7.5489
7,decoder,ganged up,126629,1,0.9997,8.1706
7,decoder,ganged up,126629,1,0.9998,8.7809
7,decoder,treasured up,16184,1,1.0,18.4052
7,decoder,treasured up,16184,1,0.9998,8.5845
7,decoder,treasured up,16184,1,1.0,12.8365
7,decoder,treasured up,16184,1,1.0,15.5442
7,decoder,treasured up,16184,1,1.0,21.1836
7,decoder,treasured up,16184,1,1.0,12.2395
7,decoder,treasured up,16184,1,1.0,17.4791
7,decoder,mock up,276063,1,1.0,12.463
7,decoder,mock up,276063,1,0.9998,8.4571
7,decoder,mock up,276063,1,1.0,10.8038
7,decoder,mock up,276063,1,1.0,12.2803
7,decoder,mock up,276063,1,1.0,12.1
7,decoder,mock up,276063,1,1.0,11.625
7,decoder,mock up,276063,1,1.0,14.3278
7,decoder,range up,328985,1,0.9999,9.2399
7,decoder,range up,328985,1,0.9997,8.1171
7,decoder,range up,328985,1,1.0,10.9228
7,decoder,range up,328985,1,1.0,10.7398
7,decoder,range up,328985,1,1.0,17.863
7,decoder,range up,328985,1,1.0,12.0172
7,decoder,range up,328985,1,0.9998,8.6878
7,decoder,climbs up,329018,1,1.0,10.6948
7,decoder,climbs up,329018,1,0.9998,8.6936
7,decoder,climbs up,329018,1,1.0,10.5963
7,decoder,climbs up,329018,1,0.9998,8.7113
7,decoder,climbs up,329018,1,0.9993,7.2505
7,decoder,climbs up,329018,1,0.999,6.9537
7,decoder,climbs up,329018,1,0.9992,7.152
7,decoder,dresses up,244353,1,0.9807,3.9307
7,decoder,dresses up,244353,1,1.0,10.6429
7,decoder,dresses up,244353,1,0.9994,7.4781
7,decoder,dresses up,244353,1,1.0,11.3313
7,decoder,dresses up,244353,1,0.9663,3.3565
7,decoder,dresses up,244353,1,0.9637,3.2787
7,decoder,dresses up,244353,1,0.9995,7.6423
7,decoder,sneaked up,51006,1,0.9999,9.7374
7,decoder,sneaked up,51006,1,0.9954,5.3852
7,decoder,sneaked up,51006,1,1.0,10.7355
7,decoder,sneaked up,51006,1,0.9999,9.7444
7,decoder,sneaked up,51006,1,0.9994,7.4274
7,decoder,sneaked up,51006,1,1.0,9.9804
7,decoder,sneaked up,51006,1,1.0,11.8695
7,decoder,boosted up,52443,1,1.0,11.1061
7,decoder,boosted up,52443,1,0.9988,6.7639
7,decoder,boosted up,52443,1,1.0,15.3954
7,decoder,boosted up,52443,1,0.9986,6.5552
7,decoder,boosted up,52443,1,0.9999,9.7678
7,decoder,boosted up,52443,1,0.9998,8.5041
7,decoder,boosted up,52443,1,0.9999,9.1242
7,decoder,help up,235084,1,1.0,15.7659
7,decoder,help up,235084,1,1.0,15.9811
7,decoder,help up,235084,1,1.0,11.6644
7,decoder,help up,235084,1,1.0,13.3034
7,decoder,help up,235084,1,1.0,10.9094
7,decoder,help up,235084,1,1.0,12.8155
7,decoder,help up,235084,1,1.0,12.2173
7,decoder,creeps up,208853,1,0.9984,6.4343
7,decoder,creeps up,208853,1,1.0,11.1673
7,decoder,creeps up,208853,1,1.0,10.4045
7,decoder,creeps up,208853,1,0.9966,5.6904
7,decoder,creeps up,208853,1,1.0,13.6081
7,decoder,creeps up,208853,1,1.0,12.7516
7,decoder,creeps up,208853,1,0.999,6.8703
7,decoder,chewing up,107839,1,0.9999,8.9532
7,decoder,chewing up,107839,1,1.0,12.4246
7,decoder,chewing up,107839,1,1.0,11.1713
7,decoder,chewing up,107839,1,0.9995,7.6894
7,decoder,chewing up,107839,1,1.0,10.377
7,decoder,chewing up,107839,1,1.0,11.5346
7,decoder,chewing up,107839,1,1.0,10.0835
7,decoder,tilted up,96198,1,0.8788,1.9814
7,decoder,tilted up,96198,1,0.8057,1.4222
7,decoder,tilted up,96198,1,0.9999,9.8915
7,decoder,tilted up,96198,1,0.9999,9.668
7,decoder,tilted up,96198,1,1.0,14.5893
7,decoder,tilted up,96198,1,0.9737,3.6116
7,decoder,tilted up,96198,1,0.9998,8.3409
7,decoder,land up,246471,1,0.9986,6.5691
7,decoder,land up,246471,1,0.9986,6.6051
7,decoder,land up,246471,1,1.0,11.9713
7,decoder,land up,246471,1,1.0,12.2384
7,decoder,land up,246471,1,0.9999,9.3782
7,decoder,land up,246471,1,0.9999,9.2767
7,decoder,land up,246471,1,1.0,12.6486
7,decoder,sprouting up,151335,1,1.0,10.3391
7,decoder,sprouting up,151335,1,1.0,10.3773
7,decoder,sprouting up,151335,1,0.9943,5.1603
7,decoder,sprouting up,151335,1,1.0,11.0541
7,decoder,sprouting up,151335,1,1.0,12.3871
7,decoder,sprouting up,151335,1,1.0,10.3818
7,decoder,sprouting up,151335,1,1.0,10.2504
7,decoder,voted up,118297,1,1.0,11.0272
7,decoder,voted up,118297,1,0.9996,7.9291
7,decoder,voted up,118297,1,0.9997,8.02
7,decoder,voted up,118297,1,0.997,5.7993
7,decoder,voted up,118297,1,1.0,10.1728
7,decoder,voted up,118297,1,1.0,10.1685
7,decoder,voted up,118297,1,1.0,13.5883
7,decoder,snuggle up,355870,1,0.9999,9.2755
7,decoder,snuggle up,355870,1,1.0,12.6708
7,decoder,snuggle up,355870,1,0.9984,6.4541
7,decoder,snuggle up,355870,1,1.0,12.8878
7,decoder,snuggle up,355870,1,1.0,15.2878
7,decoder,snuggle up,355870,1,1.0,10.4254
7,decoder,snuggle up,355870,1,1.0,10.9072
7,decoder,knock up,90172,1,1.0,11.1576
7,decoder,knock up,90172,1,1.0,11.1014
7,decoder,knock up,90172,1,0.9991,7.0078
7,decoder,knock up,90172,1,1.0,10.4715
7,decoder,knock up,90172,1,1.0,10.9667
7,decoder,knock up,90172,1,1.0,11.7616
7,decoder,knock up,90172,1,1.0,10.7326
7,decoder,growin up,0,1,1.0,12.3344
7,decoder,growin up,0,1,0.9999,9.0174
7,decoder,growin up,0,1,1.0,14.867
7,decoder,growin up,0,1,1.0,13.7633
7,decoder,growin up,0,1,0.9997,8.1385
7,decoder,growin up,0,1,1.0,12.9734
7,decoder,growin up,0,1,0.9999,9.0293
7,decoder,syncing up,37754,1,1.0,11.6934
7,decoder,syncing up,37754,1,1.0,11.3581
7,decoder,syncing up,37754,1,1.0,10.964
7,decoder,syncing up,37754,1,1.0,13.9931
7,decoder,syncing up,37754,1,1.0,12.549
7,decoder,syncing up,37754,1,0.9999,9.7121
7,decoder,syncing up,37754,1,1.0,19.1036
7,decoder,flashing up,23464,1,0.9942,5.1381
7,decoder,flashing up,23464,1,0.9983,6.3892
7,decoder,flashing up,23464,1,1.0,9.9505
7,decoder,flashing up,23464,1,1.0,13.9026
7,decoder,flashing up,23464,1,1.0,11.071
7,decoder,flashing up,23464,1,0.9999,9.0764
7,decoder,flashing up,23464,1,1.0,11.5063
7,decoder,eased up,147195,1,0.9964,5.6301
7,decoder,eased up,147195,1,1.0,12.43
7,decoder,eased up,147195,1,0.9998,8.442
7,decoder,eased up,147195,1,0.9943,5.162
7,decoder,eased up,147195,1,0.9994,7.4961
7,decoder,eased up,147195,1,1.0,12.7874
7,decoder,eased up,147195,1,0.9987,6.6586
7,decoder,toiling up,8727,1,0.9991,7.0128
7,decoder,toiling up,8727,1,1.0,11.0406
7,decoder,toiling up,8727,1,1.0,14.3362
7,decoder,toiling up,8727,1,0.9997,8.1194
7,decoder,toiling up,8727,1,1.0,14.5627
7,decoder,toiling up,8727,1,1.0,9.927
7,decoder,toiling up,8727,1,1.0,11.8298
7,decoder,spending up,162930,1,0.9943,5.1655
7,decoder,spending up,162930,1,0.9992,7.1836
7,decoder,spending up,162930,1,1.0,10.3246
7,decoder,spending up,162930,1,0.9999,9.8335
7,decoder,spending up,162930,1,0.9941,5.1309
7,decoder,spending up,162930,1,0.9936,5.0372
7,decoder,spending up,162930,1,0.9999,9.1202
7,decoder,chew up,162438,1,1.0,10.217
7,decoder,chew up,162438,1,0.9999,9.6975
7,decoder,chew up,162438,1,0.9837,4.1012
7,decoder,chew up,162438,1,1.0,11.5013
7,decoder,chew up,162438,1,1.0,12.4544
7,decoder,chew up,162438,1,0.9996,7.9402
7,decoder,chew up,162438,1,1.0,12.089
7,decoder,frozen up,53095,1,1.0,11.7206
7,decoder,frozen up,53095,1,1.0,10.7865
7,decoder,frozen up,53095,1,0.9941,5.1225
7,decoder,frozen up,53095,1,0.9999,9.6617
7,decoder,frozen up,53095,1,0.992,4.8176
7,decoder,frozen up,53095,1,0.9989,6.8134
7,decoder,frozen up,53095,1,0.9875,4.3669
7,decoder,humped up,0,1,1.0,10.659
7,decoder,humped up,0,1,1.0,11.2339
7,decoder,humped up,0,1,0.9999,9.0272
7,decoder,humped up,0,1,0.9998,8.3805
7,decoder,humped up,0,1,0.9999,9.8646
7,decoder,humped up,0,1,1.0,11.2476
7,decoder,humped up,0,1,1.0,10.3123
7,decoder,knit up,92998,1,1.0,11.2904
7,decoder,knit up,92998,1,1.0,14.031
7,decoder,knit up,92998,1,1.0,10.1632
7,decoder,knit up,92998,1,0.9998,8.7429
7,decoder,knit up,92998,1,1.0,13.1392
7,decoder,knit up,92998,1,1.0,12.909
7,decoder,knit up,92998,1,1.0,10.4747
7,decoder,provides up,597434,1,1.0,16.6207
7,decoder,provides up,597434,1,1.0,16.6837
7,decoder,provides up,597434,1,1.0,16.6586
7,decoder,provides up,597434,1,1.0,11.4604
7,decoder,provides up,597434,1,1.0,16.9618
7,decoder,provides up,597434,1,1.0,12.0731
7,decoder,provides up,597434,1,1.0,12.5678
7,decoder,slow up,116771,1,0.9993,7.209
7,decoder,slow up,116771,1,1.0,16.246
7,decoder,slow up,116771,1,0.9942,5.1359
7,decoder,slow up,116771,1,0.9996,7.808
7,decoder,slow up,116771,1,1.0,17.604
7,decoder,slow up,116771,1,0.9999,9.1539
7,decoder,slow up,116771,1,1.0,14.3763
7,decoder,toss up,346049,1,0.9947,5.2433
7,decoder,toss up,346049,1,0.9999,9.1567
7,decoder,toss up,346049,1,1.0,9.9601
7,decoder,toss up,346049,1,0.9995,7.6621
7,decoder,toss up,346049,1,0.9997,8.1107
7,decoder,toss up,346049,1,0.9999,9.2583
7,decoder,toss up,346049,1,1.0,13.7141
7,decoder,gum up,87512,1,1.0,15.9059
7,decoder,gum up,87512,1,1.0,18.7741
7,decoder,gum up,87512,1,1.0,16.0319
7,decoder,gum up,87512,1,1.0,11.154
7,decoder,gum up,87512,1,1.0,18.0669
7,decoder,gum up,87512,1,1.0,14.3345
7,decoder,gum up,87512,1,1.0,11.4858
7,decoder,struggle up,32419,1,1.0,14.2041
7,decoder,struggle up,32419,1,1.0,12.8306
7,decoder,struggle up,32419,1,0.9997,8.1027
7,decoder,struggle up,32419,1,0.9985,6.5158
7,decoder,struggle up,32419,1,0.9979,6.1829
7,decoder,struggle up,32419,1,1.0,13.009
7,decoder,struggle up,32419,1,0.9996,7.9319
7,decoder,diced up,39092,1,0.9999,9.8241
7,decoder,diced up,39092,1,1.0,13.1148
7,decoder,diced up,39092,1,1.0,11.2077
7,decoder,diced up,39092,1,0.9999,8.8602
7,decoder,diced up,39092,1,1.0,13.2957
7,decoder,diced up,39092,1,0.9995,7.6932
7,decoder,diced up,39092,1,0.9999,9.2779
7,decoder,lets up,150777,1,0.9998,8.6459
7,decoder,lets up,150777,1,0.9992,7.1456
7,decoder,lets up,150777,1,1.0,11.733
7,decoder,lets up,150777,1,1.0,14.8808
7,decoder,lets up,150777,1,1.0,16.7039
7,decoder,lets up,150777,1,0.9998,8.601
7,decoder,lets up,150777,1,1.0,11.9064
7,decoder,steal up,11070,1,0.9995,7.5457
7,decoder,steal up,11070,1,1.0,13.7308
7,decoder,steal up,11070,1,0.9999,9.3876
7,decoder,steal up,11070,1,0.9995,7.5412
7,decoder,steal up,11070,1,0.9999,8.8841
7,decoder,steal up,11070,1,0.9998,8.644
7,decoder,steal up,11070,1,1.0,12.9354
7,decoder,rumpled up,0,1,1.0,12.7205
7,decoder,rumpled up,0,1,0.9981,6.2533
7,decoder,rumpled up,0,1,1.0,13.4534
7,decoder,rumpled up,0,1,0.9986,6.5697
7,decoder,rumpled up,0,1,0.9991,6.9773
7,decoder,rumpled up,0,1,1.0,13.4538
7,decoder,rumpled up,0,1,1.0,13.947
7,decoder,bobbed up,43780,1,0.9418,2.7847
7,decoder,bobbed up,43780,1,0.9934,5.0073
7,decoder,bobbed up,43780,1,0.9985,6.4788
7,decoder,bobbed up,43780,1,0.9999,9.063
7,decoder,bobbed up,43780,1,1.0,11.1748
7,decoder,bobbed up,43780,1,0.9995,7.7003
7,decoder,bobbed up,43780,1,0.9941,5.1344
7,decoder,soaring up,46826,1,0.9997,8.1192
7,decoder,soaring up,46826,1,1.0,11.9684
7,decoder,soaring up,46826,1,0.9999,8.9892
7,decoder,soaring up,46826,1,1.0,12.3777
7,decoder,soaring up,46826,1,0.9998,8.7546
7,decoder,soaring up,46826,1,0.9997,8.1428
7,decoder,soaring up,46826,1,1.0,19.2289
7,decoder,splits up,105972,1,1.0,10.6074
7,decoder,splits up,105972,1,1.0,11.8937
7,decoder,splits up,105972,1,1.0,10.5245
7,decoder,splits up,105972,1,0.9999,9.0087
7,decoder,splits up,105972,1,1.0,12.5215
7,decoder,splits up,105972,1,0.9998,8.5763
7,decoder,splits up,105972,1,1.0,14.215
7,decoder,sidle up,43809,1,1.0,11.8828
7,decoder,sidle up,43809,1,1.0,13.3371
7,decoder,sidle up,43809,1,0.9971,5.8404
7,decoder,sidle up,43809,1,0.9894,4.5346
7,decoder,sidle up,43809,1,1.0,12.2183
7,decoder,sidle up,43809,1,1.0,13.9998
7,decoder,sidle up,43809,1,1.0,11.4698
7,decoder,frame up,104603,1,1.0,10.9766
7,decoder,frame up,104603,1,1.0,13.2757
7,decoder,frame up,104603,1,1.0,11.9045
7,decoder,frame up,104603,1,0.9998,8.6247
7,decoder,frame up,104603,1,0.9994,7.4627
7,decoder,frame up,104603,1,1.0,11.4668
7,decoder,frame up,104603,1,0.9994,7.3797
7,decoder,rank up,293990,1,1.0,12.1469
7,decoder,rank up,293990,1,0.9926,4.8985
7,decoder,rank up,293990,1,1.0,14.7792
7,decoder,rank up,293990,1,1.0,13.8246
7,decoder,rank up,293990,1,1.0,13.7364
7,decoder,rank up,293990,1,1.0,13.4607
7,decoder,rank up,293990,1,1.0,10.898
7,decoder,dredge up,130162,1,0.9997,8.0892
7,decoder,dredge up,130162,1,1.0,14.9471
7,decoder,dredge up,130162,1,1.0,16.0263
7,decoder,dredge up,130162,1,1.0,12.6056
7,decoder,dredge up,130162,1,1.0,15.3305
7,decoder,dredge up,130162,1,1.0,14.0684
7,decoder,dredge up,130162,1,0.9999,8.8142
7,decoder,advancing up,25937,1,1.0,16.9219
7,decoder,advancing up,25937,1,1.0,14.4511
7,decoder,advancing up,25937,1,1.0,17.0126
7,decoder,advancing up,25937,1,1.0,12.6841
7,decoder,advancing up,25937,1,1.0,18.6626
7,decoder,advancing up,25937,1,1.0,17.422
7,decoder,advancing up,25937,1,1.0,17.6066
7,decoder,drank up,29809,1,1.0,10.9737
7,decoder,drank up,29809,1,1.0,13.3026
7,decoder,drank up,29809,1,0.9999,9.415
7,decoder,drank up,29809,1,1.0,12.9797
7,decoder,drank up,29809,1,1.0,12.296
7,decoder,drank up,29809,1,1.0,11.4554
7,decoder,drank up,29809,1,1.0,11.2833
7,decoder,flaming up,0,1,1.0,15.051
7,decoder,flaming up,0,1,0.9999,9.0914
7,decoder,flaming up,0,1,1.0,11.535
7,decoder,flaming up,0,1,0.9998,8.5433
7,decoder,flaming up,0,1,1.0,12.4368
7,decoder,flaming up,0,1,1.0,10.7
7,decoder,flaming up,0,1,1.0,10.1029
7,decoder,links up,214897,1,1.0,11.7091
7,decoder,links up,214897,1,0.9995,7.649
7,decoder,links up,214897,1,1.0,13.1994
7,decoder,links up,214897,1,1.0,10.7915
7,decoder,links up,214897,1,1.0,10.2819
7,decoder,links up,214897,1,1.0,11.9209
7,decoder,links up,214897,1,1.0,10.5834
7,decoder,crushed up,74583,1,0.9997,8.1159
7,decoder,crushed up,74583,1,1.0,11.8248
7,decoder,crushed up,74583,1,1.0,11.4063
7,decoder,crushed up,74583,1,0.9999,9.8222
7,decoder,crushed up,74583,1,0.9999,9.0538
7,decoder,crushed up,74583,1,0.9991,6.9813
7,decoder,crushed up,74583,1,0.9985,6.5294
7,decoder,punch up,110538,1,1.0,10.0056
7,decoder,punch up,110538,1,1.0,12.8005
7,decoder,punch up,110538,1,1.0,13.6366
7,decoder,punch up,110538,1,0.999,6.9043
7,decoder,punch up,110538,1,1.0,12.2738
7,decoder,punch up,110538,1,0.9996,7.723
7,decoder,punch up,110538,1,1.0,10.2331
7,decoder,changes up,136360,1,0.9976,6.0309
7,decoder,changes up,136360,1,0.9986,6.5989
7,decoder,changes up,136360,1,0.9996,7.8521
7,decoder,changes up,136360,1,1.0,11.4704
7,decoder,changes up,136360,1,0.9999,8.8738
7,decoder,changes up,136360,1,1.0,10.2392
7,decoder,changes up,136360,1,1.0,12.0238
7,decoder,mocked up,101152,1,0.9999,9.3449
7,decoder,mocked up,101152,1,1.0,12.9409
7,decoder,mocked up,101152,1,0.9995,7.5112
7,decoder,mocked up,101152,1,0.9927,4.9192
7,decoder,mocked up,101152,1,1.0,13.8787
7,decoder,mocked up,101152,1,1.0,12.0624
7,decoder,mocked up,101152,1,1.0,15.8206
7,decoder,weighed up,123344,1,0.9998,8.7661
7,decoder,weighed up,123344,1,0.9934,5.0101
7,decoder,weighed up,123344,1,0.999,6.9502
7,decoder,weighed up,123344,1,0.9997,8.1318
7,decoder,weighed up,123344,1,0.9982,6.3356
7,decoder,weighed up,123344,1,0.9884,4.448
7,decoder,weighed up,123344,1,0.9997,8.1121
7,decoder,sealing up,58349,1,0.9996,7.7524
7,decoder,sealing up,58349,1,1.0,12.4637
7,decoder,sealing up,58349,1,1.0,12.7742
7,decoder,sealing up,58349,1,0.9972,5.8834
7,decoder,sealing up,58349,1,1.0,10.1662
7,decoder,sealing up,58349,1,1.0,11.6301
7,decoder,sealing up,58349,1,1.0,14.0161
7,decoder,saying up,28647,1,1.0,12.6236
7,decoder,saying up,28647,1,1.0,13.0854
7,decoder,saying up,28647,1,0.9996,7.8339
7,decoder,saying up,28647,1,1.0,12.0443
7,decoder,saying up,28647,1,1.0,10.3707
7,decoder,saying up,28647,1,1.0,16.3484
7,decoder,saying up,28647,1,1.0,12.4113
7,decoder,scampered up,17999,1,0.9939,5.0919
7,decoder,scampered up,17999,1,1.0,15.4381
7,decoder,scampered up,17999,1,1.0,10.5344
7,decoder,scampered up,17999,1,1.0,15.0784
7,decoder,scampered up,17999,1,1.0,11.0235
7,decoder,scampered up,17999,1,1.0,9.9898
7,decoder,scampered up,17999,1,0.9986,6.5566
7,decoder,connecting up,64861,1,1.0,11.4734
7,decoder,connecting up,64861,1,1.0,16.3079
7,decoder,connecting up,64861,1,1.0,14.0201
7,decoder,connecting up,64861,1,1.0,11.2073
7,decoder,connecting up,64861,1,0.9999,9.1234
7,decoder,connecting up,64861,1,1.0,11.9673
7,decoder,connecting up,64861,1,1.0,16.8142
7,decoder,balled up,105629,1,0.9999,8.9825
7,decoder,balled up,105629,1,1.0,10.2023
7,decoder,balled up,105629,1,1.0,10.5381
7,decoder,balled up,105629,1,0.9973,5.9107
7,decoder,balled up,105629,1,1.0,11.4622
7,decoder,balled up,105629,1,1.0,10.598
7,decoder,balled up,105629,1,1.0,10.3811
7,decoder,rearing up,39844,1,0.9981,6.2403
7,decoder,rearing up,39844,1,0.9999,9.163
7,decoder,rearing up,39844,1,1.0,13.5522
7,decoder,rearing up,39844,1,0.9996,7.879
7,decoder,rearing up,39844,1,1.0,11.3016
7,decoder,rearing up,39844,1,0.9991,7.0245
7,decoder,rearing up,39844,1,0.9957,5.4537
7,decoder,swinging up,24614,1,1.0,11.6961
7,decoder,swinging up,24614,1,0.9999,9.3431
7,decoder,swinging up,24614,1,1.0,11.7494
7,decoder,swinging up,24614,1,1.0,10.0547
7,decoder,swinging up,24614,1,1.0,12.4929
7,decoder,swinging up,24614,1,1.0,14.1548
7,decoder,swinging up,24614,1,1.0,11.6526
7,decoder,age up,100133,1,1.0,15.6776
7,decoder,age up,100133,1,0.9996,7.7722
7,decoder,age up,100133,1,1.0,11.1579
7,decoder,age up,100133,1,0.9784,3.8155
7,decoder,age up,100133,1,0.9797,3.8771
7,decoder,age up,100133,1,0.9971,5.8407
7,decoder,age up,100133,1,0.9751,3.6687
7,decoder,ponied up,81888,1,0.9993,7.3032
7,decoder,ponied up,81888,1,1.0,11.1326
7,decoder,ponied up,81888,1,0.9999,9.5116
7,decoder,ponied up,81888,1,0.9997,8.1708
7,decoder,ponied up,81888,1,1.0,11.0901
7,decoder,ponied up,81888,1,1.0,10.1271
7,decoder,ponied up,81888,1,0.9999,9.0635
7,decoder,licking up,25951,1,1.0,14.1902
7,decoder,licking up,25951,1,0.9999,8.9478
7,decoder,licking up,25951,1,0.9998,8.7092
7,decoder,licking up,25951,1,0.9985,6.5213
7,decoder,licking up,25951,1,0.9983,6.3578
7,decoder,licking up,25951,1,1.0,12.3356
7,decoder,licking up,25951,1,1.0,11.7189
7,decoder,corked up,3075,1,0.9992,7.1793
7,decoder,corked up,3075,1,0.9647,3.3069
7,decoder,corked up,3075,1,0.9996,7.9159
7,decoder,corked up,3075,1,0.9999,9.8463
7,decoder,corked up,3075,1,0.9999,8.9247
7,decoder,corked up,3075,1,0.9992,7.0727
7,decoder,corked up,3075,1,0.9016,2.215
7,decoder,git up,0,1,1.0,13.2942
7,decoder,git up,0,1,1.0,16.5183
7,decoder,git up,0,1,0.9998,8.775
7,decoder,git up,0,1,1.0,12.409
7,decoder,git up,0,1,1.0,14.5979
7,decoder,git up,0,1,0.9998,8.31
7,decoder,git up,0,1,1.0,14.3305
7,decoder,bang up,144201,1,1.0,13.834
7,decoder,bang up,144201,1,1.0,13.5846
7,decoder,bang up,144201,1,1.0,15.5583
7,decoder,bang up,144201,1,0.9994,7.424
7,decoder,bang up,144201,1,1.0,14.739
7,decoder,bang up,144201,1,1.0,10.969
7,decoder,bang up,144201,1,1.0,11.9151
7,decoder,like up,265129,1,1.0,13.1071
7,decoder,like up,265129,1,1.0,17.5207
7,decoder,like up,265129,1,1.0,15.8576
7,decoder,like up,265129,1,1.0,13.3403
7,decoder,like up,265129,1,1.0,10.0219
7,decoder,like up,265129,1,1.0,12.5767
7,decoder,like up,265129,1,1.0,18.5646
7,decoder,bolstered up,0,1,1.0,10.7372
7,decoder,bolstered up,0,1,1.0,14.2689
7,decoder,bolstered up,0,1,0.9953,5.3565
7,decoder,bolstered up,0,1,1.0,11.6877
7,decoder,bolstered up,0,1,0.9994,7.426
7,decoder,bolstered up,0,1,1.0,10.1757
7,decoder,bolstered up,0,1,0.9979,6.1805
7,decoder,surging up,33021,1,1.0,15.1789
7,decoder,surging up,33021,1,1.0,11.5612
7,decoder,surging up,33021,1,1.0,12.863
7,decoder,surging up,33021,1,1.0,12.1599
7,decoder,surging up,33021,1,0.9998,8.468
7,decoder,surging up,33021,1,1.0,17.3844
7,decoder,surging up,33021,1,1.0,14.2383
7,decoder,soar up,52707,1,1.0,10.9274
7,decoder,soar up,52707,1,1.0,11.7382
7,decoder,soar up,52707,1,1.0,17.2602
7,decoder,soar up,52707,1,1.0,13.1076
7,decoder,soar up,52707,1,1.0,14.8789
7,decoder,soar up,52707,1,0.9992,7.18
7,decoder,soar up,52707,1,1.0,12.3488
7,decoder,serves up,1164492,1,0.9999,9.7312
7,decoder,serves up,1164492,1,1.0,12.0493
7,decoder,serves up,1164492,1,1.0,11.3878
7,decoder,serves up,1164492,1,0.9999,9.2461
7,decoder,serves up,1164492,1,1.0,15.8683
7,decoder,serves up,1164492,1,0.9999,9.3937
7,decoder,serves up,1164492,1,0.9999,9.8158
7,decoder,paddled up,19957,1,0.9999,8.8879
7,decoder,paddled up,19957,1,0.9998,8.7174
7,decoder,paddled up,19957,1,1.0,12.2256
7,decoder,paddled up,19957,1,1.0,10.1668
7,decoder,paddled up,19957,1,0.9999,8.8054
7,decoder,paddled up,19957,1,1.0,10.191
7,decoder,paddled up,19957,1,0.9983,6.3553
7,decoder,crowded up,17409,1,0.9999,8.8447
7,decoder,crowded up,17409,1,1.0,14.5547
7,decoder,crowded up,17409,1,0.998,6.2095
7,decoder,crowded up,17409,1,0.9995,7.5361
7,decoder,crowded up,17409,1,0.9945,5.2052
7,decoder,crowded up,17409,1,0.9999,9.3118
7,decoder,crowded up,17409,1,0.9919,4.8061
7,decoder,code up,138000,1,1.0,18.1342
7,decoder,code up,138000,1,1.0,17.0201
7,decoder,code up,138000,1,1.0,12.3601
7,decoder,code up,138000,1,1.0,10.2753
7,decoder,code up,138000,1,1.0,17.003
7,decoder,code up,138000,1,1.0,13.7177
7,decoder,code up,138000,1,1.0,12.7269
7,decoder,bounce up,121117,1,0.9998,8.7101
7,decoder,bounce up,121117,1,0.9998,8.6408
7,decoder,bounce up,121117,1,0.7146,0.9181
7,decoder,bounce up,121117,1,1.0,10.4729
7,decoder,bounce up,121117,1,0.9999,9.5504
7,decoder,bounce up,121117,1,1.0,10.7063
7,decoder,edged up,271176,1,0.9999,9.6437
7,decoder,edged up,271176,1,1.0,11.2558
7,decoder,edged up,271176,1,1.0,11.8164
7,decoder,edged up,271176,1,1.0,13.8261
7,decoder,edged up,271176,1,0.9997,8.0035
7,decoder,edged up,271176,1,0.9999,9.7357
7,decoder,saw up,92182,1,0.9998,8.6127
7,decoder,saw up,92182,1,1.0,10.2161
7,decoder,saw up,92182,1,1.0,15.6085
7,decoder,saw up,92182,1,1.0,15.2741
7,decoder,saw up,92182,1,1.0,10.7934
7,decoder,saw up,92182,1,0.9999,9.0481
7,decoder,heard up,50203,1,0.9996,7.7416
7,decoder,heard up,50203,1,1.0,15.9147
7,decoder,heard up,50203,1,1.0,12.2576
7,decoder,heard up,50203,1,1.0,19.4797
7,decoder,heard up,50203,1,1.0,14.1949
7,decoder,heard up,50203,1,0.9999,9.8008
7,decoder,bent up,98862,1,0.9997,8.0218
7,decoder,bent up,98862,1,1.0,13.0491
7,decoder,bent up,98862,1,1.0,10.4842
7,decoder,bent up,98862,1,0.9999,9.6008
7,decoder,bent up,98862,1,1.0,14.0943
7,decoder,bent up,98862,1,0.9998,8.347
7,decoder,continues up,137963,1,0.9998,8.4804
7,decoder,continues up,137963,1,0.9999,8.9361
7,decoder,continues up,137963,1,1.0,13.8533
7,decoder,continues up,137963,1,1.0,14.5957
7,decoder,continues up,137963,1,0.9997,8.191
7,decoder,continues up,137963,1,1.0,11.0981
7,decoder,loom up,14270,1,0.9979,6.147
7,decoder,loom up,14270,1,1.0,13.2123
7,decoder,loom up,14270,1,1.0,11.2678
7,decoder,loom up,14270,1,0.9997,8.274
7,decoder,loom up,14270,1,1.0,13.2113
7,decoder,loom up,14270,1,0.9998,8.7177
7,decoder,gummed up,73404,1,1.0,10.9057
7,decoder,gummed up,73404,1,1.0,10.8893
7,decoder,gummed up,73404,1,0.9996,7.9029
7,decoder,gummed up,73404,1,1.0,15.1264
7,decoder,gummed up,73404,1,0.9997,8.1376
7,decoder,gummed up,73404,1,0.999,6.9089
7,decoder,retained up,12038,1,1.0,14.2151
7,decoder,retained up,12038,1,1.0,11.2621
7,decoder,retained up,12038,1,1.0,12.8483
7,decoder,retained up,12038,1,1.0,13.9988
7,decoder,retained up,12038,1,1.0,10.9255
7,decoder,retained up,12038,1,1.0,11.1191
7,decoder,earn up,687235,1,1.0,11.2524
7,decoder,earn up,687235,1,0.9999,9.2661
7,decoder,earn up,687235,1,0.9993,7.2897
7,decoder,earn up,687235,1,1.0,14.13
7,decoder,earn up,687235,1,1.0,11.3578
7,decoder,earn up,687235,1,0.9997,8.2512
7,decoder,colored up,22256,1,0.9923,4.8544
7,decoder,colored up,22256,1,0.9995,7.5934
7,decoder,colored up,22256,1,1.0,12.4284
7,decoder,colored up,22256,1,0.9998,8.3545
7,decoder,colored up,22256,1,0.9986,6.6011
7,decoder,colored up,22256,1,0.9999,9.1704
7,decoder,nestled up,31708,1,0.9998,8.5256
7,decoder,nestled up,31708,1,1.0,10.4198
7,decoder,nestled up,31708,1,1.0,13.2119
7,decoder,nestled up,31708,1,1.0,13.3063
7,decoder,nestled up,31708,1,1.0,12.275
7,decoder,nestled up,31708,1,0.9999,9.5883
7,decoder,powering up,251130,1,1.0,13.7543
7,decoder,powering up,251130,1,1.0,15.5313
7,decoder,powering up,251130,1,1.0,12.0856
7,decoder,powering up,251130,1,1.0,14.7173
7,decoder,powering up,251130,1,1.0,13.3215
7,decoder,powering up,251130,1,1.0,13.0446
7,decoder,brimming up,1811,1,0.9989,6.7935
7,decoder,brimming up,1811,1,0.999,6.8822
7,decoder,brimming up,1811,1,0.9837,4.1001
7,decoder,brimming up,1811,1,0.9989,6.7928
7,decoder,brimming up,1811,1,0.9993,7.3066
7,decoder,brimming up,1811,1,0.9985,6.4716
7,decoder,listed up,41276,1,0.9978,6.1065
7,decoder,listed up,41276,1,0.9978,6.1233
7,decoder,listed up,41276,1,1.0,11.5079
7,decoder,listed up,41276,1,0.9999,9.3471
7,decoder,listed up,41276,1,0.9983,6.359
7,decoder,listed up,41276,1,0.9996,7.9482
7,decoder,marry up,49393,1,1.0,15.7672
7,decoder,marry up,49393,1,1.0,14.6845
7,decoder,marry up,49393,1,1.0,11.5011
7,decoder,marry up,49393,1,1.0,13.761
7,decoder,marry up,49393,1,1.0,14.199
7,decoder,marry up,49393,1,1.0,13.6588
7,decoder,knees up,172616,1,0.9999,8.8842
7,decoder,knees up,172616,1,0.9984,6.4606
7,decoder,knees up,172616,1,0.9991,6.984
7,decoder,knees up,172616,1,1.0,11.7848
7,decoder,knees up,172616,1,1.0,12.8289
7,decoder,knees up,172616,1,0.9996,7.7107
7,decoder,talked up,191299,1,0.9803,3.9077
7,decoder,talked up,191299,1,1.0,15.0226
7,decoder,talked up,191299,1,0.9998,8.6956
7,decoder,talked up,191299,1,0.9954,5.3679
7,decoder,talked up,191299,1,1.0,15.1891
7,decoder,talked up,191299,1,0.9941,5.1203
7,decoder,spruced up,194066,1,0.9976,6.0341
7,decoder,spruced up,194066,1,0.9999,9.6491
7,decoder,spruced up,194066,1,1.0,10.1145
7,decoder,spruced up,194066,1,0.9995,7.5251
7,decoder,spruced up,194066,1,1.0,12.2871
7,decoder,spruced up,194066,1,1.0,10.6085
7,decoder,steaming up,34072,1,1.0,13.5591
7,decoder,steaming up,34072,1,0.9471,2.8849
7,decoder,steaming up,34072,1,1.0,12.649
7,decoder,steaming up,34072,1,1.0,13.2083
7,decoder,steaming up,34072,1,0.9998,8.5201
7,decoder,steaming up,34072,1,1.0,10.8554
7,decoder,lick up,25595,1,0.9999,9.6303
7,decoder,lick up,25595,1,0.9994,7.3547
7,decoder,lick up,25595,1,1.0,11.4753
7,decoder,lick up,25595,1,1.0,11.7263
7,decoder,lick up,25595,1,0.9995,7.5597
7,decoder,lick up,25595,1,1.0,12.7209
7,decoder,freezing up,144575,1,1.0,13.2037
7,decoder,freezing up,144575,1,1.0,9.9235
7,decoder,freezing up,144575,1,0.9999,8.8605
7,decoder,freezing up,144575,1,0.9999,9.3209
7,decoder,freezing up,144575,1,0.9932,4.9801
7,decoder,freezing up,144575,1,0.9961,5.5462
7,decoder,partnering up,170888,1,1.0,16.1563
7,decoder,partnering up,170888,1,0.9972,5.8616
7,decoder,partnering up,170888,1,0.9999,9.2507
7,decoder,partnering up,170888,1,1.0,17.0059
7,decoder,partnering up,170888,1,1.0,12.0016
7,decoder,partnering up,170888,1,1.0,13.5801
7,decoder,strolling up,31355,1,1.0,11.342
7,decoder,strolling up,31355,1,1.0,10.5655
7,decoder,strolling up,31355,1,0.9998,8.7645
7,decoder,strolling up,31355,1,0.9999,8.8685
7,decoder,strolling up,31355,1,1.0,11.3533
7,decoder,strolling up,31355,1,0.9998,8.4591
7,decoder,bone up,83514,1,1.0,13.0324
7,decoder,bone up,83514,1,1.0,11.409
7,decoder,bone up,83514,1,0.9999,9.2493
7,decoder,bone up,83514,1,0.9998,8.6847
7,decoder,bone up,83514,1,0.9991,7.0098
7,decoder,bone up,83514,1,0.9999,9.312
7,decoder,clattered up,0,1,0.9999,9.176
7,decoder,clattered up,0,1,1.0,11.8102
7,decoder,clattered up,0,1,1.0,10.802
7,decoder,clattered up,0,1,1.0,13.2337
7,decoder,clattered up,0,1,1.0,12.7729
7,decoder,clattered up,0,1,1.0,12.6243
7,decoder,provide up,822726,1,1.0,10.8414
7,decoder,provide up,822726,1,1.0,10.5059
7,decoder,provide up,822726,1,1.0,11.4741
7,decoder,provide up,822726,1,1.0,16.1327
7,decoder,provide up,822726,1,1.0,12.1824
7,decoder,provide up,822726,1,0.9999,9.2757
7,decoder,doped up,57192,1,0.9999,9.2997
7,decoder,doped up,57192,1,0.9997,8.2663
7,decoder,doped up,57192,1,1.0,14.1785
7,decoder,doped up,57192,1,1.0,11.9104
7,decoder,doped up,57192,1,1.0,16.2176
7,decoder,doped up,57192,1,0.9901,4.6083
7,decoder,puff up,196029,1,0.9997,7.9864
7,decoder,puff up,196029,1,0.9999,9.4893
7,decoder,puff up,196029,1,0.9957,5.4439
7,decoder,puff up,196029,1,0.5306,0.1226
7,decoder,puff up,196029,1,0.9972,5.888
7,decoder,puff up,196029,1,0.8431,1.6817
7,decoder,pumps up,72822,1,1.0,11.1663
7,decoder,pumps up,72822,1,0.9752,3.6722
7,decoder,pumps up,72822,1,1.0,12.9676
7,decoder,pumps up,72822,1,1.0,10.7015
7,decoder,pumps up,72822,1,1.0,11.48
7,decoder,pumps up,72822,1,0.9992,7.1172
7,decoder,based up,89467,1,1.0,14.2063
7,decoder,based up,89467,1,1.0,12.0875
7,decoder,based up,89467,1,1.0,10.1559
7,decoder,based up,89467,1,1.0,13.5295
7,decoder,based up,89467,1,0.9773,3.7643
7,decoder,based up,89467,1,1.0,12.524
7,decoder,painted up,107292,1,1.0,10.6879
7,decoder,painted up,107292,1,1.0,10.481
7,decoder,painted up,107292,1,0.9988,6.7203
7,decoder,painted up,107292,1,0.9998,8.4394
7,decoder,painted up,107292,1,1.0,14.0312
7,decoder,painted up,107292,1,0.9999,9.0303
7,decoder,stretching up,63201,1,1.0,10.1909
7,decoder,stretching up,63201,1,1.0,11.7891
7,decoder,stretching up,63201,1,1.0,10.893
7,decoder,stretching up,63201,1,1.0,12.4514
7,decoder,stretching up,63201,1,0.9998,8.7294
7,decoder,stretching up,63201,1,1.0,9.9858
7,decoder,pricking up,6890,1,1.0,11.5933
7,decoder,pricking up,6890,1,1.0,11.92
7,decoder,pricking up,6890,1,1.0,14.5073
7,decoder,pricking up,6890,1,0.9967,5.7105
7,decoder,pricking up,6890,1,0.9999,9.1416
7,decoder,pricking up,6890,1,0.9999,9.3872
7,decoder,answer up,39171,1,1.0,17.0053
7,decoder,answer up,39171,1,1.0,12.164
7,decoder,answer up,39171,1,1.0,18.8916
7,decoder,answer up,39171,1,1.0,10.2365
7,decoder,answer up,39171,1,0.9959,5.5046
7,decoder,answer up,39171,1,1.0,14.3518
7,decoder,burns up,119044,1,0.9999,9.1802
7,decoder,burns up,119044,1,0.9999,9.5943
7,decoder,burns up,119044,1,1.0,11.2201
7,decoder,burns up,119044,1,1.0,10.0271
7,decoder,burns up,119044,1,0.9973,5.8981
7,decoder,burns up,119044,1,0.9784,3.8152
7,decoder,drummed up,84590,1,0.9993,7.2412
7,decoder,drummed up,84590,1,0.9995,7.6247
7,decoder,drummed up,84590,1,1.0,12.0852
7,decoder,drummed up,84590,1,1.0,10.0893
7,decoder,drummed up,84590,1,0.9995,7.5993
7,decoder,drummed up,84590,1,1.0,16.4221
7,decoder,flickered up,6748,1,0.9997,8.0789
7,decoder,flickered up,6748,1,0.9942,5.1505
7,decoder,flickered up,6748,1,0.961,3.2038
7,decoder,flickered up,6748,1,1.0,12.0426
7,decoder,flickered up,6748,1,0.9994,7.4844
7,decoder,flickered up,6748,1,1.0,12.0814
7,decoder,hopping up,60410,1,1.0,15.1493
7,decoder,hopping up,60410,1,0.9968,5.7287
7,decoder,hopping up,60410,1,1.0,17.0331
7,decoder,hopping up,60410,1,1.0,11.5738
7,decoder,hopping up,60410,1,1.0,14.0165
7,decoder,hopping up,60410,1,0.9998,8.6677
7,decoder,bolster up,24727,1,1.0,12.1888
7,decoder,bolster up,24727,1,0.9999,9.7956
7,decoder,bolster up,24727,1,1.0,14.0253
7,decoder,bolster up,24727,1,0.9999,9.5961
7,decoder,bolster up,24727,1,1.0,11.6076
7,decoder,bolster up,24727,1,1.0,13.2656
7,decoder,ginning up,26045,1,1.0,15.412
7,decoder,ginning up,26045,1,1.0,14.7445
7,decoder,ginning up,26045,1,1.0,13.0646
7,decoder,ginning up,26045,1,1.0,11.0437
7,decoder,ginning up,26045,1,1.0,14.4783
7,decoder,ginning up,26045,1,1.0,14.4157
7,decoder,spent up,129519,1,1.0,10.7759
7,decoder,spent up,129519,1,1.0,13.4197
7,decoder,spent up,129519,1,0.9984,6.4669
7,decoder,spent up,129519,1,0.9993,7.27
7,decoder,spent up,129519,1,1.0,10.5792
7,decoder,spent up,129519,1,0.9996,7.9388
7,decoder,soared up,46821,1,1.0,10.7998
7,decoder,soared up,46821,1,1.0,15.6126
7,decoder,soared up,46821,1,1.0,12.2264
7,decoder,soared up,46821,1,1.0,17.0118
7,decoder,soared up,46821,1,0.9999,9.1894
7,decoder,soared up,46821,1,1.0,10.1391
7,decoder,churned up,79630,1,1.0,11.4223
7,decoder,churned up,79630,1,1.0,13.0277
7,decoder,churned up,79630,1,0.9996,7.7651
7,decoder,churned up,79630,1,0.9978,6.136
7,decoder,churned up,79630,1,1.0,10.0732
7,decoder,churned up,79630,1,0.9992,7.0849
7,decoder,paddling up,22694,1,1.0,12.499
7,decoder,paddling up,22694,1,1.0,12.5632
7,decoder,paddling up,22694,1,1.0,13.4452
7,decoder,paddling up,22694,1,1.0,10.498
7,decoder,paddling up,22694,1,1.0,13.1707
7,decoder,paddling up,22694,1,1.0,13.0821
7,decoder,healed up,149328,1,1.0,12.5661
7,decoder,healed up,149328,1,0.9999,8.8084
7,decoder,healed up,149328,1,0.9032,2.2335
7,decoder,healed up,149328,1,1.0,10.0134
7,decoder,healed up,149328,1,0.9994,7.4814
7,decoder,healed up,149328,0,0.4609,-0.1566
7,decoder,wander up,74655,1,1.0,12.7413
7,decoder,wander up,74655,1,1.0,12.0383
7,decoder,wander up,74655,1,1.0,10.1535
7,decoder,wander up,74655,1,0.9999,8.972
7,decoder,wander up,74655,1,1.0,12.6955
7,decoder,wander up,74655,1,0.9999,9.4416
7,decoder,licked up,31210,1,1.0,12.1813
7,decoder,licked up,31210,1,0.9898,4.5742
7,decoder,licked up,31210,1,0.9975,5.9815
7,decoder,licked up,31210,1,1.0,10.5938
7,decoder,licked up,31210,1,1.0,11.1524
7,decoder,licked up,31210,1,0.9997,8.2464
7,decoder,joins up,94688,1,1.0,9.9137
7,decoder,joins up,94688,1,0.9957,5.4539
7,decoder,joins up,94688,1,0.9999,9.6054
7,decoder,joins up,94688,1,1.0,11.7524
7,decoder,joins up,94688,1,1.0,11.492
7,decoder,joins up,94688,1,0.9999,8.822
7,decoder,framing up,17092,1,1.0,12.4726
7,decoder,framing up,17092,1,0.9995,7.6306
7,decoder,framing up,17092,1,1.0,16.0127
7,decoder,framing up,17092,1,1.0,13.1038
7,decoder,framing up,17092,1,1.0,12.9834
7,decoder,framing up,17092,1,1.0,15.922
7,decoder,discovered up,27197,1,1.0,12.6615
7,decoder,discovered up,27197,1,1.0,11.2487
7,decoder,discovered up,27197,1,1.0,13.4284
7,decoder,discovered up,27197,1,1.0,12.5281
7,decoder,discovered up,27197,1,1.0,12.1886
7,decoder,discovered up,27197,1,1.0,10.0629
7,decoder,swarm up,8569,1,0.9997,8.2427
7,decoder,swarm up,8569,1,0.9962,5.5692
7,decoder,swarm up,8569,1,0.9998,8.7574
7,decoder,swarm up,8569,1,1.0,12.4043
7,decoder,swarm up,8569,1,0.9995,7.6408
7,decoder,swarm up,8569,1,0.9999,9.2015
7,decoder,folds up,289231,1,0.9998,8.7512
7,decoder,folds up,289231,1,0.9949,5.2782
7,decoder,folds up,289231,1,0.9875,4.3655
7,decoder,folds up,289231,1,0.6609,0.6673
7,decoder,folds up,289231,1,0.9968,5.7321
7,decoder,folds up,289231,1,0.9284,2.5626
7,decoder,strikes up,132747,1,0.9999,9.1108
7,decoder,strikes up,132747,1,0.9999,9.6463
7,decoder,strikes up,132747,1,0.9995,7.561
7,decoder,strikes up,132747,1,0.9903,4.6289
7,decoder,strikes up,132747,1,1.0,10.4518
7,decoder,strikes up,132747,1,0.9994,7.4862
7,decoder,dolled up,186036,1,0.9993,7.337
7,decoder,dolled up,186036,1,1.0,11.6871
7,decoder,dolled up,186036,1,0.9998,8.5266
7,decoder,dolled up,186036,1,0.9997,8.0268
7,decoder,dolled up,186036,1,0.9999,9.779
7,decoder,dolled up,186036,1,1.0,12.2287
7,decoder,brisked up,0,1,0.9995,7.6809
7,decoder,brisked up,0,1,1.0,10.4828
7,decoder,brisked up,0,1,1.0,11.948
7,decoder,brisked up,0,1,0.9878,4.3924
7,decoder,brisked up,0,1,0.9998,8.4204
7,decoder,brisked up,0,1,1.0,13.8632
7,decoder,lose up,246822,1,0.9994,7.4277
7,decoder,lose up,246822,1,0.9996,7.8663
7,decoder,lose up,246822,1,0.9999,9.3859
7,decoder,lose up,246822,1,1.0,12.3139
7,decoder,lose up,246822,1,1.0,11.9174
7,decoder,lose up,246822,1,0.9999,9.8255
7,decoder,ruffled up,9349,1,0.9999,9.5777
7,decoder,ruffled up,9349,1,1.0,10.2332
7,decoder,ruffled up,9349,1,0.9559,3.0769
7,decoder,ruffled up,9349,1,0.9892,4.5182
7,decoder,ruffled up,9349,1,0.9998,8.7785
7,decoder,ruffled up,9349,1,0.9997,8.0206
7,decoder,want up,107492,1,1.0,12.4645
7,decoder,want up,107492,1,1.0,16.1119
7,decoder,want up,107492,1,1.0,17.0854
7,decoder,want up,107492,1,1.0,12.2935
7,decoder,want up,107492,1,1.0,13.2049
7,decoder,want up,107492,1,1.0,11.8001
7,decoder,flows up,77615,1,0.9993,7.2114
7,decoder,flows up,77615,1,0.9997,7.9835
7,decoder,flows up,77615,1,1.0,10.6909
7,decoder,flows up,77615,1,0.9986,6.5663
7,decoder,flows up,77615,1,1.0,10.2912
7,decoder,flows up,77615,1,1.0,10.574
7,decoder,liven up,571228,1,1.0,14.5379
7,decoder,liven up,571228,1,1.0,19.3193
7,decoder,liven up,571228,1,1.0,14.5229
7,decoder,liven up,571228,1,1.0,13.4851
7,decoder,liven up,571228,1,1.0,12.0838
7,decoder,liven up,571228,1,1.0,13.3388
7,decoder,sank up,5710,1,0.9999,9.5719
7,decoder,sank up,5710,1,0.9963,5.5848
7,decoder,sank up,5710,1,1.0,14.1781
7,decoder,sank up,5710,1,0.9999,9.2246
7,decoder,sank up,5710,1,1.0,12.3916
7,decoder,sank up,5710,1,0.9999,9.1792
7,decoder,glided up,13413,1,1.0,13.4288
7,decoder,glided up,13413,1,1.0,13.6792
7,decoder,glided up,13413,1,0.9998,8.6934
7,decoder,glided up,13413,1,1.0,11.6731
7,decoder,glided up,13413,1,1.0,11.1359
7,decoder,glided up,13413,1,0.9984,6.4481
7,decoder,rouse up,9344,1,1.0,11.9053
7,decoder,rouse up,9344,1,1.0,11.6848
7,decoder,rouse up,9344,1,1.0,12.2898
7,decoder,rouse up,9344,1,1.0,17.0689
7,decoder,rouse up,9344,1,1.0,14.7648
7,decoder,rouse up,9344,1,1.0,14.6478
7,decoder,sliding up,92492,1,1.0,11.2748
7,decoder,sliding up,92492,1,0.9997,8.2846
7,decoder,sliding up,92492,1,0.9999,9.1125
7,decoder,sliding up,92492,1,1.0,10.6005
7,decoder,sliding up,92492,1,0.9999,8.9322
7,decoder,sliding up,92492,1,1.0,11.9719
7,decoder,connects up,34037,1,1.0,12.8166
7,decoder,connects up,34037,1,0.9991,7.0254
7,decoder,connects up,34037,1,1.0,14.3591
7,decoder,connects up,34037,1,1.0,13.4275
7,decoder,connects up,34037,1,1.0,16.1252
7,decoder,connects up,34037,1,1.0,14.25
7,decoder,snapping up,235924,1,1.0,13.6094
7,decoder,snapping up,235924,1,0.9979,6.1755
7,decoder,snapping up,235924,1,0.9996,7.9181
7,decoder,snapping up,235924,1,1.0,13.0603
7,decoder,snapping up,235924,1,1.0,10.6973
7,decoder,snapping up,235924,1,0.9999,9.7352
7,decoder,shoved up,61019,1,0.9999,9.3499
7,decoder,shoved up,61019,1,1.0,12.3694
7,decoder,shoved up,61019,1,1.0,11.8819
7,decoder,shoved up,61019,1,1.0,12.0472
7,decoder,shoved up,61019,1,1.0,14.514
7,decoder,shoved up,61019,1,1.0,11.5763
7,decoder,total up,263731,1,1.0,11.7675
7,decoder,total up,263731,1,1.0,12.8258
7,decoder,total up,263731,1,1.0,13.3195
7,decoder,total up,263731,1,0.9968,5.7421
7,decoder,total up,263731,1,1.0,11.618
7,decoder,total up,263731,1,1.0,12.3946
7,decoder,floats up,50448,1,1.0,10.3689
7,decoder,floats up,50448,1,0.9997,8.1437
7,decoder,floats up,50448,1,0.9998,8.7281
7,decoder,floats up,50448,1,0.9999,9.3719
7,decoder,floats up,50448,1,0.9995,7.6187
7,decoder,floats up,50448,1,0.9984,6.4068
7,decoder,crumpling up,9799,1,1.0,13.8511
7,decoder,crumpling up,9799,1,0.995,5.295
7,decoder,crumpling up,9799,1,1.0,10.5438
7,decoder,crumpling up,9799,1,1.0,14.3166
7,decoder,crumpling up,9799,1,1.0,10.3908
7,decoder,crumpling up,9799,1,0.9999,9.1816
7,decoder,riz up,0,1,1.0,10.2256
7,decoder,riz up,0,1,1.0,11.3082
7,decoder,riz up,0,1,1.0,11.0217
7,decoder,riz up,0,1,1.0,19.2561
7,decoder,riz up,0,1,1.0,16.8448
7,decoder,riz up,0,1,0.999,6.9157
7,decoder,cashed up,32211,1,0.9996,7.71
7,decoder,cashed up,32211,1,1.0,13.6262
7,decoder,cashed up,32211,1,0.9999,8.8232
7,decoder,cashed up,32211,1,0.9785,3.816
7,decoder,cashed up,32211,1,1.0,16.5137
7,decoder,cashed up,32211,1,0.9783,3.8079
7,decoder,rubbed up,33783,1,0.9994,7.4609
7,decoder,rubbed up,33783,1,0.9989,6.8551
7,decoder,rubbed up,33783,1,0.9998,8.7179
7,decoder,rubbed up,33783,1,1.0,10.9984
7,decoder,rubbed up,33783,1,1.0,13.0788
7,decoder,rubbed up,33783,1,0.9997,8.2573
7,decoder,receive up,731767,1,1.0,20.1022
7,decoder,receive up,731767,1,0.9999,9.4994
7,decoder,receive up,731767,1,0.9997,8.0514
7,decoder,receive up,731767,1,1.0,11.7773
7,decoder,receive up,731767,1,1.0,10.9959
7,decoder,receive up,731767,1,1.0,10.3752
7,decoder,tightens up,75875,1,0.9891,4.5089
7,decoder,tightens up,75875,1,1.0,13.7205
7,decoder,tightens up,75875,1,1.0,10.9881
7,decoder,tightens up,75875,1,0.9999,9.024
7,decoder,tightens up,75875,1,1.0,12.2092
7,decoder,tightens up,75875,1,0.9941,5.1331
7,decoder,smashing up,55750,1,1.0,11.0918
7,decoder,smashing up,55750,1,1.0,11.7456
7,decoder,smashing up,55750,1,1.0,17.0743
7,decoder,smashing up,55750,1,1.0,10.7312
7,decoder,smashing up,55750,1,1.0,12.8464
7,decoder,smashing up,55750,1,1.0,13.3569
7,decoder,syncs up,51710,1,0.9999,9.5969
7,decoder,syncs up,51710,1,1.0,10.5583
7,decoder,syncs up,51710,1,1.0,11.7832
7,decoder,syncs up,51710,1,0.9999,8.9577
7,decoder,syncs up,51710,1,1.0,14.066
7,decoder,syncs up,51710,1,1.0,17.0266
7,decoder,pin up,155103,1,1.0,12.0881
7,decoder,pin up,155103,1,0.9995,7.6549
7,decoder,pin up,155103,1,0.9999,9.8054
7,decoder,pin up,155103,1,0.9999,9.4822
7,decoder,pin up,155103,1,0.9999,9.5346
7,decoder,pin up,155103,1,0.9999,9.5259
7,decoder,draft up,61340,1,0.9999,9.8295
7,decoder,draft up,61340,1,1.0,11.8196
7,decoder,draft up,61340,1,1.0,13.6587
7,decoder,draft up,61340,1,1.0,11.8704
7,decoder,draft up,61340,1,0.9999,9.4156
7,decoder,draft up,61340,1,0.9999,8.9683
7,decoder,chaining up,9384,1,1.0,11.8501
7,decoder,chaining up,9384,1,1.0,13.868
7,decoder,chaining up,9384,1,1.0,11.9467
7,decoder,chaining up,9384,1,1.0,14.1664
7,decoder,chaining up,9384,1,1.0,13.305
7,decoder,chaining up,9384,1,1.0,11.4732
7,decoder,shrivel up,93845,1,0.9999,9.0952
7,decoder,shrivel up,93845,1,0.9998,8.5392
7,decoder,shrivel up,93845,1,0.9972,5.8845
7,decoder,shrivel up,93845,1,0.9958,5.4726
7,decoder,shrivel up,93845,1,1.0,13.4947
7,decoder,shrivel up,93845,1,0.9999,9.4115
7,decoder,arise up,10868,1,1.0,11.2967
7,decoder,arise up,10868,1,1.0,14.4237
7,decoder,arise up,10868,1,0.9999,9.0858
7,decoder,arise up,10868,1,0.9999,9.1425
7,decoder,arise up,10868,1,0.9999,9.705
7,decoder,arise up,10868,1,0.9999,8.959
7,decoder,parched up,0,1,1.0,10.3064
7,decoder,parched up,0,1,0.9999,9.6909
7,decoder,parched up,0,1,0.9999,9.7117
7,decoder,parched up,0,1,1.0,10.1384
7,decoder,parched up,0,1,0.9999,9.3665
7,decoder,parched up,0,1,0.9915,4.7589
7,decoder,bustling up,0,1,0.9999,8.9962
7,decoder,bustling up,0,1,0.9994,7.3628
7,decoder,bustling up,0,1,0.9998,8.7684
7,decoder,bustling up,0,1,0.9995,7.5843
7,decoder,bustling up,0,1,1.0,12.3955
7,decoder,bustling up,0,1,1.0,11.5433
7,decoder,tumble up,0,1,0.9999,9.8071
7,decoder,tumble up,0,1,1.0,11.3117
7,decoder,tumble up,0,1,0.9991,6.9969
7,decoder,tumble up,0,1,0.97,3.4766
7,decoder,tumble up,0,1,1.0,10.809
7,decoder,tumble up,0,1,0.9977,6.0858
7,decoder,root up,26303,1,0.9978,6.1024
7,decoder,root up,26303,1,1.0,10.75
7,decoder,root up,26303,1,0.9996,7.8291
7,decoder,root up,26303,1,0.9999,9.8666
7,decoder,root up,26303,1,1.0,11.4139
7,decoder,root up,26303,1,1.0,10.6304
7,decoder,smoke up,97827,1,1.0,9.9483
7,decoder,smoke up,97827,1,0.9979,6.1645
7,decoder,smoke up,97827,1,1.0,11.4156
7,decoder,smoke up,97827,1,1.0,13.9253
7,decoder,smoke up,97827,1,1.0,17.1427
7,decoder,smoke up,97827,1,1.0,12.786
7,decoder,notice up,25229,1,1.0,12.8796
7,decoder,notice up,25229,1,0.9999,9.7055
7,decoder,notice up,25229,1,1.0,12.6502
7,decoder,notice up,25229,1,1.0,14.0229
7,decoder,notice up,25229,1,0.9999,9.567
7,decoder,notice up,25229,1,1.0,14.1675
7,decoder,swing up,80990,1,0.9998,8.678
7,decoder,swing up,80990,1,1.0,10.2599
7,decoder,swing up,80990,1,1.0,10.5728
7,decoder,swing up,80990,1,1.0,11.5208
7,decoder,swing up,80990,1,0.9999,9.6742
7,decoder,swing up,80990,1,0.9829,4.0494
7,decoder,measuring up,212881,1,1.0,9.9967
7,decoder,measuring up,212881,1,1.0,16.5688
7,decoder,measuring up,212881,1,1.0,14.263
7,decoder,measuring up,212881,1,1.0,12.8678
7,decoder,measuring up,212881,1,0.9999,9.5486
7,decoder,measuring up,212881,1,0.9997,8.1349
7,decoder,trot up,15735,1,0.9999,9.5597
7,decoder,trot up,15735,1,1.0,12.6259
7,decoder,trot up,15735,1,1.0,15.2294
7,decoder,trot up,15735,1,1.0,14.5865
7,decoder,trot up,15735,1,1.0,12.9223
7,decoder,trot up,15735,1,1.0,10.3526
7,decoder,teeing up,59600,1,1.0,11.2343
7,decoder,teeing up,59600,1,0.9993,7.2075
7,decoder,teeing up,59600,1,1.0,14.4748
7,decoder,teeing up,59600,1,0.9999,9.6561
7,decoder,teeing up,59600,1,0.9996,7.7735
7,decoder,teeing up,59600,1,0.9997,8.0159
7,decoder,stormed up,27699,1,1.0,10.8646
7,decoder,stormed up,27699,1,0.9998,8.3236
7,decoder,stormed up,27699,1,1.0,11.5368
7,decoder,stormed up,27699,1,1.0,15.9554
7,decoder,stormed up,27699,1,1.0,11.7659
7,decoder,stormed up,27699,1,1.0,13.727
7,decoder,loosening up,199284,1,1.0,13.1833
7,decoder,loosening up,199284,1,1.0,12.7213
7,decoder,loosening up,199284,1,1.0,15.9732
7,decoder,loosening up,199284,1,0.9999,9.7407
7,decoder,loosening up,199284,1,0.9994,7.3715
7,decoder,loosening up,199284,1,1.0,13.64
7,decoder,bunch up,134766,1,1.0,10.3739
7,decoder,bunch up,134766,1,0.9986,6.5467
7,decoder,bunch up,134766,1,1.0,13.3324
7,decoder,bunch up,134766,1,0.9999,9.8613
7,decoder,bunch up,134766,1,0.9522,2.9922
7,decoder,bunch up,134766,1,0.6537,0.6354
7,decoder,rear up,64790,1,1.0,18.9377
7,decoder,rear up,64790,1,1.0,10.3988
7,decoder,rear up,64790,1,0.9999,9.6351
7,decoder,rear up,64790,1,1.0,15.3678
7,decoder,rear up,64790,1,1.0,11.1514
7,decoder,rear up,64790,1,0.9999,9.6903
7,decoder,tucking up,4931,1,1.0,11.0676
7,decoder,tucking up,4931,1,0.9999,9.0186
7,decoder,tucking up,4931,1,0.9999,9.8721
7,decoder,tucking up,4931,1,1.0,11.422
7,decoder,tucking up,4931,1,0.9998,8.4248
7,decoder,tucking up,4931,1,1.0,10.7066
7,decoder,ridden up,29492,1,1.0,13.23
7,decoder,ridden up,29492,1,1.0,11.0633
7,decoder,ridden up,29492,1,1.0,12.8953
7,decoder,ridden up,29492,1,1.0,13.7236
7,decoder,ridden up,29492,1,1.0,13.995
7,decoder,ridden up,29492,1,1.0,10.4786
7,decoder,shuffled up,21686,1,1.0,14.8956
7,decoder,shuffled up,21686,1,0.9889,4.4873
7,decoder,shuffled up,21686,1,1.0,12.7189
7,decoder,shuffled up,21686,1,1.0,10.1251
7,decoder,shuffled up,21686,1,0.9513,2.9718
7,decoder,shuffled up,21686,1,1.0,11.1249
7,decoder,glared up,25089,1,1.0,11.939
7,decoder,glared up,25089,1,1.0,11.5362
7,decoder,glared up,25089,1,1.0,10.7293
7,decoder,glared up,25089,1,0.9997,8.2401
7,decoder,glared up,25089,1,0.9992,7.1294
7,decoder,glared up,25089,1,0.9916,4.7702
7,decoder,watch up,67101,1,1.0,17.0146
7,decoder,watch up,67101,1,1.0,11.3022
7,decoder,watch up,67101,1,1.0,21.6236
7,decoder,watch up,67101,1,1.0,13.7419
7,decoder,watch up,67101,1,1.0,16.4241
7,decoder,watch up,67101,1,1.0,13.7196
7,decoder,beads up,26597,1,0.9962,5.5707
7,decoder,beads up,26597,1,1.0,14.6277
7,decoder,beads up,26597,1,0.9999,9.852
7,decoder,beads up,26597,1,1.0,13.4415
7,decoder,beads up,26597,1,0.9998,8.5905
7,decoder,beads up,26597,1,0.9999,9.6088
7,decoder,include up,365007,1,1.0,14.8469
7,decoder,include up,365007,1,1.0,13.4831
7,decoder,include up,365007,1,1.0,12.9477
7,decoder,include up,365007,1,1.0,10.525
7,decoder,include up,365007,1,0.9999,9.7116
7,decoder,ties up,196573,1,0.9998,8.3222
7,decoder,ties up,196573,1,0.9998,8.4505
7,decoder,ties up,196573,1,0.9999,9.2669
7,decoder,ties up,196573,1,0.9998,8.3791
7,decoder,ties up,196573,1,0.9997,8.099
7,decoder,faced up,151396,1,1.0,12.7989
7,decoder,faced up,151396,1,0.9999,8.9063
7,decoder,faced up,151396,1,1.0,12.9616
7,decoder,faced up,151396,1,0.9994,7.4077
7,decoder,faced up,151396,1,0.9965,5.6595
7,decoder,bulked up,149864,1,0.9999,9.1146
7,decoder,bulked up,149864,1,0.9936,5.0394
7,decoder,bulked up,149864,1,0.9998,8.4307
7,decoder,bulked up,149864,1,0.9989,6.8342
7,decoder,bulked up,149864,1,0.8053,1.4199
7,decoder,twisting up,20736,1,1.0,10.6954
7,decoder,twisting up,20736,1,1.0,13.7945
7,decoder,twisting up,20736,1,1.0,13.1737
7,decoder,twisting up,20736,1,1.0,10.6666
7,decoder,twisting up,20736,1,1.0,12.4243
7,decoder,flag up,148926,1,1.0,11.5531
7,decoder,flag up,148926,1,1.0,10.5035
7,decoder,flag up,148926,1,0.9999,9.0506
7,decoder,flag up,148926,1,1.0,10.3416
7,decoder,flag up,148926,1,1.0,10.659
7,decoder,stamping up,3969,1,1.0,12.2058
7,decoder,stamping up,3969,1,1.0,12.9028
7,decoder,stamping up,3969,1,1.0,10.0028
7,decoder,stamping up,3969,1,1.0,12.4439
7,decoder,stamping up,3969,1,1.0,10.1652
7,decoder,bustled up,0,1,0.9994,7.3395
7,decoder,bustled up,0,1,0.9994,7.3518
7,decoder,bustled up,0,1,0.9995,7.6846
7,decoder,bustled up,0,1,1.0,10.4318
7,decoder,bustled up,0,1,1.0,14.1468
7,decoder,comin up,0,1,1.0,11.8085
7,decoder,comin up,0,1,1.0,12.4749
7,decoder,comin up,0,1,0.9999,9.8444
7,decoder,comin up,0,1,1.0,14.8797
7,decoder,comin up,0,1,0.9998,8.6616
7,decoder,braced up,11679,1,1.0,10.6952
7,decoder,braced up,11679,1,1.0,12.6913
7,decoder,braced up,11679,1,0.9999,9.5026
7,decoder,braced up,11679,1,0.9995,7.6773
7,decoder,braced up,11679,1,1.0,11.3204
7,decoder,silted up,34711,1,0.9997,8.1534
7,decoder,silted up,34711,1,0.9996,7.9389
7,decoder,silted up,34711,1,0.9967,5.6993
7,decoder,silted up,34711,1,0.995,5.2966
7,decoder,silted up,34711,1,1.0,13.7824
7,decoder,does up,0,1,1.0,15.3521
7,decoder,does up,0,1,0.9994,7.4592
7,decoder,does up,0,1,0.9999,9.0007
7,decoder,does up,0,1,1.0,11.3901
7,decoder,does up,0,1,1.0,10.0814
7,decoder,name up,177596,1,1.0,11.9463
7,decoder,name up,177596,1,1.0,20.4083
7,decoder,name up,177596,1,1.0,14.2734
7,decoder,name up,177596,1,0.9998,8.3421
7,decoder,name up,177596,1,1.0,13.8153
7,decoder,shouted up,18779,1,1.0,12.4604
7,decoder,shouted up,18779,1,0.9995,7.5933
7,decoder,shouted up,18779,1,1.0,11.518
7,decoder,shouted up,18779,1,1.0,15.0393
7,decoder,shouted up,18779,1,0.9999,9.1205
7,decoder,shriveled up,52943,1,1.0,13.1007
7,decoder,shriveled up,52943,1,0.9998,8.749
7,decoder,shriveled up,52943,1,1.0,14.6313
7,decoder,shriveled up,52943,1,0.9996,7.857
7,decoder,shriveled up,52943,1,1.0,10.0387
7,decoder,shrugged up,0,1,1.0,13.9236
7,decoder,shrugged up,0,1,1.0,13.0257
7,decoder,shrugged up,0,1,1.0,11.8003
7,decoder,shrugged up,0,1,0.9999,9.6264
7,decoder,shrugged up,0,1,0.9998,8.499
7,decoder,typing up,152880,1,1.0,15.491
7,decoder,typing up,152880,1,1.0,14.2082
7,decoder,typing up,152880,1,1.0,14.6808
7,decoder,typing up,152880,1,1.0,13.7128
7,decoder,typing up,152880,1,1.0,12.8046
7,decoder,staffed up,16874,1,0.9999,9.5821
7,decoder,staffed up,16874,1,0.8755,1.9504
7,decoder,staffed up,16874,1,0.9992,7.1566
7,decoder,staffed up,16874,1,1.0,15.1521
7,decoder,staffed up,16874,1,0.9999,9.5534
7,decoder,effed up,67307,1,1.0,14.5181
7,decoder,effed up,67307,1,0.9993,7.2957
7,decoder,effed up,67307,1,0.9999,8.8237
7,decoder,effed up,67307,1,1.0,16.0217
7,decoder,effed up,67307,1,0.9998,8.6232
7,decoder,trudging up,27530,1,1.0,11.4245
7,decoder,trudging up,27530,1,0.9999,9.773
7,decoder,trudging up,27530,1,1.0,11.8255
7,decoder,trudging up,27530,1,1.0,16.3864
7,decoder,trudging up,27530,1,1.0,11.535
7,decoder,stampin up,9548,1,1.0,12.0448
7,decoder,stampin up,9548,1,1.0,16.0402
7,decoder,stampin up,9548,1,1.0,14.8541
7,decoder,stampin up,9548,1,1.0,14.8441
7,decoder,stampin up,9548,1,1.0,14.8344
7,decoder,fluff up,80723,1,0.9999,9.8917
7,decoder,fluff up,80723,1,1.0,10.0812
7,decoder,fluff up,80723,1,0.9998,8.5401
7,decoder,fluff up,80723,1,1.0,15.7672
7,decoder,fluff up,80723,1,0.9537,3.0246
7,decoder,vote up,124564,1,1.0,11.7875
7,decoder,vote up,124564,1,1.0,14.1254
7,decoder,vote up,124564,1,1.0,13.599
7,decoder,vote up,124564,1,0.9987,6.6691
7,decoder,vote up,124564,1,1.0,14.8132
7,decoder,handing up,6867,1,0.9999,9.6439
7,decoder,handing up,6867,1,0.9999,9.7601
7,decoder,handing up,6867,1,1.0,10.5951
7,decoder,handing up,6867,1,0.9988,6.7296
7,decoder,handing up,6867,1,1.0,11.0936
7,decoder,snap up,416153,1,1.0,13.0269
7,decoder,snap up,416153,1,0.9997,8.1861
7,decoder,snap up,416153,1,1.0,12.7465
7,decoder,snap up,416153,1,1.0,12.6302
7,decoder,snap up,416153,1,1.0,14.8663
7,decoder,grab up,62885,1,1.0,16.2096
7,decoder,grab up,62885,1,1.0,11.9904
7,decoder,grab up,62885,1,1.0,12.4966
7,decoder,grab up,62885,1,0.9999,8.8647
7,decoder,grab up,62885,1,1.0,11.4738
7,decoder,zoom up,49165,1,1.0,9.9512
7,decoder,zoom up,49165,1,1.0,13.9999
7,decoder,zoom up,49165,1,0.9999,9.1961
7,decoder,zoom up,49165,1,1.0,13.5915
7,decoder,zoom up,49165,1,1.0,9.9588
7,decoder,lays up,21126,1,0.9999,9.8691
7,decoder,lays up,21126,1,0.9999,9.3849
7,decoder,lays up,21126,1,1.0,10.2737
7,decoder,lays up,21126,1,0.9999,9.0208
7,decoder,lays up,21126,1,1.0,11.9806
7,decoder,falling up,27357,1,0.9995,7.6332
7,decoder,falling up,27357,1,0.9966,5.6896
7,decoder,falling up,27357,1,1.0,10.5162
7,decoder,falling up,27357,1,0.9995,7.5531
7,decoder,falling up,27357,1,0.9995,7.6644
7,decoder,print up,170992,1,1.0,12.6684
7,decoder,print up,170992,1,1.0,13.0151
7,decoder,print up,170992,1,0.9988,6.7464
7,decoder,print up,170992,1,1.0,13.1124
7,decoder,print up,170992,1,1.0,13.0496
7,decoder,wakening up,4607,1,0.9996,7.8597
7,decoder,wakening up,4607,1,0.9913,4.7354
7,decoder,wakening up,4607,1,0.9981,6.2898
7,decoder,wakening up,4607,1,0.9929,4.9473
7,decoder,wakening up,4607,1,0.9965,5.6402
7,decoder,chin up,364599,1,1.0,11.6204
7,decoder,chin up,364599,1,0.9997,8.172
7,decoder,chin up,364599,1,0.9998,8.6776
7,decoder,chin up,364599,1,0.9997,7.9669
7,decoder,chin up,364599,1,0.9934,5.0169
7,decoder,sewing up,81381,1,1.0,14.9584
7,decoder,sewing up,81381,1,0.9994,7.4726
7,decoder,sewing up,81381,1,1.0,14.5579
7,decoder,sewing up,81381,1,0.9996,7.9401
7,decoder,sewing up,81381,1,1.0,11.8565
7,decoder,hyping up,118826,1,1.0,11.2508
7,decoder,hyping up,118826,1,1.0,14.2512
7,decoder,hyping up,118826,1,1.0,14.7232
7,decoder,hyping up,118826,1,1.0,12.5729
7,decoder,hyping up,118826,1,1.0,12.1494
7,decoder,buffer up,14561,1,0.9656,3.3353
7,decoder,buffer up,14561,1,1.0,12.2257
7,decoder,buffer up,14561,1,0.9514,2.9742
7,decoder,buffer up,14561,1,0.9998,8.6863
7,decoder,buffer up,14561,1,1.0,15.3929
7,decoder,kiss up,30495,1,1.0,11.3864
7,decoder,kiss up,30495,1,1.0,11.7011
7,decoder,kiss up,30495,1,1.0,14.9612
7,decoder,kiss up,30495,1,0.9998,8.4154
7,decoder,kiss up,30495,1,1.0,12.3938
7,decoder,raging up,0,1,0.9999,9.7824
7,decoder,raging up,0,1,0.9999,9.4061
7,decoder,raging up,0,1,0.9999,9.1525
7,decoder,raging up,0,1,0.9966,5.6773
7,decoder,raging up,0,1,1.0,10.3869
7,decoder,cluttered up,37703,1,1.0,13.9109
7,decoder,cluttered up,37703,1,1.0,13.0484
7,decoder,cluttered up,37703,1,0.9997,8.0226
7,decoder,cluttered up,37703,1,1.0,10.9461
7,decoder,cluttered up,37703,1,1.0,17.2198
7,decoder,swarming up,6735,1,1.0,13.2139
7,decoder,swarming up,6735,1,1.0,14.8008
7,decoder,swarming up,6735,1,1.0,14.9541
7,decoder,swarming up,6735,1,1.0,12.7911
7,decoder,swarming up,6735,1,0.9999,9.8256
7,decoder,phoned up,49228,1,0.9997,8.153
7,decoder,phoned up,49228,1,1.0,15.1987
7,decoder,phoned up,49228,1,0.9953,5.36
7,decoder,phoned up,49228,1,0.9453,2.8492
7,decoder,phoned up,49228,1,1.0,10.8483
7,decoder,slides up,91226,1,0.9998,8.7671
7,decoder,slides up,91226,1,1.0,11.5546
7,decoder,slides up,91226,1,1.0,12.0754
7,decoder,slides up,91226,1,0.9834,4.0801
7,decoder,slides up,91226,1,0.9879,4.402
7,decoder,grabbing up,25164,1,1.0,13.9722
7,decoder,grabbing up,25164,1,1.0,11.5344
7,decoder,grabbing up,25164,1,1.0,14.6884
7,decoder,grabbing up,25164,1,1.0,12.2481
7,decoder,grabbing up,25164,1,1.0,13.5655
7,decoder,spurted up,0,1,0.9831,4.062
7,decoder,spurted up,0,1,0.9991,6.983
7,decoder,spurted up,0,1,0.9963,5.5992
7,decoder,spurted up,0,1,0.9993,7.332
7,decoder,spurted up,0,1,0.9998,8.3361
7,decoder,zipped up,158768,1,1.0,11.1862
7,decoder,zipped up,158768,1,0.9613,3.2125
7,decoder,zipped up,158768,1,1.0,13.1711
7,decoder,zipped up,158768,1,1.0,12.8352
7,decoder,zipped up,158768,1,0.9999,8.9376
7,decoder,felt up,102082,1,1.0,14.558
7,decoder,felt up,102082,1,1.0,15.6904
7,decoder,felt up,102082,1,0.9995,7.6507
7,decoder,felt up,102082,1,0.5132,0.0529
7,decoder,felt up,102082,1,1.0,12.5709
7,decoder,rocketed up,49744,1,1.0,10.1001
7,decoder,rocketed up,49744,1,0.9998,8.38
7,decoder,rocketed up,49744,1,1.0,14.7925
7,decoder,rocketed up,49744,1,1.0,15.4662
7,decoder,rocketed up,49744,1,1.0,10.5463
7,decoder,breed up,12823,1,1.0,11.8977
7,decoder,breed up,12823,1,1.0,11.7773
7,decoder,breed up,12823,1,0.9999,9.4612
7,decoder,breed up,12823,1,1.0,13.671
7,decoder,breed up,12823,1,0.9999,9.7072
7,decoder,fronted up,20438,1,1.0,11.839
7,decoder,fronted up,20438,1,1.0,13.3146
7,decoder,fronted up,20438,1,1.0,13.221
7,decoder,fronted up,20438,1,1.0,12.7326
7,decoder,fronted up,20438,1,0.9999,9.2838
7,decoder,coil up,26784,1,1.0,10.4196
7,decoder,coil up,26784,1,0.9994,7.3749
7,decoder,coil up,26784,1,1.0,11.2012
7,decoder,coil up,26784,1,1.0,12.4622
7,decoder,coil up,26784,1,0.9999,9.7135
7,decoder,curls up,121936,1,0.9998,8.7046
7,decoder,curls up,121936,1,0.9999,9.5322
7,decoder,curls up,121936,1,0.9483,2.9094
7,decoder,curls up,121936,1,1.0,10.1998
7,decoder,curls up,121936,1,0.9869,4.319
7,decoder,having up,148168,1,1.0,15.0463
7,decoder,having up,148168,1,0.9998,8.7353
7,decoder,having up,148168,1,0.9998,8.733
7,decoder,having up,148168,1,1.0,12.3719
7,decoder,having up,148168,1,1.0,11.684
7,decoder,shaped up,113448,1,1.0,14.3431
7,decoder,shaped up,113448,1,0.9996,7.7876
7,decoder,shaped up,113448,1,0.9989,6.7743
7,decoder,shaped up,113448,1,0.9964,5.6116
7,decoder,shaped up,113448,1,0.9945,5.1981
7,decoder,pickin up,0,1,1.0,12.027
7,decoder,pickin up,0,1,0.9906,4.6548
7,decoder,pickin up,0,1,1.0,12.4615
7,decoder,pickin up,0,1,1.0,11.2125
7,decoder,pickin up,0,1,0.9996,7.7693
7,decoder,boning up,21758,1,1.0,12.7698
7,decoder,boning up,21758,1,1.0,11.2981
7,decoder,boning up,21758,1,1.0,13.4499
7,decoder,boning up,21758,1,0.9998,8.3084
7,decoder,boning up,21758,1,1.0,10.3712
7,decoder,streaming up,20384,1,1.0,11.712
7,decoder,streaming up,20384,1,1.0,15.7434
7,decoder,streaming up,20384,1,1.0,15.2089
7,decoder,streaming up,20384,1,1.0,13.0623
7,decoder,streaming up,20384,1,1.0,11.2918
7,decoder,totting up,31379,1,1.0,15.1205
7,decoder,totting up,31379,1,1.0,14.3909
7,decoder,totting up,31379,1,1.0,11.0828
7,decoder,totting up,31379,1,1.0,10.1725
7,decoder,totting up,31379,1,1.0,13.8544
7,decoder,slipping up,73944,1,0.9899,4.5874
7,decoder,slipping up,73944,1,0.9998,8.4141
7,decoder,slipping up,73944,1,0.9998,8.3765
7,decoder,slipping up,73944,1,0.9997,8.0008
7,decoder,slipping up,73944,1,1.0,10.6099
7,decoder,swear up,37513,1,1.0,13.6175
7,decoder,swear up,37513,1,1.0,14.9025
7,decoder,swear up,37513,1,1.0,12.9448
7,decoder,swear up,37513,1,1.0,15.1715
7,decoder,swear up,37513,1,1.0,11.2033
7,decoder,google up,19429,1,1.0,15.7591
7,decoder,google up,19429,1,0.9999,8.9689
7,decoder,google up,19429,1,1.0,13.3934
7,decoder,google up,19429,1,1.0,10.7465
7,decoder,google up,19429,1,1.0,13.353
7,decoder,switching up,223753,1,1.0,9.9589
7,decoder,switching up,223753,1,0.9997,8.2498
7,decoder,switching up,223753,1,1.0,11.4043
7,decoder,switching up,223753,1,1.0,15.2246
7,decoder,switching up,223753,1,1.0,12.0464
7,decoder,extended up,204216,1,1.0,17.7952
7,decoder,extended up,204216,1,0.9999,9.2627
7,decoder,extended up,204216,1,1.0,13.6615
7,decoder,extended up,204216,1,1.0,14.2269
7,decoder,extended up,204216,1,0.9966,5.6945
7,decoder,mentioned up,67238,1,1.0,16.9615
7,decoder,mentioned up,67238,1,1.0,16.5756
7,decoder,mentioned up,67238,1,1.0,16.21
7,decoder,mentioned up,67238,1,1.0,12.6741
7,decoder,mentioned up,67238,1,1.0,17.9568
7,decoder,acts up,116385,1,0.9996,7.9375
7,decoder,acts up,116385,1,0.9999,9.5869
7,decoder,acts up,116385,1,0.9999,9.9029
7,decoder,acts up,116385,1,0.8903,2.094
7,decoder,acts up,116385,1,0.9973,5.915
7,decoder,pipe up,104019,1,1.0,11.3892
7,decoder,pipe up,104019,1,1.0,12.4684
7,decoder,pipe up,104019,1,1.0,14.6015
7,decoder,pipe up,104019,1,0.9977,6.0792
7,decoder,pipe up,104019,1,1.0,12.9526
7,decoder,order up,247612,1,1.0,17.0491
7,decoder,order up,247612,1,1.0,17.0251
7,decoder,order up,247612,1,1.0,14.208
7,decoder,order up,247612,1,1.0,16.3934
7,decoder,order up,247612,1,0.9999,9.2764
7,decoder,shining up,26978,1,0.9971,5.8313
7,decoder,shining up,26978,1,0.9977,6.0528
7,decoder,shining up,26978,1,0.9998,8.6757
7,decoder,shining up,26978,1,1.0,11.3604
7,decoder,shining up,26978,1,0.9999,9.1575
7,decoder,beamed up,33373,1,1.0,9.9204
7,decoder,beamed up,33373,1,0.9999,9.7457
7,decoder,beamed up,33373,1,1.0,18.1589
7,decoder,beamed up,33373,1,0.9999,9.0204
7,decoder,beamed up,33373,1,1.0,13.5743
7,decoder,trade up,409789,1,0.9999,9.3126
7,decoder,trade up,409789,1,1.0,11.9057
7,decoder,trade up,409789,1,0.9978,6.1073
7,decoder,trade up,409789,1,0.9997,8.0685
7,decoder,trade up,409789,1,0.998,6.2196
7,decoder,stalking up,5268,1,1.0,11.0721
7,decoder,stalking up,5268,1,0.9999,9.2388
7,decoder,stalking up,5268,1,1.0,13.7694
7,decoder,stalking up,5268,1,1.0,13.0778
7,decoder,stalking up,5268,1,0.9998,8.7456
7,decoder,delivering up,95491,1,1.0,17.1535
7,decoder,delivering up,95491,1,1.0,16.1457
7,decoder,delivering up,95491,1,1.0,15.7096
7,decoder,delivering up,95491,1,1.0,14.047
7,decoder,delivering up,95491,1,1.0,13.0855
7,decoder,allows up,307085,1,1.0,13.4308
7,decoder,allows up,307085,1,1.0,12.7563
7,decoder,allows up,307085,1,1.0,12.7356
7,decoder,allows up,307085,1,1.0,11.1565
7,decoder,allows up,307085,1,1.0,13.7947
7,decoder,hemmed up,7612,1,0.984,4.1214
7,decoder,hemmed up,7612,1,0.9971,5.8391
7,decoder,hemmed up,7612,1,0.9999,9.0479
7,decoder,hemmed up,7612,1,0.9984,6.4489
7,decoder,hemmed up,7612,1,1.0,11.4342
7,decoder,carrying up,99060,1,0.9998,8.3666
7,decoder,carrying up,99060,1,1.0,14.0766
7,decoder,carrying up,99060,1,1.0,15.7936
7,decoder,carrying up,99060,1,0.9999,9.6327
7,decoder,carrying up,99060,1,0.9998,8.3026
7,decoder,killed up,61216,1,0.9946,5.216
7,decoder,killed up,61216,1,1.0,12.1607
7,decoder,killed up,61216,1,0.9998,8.3468
7,decoder,killed up,61216,1,0.9893,4.5309
7,decoder,killed up,61216,1,0.9967,5.7058
7,decoder,peeped up,0,1,0.9998,8.4328
7,decoder,peeped up,0,1,0.9989,6.8537
7,decoder,peeped up,0,1,0.9999,9.8498
7,decoder,peeped up,0,1,0.9976,6.0175
7,decoder,peeped up,0,1,0.9458,2.8599
7,decoder,flowing up,50750,1,0.9998,8.4822
7,decoder,flowing up,50750,1,1.0,15.1797
7,decoder,flowing up,50750,1,1.0,13.7783
7,decoder,flowing up,50750,1,0.9999,9.8615
7,decoder,flowing up,50750,1,1.0,12.2917
7,decoder,shaved up,0,1,0.9998,8.5298
7,decoder,shaved up,0,1,0.9999,9.3934
7,decoder,shaved up,0,1,0.9792,3.8512
7,decoder,shaved up,0,1,0.9913,4.7396
7,decoder,shaved up,0,1,0.9999,8.9225
7,decoder,tilt up,62217,1,1.0,12.3698
7,decoder,tilt up,62217,1,0.999,6.9241
7,decoder,tilt up,62217,1,0.9885,4.4581
7,decoder,tilt up,62217,1,1.0,10.3288
7,decoder,tilt up,62217,1,0.9986,6.5807
7,decoder,yielding up,20134,1,1.0,15.7144
7,decoder,yielding up,20134,1,1.0,11.3548
7,decoder,yielding up,20134,1,1.0,12.5097
7,decoder,yielding up,20134,1,1.0,15.4946
7,decoder,yielding up,20134,1,1.0,12.2422
7,decoder,ranging up,130981,1,1.0,10.9096
7,decoder,ranging up,130981,1,1.0,10.51
7,decoder,ranging up,130981,1,1.0,12.1928
7,decoder,ranging up,130981,1,0.9999,9.0056
7,decoder,ranging up,130981,1,0.9997,8.1155
7,decoder,shakes up,106747,1,0.9995,7.5166
7,decoder,shakes up,106747,1,1.0,12.6092
7,decoder,shakes up,106747,1,1.0,11.2891
7,decoder,shakes up,106747,1,1.0,11.0576
7,decoder,shakes up,106747,1,0.9998,8.3318
7,decoder,shuddering up,0,1,0.9998,8.6064
7,decoder,shuddering up,0,1,1.0,11.391
7,decoder,shuddering up,0,1,1.0,11.1788
7,decoder,shuddering up,0,1,1.0,10.9349
7,decoder,shuddering up,0,1,1.0,10.4107
7,decoder,gird up,16805,1,1.0,12.1085
7,decoder,gird up,16805,1,0.9999,9.5381
7,decoder,gird up,16805,1,1.0,12.4167
7,decoder,gird up,16805,1,1.0,12.7273
7,decoder,gird up,16805,1,1.0,12.6238
7,decoder,tallying up,59894,1,1.0,12.0734
7,decoder,tallying up,59894,1,0.999,6.9403
7,decoder,tallying up,59894,1,1.0,16.6936
7,decoder,tallying up,59894,1,1.0,14.2963
7,decoder,tallying up,59894,1,1.0,13.7782
7,decoder,grinned up,20686,1,0.9997,8.0074
7,decoder,grinned up,20686,1,0.9997,8.2055
7,decoder,grinned up,20686,1,0.9999,9.2783
7,decoder,grinned up,20686,1,0.9992,7.1596
7,decoder,grinned up,20686,1,1.0,10.7986
7,decoder,swiping up,76838,1,1.0,11.3244
7,decoder,swiping up,76838,1,1.0,10.8501
7,decoder,swiping up,76838,1,1.0,11.8086
7,decoder,swiping up,76838,1,1.0,13.5623
7,decoder,swiping up,76838,1,1.0,11.4979
7,decoder,rugged up,22534,1,1.0,10.4494
7,decoder,rugged up,22534,1,1.0,12.8022
7,decoder,rugged up,22534,1,1.0,10.2538
7,decoder,rugged up,22534,1,1.0,13.7344
7,decoder,rugged up,22534,1,1.0,10.6696
7,decoder,owns up,52204,1,1.0,9.9962
7,decoder,owns up,52204,1,1.0,14.3166
7,decoder,owns up,52204,1,1.0,15.0013
7,decoder,owns up,52204,1,1.0,19.6425
7,decoder,owns up,52204,1,1.0,17.2414
7,decoder,dam up,30369,1,0.9995,7.5434
7,decoder,dam up,30369,1,1.0,16.9218
7,decoder,dam up,30369,1,0.9988,6.7156
7,decoder,dam up,30369,1,1.0,15.4614
7,decoder,dam up,30369,1,1.0,15.9836
7,decoder,spade up,0,1,0.9999,9.7518
7,decoder,spade up,0,1,1.0,10.9374
7,decoder,spade up,0,1,0.9999,9.8345
7,decoder,spade up,0,1,0.9999,9.5679
7,decoder,spade up,0,1,1.0,10.1276
7,decoder,carries up,69207,1,1.0,11.6636
7,decoder,carries up,69207,1,1.0,12.8579
7,decoder,carries up,69207,1,1.0,15.3397
7,decoder,carries up,69207,1,1.0,15.2668
7,decoder,carries up,69207,1,0.999,6.9157
7,decoder,mewed up,0,1,1.0,13.3637
7,decoder,mewed up,0,1,1.0,12.71
7,decoder,mewed up,0,1,1.0,15.549
7,decoder,mewed up,0,1,0.9997,7.9722
7,decoder,mewed up,0,1,1.0,13.1078
7,decoder,disappeared up,31663,1,0.9998,8.7391
7,decoder,disappeared up,31663,1,0.9997,8.0007
7,decoder,disappeared up,31663,1,0.9997,8.1975
7,decoder,disappeared up,31663,1,0.9997,7.9886
7,decoder,disappeared up,31663,1,0.9984,6.4307
7,decoder,zoomed up,30359,1,1.0,10.8572
7,decoder,zoomed up,30359,1,1.0,15.0492
7,decoder,zoomed up,30359,1,0.9999,9.6354
7,decoder,zoomed up,30359,1,1.0,14.1691
7,decoder,zoomed up,30359,1,0.9996,7.8902
7,decoder,ticking up,62002,1,1.0,10.0111
7,decoder,ticking up,62002,1,0.9977,6.051
7,decoder,ticking up,62002,1,0.9999,9.6408
7,decoder,ticking up,62002,1,0.9998,8.4064
7,decoder,ticking up,62002,1,0.9944,5.1865
7,decoder,blinked up,19891,1,0.9998,8.3631
7,decoder,blinked up,19891,1,0.9833,4.0771
7,decoder,blinked up,19891,1,0.9999,9.5796
7,decoder,blinked up,19891,1,1.0,10.671
7,decoder,blinked up,19891,1,0.9997,8.2326
7,decoder,hype up,150951,1,1.0,13.859
7,decoder,hype up,150951,1,1.0,13.5681
7,decoder,hype up,150951,1,1.0,10.7363
7,decoder,hype up,150951,1,1.0,16.5177
7,decoder,hype up,150951,1,1.0,17.8742
7,decoder,ascended up,30994,1,1.0,15.7551
7,decoder,ascended up,30994,1,1.0,16.9728
7,decoder,ascended up,30994,1,0.9999,9.6271
7,decoder,ascended up,30994,1,1.0,13.7282
7,decoder,ascended up,30994,1,1.0,12.5341
7,decoder,freshened up,127153,1,1.0,12.6911
7,decoder,freshened up,127153,1,1.0,10.514
7,decoder,freshened up,127153,1,1.0,10.5206
7,decoder,freshened up,127153,1,1.0,13.3584
7,decoder,freshened up,127153,1,0.9982,6.3366
7,decoder,puffing up,66043,1,0.9995,7.5925
7,decoder,puffing up,66043,1,0.9998,8.7181
7,decoder,puffing up,66043,1,1.0,12.5674
7,decoder,puffing up,66043,1,0.9849,4.1787
7,decoder,puffing up,66043,1,1.0,10.2651
7,decoder,zipping up,55676,1,1.0,13.1184
7,decoder,zipping up,55676,1,1.0,14.4632
7,decoder,zipping up,55676,1,1.0,10.968
7,decoder,zipping up,55676,1,1.0,13.8059
7,decoder,zipping up,55676,1,0.9983,6.3516
7,decoder,coloured up,12120,1,0.9997,8.1848
7,decoder,coloured up,12120,1,0.9997,8.1995
7,decoder,coloured up,12120,1,0.9957,5.45
7,decoder,coloured up,12120,1,0.9994,7.3559
7,decoder,coloured up,12120,1,1.0,9.9361
7,decoder,digs up,100443,1,0.9996,7.8039
7,decoder,digs up,100443,1,1.0,12.5145
7,decoder,digs up,100443,1,0.9993,7.2359
7,decoder,digs up,100443,1,1.0,11.335
7,decoder,digs up,100443,1,0.9999,8.8248
7,decoder,forming up,49571,1,0.9996,7.8079
7,decoder,forming up,49571,1,0.9949,5.2644
7,decoder,forming up,49571,1,1.0,12.8391
7,decoder,forming up,49571,1,0.9973,5.9274
7,decoder,forming up,49571,1,0.9999,9.0445
7,decoder,hear up,31058,1,1.0,14.4099
7,decoder,hear up,31058,1,1.0,14.043
7,decoder,hear up,31058,1,1.0,13.1153
7,decoder,hear up,31058,1,1.0,14.671
7,decoder,hear up,31058,1,1.0,14.7247
7,decoder,stuff up,1291063,1,0.9997,8.0496
7,decoder,stuff up,1291063,1,0.9998,8.6024
7,decoder,stuff up,1291063,1,0.9996,7.8926
7,decoder,stuff up,1291063,1,0.9999,9.4857
7,decoder,stuff up,1291063,1,0.9999,9.4739
7,decoder,wipe up,133124,1,0.9996,7.8883
7,decoder,wipe up,133124,1,0.9995,7.664
7,decoder,wipe up,133124,1,0.9998,8.3353
7,decoder,wipe up,133124,1,0.9999,9.2992
7,decoder,wipe up,133124,1,0.9999,8.9157
7,decoder,hiding up,23789,1,1.0,12.5265
7,decoder,hiding up,23789,1,1.0,14.5214
7,decoder,hiding up,23789,1,1.0,12.6199
7,decoder,hiding up,23789,1,1.0,13.8052
7,decoder,hiding up,23789,1,0.9999,8.9151
7,decoder,patching up,104488,1,1.0,13.0617
7,decoder,patching up,104488,1,1.0,10.4526
7,decoder,patching up,104488,1,1.0,12.3303
7,decoder,patching up,104488,1,1.0,10.1106
7,decoder,patching up,104488,1,1.0,13.1475
7,decoder,wised up,108957,1,1.0,13.8844
7,decoder,wised up,108957,1,0.9991,7.0624
7,decoder,wised up,108957,1,0.9999,9.5823
7,decoder,wised up,108957,1,1.0,11.1253
7,decoder,wised up,108957,1,0.9998,8.4524
7,decoder,levelling up,222243,1,1.0,10.7617
7,decoder,levelling up,222243,1,1.0,13.1753
7,decoder,levelling up,222243,1,1.0,13.5804
7,decoder,levelling up,222243,1,0.9981,6.2775
7,decoder,levelling up,222243,1,0.9998,8.4273
7,decoder,rooted up,14798,1,0.9959,5.4855
7,decoder,rooted up,14798,1,0.9999,9.1535
7,decoder,rooted up,14798,1,0.9998,8.4457
7,decoder,rooted up,14798,1,0.9936,5.0486
7,decoder,rooted up,14798,1,0.9999,9.3373
7,decoder,gunk up,22165,1,1.0,15.0521
7,decoder,gunk up,22165,1,1.0,15.2225
7,decoder,gunk up,22165,1,1.0,12.6693
7,decoder,gunk up,22165,1,1.0,16.496
7,decoder,gunk up,22165,1,1.0,10.5723
7,decoder,rock up,177325,1,0.9999,9.3584
7,decoder,rock up,177325,1,1.0,13.889
7,decoder,rock up,177325,1,0.9995,7.6124
7,decoder,rock up,177325,1,1.0,15.1553
7,decoder,rock up,177325,1,1.0,14.0738
7,decoder,bandaged up,41071,1,1.0,11.5716
7,decoder,bandaged up,41071,1,1.0,10.3469
7,decoder,bandaged up,41071,1,1.0,10.6261
7,decoder,bandaged up,41071,1,0.9853,4.2018
7,decoder,bandaged up,41071,1,0.9946,5.2091
7,decoder,ushered up,8500,1,1.0,12.9706
7,decoder,ushered up,8500,1,0.9999,9.2404
7,decoder,ushered up,8500,1,1.0,13.7382
7,decoder,ushered up,8500,1,1.0,15.3516
7,decoder,ushered up,8500,1,1.0,17.2854
7,decoder,remained up,85679,1,0.9998,8.5943
7,decoder,remained up,85679,1,0.9998,8.597
7,decoder,remained up,85679,1,1.0,16.1285
7,decoder,remained up,85679,1,0.9998,8.5854
7,decoder,remained up,85679,1,0.9966,5.6687
7,decoder,helped up,61190,1,0.9996,7.7065
7,decoder,helped up,61190,1,1.0,11.5364
7,decoder,helped up,61190,1,0.9998,8.6555
7,decoder,helped up,61190,1,1.0,10.4455
7,decoder,helped up,61190,1,0.9819,3.9951
7,decoder,travelled up,103914,1,1.0,16.7858
7,decoder,travelled up,103914,1,1.0,11.8746
7,decoder,travelled up,103914,1,1.0,12.0749
7,decoder,travelled up,103914,1,1.0,10.0245
7,decoder,travelled up,103914,1,0.9995,7.6423
7,decoder,reckoning up,0,1,1.0,15.7244
7,decoder,reckoning up,0,1,1.0,18.9851
7,decoder,reckoning up,0,1,1.0,14.8048
7,decoder,reckoning up,0,1,1.0,19.2277
7,decoder,reckoning up,0,1,1.0,20.2987
7,decoder,clicking up,13326,1,1.0,15.7254
7,decoder,clicking up,13326,1,1.0,13.4215
7,decoder,clicking up,13326,1,1.0,14.468
7,decoder,clicking up,13326,1,1.0,10.5961
7,decoder,clicking up,13326,1,1.0,12.1825
7,decoder,raking up,61923,1,1.0,10.7637
7,decoder,raking up,61923,1,1.0,10.0327
7,decoder,raking up,61923,1,1.0,15.7407
7,decoder,raking up,61923,1,1.0,11.7923
7,decoder,raking up,61923,1,1.0,13.7594
7,decoder,dished up,118175,1,1.0,11.564
7,decoder,dished up,118175,1,1.0,10.0332
7,decoder,dished up,118175,1,0.9999,9.3769
7,decoder,dished up,118175,1,0.998,6.1934
7,decoder,dished up,118175,1,1.0,10.3607
7,decoder,writes up,51164,1,0.9999,9.6764
7,decoder,writes up,51164,1,1.0,14.9608
7,decoder,writes up,51164,1,1.0,10.5517
7,decoder,writes up,51164,1,1.0,15.7518
7,decoder,writes up,51164,1,1.0,13.3517
7,decoder,sell up,211932,1,1.0,12.9056
7,decoder,sell up,211932,1,1.0,11.577
7,decoder,sell up,211932,1,0.9942,5.1522
7,decoder,sell up,211932,1,1.0,11.6591
7,decoder,sell up,211932,1,1.0,12.3302
7,decoder,trussed up,35395,1,0.9985,6.5184
7,decoder,trussed up,35395,1,0.9999,9.3158
7,decoder,trussed up,35395,1,1.0,14.6602
7,decoder,trussed up,35395,1,1.0,12.6439
7,decoder,trussed up,35395,1,0.9999,9.8509
7,decoder,churning up,41487,1,1.0,10.7645
7,decoder,churning up,41487,1,1.0,10.6895
7,decoder,churning up,41487,1,1.0,14.4573
7,decoder,churning up,41487,1,0.9999,9.7069
7,decoder,churning up,41487,1,0.9999,9.2976
7,decoder,bolted up,62684,1,0.9999,9.7829
7,decoder,bolted up,62684,1,0.9999,9.0776
7,decoder,bolted up,62684,1,0.9999,9.1025
7,decoder,bolted up,62684,1,0.9996,7.7588
7,decoder,bolted up,62684,1,1.0,10.5271
7,decoder,polishing up,74275,1,1.0,12.5595
7,decoder,polishing up,74275,1,1.0,10.7261
7,decoder,polishing up,74275,1,1.0,10.6671
7,decoder,polishing up,74275,1,0.9999,9.7869
7,decoder,polishing up,74275,1,0.9999,9.2288
7,decoder,shrivels up,14406,1,1.0,10.2265
7,decoder,shrivels up,14406,1,1.0,9.9097
7,decoder,shrivels up,14406,1,1.0,10.8282
7,decoder,shrivels up,14406,1,0.9995,7.5091
7,decoder,shrivels up,14406,1,1.0,14.7251
7,decoder,scrunch up,42746,1,0.9988,6.7615
7,decoder,scrunch up,42746,1,0.9998,8.7759
7,decoder,scrunch up,42746,1,1.0,12.8129
7,decoder,scrunch up,42746,1,1.0,11.8784
7,decoder,scrunch up,42746,1,1.0,12.9837
