c_log_freq,c_log_predic,fit,freq_mean,freq_sd,predic_mean,predic_sd,label,q025,q975
-1.9984480492472816,-2.5428356329067325,13.06311934505034,6.870264856271882,1.868835490494456,-3.476343845759669,1.7940709196570577,BabyLM 125M — first layer,NA,NA
-1.8449307942600424,-2.5428356329067325,13.080923967044754,6.870264856271882,1.868835490494456,-3.476343845759669,1.7940709196570577,BabyLM 125M — first layer,NA,NA
-1.6914135392728031,-2.5428356329067325,13.098728589039167,6.870264856271882,1.868835490494456,-3.476343845759669,1.7940709196570577,BabyLM 125M — first layer,NA,NA
-1.537896284285564,-2.5428356329067325,13.116533211033582,6.870264856271882,1.868835490494456,-3.476343845759669,1.7940709196570577,BabyLM 125M — first layer,NA,NA
-1.384379029298325,-2.5428356329067325,13.134337833027995,6.870264856271882,1.868835490494456,-3.476343845759669,1.7940709196570577,BabyLM 125M — first layer,NA,NA
-1.2308617743110852,-2.5428356329067325,13.152142455022412,6.870264856271882,1.868835490494456,-3.476343845759669,1.7940709196570577,BabyLM 125M — first layer,NA,NA
-1.077344519323846,-2.5428356329067325,13.169947077016827,6.870264856271882,1.868835490494456,-3.476343845759669,1.7940709196570577,BabyLM 125M — first layer,NA,NA
-0.9238272643366066,-2.5428356329067325,13.18775169901124,6.870264856271882,1.868835490494456,-3.476343845759669,1.7940709196570577,BabyLM 125M — first layer,NA,NA
-0.7703100093493673,-2.5428356329067325,13.205556321005655,6.870264856271882,1.868835490494456,-3.476343845759669,1.7940709196570577,BabyLM 125M — first layer,NA,NA
-0.6167927543621281,-2.5428356329067325,13.22336094300007,6.870264856271882,1.868835490494456,-3.476343845759669,1.7940709196570577,BabyLM 125M — first layer,NA,NA
-0.46327549937488866,-2.5428356329067325,13.241165564994484,6.870264856271882,1.868835490494456,-3.476343845759669,1.7940709196570577,BabyLM 125M — first layer,NA,NA
-0.30975824438764943,-2.5428356329067325,13.2589701869889,6.870264856271882,1.868835490494456,-3.476343845759669,1.7940709196570577,BabyLM 125M — first layer,NA,NA
-0.1562409894004102,-2.5428356329067325,13.276774808983314,6.870264856271882,1.868835490494456,-3.476343845759669,1.7940709196570577,BabyLM 125M — first layer,NA,NA
-0.00272373441317075,-2.5428356329067325,13.294579430977729,6.870264856271882,1.868835490494456,-3.476343845759669,1.7940709196570577,BabyLM 125M — first layer,NA,NA
0.1507935205740687,-2.5428356329067325,13.312384052972142,6.870264856271882,1.868835490494456,-3.476343845759669,1.7940709196570577,BabyLM 125M — first layer,NA,NA
0.3043107755613079,-2.5428356329067325,13.330188674966555,6.870264856271882,1.868835490494456,-3.476343845759669,1.7940709196570577,BabyLM 125M — first layer,NA,NA
0.4578280305485471,-2.5428356329067325,13.347993296960972,6.870264856271882,1.868835490494456,-3.476343845759669,1.7940709196570577,BabyLM 125M — first layer,NA,NA
0.6113452855357864,-2.5428356329067325,13.365797918955383,6.870264856271882,1.868835490494456,-3.476343845759669,1.7940709196570577,BabyLM 125M — first layer,NA,NA
0.7648625405230256,-2.5428356329067325,13.3836025409498,6.870264856271882,1.868835490494456,-3.476343845759669,1.7940709196570577,BabyLM 125M — first layer,NA,NA
0.9183797955102652,-2.5428356329067325,13.401407162944215,6.870264856271882,1.868835490494456,-3.476343845759669,1.7940709196570577,BabyLM 125M — first layer,NA,NA
1.0718970504975045,-2.5428356329067325,13.41921178493863,6.870264856271882,1.868835490494456,-3.476343845759669,1.7940709196570577,BabyLM 125M — first layer,NA,NA
1.2254143054847435,-2.5428356329067325,13.437016406933044,6.870264856271882,1.868835490494456,-3.476343845759669,1.7940709196570577,BabyLM 125M — first layer,NA,NA
1.378931560471983,-2.5428356329067325,13.45482102892746,6.870264856271882,1.868835490494456,-3.476343845759669,1.7940709196570577,BabyLM 125M — first layer,NA,NA
1.5324488154592222,-2.5428356329067325,13.472625650921874,6.870264856271882,1.868835490494456,-3.476343845759669,1.7940709196570577,BabyLM 125M — first layer,NA,NA
1.6859660704464614,-2.5428356329067325,13.490430272916289,6.870264856271882,1.868835490494456,-3.476343845759669,1.7940709196570577,BabyLM 125M — first layer,NA,NA
1.839483325433701,-2.5428356329067325,13.508234894910702,6.870264856271882,1.868835490494456,-3.476343845759669,1.7940709196570577,BabyLM 125M — first layer,NA,NA
1.9930005804209403,-2.5428356329067325,13.526039516905117,6.870264856271882,1.868835490494456,-3.476343845759669,1.7940709196570577,BabyLM 125M — first layer,NA,NA
2.14651783540818,-2.5428356329067325,13.543844138899532,6.870264856271882,1.868835490494456,-3.476343845759669,1.7940709196570577,BabyLM 125M — first layer,NA,NA
2.300035090395419,-2.5428356329067325,13.561648760893943,6.870264856271882,1.868835490494456,-3.476343845759669,1.7940709196570577,BabyLM 125M — first layer,NA,NA
2.453552345382658,-2.5428356329067325,13.57945338288836,6.870264856271882,1.868835490494456,-3.476343845759669,1.7940709196570577,BabyLM 125M — first layer,NA,NA
-1.9984480492472816,-2.3752511308739064,13.058461850932076,6.870264856271882,1.868835490494456,-3.476343845759669,1.7940709196570577,BabyLM 125M — first layer,NA,NA
-1.8449307942600424,-2.3752511308739064,13.074526832158892,6.870264856271882,1.868835490494456,-3.476343845759669,1.7940709196570577,BabyLM 125M — first layer,NA,NA
-1.6914135392728031,-2.3752511308739064,13.090591813385709,6.870264856271882,1.868835490494456,-3.476343845759669,1.7940709196570577,BabyLM 125M — first layer,NA,NA
-1.537896284285564,-2.3752511308739064,13.106656794612524,6.870264856271882,1.868835490494456,-3.476343845759669,1.7940709196570577,BabyLM 125M — first layer,NA,NA
-1.384379029298325,-2.3752511308739064,13.122721775839338,6.870264856271882,1.868835490494456,-3.476343845759669,1.7940709196570577,BabyLM 125M — first layer,NA,NA
-1.2308617743110852,-2.3752511308739064,13.138786757066155,6.870264856271882,1.868835490494456,-3.476343845759669,1.7940709196570577,BabyLM 125M — first layer,NA,NA
-1.077344519323846,-2.3752511308739064,13.15485173829297,6.870264856271882,1.868835490494456,-3.476343845759669,1.7940709196570577,BabyLM 125M — first layer,NA,NA
-0.9238272643366066,-2.3752511308739064,13.170916719519786,6.870264856271882,1.868835490494456,-3.476343845759669,1.7940709196570577,BabyLM 125M — first layer,NA,NA
-0.7703100093493673,-2.3752511308739064,13.1869817007466,6.870264856271882,1.868835490494456,-3.476343845759669,1.7940709196570577,BabyLM 125M — first layer,NA,NA
-0.6167927543621281,-2.3752511308739064,13.203046681973415,6.870264856271882,1.868835490494456,-3.476343845759669,1.7940709196570577,BabyLM 125M — first layer,NA,NA
-0.46327549937488866,-2.3752511308739064,13.219111663200234,6.870264856271882,1.868835490494456,-3.476343845759669,1.7940709196570577,BabyLM 125M — first layer,NA,NA
-0.30975824438764943,-2.3752511308739064,13.23517664442705,6.870264856271882,1.868835490494456,-3.476343845759669,1.7940709196570577,BabyLM 125M — first layer,NA,NA
-0.1562409894004102,-2.3752511308739064,13.251241625653863,6.870264856271882,1.868835490494456,-3.476343845759669,1.7940709196570577,BabyLM 125M — first layer,NA,NA
-0.00272373441317075,-2.3752511308739064,13.26730660688068,6.870264856271882,1.868835490494456,-3.476343845759669,1.7940709196570577,BabyLM 125M — first layer,NA,NA
0.1507935205740687,-2.3752511308739064,13.283371588107496,6.870264856271882,1.868835490494456,-3.476343845759669,1.7940709196570577,BabyLM 125M — first layer,NA,NA
0.3043107755613079,-2.3752511308739064,13.299436569334311,6.870264856271882,1.868835490494456,-3.476343845759669,1.7940709196570577,BabyLM 125M — first layer,NA,NA
0.4578280305485471,-2.3752511308739064,13.315501550561128,6.870264856271882,1.868835490494456,-3.476343845759669,1.7940709196570577,BabyLM 125M — first layer,NA,NA
0.6113452855357864,-2.3752511308739064,13.331566531787944,6.870264856271882,1.868835490494456,-3.476343845759669,1.7940709196570577,BabyLM 125M — first layer,NA,NA
0.7648625405230256,-2.3752511308739064,13.34763151301476,6.870264856271882,1.868835490494456,-3.476343845759669,1.7940709196570577,BabyLM 125M — first layer,NA,NA
0.9183797955102652,-2.3752511308739064,13.363696494241577,6.870264856271882,1.868835490494456,-3.476343845759669,1.7940709196570577,BabyLM 125M — first layer,NA,NA
1.0718970504975045,-2.3752511308739064,13.379761475468392,6.870264856271882,1.868835490494456,-3.476343845759669,1.7940709196570577,BabyLM 125M — first layer,NA,NA
1.2254143054847435,-2.3752511308739064,13.395826456695207,6.870264856271882,1.868835490494456,-3.476343845759669,1.7940709196570577,BabyLM 125M — first layer,NA,NA
1.378931560471983,-2.3752511308739064,13.411891437922025,6.870264856271882,1.868835490494456,-3.476343845759669,1.7940709196570577,BabyLM 125M — first layer,NA,NA
1.5324488154592222,-2.3752511308739064,13.427956419148838,6.870264856271882,1.868835490494456,-3.476343845759669,1.7940709196570577,BabyLM 125M — first layer,NA,NA
1.6859660704464614,-2.3752511308739064,13.444021400375654,6.870264856271882,1.868835490494456,-3.476343845759669,1.7940709196570577,BabyLM 125M — first layer,NA,NA
1.839483325433701,-2.3752511308739064,13.460086381602473,6.870264856271882,1.868835490494456,-3.476343845759669,1.7940709196570577,BabyLM 125M — first layer,NA,NA
1.9930005804209403,-2.3752511308739064,13.476151362829286,6.870264856271882,1.868835490494456,-3.476343845759669,1.7940709196570577,BabyLM 125M — first layer,NA,NA
2.14651783540818,-2.3752511308739064,13.492216344056102,6.870264856271882,1.868835490494456,-3.476343845759669,1.7940709196570577,BabyLM 125M — first layer,NA,NA
2.300035090395419,-2.3752511308739064,13.508281325282915,6.870264856271882,1.868835490494456,-3.476343845759669,1.7940709196570577,BabyLM 125M — first layer,NA,NA
2.453552345382658,-2.3752511308739064,13.524346306509733,6.870264856271882,1.868835490494456,-3.476343845759669,1.7940709196570577,BabyLM 125M — first layer,NA,NA
-1.9984480492472816,-2.20766662884108,13.053804356813812,6.870264856271882,1.868835490494456,-3.476343845759669,1.7940709196570577,BabyLM 125M — first layer,NA,NA
-1.8449307942600424,-2.20766662884108,13.06812969727303,6.870264856271882,1.868835490494456,-3.476343845759669,1.7940709196570577,BabyLM 125M — first layer,NA,NA
-1.6914135392728031,-2.20766662884108,13.082455037732243,6.870264856271882,1.868835490494456,-3.476343845759669,1.7940709196570577,BabyLM 125M — first layer,NA,NA
-1.537896284285564,-2.20766662884108,13.096780378191465,6.870264856271882,1.868835490494456,-3.476343845759669,1.7940709196570577,BabyLM 125M — first layer,NA,NA
-1.384379029298325,-2.20766662884108,13.11110571865068,6.870264856271882,1.868835490494456,-3.476343845759669,1.7940709196570577,BabyLM 125M — first layer,NA,NA
-1.2308617743110852,-2.20766662884108,13.125431059109896,6.870264856271882,1.868835490494456,-3.476343845759669,1.7940709196570577,BabyLM 125M — first layer,NA,NA
-1.077344519323846,-2.20766662884108,13.139756399569114,6.870264856271882,1.868835490494456,-3.476343845759669,1.7940709196570577,BabyLM 125M — first layer,NA,NA
-0.9238272643366066,-2.20766662884108,13.154081740028332,6.870264856271882,1.868835490494456,-3.476343845759669,1.7940709196570577,BabyLM 125M — first layer,NA,NA
-0.7703100093493673,-2.20766662884108,13.168407080487547,6.870264856271882,1.868835490494456,-3.476343845759669,1.7940709196570577,BabyLM 125M — first layer,NA,NA
-0.6167927543621281,-2.20766662884108,13.182732420946763,6.870264856271882,1.868835490494456,-3.476343845759669,1.7940709196570577,BabyLM 125M — first layer,NA,NA
-0.46327549937488866,-2.20766662884108,13.197057761405985,6.870264856271882,1.868835490494456,-3.476343845759669,1.7940709196570577,BabyLM 125M — first layer,NA,NA
-0.30975824438764943,-2.20766662884108,13.2113831018652,6.870264856271882,1.868835490494456,-3.476343845759669,1.7940709196570577,BabyLM 125M — first layer,NA,NA
-0.1562409894004102,-2.20766662884108,13.225708442324416,6.870264856271882,1.868835490494456,-3.476343845759669,1.7940709196570577,BabyLM 125M — first layer,NA,NA
-0.00272373441317075,-2.20766662884108,13.240033782783634,6.870264856271882,1.868835490494456,-3.476343845759669,1.7940709196570577,BabyLM 125M — first layer,NA,NA
0.1507935205740687,-2.20766662884108,13.25435912324285,6.870264856271882,1.868835490494456,-3.476343845759669,1.7940709196570577,BabyLM 125M — first layer,NA,NA
0.3043107755613079,-2.20766662884108,13.268684463702067,6.870264856271882,1.868835490494456,-3.476343845759669,1.7940709196570577,BabyLM 125M — first layer,NA,NA
0.4578280305485471,-2.20766662884108,13.283009804161283,6.870264856271882,1.868835490494456,-3.476343845759669,1.7940709196570577,BabyLM 125M — first layer,NA,NA
0.6113452855357864,-2.20766662884108,13.2973351446205,6.870264856271882,1.868835490494456,-3.476343845759669,1.7940709196570577,BabyLM 125M — first layer,NA,NA
0.7648625405230256,-2.20766662884108,13.311660485079718,6.870264856271882,1.868835490494456,-3.476343845759669,1.7940709196570577,BabyLM 125M — first layer,NA,NA
0.9183797955102652,-2.20766662884108,13.325985825538936,6.870264856271882,1.868835490494456,-3.476343845759669,1.7940709196570577,BabyLM 125M — first layer,NA,NA
1.0718970504975045,-2.20766662884108,13.340311165998154,6.870264856271882,1.868835490494456,-3.476343845759669,1.7940709196570577,BabyLM 125M — first layer,NA,NA
1.2254143054847435,-2.20766662884108,13.35463650645737,6.870264856271882,1.868835490494456,-3.476343845759669,1.7940709196570577,BabyLM 125M — first layer,NA,NA
1.378931560471983,-2.20766662884108,13.368961846916587,6.870264856271882,1.868835490494456,-3.476343845759669,1.7940709196570577,BabyLM 125M — first layer,NA,NA
1.5324488154592222,-2.20766662884108,13.383287187375805,6.870264856271882,1.868835490494456,-3.476343845759669,1.7940709196570577,BabyLM 125M — first layer,NA,NA
1.6859660704464614,-2.20766662884108,13.39761252783502,6.870264856271882,1.868835490494456,-3.476343845759669,1.7940709196570577,BabyLM 125M — first layer,NA,NA
1.839483325433701,-2.20766662884108,13.411937868294238,6.870264856271882,1.868835490494456,-3.476343845759669,1.7940709196570577,BabyLM 125M — first layer,NA,NA
1.9930005804209403,-2.20766662884108,13.426263208753456,6.870264856271882,1.868835490494456,-3.476343845759669,1.7940709196570577,BabyLM 125M — first layer,NA,NA
2.14651783540818,-2.20766662884108,13.440588549212672,6.870264856271882,1.868835490494456,-3.476343845759669,1.7940709196570577,BabyLM 125M — first layer,NA,NA
2.300035090395419,-2.20766662884108,13.45491388967189,6.870264856271882,1.868835490494456,-3.476343845759669,1.7940709196570577,BabyLM 125M — first layer,NA,NA
2.453552345382658,-2.20766662884108,13.469239230131109,6.870264856271882,1.868835490494456,-3.476343845759669,1.7940709196570577,BabyLM 125M — first layer,NA,NA
-1.9984480492472816,-2.0400821268082536,13.049146862695547,6.870264856271882,1.868835490494456,-3.476343845759669,1.7940709196570577,BabyLM 125M — first layer,NA,NA
-1.8449307942600424,-2.0400821268082536,13.061732562387167,6.870264856271882,1.868835490494456,-3.476343845759669,1.7940709196570577,BabyLM 125M — first layer,NA,NA
-1.6914135392728031,-2.0400821268082536,13.074318262078783,6.870264856271882,1.868835490494456,-3.476343845759669,1.7940709196570577,BabyLM 125M — first layer,NA,NA
-1.537896284285564,-2.0400821268082536,13.086903961770403,6.870264856271882,1.868835490494456,-3.476343845759669,1.7940709196570577,BabyLM 125M — first layer,NA,NA
-1.384379029298325,-2.0400821268082536,13.09948966146202,6.870264856271882,1.868835490494456,-3.476343845759669,1.7940709196570577,BabyLM 125M — first layer,NA,NA
-1.2308617743110852,-2.0400821268082536,13.11207536115364,6.870264856271882,1.868835490494456,-3.476343845759669,1.7940709196570577,BabyLM 125M — first layer,NA,NA
-1.077344519323846,-2.0400821268082536,13.124661060845256,6.870264856271882,1.868835490494456,-3.476343845759669,1.7940709196570577,BabyLM 125M — first layer,NA,NA
-0.9238272643366066,-2.0400821268082536,13.137246760536875,6.870264856271882,1.868835490494456,-3.476343845759669,1.7940709196570577,BabyLM 125M — first layer,NA,NA
-0.7703100093493673,-2.0400821268082536,13.149832460228495,6.870264856271882,1.868835490494456,-3.476343845759669,1.7940709196570577,BabyLM 125M — first layer,NA,NA
-0.6167927543621281,-2.0400821268082536,13.162418159920112,6.870264856271882,1.868835490494456,-3.476343845759669,1.7940709196570577,BabyLM 125M — first layer,NA,NA
-0.46327549937488866,-2.0400821268082536,13.175003859611731,6.870264856271882,1.868835490494456,-3.476343845759669,1.7940709196570577,BabyLM 125M — first layer,NA,NA
-0.30975824438764943,-2.0400821268082536,13.18758955930335,6.870264856271882,1.868835490494456,-3.476343845759669,1.7940709196570577,BabyLM 125M — first layer,NA,NA
-0.1562409894004102,-2.0400821268082536,13.200175258994967,6.870264856271882,1.868835490494456,-3.476343845759669,1.7940709196570577,BabyLM 125M — first layer,NA,NA
-0.00272373441317075,-2.0400821268082536,13.212760958686586,6.870264856271882,1.868835490494456,-3.476343845759669,1.7940709196570577,BabyLM 125M — first layer,NA,NA
0.1507935205740687,-2.0400821268082536,13.225346658378204,6.870264856271882,1.868835490494456,-3.476343845759669,1.7940709196570577,BabyLM 125M — first layer,NA,NA
0.3043107755613079,-2.0400821268082536,13.237932358069823,6.870264856271882,1.868835490494456,-3.476343845759669,1.7940709196570577,BabyLM 125M — first layer,NA,NA
0.4578280305485471,-2.0400821268082536,13.25051805776144,6.870264856271882,1.868835490494456,-3.476343845759669,1.7940709196570577,BabyLM 125M — first layer,NA,NA
0.6113452855357864,-2.0400821268082536,13.26310375745306,6.870264856271882,1.868835490494456,-3.476343845759669,1.7940709196570577,BabyLM 125M — first layer,NA,NA
0.7648625405230256,-2.0400821268082536,13.275689457144678,6.870264856271882,1.868835490494456,-3.476343845759669,1.7940709196570577,BabyLM 125M — first layer,NA,NA
0.9183797955102652,-2.0400821268082536,13.288275156836296,6.870264856271882,1.868835490494456,-3.476343845759669,1.7940709196570577,BabyLM 125M — first layer,NA,NA
1.0718970504975045,-2.0400821268082536,13.300860856527915,6.870264856271882,1.868835490494456,-3.476343845759669,1.7940709196570577,BabyLM 125M — first layer,NA,NA
1.2254143054847435,-2.0400821268082536,13.313446556219532,6.870264856271882,1.868835490494456,-3.476343845759669,1.7940709196570577,BabyLM 125M — first layer,NA,NA
1.378931560471983,-2.0400821268082536,13.326032255911151,6.870264856271882,1.868835490494456,-3.476343845759669,1.7940709196570577,BabyLM 125M — first layer,NA,NA
1.5324488154592222,-2.0400821268082536,13.33861795560277,6.870264856271882,1.868835490494456,-3.476343845759669,1.7940709196570577,BabyLM 125M — first layer,NA,NA
1.6859660704464614,-2.0400821268082536,13.351203655294388,6.870264856271882,1.868835490494456,-3.476343845759669,1.7940709196570577,BabyLM 125M — first layer,NA,NA
1.839483325433701,-2.0400821268082536,13.363789354986006,6.870264856271882,1.868835490494456,-3.476343845759669,1.7940709196570577,BabyLM 125M — first layer,NA,NA
1.9930005804209403,-2.0400821268082536,13.376375054677624,6.870264856271882,1.868835490494456,-3.476343845759669,1.7940709196570577,BabyLM 125M — first layer,NA,NA
2.14651783540818,-2.0400821268082536,13.388960754369243,6.870264856271882,1.868835490494456,-3.476343845759669,1.7940709196570577,BabyLM 125M — first layer,NA,NA
2.300035090395419,-2.0400821268082536,13.401546454060862,6.870264856271882,1.868835490494456,-3.476343845759669,1.7940709196570577,BabyLM 125M — first layer,NA,NA
2.453552345382658,-2.0400821268082536,13.41413215375248,6.870264856271882,1.868835490494456,-3.476343845759669,1.7940709196570577,BabyLM 125M — first layer,NA,NA
-1.9984480492472816,-1.8724976247754277,13.044489368577285,6.870264856271882,1.868835490494456,-3.476343845759669,1.7940709196570577,BabyLM 125M — first layer,NA,NA
-1.8449307942600424,-1.8724976247754277,13.055335427501303,6.870264856271882,1.868835490494456,-3.476343845759669,1.7940709196570577,BabyLM 125M — first layer,NA,NA
-1.6914135392728031,-1.8724976247754277,13.066181486425323,6.870264856271882,1.868835490494456,-3.476343845759669,1.7940709196570577,BabyLM 125M — first layer,NA,NA
-1.537896284285564,-1.8724976247754277,13.077027545349344,6.870264856271882,1.868835490494456,-3.476343845759669,1.7940709196570577,BabyLM 125M — first layer,NA,NA
-1.384379029298325,-1.8724976247754277,13.087873604273362,6.870264856271882,1.868835490494456,-3.476343845759669,1.7940709196570577,BabyLM 125M — first layer,NA,NA
-1.2308617743110852,-1.8724976247754277,13.098719663197382,6.870264856271882,1.868835490494456,-3.476343845759669,1.7940709196570577,BabyLM 125M — first layer,NA,NA
-1.077344519323846,-1.8724976247754277,13.109565722121404,6.870264856271882,1.868835490494456,-3.476343845759669,1.7940709196570577,BabyLM 125M — first layer,NA,NA
-0.9238272643366066,-1.8724976247754277,13.12041178104542,6.870264856271882,1.868835490494456,-3.476343845759669,1.7940709196570577,BabyLM 125M — first layer,NA,NA
-0.7703100093493673,-1.8724976247754277,13.13125783996944,6.870264856271882,1.868835490494456,-3.476343845759669,1.7940709196570577,BabyLM 125M — first layer,NA,NA
-0.6167927543621281,-1.8724976247754277,13.142103898893462,6.870264856271882,1.868835490494456,-3.476343845759669,1.7940709196570577,BabyLM 125M — first layer,NA,NA
-0.46327549937488866,-1.8724976247754277,13.15294995781748,6.870264856271882,1.868835490494456,-3.476343845759669,1.7940709196570577,BabyLM 125M — first layer,NA,NA
-0.30975824438764943,-1.8724976247754277,13.1637960167415,6.870264856271882,1.868835490494456,-3.476343845759669,1.7940709196570577,BabyLM 125M — first layer,NA,NA
-0.1562409894004102,-1.8724976247754277,13.17464207566552,6.870264856271882,1.868835490494456,-3.476343845759669,1.7940709196570577,BabyLM 125M — first layer,NA,NA
-0.00272373441317075,-1.8724976247754277,13.18548813458954,6.870264856271882,1.868835490494456,-3.476343845759669,1.7940709196570577,BabyLM 125M — first layer,NA,NA
0.1507935205740687,-1.8724976247754277,13.19633419351356,6.870264856271882,1.868835490494456,-3.476343845759669,1.7940709196570577,BabyLM 125M — first layer,NA,NA
0.3043107755613079,-1.8724976247754277,13.207180252437578,6.870264856271882,1.868835490494456,-3.476343845759669,1.7940709196570577,BabyLM 125M — first layer,NA,NA
0.4578280305485471,-1.8724976247754277,13.218026311361598,6.870264856271882,1.868835490494456,-3.476343845759669,1.7940709196570577,BabyLM 125M — first layer,NA,NA
0.6113452855357864,-1.8724976247754277,13.228872370285618,6.870264856271882,1.868835490494456,-3.476343845759669,1.7940709196570577,BabyLM 125M — first layer,NA,NA
0.7648625405230256,-1.8724976247754277,13.239718429209637,6.870264856271882,1.868835490494456,-3.476343845759669,1.7940709196570577,BabyLM 125M — first layer,NA,NA
0.9183797955102652,-1.8724976247754277,13.250564488133657,6.870264856271882,1.868835490494456,-3.476343845759669,1.7940709196570577,BabyLM 125M — first layer,NA,NA
1.0718970504975045,-1.8724976247754277,13.261410547057675,6.870264856271882,1.868835490494456,-3.476343845759669,1.7940709196570577,BabyLM 125M — first layer,NA,NA
1.2254143054847435,-1.8724976247754277,13.272256605981696,6.870264856271882,1.868835490494456,-3.476343845759669,1.7940709196570577,BabyLM 125M — first layer,NA,NA
1.378931560471983,-1.8724976247754277,13.283102664905716,6.870264856271882,1.868835490494456,-3.476343845759669,1.7940709196570577,BabyLM 125M — first layer,NA,NA
1.5324488154592222,-1.8724976247754277,13.293948723829736,6.870264856271882,1.868835490494456,-3.476343845759669,1.7940709196570577,BabyLM 125M — first layer,NA,NA
1.6859660704464614,-1.8724976247754277,13.304794782753754,6.870264856271882,1.868835490494456,-3.476343845759669,1.7940709196570577,BabyLM 125M — first layer,NA,NA
1.839483325433701,-1.8724976247754277,13.315640841677777,6.870264856271882,1.868835490494456,-3.476343845759669,1.7940709196570577,BabyLM 125M — first layer,NA,NA
1.9930005804209403,-1.8724976247754277,13.326486900601791,6.870264856271882,1.868835490494456,-3.476343845759669,1.7940709196570577,BabyLM 125M — first layer,NA,NA
2.14651783540818,-1.8724976247754277,13.337332959525812,6.870264856271882,1.868835490494456,-3.476343845759669,1.7940709196570577,BabyLM 125M — first layer,NA,NA
2.300035090395419,-1.8724976247754277,13.348179018449834,6.870264856271882,1.868835490494456,-3.476343845759669,1.7940709196570577,BabyLM 125M — first layer,NA,NA
2.453552345382658,-1.8724976247754277,13.359025077373852,6.870264856271882,1.868835490494456,-3.476343845759669,1.7940709196570577,BabyLM 125M — first layer,NA,NA
-1.9984480492472816,-1.7049131227426015,13.03983187445902,6.870264856271882,1.868835490494456,-3.476343845759669,1.7940709196570577,BabyLM 125M — first layer,NA,NA
-1.8449307942600424,-1.7049131227426015,13.04893829261544,6.870264856271882,1.868835490494456,-3.476343845759669,1.7940709196570577,BabyLM 125M — first layer,NA,NA
-1.6914135392728031,-1.7049131227426015,13.058044710771863,6.870264856271882,1.868835490494456,-3.476343845759669,1.7940709196570577,BabyLM 125M — first layer,NA,NA
-1.537896284285564,-1.7049131227426015,13.067151128928284,6.870264856271882,1.868835490494456,-3.476343845759669,1.7940709196570577,BabyLM 125M — first layer,NA,NA
-1.384379029298325,-1.7049131227426015,13.076257547084705,6.870264856271882,1.868835490494456,-3.476343845759669,1.7940709196570577,BabyLM 125M — first layer,NA,NA
-1.2308617743110852,-1.7049131227426015,13.085363965241124,6.870264856271882,1.868835490494456,-3.476343845759669,1.7940709196570577,BabyLM 125M — first layer,NA,NA
-1.077344519323846,-1.7049131227426015,13.094470383397546,6.870264856271882,1.868835490494456,-3.476343845759669,1.7940709196570577,BabyLM 125M — first layer,NA,NA
-0.9238272643366066,-1.7049131227426015,13.103576801553968,6.870264856271882,1.868835490494456,-3.476343845759669,1.7940709196570577,BabyLM 125M — first layer,NA,NA
-0.7703100093493673,-1.7049131227426015,13.112683219710387,6.870264856271882,1.868835490494456,-3.476343845759669,1.7940709196570577,BabyLM 125M — first layer,NA,NA
-0.6167927543621281,-1.7049131227426015,13.121789637866808,6.870264856271882,1.868835490494456,-3.476343845759669,1.7940709196570577,BabyLM 125M — first layer,NA,NA
-0.46327549937488866,-1.7049131227426015,13.130896056023229,6.870264856271882,1.868835490494456,-3.476343845759669,1.7940709196570577,BabyLM 125M — first layer,NA,NA
-0.30975824438764943,-1.7049131227426015,13.140002474179653,6.870264856271882,1.868835490494456,-3.476343845759669,1.7940709196570577,BabyLM 125M — first layer,NA,NA
-0.1562409894004102,-1.7049131227426015,13.149108892336072,6.870264856271882,1.868835490494456,-3.476343845759669,1.7940709196570577,BabyLM 125M — first layer,NA,NA
-0.00272373441317075,-1.7049131227426015,13.158215310492492,6.870264856271882,1.868835490494456,-3.476343845759669,1.7940709196570577,BabyLM 125M — first layer,NA,NA
0.1507935205740687,-1.7049131227426015,13.167321728648911,6.870264856271882,1.868835490494456,-3.476343845759669,1.7940709196570577,BabyLM 125M — first layer,NA,NA
0.3043107755613079,-1.7049131227426015,13.176428146805334,6.870264856271882,1.868835490494456,-3.476343845759669,1.7940709196570577,BabyLM 125M — first layer,NA,NA
0.4578280305485471,-1.7049131227426015,13.185534564961754,6.870264856271882,1.868835490494456,-3.476343845759669,1.7940709196570577,BabyLM 125M — first layer,NA,NA
0.6113452855357864,-1.7049131227426015,13.194640983118177,6.870264856271882,1.868835490494456,-3.476343845759669,1.7940709196570577,BabyLM 125M — first layer,NA,NA
0.7648625405230256,-1.7049131227426015,13.203747401274596,6.870264856271882,1.868835490494456,-3.476343845759669,1.7940709196570577,BabyLM 125M — first layer,NA,NA
0.9183797955102652,-1.7049131227426015,13.212853819431018,6.870264856271882,1.868835490494456,-3.476343845759669,1.7940709196570577,BabyLM 125M — first layer,NA,NA
1.0718970504975045,-1.7049131227426015,13.22196023758744,6.870264856271882,1.868835490494456,-3.476343845759669,1.7940709196570577,BabyLM 125M — first layer,NA,NA
1.2254143054847435,-1.7049131227426015,13.23106665574386,6.870264856271882,1.868835490494456,-3.476343845759669,1.7940709196570577,BabyLM 125M — first layer,NA,NA
1.378931560471983,-1.7049131227426015,13.24017307390028,6.870264856271882,1.868835490494456,-3.476343845759669,1.7940709196570577,BabyLM 125M — first layer,NA,NA
1.5324488154592222,-1.7049131227426015,13.2492794920567,6.870264856271882,1.868835490494456,-3.476343845759669,1.7940709196570577,BabyLM 125M — first layer,NA,NA
1.6859660704464614,-1.7049131227426015,13.25838591021312,6.870264856271882,1.868835490494456,-3.476343845759669,1.7940709196570577,BabyLM 125M — first layer,NA,NA
1.839483325433701,-1.7049131227426015,13.267492328369542,6.870264856271882,1.868835490494456,-3.476343845759669,1.7940709196570577,BabyLM 125M — first layer,NA,NA
1.9930005804209403,-1.7049131227426015,13.276598746525965,6.870264856271882,1.868835490494456,-3.476343845759669,1.7940709196570577,BabyLM 125M — first layer,NA,NA
2.14651783540818,-1.7049131227426015,13.285705164682383,6.870264856271882,1.868835490494456,-3.476343845759669,1.7940709196570577,BabyLM 125M — first layer,NA,NA
2.300035090395419,-1.7049131227426015,13.294811582838806,6.870264856271882,1.868835490494456,-3.476343845759669,1.7940709196570577,BabyLM 125M — first layer,NA,NA
2.453552345382658,-1.7049131227426015,13.303918000995226,6.870264856271882,1.868835490494456,-3.476343845759669,1.7940709196570577,BabyLM 125M — first layer,NA,NA
-1.9984480492472816,-1.5373286207097752,13.035174380340758,6.870264856271882,1.868835490494456,-3.476343845759669,1.7940709196570577,BabyLM 125M — first layer,NA,NA
-1.8449307942600424,-1.5373286207097752,13.04254115772958,6.870264856271882,1.868835490494456,-3.476343845759669,1.7940709196570577,BabyLM 125M — first layer,NA,NA
-1.6914135392728031,-1.5373286207097752,13.049907935118402,6.870264856271882,1.868835490494456,-3.476343845759669,1.7940709196570577,BabyLM 125M — first layer,NA,NA
-1.537896284285564,-1.5373286207097752,13.057274712507224,6.870264856271882,1.868835490494456,-3.476343845759669,1.7940709196570577,BabyLM 125M — first layer,NA,NA
-1.384379029298325,-1.5373286207097752,13.064641489896044,6.870264856271882,1.868835490494456,-3.476343845759669,1.7940709196570577,BabyLM 125M — first layer,NA,NA
-1.2308617743110852,-1.5373286207097752,13.072008267284868,6.870264856271882,1.868835490494456,-3.476343845759669,1.7940709196570577,BabyLM 125M — first layer,NA,NA
-1.077344519323846,-1.5373286207097752,13.07937504467369,6.870264856271882,1.868835490494456,-3.476343845759669,1.7940709196570577,BabyLM 125M — first layer,NA,NA
-0.9238272643366066,-1.5373286207097752,13.086741822062512,6.870264856271882,1.868835490494456,-3.476343845759669,1.7940709196570577,BabyLM 125M — first layer,NA,NA
-0.7703100093493673,-1.5373286207097752,13.094108599451332,6.870264856271882,1.868835490494456,-3.476343845759669,1.7940709196570577,BabyLM 125M — first layer,NA,NA
-0.6167927543621281,-1.5373286207097752,13.101475376840156,6.870264856271882,1.868835490494456,-3.476343845759669,1.7940709196570577,BabyLM 125M — first layer,NA,NA
-0.46327549937488866,-1.5373286207097752,13.10884215422898,6.870264856271882,1.868835490494456,-3.476343845759669,1.7940709196570577,BabyLM 125M — first layer,NA,NA
-0.30975824438764943,-1.5373286207097752,13.1162089316178,6.870264856271882,1.868835490494456,-3.476343845759669,1.7940709196570577,BabyLM 125M — first layer,NA,NA
-0.1562409894004102,-1.5373286207097752,13.123575709006625,6.870264856271882,1.868835490494456,-3.476343845759669,1.7940709196570577,BabyLM 125M — first layer,NA,NA
-0.00272373441317075,-1.5373286207097752,13.130942486395444,6.870264856271882,1.868835490494456,-3.476343845759669,1.7940709196570577,BabyLM 125M — first layer,NA,NA
0.1507935205740687,-1.5373286207097752,13.138309263784269,6.870264856271882,1.868835490494456,-3.476343845759669,1.7940709196570577,BabyLM 125M — first layer,NA,NA
0.3043107755613079,-1.5373286207097752,13.14567604117309,6.870264856271882,1.868835490494456,-3.476343845759669,1.7940709196570577,BabyLM 125M — first layer,NA,NA
0.4578280305485471,-1.5373286207097752,13.15304281856191,6.870264856271882,1.868835490494456,-3.476343845759669,1.7940709196570577,BabyLM 125M — first layer,NA,NA
0.6113452855357864,-1.5373286207097752,13.160409595950734,6.870264856271882,1.868835490494456,-3.476343845759669,1.7940709196570577,BabyLM 125M — first layer,NA,NA
0.7648625405230256,-1.5373286207097752,13.167776373339557,6.870264856271882,1.868835490494456,-3.476343845759669,1.7940709196570577,BabyLM 125M — first layer,NA,NA
0.9183797955102652,-1.5373286207097752,13.175143150728378,6.870264856271882,1.868835490494456,-3.476343845759669,1.7940709196570577,BabyLM 125M — first layer,NA,NA
1.0718970504975045,-1.5373286207097752,13.1825099281172,6.870264856271882,1.868835490494456,-3.476343845759669,1.7940709196570577,BabyLM 125M — first layer,NA,NA
1.2254143054847435,-1.5373286207097752,13.189876705506022,6.870264856271882,1.868835490494456,-3.476343845759669,1.7940709196570577,BabyLM 125M — first layer,NA,NA
1.378931560471983,-1.5373286207097752,13.197243482894844,6.870264856271882,1.868835490494456,-3.476343845759669,1.7940709196570577,BabyLM 125M — first layer,NA,NA
1.5324488154592222,-1.5373286207097752,13.204610260283664,6.870264856271882,1.868835490494456,-3.476343845759669,1.7940709196570577,BabyLM 125M — first layer,NA,NA
1.6859660704464614,-1.5373286207097752,13.211977037672488,6.870264856271882,1.868835490494456,-3.476343845759669,1.7940709196570577,BabyLM 125M — first layer,NA,NA
1.839483325433701,-1.5373286207097752,13.219343815061311,6.870264856271882,1.868835490494456,-3.476343845759669,1.7940709196570577,BabyLM 125M — first layer,NA,NA
1.9930005804209403,-1.5373286207097752,13.226710592450132,6.870264856271882,1.868835490494456,-3.476343845759669,1.7940709196570577,BabyLM 125M — first layer,NA,NA
2.14651783540818,-1.5373286207097752,13.234077369838957,6.870264856271882,1.868835490494456,-3.476343845759669,1.7940709196570577,BabyLM 125M — first layer,NA,NA
2.300035090395419,-1.5373286207097752,13.241444147227776,6.870264856271882,1.868835490494456,-3.476343845759669,1.7940709196570577,BabyLM 125M — first layer,NA,NA
2.453552345382658,-1.5373286207097752,13.2488109246166,6.870264856271882,1.868835490494456,-3.476343845759669,1.7940709196570577,BabyLM 125M — first layer,NA,NA
-1.9984480492472816,-1.369744118676949,13.030516886222491,6.870264856271882,1.868835490494456,-3.476343845759669,1.7940709196570577,BabyLM 125M — first layer,NA,NA
-1.8449307942600424,-1.369744118676949,13.036144022843716,6.870264856271882,1.868835490494456,-3.476343845759669,1.7940709196570577,BabyLM 125M — first layer,NA,NA
-1.6914135392728031,-1.369744118676949,13.04177115946494,6.870264856271882,1.868835490494456,-3.476343845759669,1.7940709196570577,BabyLM 125M — first layer,NA,NA
-1.537896284285564,-1.369744118676949,13.047398296086165,6.870264856271882,1.868835490494456,-3.476343845759669,1.7940709196570577,BabyLM 125M — first layer,NA,NA
-1.384379029298325,-1.369744118676949,13.053025432707386,6.870264856271882,1.868835490494456,-3.476343845759669,1.7940709196570577,BabyLM 125M — first layer,NA,NA
-1.2308617743110852,-1.369744118676949,13.058652569328611,6.870264856271882,1.868835490494456,-3.476343845759669,1.7940709196570577,BabyLM 125M — first layer,NA,NA
-1.077344519323846,-1.369744118676949,13.064279705949836,6.870264856271882,1.868835490494456,-3.476343845759669,1.7940709196570577,BabyLM 125M — first layer,NA,NA
-0.9238272643366066,-1.369744118676949,13.069906842571058,6.870264856271882,1.868835490494456,-3.476343845759669,1.7940709196570577,BabyLM 125M — first layer,NA,NA
-0.7703100093493673,-1.369744118676949,13.07553397919228,6.870264856271882,1.868835490494456,-3.476343845759669,1.7940709196570577,BabyLM 125M — first layer,NA,NA
-0.6167927543621281,-1.369744118676949,13.081161115813504,6.870264856271882,1.868835490494456,-3.476343845759669,1.7940709196570577,BabyLM 125M — first layer,NA,NA
-0.46327549937488866,-1.369744118676949,13.086788252434728,6.870264856271882,1.868835490494456,-3.476343845759669,1.7940709196570577,BabyLM 125M — first layer,NA,NA
-0.30975824438764943,-1.369744118676949,13.092415389055953,6.870264856271882,1.868835490494456,-3.476343845759669,1.7940709196570577,BabyLM 125M — first layer,NA,NA
-0.1562409894004102,-1.369744118676949,13.098042525677174,6.870264856271882,1.868835490494456,-3.476343845759669,1.7940709196570577,BabyLM 125M — first layer,NA,NA
-0.00272373441317075,-1.369744118676949,13.103669662298396,6.870264856271882,1.868835490494456,-3.476343845759669,1.7940709196570577,BabyLM 125M — first layer,NA,NA
0.1507935205740687,-1.369744118676949,13.10929679891962,6.870264856271882,1.868835490494456,-3.476343845759669,1.7940709196570577,BabyLM 125M — first layer,NA,NA
0.3043107755613079,-1.369744118676949,13.114923935540844,6.870264856271882,1.868835490494456,-3.476343845759669,1.7940709196570577,BabyLM 125M — first layer,NA,NA
0.4578280305485471,-1.369744118676949,13.120551072162067,6.870264856271882,1.868835490494456,-3.476343845759669,1.7940709196570577,BabyLM 125M — first layer,NA,NA
0.6113452855357864,-1.369744118676949,13.12617820878329,6.870264856271882,1.868835490494456,-3.476343845759669,1.7940709196570577,BabyLM 125M — first layer,NA,NA
0.7648625405230256,-1.369744118676949,13.131805345404514,6.870264856271882,1.868835490494456,-3.476343845759669,1.7940709196570577,BabyLM 125M — first layer,NA,NA
0.9183797955102652,-1.369744118676949,13.13743248202574,6.870264856271882,1.868835490494456,-3.476343845759669,1.7940709196570577,BabyLM 125M — first layer,NA,NA
1.0718970504975045,-1.369744118676949,13.143059618646962,6.870264856271882,1.868835490494456,-3.476343845759669,1.7940709196570577,BabyLM 125M — first layer,NA,NA
1.2254143054847435,-1.369744118676949,13.148686755268184,6.870264856271882,1.868835490494456,-3.476343845759669,1.7940709196570577,BabyLM 125M — first layer,NA,NA
1.378931560471983,-1.369744118676949,13.154313891889409,6.870264856271882,1.868835490494456,-3.476343845759669,1.7940709196570577,BabyLM 125M — first layer,NA,NA
1.5324488154592222,-1.369744118676949,13.159941028510632,6.870264856271882,1.868835490494456,-3.476343845759669,1.7940709196570577,BabyLM 125M — first layer,NA,NA
1.6859660704464614,-1.369744118676949,13.165568165131855,6.870264856271882,1.868835490494456,-3.476343845759669,1.7940709196570577,BabyLM 125M — first layer,NA,NA
1.839483325433701,-1.369744118676949,13.17119530175308,6.870264856271882,1.868835490494456,-3.476343845759669,1.7940709196570577,BabyLM 125M — first layer,NA,NA
1.9930005804209403,-1.369744118676949,13.176822438374302,6.870264856271882,1.868835490494456,-3.476343845759669,1.7940709196570577,BabyLM 125M — first layer,NA,NA
2.14651783540818,-1.369744118676949,13.182449574995523,6.870264856271882,1.868835490494456,-3.476343845759669,1.7940709196570577,BabyLM 125M — first layer,NA,NA
2.300035090395419,-1.369744118676949,13.188076711616748,6.870264856271882,1.868835490494456,-3.476343845759669,1.7940709196570577,BabyLM 125M — first layer,NA,NA
2.453552345382658,-1.369744118676949,13.193703848237972,6.870264856271882,1.868835490494456,-3.476343845759669,1.7940709196570577,BabyLM 125M — first layer,NA,NA
-1.9984480492472816,-1.2021596166441229,13.02585939210423,6.870264856271882,1.868835490494456,-3.476343845759669,1.7940709196570577,BabyLM 125M — first layer,NA,NA
-1.8449307942600424,-1.2021596166441229,13.029746887957854,6.870264856271882,1.868835490494456,-3.476343845759669,1.7940709196570577,BabyLM 125M — first layer,NA,NA
-1.6914135392728031,-1.2021596166441229,13.03363438381148,6.870264856271882,1.868835490494456,-3.476343845759669,1.7940709196570577,BabyLM 125M — first layer,NA,NA
-1.537896284285564,-1.2021596166441229,13.037521879665103,6.870264856271882,1.868835490494456,-3.476343845759669,1.7940709196570577,BabyLM 125M — first layer,NA,NA
-1.384379029298325,-1.2021596166441229,13.041409375518729,6.870264856271882,1.868835490494456,-3.476343845759669,1.7940709196570577,BabyLM 125M — first layer,NA,NA
-1.2308617743110852,-1.2021596166441229,13.045296871372352,6.870264856271882,1.868835490494456,-3.476343845759669,1.7940709196570577,BabyLM 125M — first layer,NA,NA
-1.077344519323846,-1.2021596166441229,13.049184367225978,6.870264856271882,1.868835490494456,-3.476343845759669,1.7940709196570577,BabyLM 125M — first layer,NA,NA
-0.9238272643366066,-1.2021596166441229,13.053071863079602,6.870264856271882,1.868835490494456,-3.476343845759669,1.7940709196570577,BabyLM 125M — first layer,NA,NA
-0.7703100093493673,-1.2021596166441229,13.056959358933227,6.870264856271882,1.868835490494456,-3.476343845759669,1.7940709196570577,BabyLM 125M — first layer,NA,NA
-0.6167927543621281,-1.2021596166441229,13.060846854786853,6.870264856271882,1.868835490494456,-3.476343845759669,1.7940709196570577,BabyLM 125M — first layer,NA,NA
-0.46327549937488866,-1.2021596166441229,13.064734350640476,6.870264856271882,1.868835490494456,-3.476343845759669,1.7940709196570577,BabyLM 125M — first layer,NA,NA
-0.30975824438764943,-1.2021596166441229,13.068621846494102,6.870264856271882,1.868835490494456,-3.476343845759669,1.7940709196570577,BabyLM 125M — first layer,NA,NA
-0.1562409894004102,-1.2021596166441229,13.072509342347724,6.870264856271882,1.868835490494456,-3.476343845759669,1.7940709196570577,BabyLM 125M — first layer,NA,NA
-0.00272373441317075,-1.2021596166441229,13.076396838201353,6.870264856271882,1.868835490494456,-3.476343845759669,1.7940709196570577,BabyLM 125M — first layer,NA,NA
0.1507935205740687,-1.2021596166441229,13.080284334054976,6.870264856271882,1.868835490494456,-3.476343845759669,1.7940709196570577,BabyLM 125M — first layer,NA,NA
0.3043107755613079,-1.2021596166441229,13.0841718299086,6.870264856271882,1.868835490494456,-3.476343845759669,1.7940709196570577,BabyLM 125M — first layer,NA,NA
0.4578280305485471,-1.2021596166441229,13.088059325762224,6.870264856271882,1.868835490494456,-3.476343845759669,1.7940709196570577,BabyLM 125M — first layer,NA,NA
0.6113452855357864,-1.2021596166441229,13.09194682161585,6.870264856271882,1.868835490494456,-3.476343845759669,1.7940709196570577,BabyLM 125M — first layer,NA,NA
0.7648625405230256,-1.2021596166441229,13.095834317469476,6.870264856271882,1.868835490494456,-3.476343845759669,1.7940709196570577,BabyLM 125M — first layer,NA,NA
0.9183797955102652,-1.2021596166441229,13.099721813323098,6.870264856271882,1.868835490494456,-3.476343845759669,1.7940709196570577,BabyLM 125M — first layer,NA,NA
1.0718970504975045,-1.2021596166441229,13.103609309176724,6.870264856271882,1.868835490494456,-3.476343845759669,1.7940709196570577,BabyLM 125M — first layer,NA,NA
1.2254143054847435,-1.2021596166441229,13.107496805030348,6.870264856271882,1.868835490494456,-3.476343845759669,1.7940709196570577,BabyLM 125M — first layer,NA,NA
1.378931560471983,-1.2021596166441229,13.111384300883971,6.870264856271882,1.868835490494456,-3.476343845759669,1.7940709196570577,BabyLM 125M — first layer,NA,NA
1.5324488154592222,-1.2021596166441229,13.115271796737597,6.870264856271882,1.868835490494456,-3.476343845759669,1.7940709196570577,BabyLM 125M — first layer,NA,NA
1.6859660704464614,-1.2021596166441229,13.119159292591222,6.870264856271882,1.868835490494456,-3.476343845759669,1.7940709196570577,BabyLM 125M — first layer,NA,NA
1.839483325433701,-1.2021596166441229,13.123046788444846,6.870264856271882,1.868835490494456,-3.476343845759669,1.7940709196570577,BabyLM 125M — first layer,NA,NA
1.9930005804209403,-1.2021596166441229,13.126934284298471,6.870264856271882,1.868835490494456,-3.476343845759669,1.7940709196570577,BabyLM 125M — first layer,NA,NA
2.14651783540818,-1.2021596166441229,13.130821780152097,6.870264856271882,1.868835490494456,-3.476343845759669,1.7940709196570577,BabyLM 125M — first layer,NA,NA
2.300035090395419,-1.2021596166441229,13.13470927600572,6.870264856271882,1.868835490494456,-3.476343845759669,1.7940709196570577,BabyLM 125M — first layer,NA,NA
2.453552345382658,-1.2021596166441229,13.138596771859346,6.870264856271882,1.868835490494456,-3.476343845759669,1.7940709196570577,BabyLM 125M — first layer,NA,NA
-1.9984480492472816,-1.0345751146112967,13.021201897985966,6.870264856271882,1.868835490494456,-3.476343845759669,1.7940709196570577,BabyLM 125M — first layer,NA,NA
-1.8449307942600424,-1.0345751146112967,13.023349753071992,6.870264856271882,1.868835490494456,-3.476343845759669,1.7940709196570577,BabyLM 125M — first layer,NA,NA
-1.6914135392728031,-1.0345751146112967,13.025497608158018,6.870264856271882,1.868835490494456,-3.476343845759669,1.7940709196570577,BabyLM 125M — first layer,NA,NA
-1.537896284285564,-1.0345751146112967,13.027645463244044,6.870264856271882,1.868835490494456,-3.476343845759669,1.7940709196570577,BabyLM 125M — first layer,NA,NA
-1.384379029298325,-1.0345751146112967,13.02979331833007,6.870264856271882,1.868835490494456,-3.476343845759669,1.7940709196570577,BabyLM 125M — first layer,NA,NA
-1.2308617743110852,-1.0345751146112967,13.031941173416095,6.870264856271882,1.868835490494456,-3.476343845759669,1.7940709196570577,BabyLM 125M — first layer,NA,NA
-1.077344519323846,-1.0345751146112967,13.03408902850212,6.870264856271882,1.868835490494456,-3.476343845759669,1.7940709196570577,BabyLM 125M — first layer,NA,NA
-0.9238272643366066,-1.0345751146112967,13.036236883588147,6.870264856271882,1.868835490494456,-3.476343845759669,1.7940709196570577,BabyLM 125M — first layer,NA,NA
-0.7703100093493673,-1.0345751146112967,13.038384738674171,6.870264856271882,1.868835490494456,-3.476343845759669,1.7940709196570577,BabyLM 125M — first layer,NA,NA
-0.6167927543621281,-1.0345751146112967,13.0405325937602,6.870264856271882,1.868835490494456,-3.476343845759669,1.7940709196570577,BabyLM 125M — first layer,NA,NA
-0.46327549937488866,-1.0345751146112967,13.042680448846223,6.870264856271882,1.868835490494456,-3.476343845759669,1.7940709196570577,BabyLM 125M — first layer,NA,NA
-0.30975824438764943,-1.0345751146112967,13.04482830393225,6.870264856271882,1.868835490494456,-3.476343845759669,1.7940709196570577,BabyLM 125M — first layer,NA,NA
-0.1562409894004102,-1.0345751146112967,13.046976159018277,6.870264856271882,1.868835490494456,-3.476343845759669,1.7940709196570577,BabyLM 125M — first layer,NA,NA
-0.00272373441317075,-1.0345751146112967,13.049124014104304,6.870264856271882,1.868835490494456,-3.476343845759669,1.7940709196570577,BabyLM 125M — first layer,NA,NA
0.1507935205740687,-1.0345751146112967,13.051271869190328,6.870264856271882,1.868835490494456,-3.476343845759669,1.7940709196570577,BabyLM 125M — first layer,NA,NA
0.3043107755613079,-1.0345751146112967,13.053419724276356,6.870264856271882,1.868835490494456,-3.476343845759669,1.7940709196570577,BabyLM 125M — first layer,NA,NA
0.4578280305485471,-1.0345751146112967,13.055567579362382,6.870264856271882,1.868835490494456,-3.476343845759669,1.7940709196570577,BabyLM 125M — first layer,NA,NA
0.6113452855357864,-1.0345751146112967,13.057715434448408,6.870264856271882,1.868835490494456,-3.476343845759669,1.7940709196570577,BabyLM 125M — first layer,NA,NA
0.7648625405230256,-1.0345751146112967,13.059863289534434,6.870264856271882,1.868835490494456,-3.476343845759669,1.7940709196570577,BabyLM 125M — first layer,NA,NA
0.9183797955102652,-1.0345751146112967,13.06201114462046,6.870264856271882,1.868835490494456,-3.476343845759669,1.7940709196570577,BabyLM 125M — first layer,NA,NA
1.0718970504975045,-1.0345751146112967,13.064158999706486,6.870264856271882,1.868835490494456,-3.476343845759669,1.7940709196570577,BabyLM 125M — first layer,NA,NA
1.2254143054847435,-1.0345751146112967,13.066306854792511,6.870264856271882,1.868835490494456,-3.476343845759669,1.7940709196570577,BabyLM 125M — first layer,NA,NA
1.378931560471983,-1.0345751146112967,13.068454709878536,6.870264856271882,1.868835490494456,-3.476343845759669,1.7940709196570577,BabyLM 125M — first layer,NA,NA
1.5324488154592222,-1.0345751146112967,13.070602564964563,6.870264856271882,1.868835490494456,-3.476343845759669,1.7940709196570577,BabyLM 125M — first layer,NA,NA
1.6859660704464614,-1.0345751146112967,13.072750420050587,6.870264856271882,1.868835490494456,-3.476343845759669,1.7940709196570577,BabyLM 125M — first layer,NA,NA
1.839483325433701,-1.0345751146112967,13.074898275136617,6.870264856271882,1.868835490494456,-3.476343845759669,1.7940709196570577,BabyLM 125M — first layer,NA,NA
1.9930005804209403,-1.0345751146112967,13.07704613022264,6.870264856271882,1.868835490494456,-3.476343845759669,1.7940709196570577,BabyLM 125M — first layer,NA,NA
2.14651783540818,-1.0345751146112967,13.079193985308669,6.870264856271882,1.868835490494456,-3.476343845759669,1.7940709196570577,BabyLM 125M — first layer,NA,NA
2.300035090395419,-1.0345751146112967,13.081341840394693,6.870264856271882,1.868835490494456,-3.476343845759669,1.7940709196570577,BabyLM 125M — first layer,NA,NA
2.453552345382658,-1.0345751146112967,13.083489695480718,6.870264856271882,1.868835490494456,-3.476343845759669,1.7940709196570577,BabyLM 125M — first layer,NA,NA
-1.9984480492472816,-0.8669906125784705,13.016544403867702,6.870264856271882,1.868835490494456,-3.476343845759669,1.7940709196570577,BabyLM 125M — first layer,NA,NA
-1.8449307942600424,-0.8669906125784705,13.01695261818613,6.870264856271882,1.868835490494456,-3.476343845759669,1.7940709196570577,BabyLM 125M — first layer,NA,NA
-1.6914135392728031,-0.8669906125784705,13.017360832504556,6.870264856271882,1.868835490494456,-3.476343845759669,1.7940709196570577,BabyLM 125M — first layer,NA,NA
-1.537896284285564,-0.8669906125784705,13.017769046822984,6.870264856271882,1.868835490494456,-3.476343845759669,1.7940709196570577,BabyLM 125M — first layer,NA,NA
-1.384379029298325,-0.8669906125784705,13.01817726114141,6.870264856271882,1.868835490494456,-3.476343845759669,1.7940709196570577,BabyLM 125M — first layer,NA,NA
-1.2308617743110852,-0.8669906125784705,13.018585475459838,6.870264856271882,1.868835490494456,-3.476343845759669,1.7940709196570577,BabyLM 125M — first layer,NA,NA
-1.077344519323846,-0.8669906125784705,13.018993689778265,6.870264856271882,1.868835490494456,-3.476343845759669,1.7940709196570577,BabyLM 125M — first layer,NA,NA
-0.9238272643366066,-0.8669906125784705,13.019401904096693,6.870264856271882,1.868835490494456,-3.476343845759669,1.7940709196570577,BabyLM 125M — first layer,NA,NA
-0.7703100093493673,-0.8669906125784705,13.01981011841512,6.870264856271882,1.868835490494456,-3.476343845759669,1.7940709196570577,BabyLM 125M — first layer,NA,NA
-0.6167927543621281,-0.8669906125784705,13.020218332733547,6.870264856271882,1.868835490494456,-3.476343845759669,1.7940709196570577,BabyLM 125M — first layer,NA,NA
-0.46327549937488866,-0.8669906125784705,13.020626547051975,6.870264856271882,1.868835490494456,-3.476343845759669,1.7940709196570577,BabyLM 125M — first layer,NA,NA
-0.30975824438764943,-0.8669906125784705,13.021034761370402,6.870264856271882,1.868835490494456,-3.476343845759669,1.7940709196570577,BabyLM 125M — first layer,NA,NA
-0.1562409894004102,-0.8669906125784705,13.02144297568883,6.870264856271882,1.868835490494456,-3.476343845759669,1.7940709196570577,BabyLM 125M — first layer,NA,NA
-0.00272373441317075,-0.8669906125784705,13.021851190007256,6.870264856271882,1.868835490494456,-3.476343845759669,1.7940709196570577,BabyLM 125M — first layer,NA,NA
0.1507935205740687,-0.8669906125784705,13.022259404325684,6.870264856271882,1.868835490494456,-3.476343845759669,1.7940709196570577,BabyLM 125M — first layer,NA,NA
0.3043107755613079,-0.8669906125784705,13.02266761864411,6.870264856271882,1.868835490494456,-3.476343845759669,1.7940709196570577,BabyLM 125M — first layer,NA,NA
0.4578280305485471,-0.8669906125784705,13.023075832962538,6.870264856271882,1.868835490494456,-3.476343845759669,1.7940709196570577,BabyLM 125M — first layer,NA,NA
0.6113452855357864,-0.8669906125784705,13.023484047280965,6.870264856271882,1.868835490494456,-3.476343845759669,1.7940709196570577,BabyLM 125M — first layer,NA,NA
0.7648625405230256,-0.8669906125784705,13.023892261599393,6.870264856271882,1.868835490494456,-3.476343845759669,1.7940709196570577,BabyLM 125M — first layer,NA,NA
0.9183797955102652,-0.8669906125784705,13.02430047591782,6.870264856271882,1.868835490494456,-3.476343845759669,1.7940709196570577,BabyLM 125M — first layer,NA,NA
1.0718970504975045,-0.8669906125784705,13.024708690236247,6.870264856271882,1.868835490494456,-3.476343845759669,1.7940709196570577,BabyLM 125M — first layer,NA,NA
1.2254143054847435,-0.8669906125784705,13.025116904554674,6.870264856271882,1.868835490494456,-3.476343845759669,1.7940709196570577,BabyLM 125M — first layer,NA,NA
1.378931560471983,-0.8669906125784705,13.025525118873102,6.870264856271882,1.868835490494456,-3.476343845759669,1.7940709196570577,BabyLM 125M — first layer,NA,NA
1.5324488154592222,-0.8669906125784705,13.025933333191528,6.870264856271882,1.868835490494456,-3.476343845759669,1.7940709196570577,BabyLM 125M — first layer,NA,NA
1.6859660704464614,-0.8669906125784705,13.026341547509956,6.870264856271882,1.868835490494456,-3.476343845759669,1.7940709196570577,BabyLM 125M — first layer,NA,NA
1.839483325433701,-0.8669906125784705,13.026749761828382,6.870264856271882,1.868835490494456,-3.476343845759669,1.7940709196570577,BabyLM 125M — first layer,NA,NA
1.9930005804209403,-0.8669906125784705,13.02715797614681,6.870264856271882,1.868835490494456,-3.476343845759669,1.7940709196570577,BabyLM 125M — first layer,NA,NA
2.14651783540818,-0.8669906125784705,13.027566190465237,6.870264856271882,1.868835490494456,-3.476343845759669,1.7940709196570577,BabyLM 125M — first layer,NA,NA
2.300035090395419,-0.8669906125784705,13.027974404783665,6.870264856271882,1.868835490494456,-3.476343845759669,1.7940709196570577,BabyLM 125M — first layer,NA,NA
2.453552345382658,-0.8669906125784705,13.028382619102093,6.870264856271882,1.868835490494456,-3.476343845759669,1.7940709196570577,BabyLM 125M — first layer,NA,NA
-1.9984480492472816,-0.6994061105456442,13.01188690974944,6.870264856271882,1.868835490494456,-3.476343845759669,1.7940709196570577,BabyLM 125M — first layer,NA,NA
-1.8449307942600424,-0.6994061105456442,13.010555483300267,6.870264856271882,1.868835490494456,-3.476343845759669,1.7940709196570577,BabyLM 125M — first layer,NA,NA
-1.6914135392728031,-0.6994061105456442,13.009224056851096,6.870264856271882,1.868835490494456,-3.476343845759669,1.7940709196570577,BabyLM 125M — first layer,NA,NA
-1.537896284285564,-0.6994061105456442,13.007892630401924,6.870264856271882,1.868835490494456,-3.476343845759669,1.7940709196570577,BabyLM 125M — first layer,NA,NA
-1.384379029298325,-0.6994061105456442,13.006561203952751,6.870264856271882,1.868835490494456,-3.476343845759669,1.7940709196570577,BabyLM 125M — first layer,NA,NA
-1.2308617743110852,-0.6994061105456442,13.00522977750358,6.870264856271882,1.868835490494456,-3.476343845759669,1.7940709196570577,BabyLM 125M — first layer,NA,NA
-1.077344519323846,-0.6994061105456442,13.00389835105441,6.870264856271882,1.868835490494456,-3.476343845759669,1.7940709196570577,BabyLM 125M — first layer,NA,NA
-0.9238272643366066,-0.6994061105456442,13.002566924605238,6.870264856271882,1.868835490494456,-3.476343845759669,1.7940709196570577,BabyLM 125M — first layer,NA,NA
-0.7703100093493673,-0.6994061105456442,13.001235498156069,6.870264856271882,1.868835490494456,-3.476343845759669,1.7940709196570577,BabyLM 125M — first layer,NA,NA
-0.6167927543621281,-0.6994061105456442,12.999904071706895,6.870264856271882,1.868835490494456,-3.476343845759669,1.7940709196570577,BabyLM 125M — first layer,NA,NA
-0.46327549937488866,-0.6994061105456442,12.998572645257724,6.870264856271882,1.868835490494456,-3.476343845759669,1.7940709196570577,BabyLM 125M — first layer,NA,NA
-0.30975824438764943,-0.6994061105456442,12.997241218808552,6.870264856271882,1.868835490494456,-3.476343845759669,1.7940709196570577,BabyLM 125M — first layer,NA,NA
-0.1562409894004102,-0.6994061105456442,12.99590979235938,6.870264856271882,1.868835490494456,-3.476343845759669,1.7940709196570577,BabyLM 125M — first layer,NA,NA
-0.00272373441317075,-0.6994061105456442,12.99457836591021,6.870264856271882,1.868835490494456,-3.476343845759669,1.7940709196570577,BabyLM 125M — first layer,NA,NA
0.1507935205740687,-0.6994061105456442,12.993246939461038,6.870264856271882,1.868835490494456,-3.476343845759669,1.7940709196570577,BabyLM 125M — first layer,NA,NA
0.3043107755613079,-0.6994061105456442,12.991915513011866,6.870264856271882,1.868835490494456,-3.476343845759669,1.7940709196570577,BabyLM 125M — first layer,NA,NA
0.4578280305485471,-0.6994061105456442,12.990584086562697,6.870264856271882,1.868835490494456,-3.476343845759669,1.7940709196570577,BabyLM 125M — first layer,NA,NA
0.6113452855357864,-0.6994061105456442,12.989252660113523,6.870264856271882,1.868835490494456,-3.476343845759669,1.7940709196570577,BabyLM 125M — first layer,NA,NA
0.7648625405230256,-0.6994061105456442,12.987921233664352,6.870264856271882,1.868835490494456,-3.476343845759669,1.7940709196570577,BabyLM 125M — first layer,NA,NA
0.9183797955102652,-0.6994061105456442,12.98658980721518,6.870264856271882,1.868835490494456,-3.476343845759669,1.7940709196570577,BabyLM 125M — first layer,NA,NA
1.0718970504975045,-0.6994061105456442,12.985258380766007,6.870264856271882,1.868835490494456,-3.476343845759669,1.7940709196570577,BabyLM 125M — first layer,NA,NA
1.2254143054847435,-0.6994061105456442,12.983926954316836,6.870264856271882,1.868835490494456,-3.476343845759669,1.7940709196570577,BabyLM 125M — first layer,NA,NA
1.378931560471983,-0.6994061105456442,12.982595527867666,6.870264856271882,1.868835490494456,-3.476343845759669,1.7940709196570577,BabyLM 125M — first layer,NA,NA
1.5324488154592222,-0.6994061105456442,12.981264101418494,6.870264856271882,1.868835490494456,-3.476343845759669,1.7940709196570577,BabyLM 125M — first layer,NA,NA
1.6859660704464614,-0.6994061105456442,12.979932674969325,6.870264856271882,1.868835490494456,-3.476343845759669,1.7940709196570577,BabyLM 125M — first layer,NA,NA
1.839483325433701,-0.6994061105456442,12.978601248520151,6.870264856271882,1.868835490494456,-3.476343845759669,1.7940709196570577,BabyLM 125M — first layer,NA,NA
1.9930005804209403,-0.6994061105456442,12.97726982207098,6.870264856271882,1.868835490494456,-3.476343845759669,1.7940709196570577,BabyLM 125M — first layer,NA,NA
2.14651783540818,-0.6994061105456442,12.975938395621808,6.870264856271882,1.868835490494456,-3.476343845759669,1.7940709196570577,BabyLM 125M — first layer,NA,NA
2.300035090395419,-0.6994061105456442,12.974606969172635,6.870264856271882,1.868835490494456,-3.476343845759669,1.7940709196570577,BabyLM 125M — first layer,NA,NA
2.453552345382658,-0.6994061105456442,12.973275542723464,6.870264856271882,1.868835490494456,-3.476343845759669,1.7940709196570577,BabyLM 125M — first layer,NA,NA
-1.9984480492472816,-0.5318216085128178,13.007229415631176,6.870264856271882,1.868835490494456,-3.476343845759669,1.7940709196570577,BabyLM 125M — first layer,NA,NA
-1.8449307942600424,-0.5318216085128178,13.004158348414403,6.870264856271882,1.868835490494456,-3.476343845759669,1.7940709196570577,BabyLM 125M — first layer,NA,NA
-1.6914135392728031,-0.5318216085128178,13.001087281197634,6.870264856271882,1.868835490494456,-3.476343845759669,1.7940709196570577,BabyLM 125M — first layer,NA,NA
-1.537896284285564,-0.5318216085128178,12.998016213980865,6.870264856271882,1.868835490494456,-3.476343845759669,1.7940709196570577,BabyLM 125M — first layer,NA,NA
-1.384379029298325,-0.5318216085128178,12.994945146764094,6.870264856271882,1.868835490494456,-3.476343845759669,1.7940709196570577,BabyLM 125M — first layer,NA,NA
-1.2308617743110852,-0.5318216085128178,12.991874079547324,6.870264856271882,1.868835490494456,-3.476343845759669,1.7940709196570577,BabyLM 125M — first layer,NA,NA
-1.077344519323846,-0.5318216085128178,12.988803012330552,6.870264856271882,1.868835490494456,-3.476343845759669,1.7940709196570577,BabyLM 125M — first layer,NA,NA
-0.9238272643366066,-0.5318216085128178,12.985731945113784,6.870264856271882,1.868835490494456,-3.476343845759669,1.7940709196570577,BabyLM 125M — first layer,NA,NA
-0.7703100093493673,-0.5318216085128178,12.982660877897011,6.870264856271882,1.868835490494456,-3.476343845759669,1.7940709196570577,BabyLM 125M — first layer,NA,NA
-0.6167927543621281,-0.5318216085128178,12.979589810680244,6.870264856271882,1.868835490494456,-3.476343845759669,1.7940709196570577,BabyLM 125M — first layer,NA,NA
-0.46327549937488866,-0.5318216085128178,12.976518743463473,6.870264856271882,1.868835490494456,-3.476343845759669,1.7940709196570577,BabyLM 125M — first layer,NA,NA
-0.30975824438764943,-0.5318216085128178,12.9734476762467,6.870264856271882,1.868835490494456,-3.476343845759669,1.7940709196570577,BabyLM 125M — first layer,NA,NA
-0.1562409894004102,-0.5318216085128178,12.970376609029932,6.870264856271882,1.868835490494456,-3.476343845759669,1.7940709196570577,BabyLM 125M — first layer,NA,NA
-0.00272373441317075,-0.5318216085128178,12.96730554181316,6.870264856271882,1.868835490494456,-3.476343845759669,1.7940709196570577,BabyLM 125M — first layer,NA,NA
0.1507935205740687,-0.5318216085128178,12.964234474596392,6.870264856271882,1.868835490494456,-3.476343845759669,1.7940709196570577,BabyLM 125M — first layer,NA,NA
0.3043107755613079,-0.5318216085128178,12.96116340737962,6.870264856271882,1.868835490494456,-3.476343845759669,1.7940709196570577,BabyLM 125M — first layer,NA,NA
0.4578280305485471,-0.5318216085128178,12.958092340162851,6.870264856271882,1.868835490494456,-3.476343845759669,1.7940709196570577,BabyLM 125M — first layer,NA,NA
0.6113452855357864,-0.5318216085128178,12.95502127294608,6.870264856271882,1.868835490494456,-3.476343845759669,1.7940709196570577,BabyLM 125M — first layer,NA,NA
0.7648625405230256,-0.5318216085128178,12.951950205729313,6.870264856271882,1.868835490494456,-3.476343845759669,1.7940709196570577,BabyLM 125M — first layer,NA,NA
0.9183797955102652,-0.5318216085128178,12.94887913851254,6.870264856271882,1.868835490494456,-3.476343845759669,1.7940709196570577,BabyLM 125M — first layer,NA,NA
1.0718970504975045,-0.5318216085128178,12.94580807129577,6.870264856271882,1.868835490494456,-3.476343845759669,1.7940709196570577,BabyLM 125M — first layer,NA,NA
1.2254143054847435,-0.5318216085128178,12.942737004079,6.870264856271882,1.868835490494456,-3.476343845759669,1.7940709196570577,BabyLM 125M — first layer,NA,NA
1.378931560471983,-0.5318216085128178,12.93966593686223,6.870264856271882,1.868835490494456,-3.476343845759669,1.7940709196570577,BabyLM 125M — first layer,NA,NA
1.5324488154592222,-0.5318216085128178,12.93659486964546,6.870264856271882,1.868835490494456,-3.476343845759669,1.7940709196570577,BabyLM 125M — first layer,NA,NA
1.6859660704464614,-0.5318216085128178,12.93352380242869,6.870264856271882,1.868835490494456,-3.476343845759669,1.7940709196570577,BabyLM 125M — first layer,NA,NA
1.839483325433701,-0.5318216085128178,12.93045273521192,6.870264856271882,1.868835490494456,-3.476343845759669,1.7940709196570577,BabyLM 125M — first layer,NA,NA
1.9930005804209403,-0.5318216085128178,12.92738166799515,6.870264856271882,1.868835490494456,-3.476343845759669,1.7940709196570577,BabyLM 125M — first layer,NA,NA
2.14651783540818,-0.5318216085128178,12.924310600778378,6.870264856271882,1.868835490494456,-3.476343845759669,1.7940709196570577,BabyLM 125M — first layer,NA,NA
2.300035090395419,-0.5318216085128178,12.921239533561607,6.870264856271882,1.868835490494456,-3.476343845759669,1.7940709196570577,BabyLM 125M — first layer,NA,NA
2.453552345382658,-0.5318216085128178,12.918168466344838,6.870264856271882,1.868835490494456,-3.476343845759669,1.7940709196570577,BabyLM 125M — first layer,NA,NA
-1.9984480492472816,-0.3642371064799916,13.002571921512912,6.870264856271882,1.868835490494456,-3.476343845759669,1.7940709196570577,BabyLM 125M — first layer,NA,NA
-1.8449307942600424,-0.3642371064799916,12.997761213528545,6.870264856271882,1.868835490494456,-3.476343845759669,1.7940709196570577,BabyLM 125M — first layer,NA,NA
-1.6914135392728031,-0.3642371064799916,12.992950505544174,6.870264856271882,1.868835490494456,-3.476343845759669,1.7940709196570577,BabyLM 125M — first layer,NA,NA
-1.537896284285564,-0.3642371064799916,12.988139797559803,6.870264856271882,1.868835490494456,-3.476343845759669,1.7940709196570577,BabyLM 125M — first layer,NA,NA
-1.384379029298325,-0.3642371064799916,12.983329089575436,6.870264856271882,1.868835490494456,-3.476343845759669,1.7940709196570577,BabyLM 125M — first layer,NA,NA
-1.2308617743110852,-0.3642371064799916,12.978518381591066,6.870264856271882,1.868835490494456,-3.476343845759669,1.7940709196570577,BabyLM 125M — first layer,NA,NA
-1.077344519323846,-0.3642371064799916,12.973707673606697,6.870264856271882,1.868835490494456,-3.476343845759669,1.7940709196570577,BabyLM 125M — first layer,NA,NA
-0.9238272643366066,-0.3642371064799916,12.968896965622328,6.870264856271882,1.868835490494456,-3.476343845759669,1.7940709196570577,BabyLM 125M — first layer,NA,NA
-0.7703100093493673,-0.3642371064799916,12.96408625763796,6.870264856271882,1.868835490494456,-3.476343845759669,1.7940709196570577,BabyLM 125M — first layer,NA,NA
-0.6167927543621281,-0.3642371064799916,12.95927554965359,6.870264856271882,1.868835490494456,-3.476343845759669,1.7940709196570577,BabyLM 125M — first layer,NA,NA
-0.46327549937488866,-0.3642371064799916,12.95446484166922,6.870264856271882,1.868835490494456,-3.476343845759669,1.7940709196570577,BabyLM 125M — first layer,NA,NA
-0.30975824438764943,-0.3642371064799916,12.949654133684852,6.870264856271882,1.868835490494456,-3.476343845759669,1.7940709196570577,BabyLM 125M — first layer,NA,NA
-0.1562409894004102,-0.3642371064799916,12.944843425700483,6.870264856271882,1.868835490494456,-3.476343845759669,1.7940709196570577,BabyLM 125M — first layer,NA,NA
-0.00272373441317075,-0.3642371064799916,12.940032717716116,6.870264856271882,1.868835490494456,-3.476343845759669,1.7940709196570577,BabyLM 125M — first layer,NA,NA
0.1507935205740687,-0.3642371064799916,12.935222009731746,6.870264856271882,1.868835490494456,-3.476343845759669,1.7940709196570577,BabyLM 125M — first layer,NA,NA
0.3043107755613079,-0.3642371064799916,12.930411301747377,6.870264856271882,1.868835490494456,-3.476343845759669,1.7940709196570577,BabyLM 125M — first layer,NA,NA
0.4578280305485471,-0.3642371064799916,12.925600593763008,6.870264856271882,1.868835490494456,-3.476343845759669,1.7940709196570577,BabyLM 125M — first layer,NA,NA
0.6113452855357864,-0.3642371064799916,12.92078988577864,6.870264856271882,1.868835490494456,-3.476343845759669,1.7940709196570577,BabyLM 125M — first layer,NA,NA
0.7648625405230256,-0.3642371064799916,12.91597917779427,6.870264856271882,1.868835490494456,-3.476343845759669,1.7940709196570577,BabyLM 125M — first layer,NA,NA
0.9183797955102652,-0.3642371064799916,12.9111684698099,6.870264856271882,1.868835490494456,-3.476343845759669,1.7940709196570577,BabyLM 125M — first layer,NA,NA
1.0718970504975045,-0.3642371064799916,12.906357761825532,6.870264856271882,1.868835490494456,-3.476343845759669,1.7940709196570577,BabyLM 125M — first layer,NA,NA
1.2254143054847435,-0.3642371064799916,12.901547053841163,6.870264856271882,1.868835490494456,-3.476343845759669,1.7940709196570577,BabyLM 125M — first layer,NA,NA
1.378931560471983,-0.3642371064799916,12.896736345856796,6.870264856271882,1.868835490494456,-3.476343845759669,1.7940709196570577,BabyLM 125M — first layer,NA,NA
1.5324488154592222,-0.3642371064799916,12.891925637872426,6.870264856271882,1.868835490494456,-3.476343845759669,1.7940709196570577,BabyLM 125M — first layer,NA,NA
1.6859660704464614,-0.3642371064799916,12.887114929888057,6.870264856271882,1.868835490494456,-3.476343845759669,1.7940709196570577,BabyLM 125M — first layer,NA,NA
1.839483325433701,-0.3642371064799916,12.882304221903688,6.870264856271882,1.868835490494456,-3.476343845759669,1.7940709196570577,BabyLM 125M — first layer,NA,NA
1.9930005804209403,-0.3642371064799916,12.877493513919315,6.870264856271882,1.868835490494456,-3.476343845759669,1.7940709196570577,BabyLM 125M — first layer,NA,NA
2.14651783540818,-0.3642371064799916,12.872682805934948,6.870264856271882,1.868835490494456,-3.476343845759669,1.7940709196570577,BabyLM 125M — first layer,NA,NA
2.300035090395419,-0.3642371064799916,12.86787209795058,6.870264856271882,1.868835490494456,-3.476343845759669,1.7940709196570577,BabyLM 125M — first layer,NA,NA
2.453552345382658,-0.3642371064799916,12.86306138996621,6.870264856271882,1.868835490494456,-3.476343845759669,1.7940709196570577,BabyLM 125M — first layer,NA,NA
-1.9984480492472816,-0.19665260444716548,12.997914427394647,6.870264856271882,1.868835490494456,-3.476343845759669,1.7940709196570577,BabyLM 125M — first layer,NA,NA
-1.8449307942600424,-0.19665260444716548,12.99136407864268,6.870264856271882,1.868835490494456,-3.476343845759669,1.7940709196570577,BabyLM 125M — first layer,NA,NA
-1.6914135392728031,-0.19665260444716548,12.984813729890712,6.870264856271882,1.868835490494456,-3.476343845759669,1.7940709196570577,BabyLM 125M — first layer,NA,NA
-1.537896284285564,-0.19665260444716548,12.978263381138744,6.870264856271882,1.868835490494456,-3.476343845759669,1.7940709196570577,BabyLM 125M — first layer,NA,NA
-1.384379029298325,-0.19665260444716548,12.971713032386775,6.870264856271882,1.868835490494456,-3.476343845759669,1.7940709196570577,BabyLM 125M — first layer,NA,NA
-1.2308617743110852,-0.19665260444716548,12.965162683634809,6.870264856271882,1.868835490494456,-3.476343845759669,1.7940709196570577,BabyLM 125M — first layer,NA,NA
-1.077344519323846,-0.19665260444716548,12.958612334882842,6.870264856271882,1.868835490494456,-3.476343845759669,1.7940709196570577,BabyLM 125M — first layer,NA,NA
-0.9238272643366066,-0.19665260444716548,12.952061986130872,6.870264856271882,1.868835490494456,-3.476343845759669,1.7940709196570577,BabyLM 125M — first layer,NA,NA
-0.7703100093493673,-0.19665260444716548,12.945511637378909,6.870264856271882,1.868835490494456,-3.476343845759669,1.7940709196570577,BabyLM 125M — first layer,NA,NA
-0.6167927543621281,-0.19665260444716548,12.938961288626938,6.870264856271882,1.868835490494456,-3.476343845759669,1.7940709196570577,BabyLM 125M — first layer,NA,NA
-0.46327549937488866,-0.19665260444716548,12.93241093987497,6.870264856271882,1.868835490494456,-3.476343845759669,1.7940709196570577,BabyLM 125M — first layer,NA,NA
-0.30975824438764943,-0.19665260444716548,12.925860591123003,6.870264856271882,1.868835490494456,-3.476343845759669,1.7940709196570577,BabyLM 125M — first layer,NA,NA
-0.1562409894004102,-0.19665260444716548,12.919310242371036,6.870264856271882,1.868835490494456,-3.476343845759669,1.7940709196570577,BabyLM 125M — first layer,NA,NA
-0.00272373441317075,-0.19665260444716548,12.912759893619068,6.870264856271882,1.868835490494456,-3.476343845759669,1.7940709196570577,BabyLM 125M — first layer,NA,NA
0.1507935205740687,-0.19665260444716548,12.9062095448671,6.870264856271882,1.868835490494456,-3.476343845759669,1.7940709196570577,BabyLM 125M — first layer,NA,NA
0.3043107755613079,-0.19665260444716548,12.899659196115133,6.870264856271882,1.868835490494456,-3.476343845759669,1.7940709196570577,BabyLM 125M — first layer,NA,NA
0.4578280305485471,-0.19665260444716548,12.893108847363164,6.870264856271882,1.868835490494456,-3.476343845759669,1.7940709196570577,BabyLM 125M — first layer,NA,NA
0.6113452855357864,-0.19665260444716548,12.886558498611196,6.870264856271882,1.868835490494456,-3.476343845759669,1.7940709196570577,BabyLM 125M — first layer,NA,NA
0.7648625405230256,-0.19665260444716548,12.88000814985923,6.870264856271882,1.868835490494456,-3.476343845759669,1.7940709196570577,BabyLM 125M — first layer,NA,NA
0.9183797955102652,-0.19665260444716548,12.87345780110726,6.870264856271882,1.868835490494456,-3.476343845759669,1.7940709196570577,BabyLM 125M — first layer,NA,NA
1.0718970504975045,-0.19665260444716548,12.866907452355294,6.870264856271882,1.868835490494456,-3.476343845759669,1.7940709196570577,BabyLM 125M — first layer,NA,NA
1.2254143054847435,-0.19665260444716548,12.860357103603326,6.870264856271882,1.868835490494456,-3.476343845759669,1.7940709196570577,BabyLM 125M — first layer,NA,NA
1.378931560471983,-0.19665260444716548,12.85380675485136,6.870264856271882,1.868835490494456,-3.476343845759669,1.7940709196570577,BabyLM 125M — first layer,NA,NA
1.5324488154592222,-0.19665260444716548,12.84725640609939,6.870264856271882,1.868835490494456,-3.476343845759669,1.7940709196570577,BabyLM 125M — first layer,NA,NA
1.6859660704464614,-0.19665260444716548,12.840706057347424,6.870264856271882,1.868835490494456,-3.476343845759669,1.7940709196570577,BabyLM 125M — first layer,NA,NA
1.839483325433701,-0.19665260444716548,12.834155708595455,6.870264856271882,1.868835490494456,-3.476343845759669,1.7940709196570577,BabyLM 125M — first layer,NA,NA
1.9930005804209403,-0.19665260444716548,12.827605359843488,6.870264856271882,1.868835490494456,-3.476343845759669,1.7940709196570577,BabyLM 125M — first layer,NA,NA
2.14651783540818,-0.19665260444716548,12.82105501109152,6.870264856271882,1.868835490494456,-3.476343845759669,1.7940709196570577,BabyLM 125M — first layer,NA,NA
2.300035090395419,-0.19665260444716548,12.814504662339552,6.870264856271882,1.868835490494456,-3.476343845759669,1.7940709196570577,BabyLM 125M — first layer,NA,NA
2.453552345382658,-0.19665260444716548,12.807954313587585,6.870264856271882,1.868835490494456,-3.476343845759669,1.7940709196570577,BabyLM 125M — first layer,NA,NA
-1.9984480492472816,-0.02906810241433932,12.993256933276385,6.870264856271882,1.868835490494456,-3.476343845759669,1.7940709196570577,BabyLM 125M — first layer,NA,NA
-1.8449307942600424,-0.02906810241433932,12.984966943756817,6.870264856271882,1.868835490494456,-3.476343845759669,1.7940709196570577,BabyLM 125M — first layer,NA,NA
-1.6914135392728031,-0.02906810241433932,12.97667695423725,6.870264856271882,1.868835490494456,-3.476343845759669,1.7940709196570577,BabyLM 125M — first layer,NA,NA
-1.537896284285564,-0.02906810241433932,12.968386964717684,6.870264856271882,1.868835490494456,-3.476343845759669,1.7940709196570577,BabyLM 125M — first layer,NA,NA
-1.384379029298325,-0.02906810241433932,12.960096975198118,6.870264856271882,1.868835490494456,-3.476343845759669,1.7940709196570577,BabyLM 125M — first layer,NA,NA
-1.2308617743110852,-0.02906810241433932,12.951806985678552,6.870264856271882,1.868835490494456,-3.476343845759669,1.7940709196570577,BabyLM 125M — first layer,NA,NA
-1.077344519323846,-0.02906810241433932,12.943516996158984,6.870264856271882,1.868835490494456,-3.476343845759669,1.7940709196570577,BabyLM 125M — first layer,NA,NA
-0.9238272643366066,-0.02906810241433932,12.93522700663942,6.870264856271882,1.868835490494456,-3.476343845759669,1.7940709196570577,BabyLM 125M — first layer,NA,NA
-0.7703100093493673,-0.02906810241433932,12.926937017119853,6.870264856271882,1.868835490494456,-3.476343845759669,1.7940709196570577,BabyLM 125M — first layer,NA,NA
-0.6167927543621281,-0.02906810241433932,12.918647027600286,6.870264856271882,1.868835490494456,-3.476343845759669,1.7940709196570577,BabyLM 125M — first layer,NA,NA
-0.46327549937488866,-0.02906810241433932,12.91035703808072,6.870264856271882,1.868835490494456,-3.476343845759669,1.7940709196570577,BabyLM 125M — first layer,NA,NA
-0.30975824438764943,-0.02906810241433932,12.902067048561154,6.870264856271882,1.868835490494456,-3.476343845759669,1.7940709196570577,BabyLM 125M — first layer,NA,NA
-0.1562409894004102,-0.02906810241433932,12.893777059041586,6.870264856271882,1.868835490494456,-3.476343845759669,1.7940709196570577,BabyLM 125M — first layer,NA,NA
-0.00272373441317075,-0.02906810241433932,12.88548706952202,6.870264856271882,1.868835490494456,-3.476343845759669,1.7940709196570577,BabyLM 125M — first layer,NA,NA
0.1507935205740687,-0.02906810241433932,12.877197080002452,6.870264856271882,1.868835490494456,-3.476343845759669,1.7940709196570577,BabyLM 125M — first layer,NA,NA
0.3043107755613079,-0.02906810241433932,12.868907090482889,6.870264856271882,1.868835490494456,-3.476343845759669,1.7940709196570577,BabyLM 125M — first layer,NA,NA
0.4578280305485471,-0.02906810241433932,12.86061710096332,6.870264856271882,1.868835490494456,-3.476343845759669,1.7940709196570577,BabyLM 125M — first layer,NA,NA
0.6113452855357864,-0.02906810241433932,12.852327111443756,6.870264856271882,1.868835490494456,-3.476343845759669,1.7940709196570577,BabyLM 125M — first layer,NA,NA
0.7648625405230256,-0.02906810241433932,12.844037121924188,6.870264856271882,1.868835490494456,-3.476343845759669,1.7940709196570577,BabyLM 125M — first layer,NA,NA
0.9183797955102652,-0.02906810241433932,12.835747132404622,6.870264856271882,1.868835490494456,-3.476343845759669,1.7940709196570577,BabyLM 125M — first layer,NA,NA
1.0718970504975045,-0.02906810241433932,12.827457142885056,6.870264856271882,1.868835490494456,-3.476343845759669,1.7940709196570577,BabyLM 125M — first layer,NA,NA
1.2254143054847435,-0.02906810241433932,12.81916715336549,6.870264856271882,1.868835490494456,-3.476343845759669,1.7940709196570577,BabyLM 125M — first layer,NA,NA
1.378931560471983,-0.02906810241433932,12.810877163845923,6.870264856271882,1.868835490494456,-3.476343845759669,1.7940709196570577,BabyLM 125M — first layer,NA,NA
1.5324488154592222,-0.02906810241433932,12.802587174326357,6.870264856271882,1.868835490494456,-3.476343845759669,1.7940709196570577,BabyLM 125M — first layer,NA,NA
1.6859660704464614,-0.02906810241433932,12.79429718480679,6.870264856271882,1.868835490494456,-3.476343845759669,1.7940709196570577,BabyLM 125M — first layer,NA,NA
1.839483325433701,-0.02906810241433932,12.786007195287224,6.870264856271882,1.868835490494456,-3.476343845759669,1.7940709196570577,BabyLM 125M — first layer,NA,NA
1.9930005804209403,-0.02906810241433932,12.777717205767656,6.870264856271882,1.868835490494456,-3.476343845759669,1.7940709196570577,BabyLM 125M — first layer,NA,NA
2.14651783540818,-0.02906810241433932,12.76942721624809,6.870264856271882,1.868835490494456,-3.476343845759669,1.7940709196570577,BabyLM 125M — first layer,NA,NA
2.300035090395419,-0.02906810241433932,12.761137226728524,6.870264856271882,1.868835490494456,-3.476343845759669,1.7940709196570577,BabyLM 125M — first layer,NA,NA
2.453552345382658,-0.02906810241433932,12.752847237208956,6.870264856271882,1.868835490494456,-3.476343845759669,1.7940709196570577,BabyLM 125M — first layer,NA,NA
-1.9984480492472816,0.13851639961848683,12.98859943915812,6.870264856271882,1.868835490494456,-3.476343845759669,1.7940709196570577,BabyLM 125M — first layer,NA,NA
-1.8449307942600424,0.13851639961848683,12.978569808870954,6.870264856271882,1.868835490494456,-3.476343845759669,1.7940709196570577,BabyLM 125M — first layer,NA,NA
-1.6914135392728031,0.13851639961848683,12.96854017858379,6.870264856271882,1.868835490494456,-3.476343845759669,1.7940709196570577,BabyLM 125M — first layer,NA,NA
-1.537896284285564,0.13851639961848683,12.958510548296625,6.870264856271882,1.868835490494456,-3.476343845759669,1.7940709196570577,BabyLM 125M — first layer,NA,NA
-1.384379029298325,0.13851639961848683,12.94848091800946,6.870264856271882,1.868835490494456,-3.476343845759669,1.7940709196570577,BabyLM 125M — first layer,NA,NA
-1.2308617743110852,0.13851639961848683,12.938451287722296,6.870264856271882,1.868835490494456,-3.476343845759669,1.7940709196570577,BabyLM 125M — first layer,NA,NA
-1.077344519323846,0.13851639961848683,12.928421657435129,6.870264856271882,1.868835490494456,-3.476343845759669,1.7940709196570577,BabyLM 125M — first layer,NA,NA
-0.9238272643366066,0.13851639961848683,12.918392027147965,6.870264856271882,1.868835490494456,-3.476343845759669,1.7940709196570577,BabyLM 125M — first layer,NA,NA
-0.7703100093493673,0.13851639961848683,12.9083623968608,6.870264856271882,1.868835490494456,-3.476343845759669,1.7940709196570577,BabyLM 125M — first layer,NA,NA
-0.6167927543621281,0.13851639961848683,12.898332766573631,6.870264856271882,1.868835490494456,-3.476343845759669,1.7940709196570577,BabyLM 125M — first layer,NA,NA
-0.46327549937488866,0.13851639961848683,12.888303136286469,6.870264856271882,1.868835490494456,-3.476343845759669,1.7940709196570577,BabyLM 125M — first layer,NA,NA
-0.30975824438764943,0.13851639961848683,12.878273505999305,6.870264856271882,1.868835490494456,-3.476343845759669,1.7940709196570577,BabyLM 125M — first layer,NA,NA
-0.1562409894004102,0.13851639961848683,12.86824387571214,6.870264856271882,1.868835490494456,-3.476343845759669,1.7940709196570577,BabyLM 125M — first layer,NA,NA
-0.00272373441317075,0.13851639961848683,12.858214245424971,6.870264856271882,1.868835490494456,-3.476343845759669,1.7940709196570577,BabyLM 125M — first layer,NA,NA
0.1507935205740687,0.13851639961848683,12.848184615137807,6.870264856271882,1.868835490494456,-3.476343845759669,1.7940709196570577,BabyLM 125M — first layer,NA,NA
0.3043107755613079,0.13851639961848683,12.838154984850645,6.870264856271882,1.868835490494456,-3.476343845759669,1.7940709196570577,BabyLM 125M — first layer,NA,NA
0.4578280305485471,0.13851639961848683,12.828125354563475,6.870264856271882,1.868835490494456,-3.476343845759669,1.7940709196570577,BabyLM 125M — first layer,NA,NA
0.6113452855357864,0.13851639961848683,12.818095724276311,6.870264856271882,1.868835490494456,-3.476343845759669,1.7940709196570577,BabyLM 125M — first layer,NA,NA
0.7648625405230256,0.13851639961848683,12.808066093989147,6.870264856271882,1.868835490494456,-3.476343845759669,1.7940709196570577,BabyLM 125M — first layer,NA,NA
0.9183797955102652,0.13851639961848683,12.79803646370198,6.870264856271882,1.868835490494456,-3.476343845759669,1.7940709196570577,BabyLM 125M — first layer,NA,NA
1.0718970504975045,0.13851639961848683,12.788006833414816,6.870264856271882,1.868835490494456,-3.476343845759669,1.7940709196570577,BabyLM 125M — first layer,NA,NA
1.2254143054847435,0.13851639961848683,12.777977203127652,6.870264856271882,1.868835490494456,-3.476343845759669,1.7940709196570577,BabyLM 125M — first layer,NA,NA
1.378931560471983,0.13851639961848683,12.767947572840487,6.870264856271882,1.868835490494456,-3.476343845759669,1.7940709196570577,BabyLM 125M — first layer,NA,NA
1.5324488154592222,0.13851639961848683,12.757917942553322,6.870264856271882,1.868835490494456,-3.476343845759669,1.7940709196570577,BabyLM 125M — first layer,NA,NA
1.6859660704464614,0.13851639961848683,12.747888312266156,6.870264856271882,1.868835490494456,-3.476343845759669,1.7940709196570577,BabyLM 125M — first layer,NA,NA
1.839483325433701,0.13851639961848683,12.737858681978992,6.870264856271882,1.868835490494456,-3.476343845759669,1.7940709196570577,BabyLM 125M — first layer,NA,NA
1.9930005804209403,0.13851639961848683,12.727829051691826,6.870264856271882,1.868835490494456,-3.476343845759669,1.7940709196570577,BabyLM 125M — first layer,NA,NA
2.14651783540818,0.13851639961848683,12.717799421404662,6.870264856271882,1.868835490494456,-3.476343845759669,1.7940709196570577,BabyLM 125M — first layer,NA,NA
2.300035090395419,0.13851639961848683,12.707769791117496,6.870264856271882,1.868835490494456,-3.476343845759669,1.7940709196570577,BabyLM 125M — first layer,NA,NA
2.453552345382658,0.13851639961848683,12.69774016083033,6.870264856271882,1.868835490494456,-3.476343845759669,1.7940709196570577,BabyLM 125M — first layer,NA,NA
-1.9984480492472816,0.306100901651313,12.983941945039856,6.870264856271882,1.868835490494456,-3.476343845759669,1.7940709196570577,BabyLM 125M — first layer,NA,NA
-1.8449307942600424,0.306100901651313,12.972172673985092,6.870264856271882,1.868835490494456,-3.476343845759669,1.7940709196570577,BabyLM 125M — first layer,NA,NA
-1.6914135392728031,0.306100901651313,12.960403402930329,6.870264856271882,1.868835490494456,-3.476343845759669,1.7940709196570577,BabyLM 125M — first layer,NA,NA
-1.537896284285564,0.306100901651313,12.948634131875563,6.870264856271882,1.868835490494456,-3.476343845759669,1.7940709196570577,BabyLM 125M — first layer,NA,NA
-1.384379029298325,0.306100901651313,12.9368648608208,6.870264856271882,1.868835490494456,-3.476343845759669,1.7940709196570577,BabyLM 125M — first layer,NA,NA
-1.2308617743110852,0.306100901651313,12.925095589766038,6.870264856271882,1.868835490494456,-3.476343845759669,1.7940709196570577,BabyLM 125M — first layer,NA,NA
-1.077344519323846,0.306100901651313,12.913326318711274,6.870264856271882,1.868835490494456,-3.476343845759669,1.7940709196570577,BabyLM 125M — first layer,NA,NA
-0.9238272643366066,0.306100901651313,12.901557047656508,6.870264856271882,1.868835490494456,-3.476343845759669,1.7940709196570577,BabyLM 125M — first layer,NA,NA
-0.7703100093493673,0.306100901651313,12.889787776601745,6.870264856271882,1.868835490494456,-3.476343845759669,1.7940709196570577,BabyLM 125M — first layer,NA,NA
-0.6167927543621281,0.306100901651313,12.87801850554698,6.870264856271882,1.868835490494456,-3.476343845759669,1.7940709196570577,BabyLM 125M — first layer,NA,NA
-0.46327549937488866,0.306100901651313,12.866249234492216,6.870264856271882,1.868835490494456,-3.476343845759669,1.7940709196570577,BabyLM 125M — first layer,NA,NA
-0.30975824438764943,0.306100901651313,12.854479963437454,6.870264856271882,1.868835490494456,-3.476343845759669,1.7940709196570577,BabyLM 125M — first layer,NA,NA
-0.1562409894004102,0.306100901651313,12.84271069238269,6.870264856271882,1.868835490494456,-3.476343845759669,1.7940709196570577,BabyLM 125M — first layer,NA,NA
-0.00272373441317075,0.306100901651313,12.830941421327926,6.870264856271882,1.868835490494456,-3.476343845759669,1.7940709196570577,BabyLM 125M — first layer,NA,NA
0.1507935205740687,0.306100901651313,12.819172150273165,6.870264856271882,1.868835490494456,-3.476343845759669,1.7940709196570577,BabyLM 125M — first layer,NA,NA
0.3043107755613079,0.306100901651313,12.807402879218396,6.870264856271882,1.868835490494456,-3.476343845759669,1.7940709196570577,BabyLM 125M — first layer,NA,NA
0.4578280305485471,0.306100901651313,12.795633608163634,6.870264856271882,1.868835490494456,-3.476343845759669,1.7940709196570577,BabyLM 125M — first layer,NA,NA
0.6113452855357864,0.306100901651313,12.78386433710887,6.870264856271882,1.868835490494456,-3.476343845759669,1.7940709196570577,BabyLM 125M — first layer,NA,NA
0.7648625405230256,0.306100901651313,12.772095066054106,6.870264856271882,1.868835490494456,-3.476343845759669,1.7940709196570577,BabyLM 125M — first layer,NA,NA
0.9183797955102652,0.306100901651313,12.760325794999344,6.870264856271882,1.868835490494456,-3.476343845759669,1.7940709196570577,BabyLM 125M — first layer,NA,NA
1.0718970504975045,0.306100901651313,12.74855652394458,6.870264856271882,1.868835490494456,-3.476343845759669,1.7940709196570577,BabyLM 125M — first layer,NA,NA
1.2254143054847435,0.306100901651313,12.736787252889815,6.870264856271882,1.868835490494456,-3.476343845759669,1.7940709196570577,BabyLM 125M — first layer,NA,NA
1.378931560471983,0.306100901651313,12.725017981835052,6.870264856271882,1.868835490494456,-3.476343845759669,1.7940709196570577,BabyLM 125M — first layer,NA,NA
1.5324488154592222,0.306100901651313,12.713248710780288,6.870264856271882,1.868835490494456,-3.476343845759669,1.7940709196570577,BabyLM 125M — first layer,NA,NA
1.6859660704464614,0.306100901651313,12.701479439725524,6.870264856271882,1.868835490494456,-3.476343845759669,1.7940709196570577,BabyLM 125M — first layer,NA,NA
1.839483325433701,0.306100901651313,12.68971016867076,6.870264856271882,1.868835490494456,-3.476343845759669,1.7940709196570577,BabyLM 125M — first layer,NA,NA
1.9930005804209403,0.306100901651313,12.677940897615995,6.870264856271882,1.868835490494456,-3.476343845759669,1.7940709196570577,BabyLM 125M — first layer,NA,NA
2.14651783540818,0.306100901651313,12.666171626561232,6.870264856271882,1.868835490494456,-3.476343845759669,1.7940709196570577,BabyLM 125M — first layer,NA,NA
2.300035090395419,0.306100901651313,12.654402355506468,6.870264856271882,1.868835490494456,-3.476343845759669,1.7940709196570577,BabyLM 125M — first layer,NA,NA
2.453552345382658,0.306100901651313,12.642633084451704,6.870264856271882,1.868835490494456,-3.476343845759669,1.7940709196570577,BabyLM 125M — first layer,NA,NA
-1.9984480492472816,0.47368540368413914,12.979284450921591,6.870264856271882,1.868835490494456,-3.476343845759669,1.7940709196570577,BabyLM 125M — first layer,NA,NA
-1.8449307942600424,0.47368540368413914,12.96577553909923,6.870264856271882,1.868835490494456,-3.476343845759669,1.7940709196570577,BabyLM 125M — first layer,NA,NA
-1.6914135392728031,0.47368540368413914,12.952266627276869,6.870264856271882,1.868835490494456,-3.476343845759669,1.7940709196570577,BabyLM 125M — first layer,NA,NA
-1.537896284285564,0.47368540368413914,12.938757715454503,6.870264856271882,1.868835490494456,-3.476343845759669,1.7940709196570577,BabyLM 125M — first layer,NA,NA
-1.384379029298325,0.47368540368413914,12.925248803632142,6.870264856271882,1.868835490494456,-3.476343845759669,1.7940709196570577,BabyLM 125M — first layer,NA,NA
-1.2308617743110852,0.47368540368413914,12.91173989180978,6.870264856271882,1.868835490494456,-3.476343845759669,1.7940709196570577,BabyLM 125M — first layer,NA,NA
-1.077344519323846,0.47368540368413914,12.898230979987416,6.870264856271882,1.868835490494456,-3.476343845759669,1.7940709196570577,BabyLM 125M — first layer,NA,NA
-0.9238272643366066,0.47368540368413914,12.884722068165054,6.870264856271882,1.868835490494456,-3.476343845759669,1.7940709196570577,BabyLM 125M — first layer,NA,NA
-0.7703100093493673,0.47368540368413914,12.871213156342693,6.870264856271882,1.868835490494456,-3.476343845759669,1.7940709196570577,BabyLM 125M — first layer,NA,NA
-0.6167927543621281,0.47368540368413914,12.85770424452033,6.870264856271882,1.868835490494456,-3.476343845759669,1.7940709196570577,BabyLM 125M — first layer,NA,NA
-0.46327549937488866,0.47368540368413914,12.844195332697966,6.870264856271882,1.868835490494456,-3.476343845759669,1.7940709196570577,BabyLM 125M — first layer,NA,NA
-0.30975824438764943,0.47368540368413914,12.830686420875605,6.870264856271882,1.868835490494456,-3.476343845759669,1.7940709196570577,BabyLM 125M — first layer,NA,NA
-0.1562409894004102,0.47368540368413914,12.81717750905324,6.870264856271882,1.868835490494456,-3.476343845759669,1.7940709196570577,BabyLM 125M — first layer,NA,NA
-0.00272373441317075,0.47368540368413914,12.803668597230878,6.870264856271882,1.868835490494456,-3.476343845759669,1.7940709196570577,BabyLM 125M — first layer,NA,NA
0.1507935205740687,0.47368540368413914,12.790159685408517,6.870264856271882,1.868835490494456,-3.476343845759669,1.7940709196570577,BabyLM 125M — first layer,NA,NA
0.3043107755613079,0.47368540368413914,12.776650773586152,6.870264856271882,1.868835490494456,-3.476343845759669,1.7940709196570577,BabyLM 125M — first layer,NA,NA
0.4578280305485471,0.47368540368413914,12.76314186176379,6.870264856271882,1.868835490494456,-3.476343845759669,1.7940709196570577,BabyLM 125M — first layer,NA,NA
0.6113452855357864,0.47368540368413914,12.749632949941429,6.870264856271882,1.868835490494456,-3.476343845759669,1.7940709196570577,BabyLM 125M — first layer,NA,NA
0.7648625405230256,0.47368540368413914,12.736124038119064,6.870264856271882,1.868835490494456,-3.476343845759669,1.7940709196570577,BabyLM 125M — first layer,NA,NA
0.9183797955102652,0.47368540368413914,12.722615126296704,6.870264856271882,1.868835490494456,-3.476343845759669,1.7940709196570577,BabyLM 125M — first layer,NA,NA
1.0718970504975045,0.47368540368413914,12.70910621447434,6.870264856271882,1.868835490494456,-3.476343845759669,1.7940709196570577,BabyLM 125M — first layer,NA,NA
1.2254143054847435,0.47368540368413914,12.695597302651978,6.870264856271882,1.868835490494456,-3.476343845759669,1.7940709196570577,BabyLM 125M — first layer,NA,NA
1.378931560471983,0.47368540368413914,12.682088390829616,6.870264856271882,1.868835490494456,-3.476343845759669,1.7940709196570577,BabyLM 125M — first layer,NA,NA
1.5324488154592222,0.47368540368413914,12.668579479007253,6.870264856271882,1.868835490494456,-3.476343845759669,1.7940709196570577,BabyLM 125M — first layer,NA,NA
1.6859660704464614,0.47368540368413914,12.65507056718489,6.870264856271882,1.868835490494456,-3.476343845759669,1.7940709196570577,BabyLM 125M — first layer,NA,NA
1.839483325433701,0.47368540368413914,12.641561655362528,6.870264856271882,1.868835490494456,-3.476343845759669,1.7940709196570577,BabyLM 125M — first layer,NA,NA
1.9930005804209403,0.47368540368413914,12.628052743540165,6.870264856271882,1.868835490494456,-3.476343845759669,1.7940709196570577,BabyLM 125M — first layer,NA,NA
2.14651783540818,0.47368540368413914,12.614543831717802,6.870264856271882,1.868835490494456,-3.476343845759669,1.7940709196570577,BabyLM 125M — first layer,NA,NA
2.300035090395419,0.47368540368413914,12.60103491989544,6.870264856271882,1.868835490494456,-3.476343845759669,1.7940709196570577,BabyLM 125M — first layer,NA,NA
2.453552345382658,0.47368540368413914,12.587526008073077,6.870264856271882,1.868835490494456,-3.476343845759669,1.7940709196570577,BabyLM 125M — first layer,NA,NA
-1.9984480492472816,0.6412699057169653,12.974626956803329,6.870264856271882,1.868835490494456,-3.476343845759669,1.7940709196570577,BabyLM 125M — first layer,NA,NA
-1.8449307942600424,0.6412699057169653,12.959378404213368,6.870264856271882,1.868835490494456,-3.476343845759669,1.7940709196570577,BabyLM 125M — first layer,NA,NA
-1.6914135392728031,0.6412699057169653,12.944129851623408,6.870264856271882,1.868835490494456,-3.476343845759669,1.7940709196570577,BabyLM 125M — first layer,NA,NA
-1.537896284285564,0.6412699057169653,12.928881299033446,6.870264856271882,1.868835490494456,-3.476343845759669,1.7940709196570577,BabyLM 125M — first layer,NA,NA
-1.384379029298325,0.6412699057169653,12.913632746443485,6.870264856271882,1.868835490494456,-3.476343845759669,1.7940709196570577,BabyLM 125M — first layer,NA,NA
-1.2308617743110852,0.6412699057169653,12.898384193853522,6.870264856271882,1.868835490494456,-3.476343845759669,1.7940709196570577,BabyLM 125M — first layer,NA,NA
-1.077344519323846,0.6412699057169653,12.88313564126356,6.870264856271882,1.868835490494456,-3.476343845759669,1.7940709196570577,BabyLM 125M — first layer,NA,NA
-0.9238272643366066,0.6412699057169653,12.8678870886736,6.870264856271882,1.868835490494456,-3.476343845759669,1.7940709196570577,BabyLM 125M — first layer,NA,NA
-0.7703100093493673,0.6412699057169653,12.85263853608364,6.870264856271882,1.868835490494456,-3.476343845759669,1.7940709196570577,BabyLM 125M — first layer,NA,NA
-0.6167927543621281,0.6412699057169653,12.837389983493678,6.870264856271882,1.868835490494456,-3.476343845759669,1.7940709196570577,BabyLM 125M — first layer,NA,NA
-0.46327549937488866,0.6412699057169653,12.822141430903716,6.870264856271882,1.868835490494456,-3.476343845759669,1.7940709196570577,BabyLM 125M — first layer,NA,NA
-0.30975824438764943,0.6412699057169653,12.806892878313754,6.870264856271882,1.868835490494456,-3.476343845759669,1.7940709196570577,BabyLM 125M — first layer,NA,NA
-0.1562409894004102,0.6412699057169653,12.791644325723793,6.870264856271882,1.868835490494456,-3.476343845759669,1.7940709196570577,BabyLM 125M — first layer,NA,NA
-0.00272373441317075,0.6412699057169653,12.776395773133832,6.870264856271882,1.868835490494456,-3.476343845759669,1.7940709196570577,BabyLM 125M — first layer,NA,NA
0.1507935205740687,0.6412699057169653,12.76114722054387,6.870264856271882,1.868835490494456,-3.476343845759669,1.7940709196570577,BabyLM 125M — first layer,NA,NA
0.3043107755613079,0.6412699057169653,12.74589866795391,6.870264856271882,1.868835490494456,-3.476343845759669,1.7940709196570577,BabyLM 125M — first layer,NA,NA
0.4578280305485471,0.6412699057169653,12.730650115363948,6.870264856271882,1.868835490494456,-3.476343845759669,1.7940709196570577,BabyLM 125M — first layer,NA,NA
0.6113452855357864,0.6412699057169653,12.715401562773986,6.870264856271882,1.868835490494456,-3.476343845759669,1.7940709196570577,BabyLM 125M — first layer,NA,NA
0.7648625405230256,0.6412699057169653,12.700153010184025,6.870264856271882,1.868835490494456,-3.476343845759669,1.7940709196570577,BabyLM 125M — first layer,NA,NA
0.9183797955102652,0.6412699057169653,12.684904457594063,6.870264856271882,1.868835490494456,-3.476343845759669,1.7940709196570577,BabyLM 125M — first layer,NA,NA
1.0718970504975045,0.6412699057169653,12.669655905004102,6.870264856271882,1.868835490494456,-3.476343845759669,1.7940709196570577,BabyLM 125M — first layer,NA,NA
1.2254143054847435,0.6412699057169653,12.65440735241414,6.870264856271882,1.868835490494456,-3.476343845759669,1.7940709196570577,BabyLM 125M — first layer,NA,NA
1.378931560471983,0.6412699057169653,12.63915879982418,6.870264856271882,1.868835490494456,-3.476343845759669,1.7940709196570577,BabyLM 125M — first layer,NA,NA
1.5324488154592222,0.6412699057169653,12.623910247234218,6.870264856271882,1.868835490494456,-3.476343845759669,1.7940709196570577,BabyLM 125M — first layer,NA,NA
1.6859660704464614,0.6412699057169653,12.608661694644256,6.870264856271882,1.868835490494456,-3.476343845759669,1.7940709196570577,BabyLM 125M — first layer,NA,NA
1.839483325433701,0.6412699057169653,12.593413142054295,6.870264856271882,1.868835490494456,-3.476343845759669,1.7940709196570577,BabyLM 125M — first layer,NA,NA
1.9930005804209403,0.6412699057169653,12.578164589464334,6.870264856271882,1.868835490494456,-3.476343845759669,1.7940709196570577,BabyLM 125M — first layer,NA,NA
2.14651783540818,0.6412699057169653,12.562916036874372,6.870264856271882,1.868835490494456,-3.476343845759669,1.7940709196570577,BabyLM 125M — first layer,NA,NA
2.300035090395419,0.6412699057169653,12.547667484284412,6.870264856271882,1.868835490494456,-3.476343845759669,1.7940709196570577,BabyLM 125M — first layer,NA,NA
2.453552345382658,0.6412699057169653,12.53241893169445,6.870264856271882,1.868835490494456,-3.476343845759669,1.7940709196570577,BabyLM 125M — first layer,NA,NA
-1.9984480492472816,0.8088544077497914,12.969969462685066,6.870264856271882,1.868835490494456,-3.476343845759669,1.7940709196570577,BabyLM 125M — first layer,NA,NA
-1.8449307942600424,0.8088544077497914,12.952981269327504,6.870264856271882,1.868835490494456,-3.476343845759669,1.7940709196570577,BabyLM 125M — first layer,NA,NA
-1.6914135392728031,0.8088544077497914,12.935993075969945,6.870264856271882,1.868835490494456,-3.476343845759669,1.7940709196570577,BabyLM 125M — first layer,NA,NA
-1.537896284285564,0.8088544077497914,12.919004882612386,6.870264856271882,1.868835490494456,-3.476343845759669,1.7940709196570577,BabyLM 125M — first layer,NA,NA
-1.384379029298325,0.8088544077497914,12.902016689254824,6.870264856271882,1.868835490494456,-3.476343845759669,1.7940709196570577,BabyLM 125M — first layer,NA,NA
-1.2308617743110852,0.8088544077497914,12.885028495897265,6.870264856271882,1.868835490494456,-3.476343845759669,1.7940709196570577,BabyLM 125M — first layer,NA,NA
-1.077344519323846,0.8088544077497914,12.868040302539704,6.870264856271882,1.868835490494456,-3.476343845759669,1.7940709196570577,BabyLM 125M — first layer,NA,NA
-0.9238272643366066,0.8088544077497914,12.851052109182143,6.870264856271882,1.868835490494456,-3.476343845759669,1.7940709196570577,BabyLM 125M — first layer,NA,NA
-0.7703100093493673,0.8088544077497914,12.834063915824585,6.870264856271882,1.868835490494456,-3.476343845759669,1.7940709196570577,BabyLM 125M — first layer,NA,NA
-0.6167927543621281,0.8088544077497914,12.817075722467024,6.870264856271882,1.868835490494456,-3.476343845759669,1.7940709196570577,BabyLM 125M — first layer,NA,NA
-0.46327549937488866,0.8088544077497914,12.800087529109463,6.870264856271882,1.868835490494456,-3.476343845759669,1.7940709196570577,BabyLM 125M — first layer,NA,NA
-0.30975824438764943,0.8088544077497914,12.783099335751904,6.870264856271882,1.868835490494456,-3.476343845759669,1.7940709196570577,BabyLM 125M — first layer,NA,NA
-0.1562409894004102,0.8088544077497914,12.766111142394344,6.870264856271882,1.868835490494456,-3.476343845759669,1.7940709196570577,BabyLM 125M — first layer,NA,NA
-0.00272373441317075,0.8088544077497914,12.749122949036783,6.870264856271882,1.868835490494456,-3.476343845759669,1.7940709196570577,BabyLM 125M — first layer,NA,NA
0.1507935205740687,0.8088544077497914,12.732134755679224,6.870264856271882,1.868835490494456,-3.476343845759669,1.7940709196570577,BabyLM 125M — first layer,NA,NA
0.3043107755613079,0.8088544077497914,12.715146562321664,6.870264856271882,1.868835490494456,-3.476343845759669,1.7940709196570577,BabyLM 125M — first layer,NA,NA
0.4578280305485471,0.8088544077497914,12.698158368964105,6.870264856271882,1.868835490494456,-3.476343845759669,1.7940709196570577,BabyLM 125M — first layer,NA,NA
0.6113452855357864,0.8088544077497914,12.681170175606544,6.870264856271882,1.868835490494456,-3.476343845759669,1.7940709196570577,BabyLM 125M — first layer,NA,NA
0.7648625405230256,0.8088544077497914,12.664181982248984,6.870264856271882,1.868835490494456,-3.476343845759669,1.7940709196570577,BabyLM 125M — first layer,NA,NA
0.9183797955102652,0.8088544077497914,12.647193788891425,6.870264856271882,1.868835490494456,-3.476343845759669,1.7940709196570577,BabyLM 125M — first layer,NA,NA
1.0718970504975045,0.8088544077497914,12.630205595533864,6.870264856271882,1.868835490494456,-3.476343845759669,1.7940709196570577,BabyLM 125M — first layer,NA,NA
1.2254143054847435,0.8088544077497914,12.613217402176303,6.870264856271882,1.868835490494456,-3.476343845759669,1.7940709196570577,BabyLM 125M — first layer,NA,NA
1.378931560471983,0.8088544077497914,12.596229208818745,6.870264856271882,1.868835490494456,-3.476343845759669,1.7940709196570577,BabyLM 125M — first layer,NA,NA
1.5324488154592222,0.8088544077497914,12.579241015461184,6.870264856271882,1.868835490494456,-3.476343845759669,1.7940709196570577,BabyLM 125M — first layer,NA,NA
1.6859660704464614,0.8088544077497914,12.562252822103623,6.870264856271882,1.868835490494456,-3.476343845759669,1.7940709196570577,BabyLM 125M — first layer,NA,NA
1.839483325433701,0.8088544077497914,12.545264628746065,6.870264856271882,1.868835490494456,-3.476343845759669,1.7940709196570577,BabyLM 125M — first layer,NA,NA
1.9930005804209403,0.8088544077497914,12.528276435388504,6.870264856271882,1.868835490494456,-3.476343845759669,1.7940709196570577,BabyLM 125M — first layer,NA,NA
2.14651783540818,0.8088544077497914,12.511288242030943,6.870264856271882,1.868835490494456,-3.476343845759669,1.7940709196570577,BabyLM 125M — first layer,NA,NA
2.300035090395419,0.8088544077497914,12.494300048673384,6.870264856271882,1.868835490494456,-3.476343845759669,1.7940709196570577,BabyLM 125M — first layer,NA,NA
2.453552345382658,0.8088544077497914,12.477311855315824,6.870264856271882,1.868835490494456,-3.476343845759669,1.7940709196570577,BabyLM 125M — first layer,NA,NA
-1.9984480492472816,0.976438909782618,12.965311968566802,6.870264856271882,1.868835490494456,-3.476343845759669,1.7940709196570577,BabyLM 125M — first layer,NA,NA
-1.8449307942600424,0.976438909782618,12.946584134441643,6.870264856271882,1.868835490494456,-3.476343845759669,1.7940709196570577,BabyLM 125M — first layer,NA,NA
-1.6914135392728031,0.976438909782618,12.927856300316485,6.870264856271882,1.868835490494456,-3.476343845759669,1.7940709196570577,BabyLM 125M — first layer,NA,NA
-1.537896284285564,0.976438909782618,12.909128466191325,6.870264856271882,1.868835490494456,-3.476343845759669,1.7940709196570577,BabyLM 125M — first layer,NA,NA
-1.384379029298325,0.976438909782618,12.890400632066166,6.870264856271882,1.868835490494456,-3.476343845759669,1.7940709196570577,BabyLM 125M — first layer,NA,NA
-1.2308617743110852,0.976438909782618,12.871672797941008,6.870264856271882,1.868835490494456,-3.476343845759669,1.7940709196570577,BabyLM 125M — first layer,NA,NA
-1.077344519323846,0.976438909782618,12.85294496381585,6.870264856271882,1.868835490494456,-3.476343845759669,1.7940709196570577,BabyLM 125M — first layer,NA,NA
-0.9238272643366066,0.976438909782618,12.83421712969069,6.870264856271882,1.868835490494456,-3.476343845759669,1.7940709196570577,BabyLM 125M — first layer,NA,NA
-0.7703100093493673,0.976438909782618,12.81548929556553,6.870264856271882,1.868835490494456,-3.476343845759669,1.7940709196570577,BabyLM 125M — first layer,NA,NA
-0.6167927543621281,0.976438909782618,12.796761461440372,6.870264856271882,1.868835490494456,-3.476343845759669,1.7940709196570577,BabyLM 125M — first layer,NA,NA
-0.46327549937488866,0.976438909782618,12.778033627315214,6.870264856271882,1.868835490494456,-3.476343845759669,1.7940709196570577,BabyLM 125M — first layer,NA,NA
-0.30975824438764943,0.976438909782618,12.759305793190055,6.870264856271882,1.868835490494456,-3.476343845759669,1.7940709196570577,BabyLM 125M — first layer,NA,NA
-0.1562409894004102,0.976438909782618,12.740577959064897,6.870264856271882,1.868835490494456,-3.476343845759669,1.7940709196570577,BabyLM 125M — first layer,NA,NA
-0.00272373441317075,0.976438909782618,12.721850124939737,6.870264856271882,1.868835490494456,-3.476343845759669,1.7940709196570577,BabyLM 125M — first layer,NA,NA
0.1507935205740687,0.976438909782618,12.703122290814578,6.870264856271882,1.868835490494456,-3.476343845759669,1.7940709196570577,BabyLM 125M — first layer,NA,NA
0.3043107755613079,0.976438909782618,12.68439445668942,6.870264856271882,1.868835490494456,-3.476343845759669,1.7940709196570577,BabyLM 125M — first layer,NA,NA
0.4578280305485471,0.976438909782618,12.66566662256426,6.870264856271882,1.868835490494456,-3.476343845759669,1.7940709196570577,BabyLM 125M — first layer,NA,NA
0.6113452855357864,0.976438909782618,12.646938788439105,6.870264856271882,1.868835490494456,-3.476343845759669,1.7940709196570577,BabyLM 125M — first layer,NA,NA
0.7648625405230256,0.976438909782618,12.628210954313944,6.870264856271882,1.868835490494456,-3.476343845759669,1.7940709196570577,BabyLM 125M — first layer,NA,NA
0.9183797955102652,0.976438909782618,12.609483120188784,6.870264856271882,1.868835490494456,-3.476343845759669,1.7940709196570577,BabyLM 125M — first layer,NA,NA
1.0718970504975045,0.976438909782618,12.590755286063626,6.870264856271882,1.868835490494456,-3.476343845759669,1.7940709196570577,BabyLM 125M — first layer,NA,NA
1.2254143054847435,0.976438909782618,12.572027451938467,6.870264856271882,1.868835490494456,-3.476343845759669,1.7940709196570577,BabyLM 125M — first layer,NA,NA
1.378931560471983,0.976438909782618,12.553299617813307,6.870264856271882,1.868835490494456,-3.476343845759669,1.7940709196570577,BabyLM 125M — first layer,NA,NA
1.5324488154592222,0.976438909782618,12.534571783688149,6.870264856271882,1.868835490494456,-3.476343845759669,1.7940709196570577,BabyLM 125M — first layer,NA,NA
1.6859660704464614,0.976438909782618,12.51584394956299,6.870264856271882,1.868835490494456,-3.476343845759669,1.7940709196570577,BabyLM 125M — first layer,NA,NA
1.839483325433701,0.976438909782618,12.497116115437832,6.870264856271882,1.868835490494456,-3.476343845759669,1.7940709196570577,BabyLM 125M — first layer,NA,NA
1.9930005804209403,0.976438909782618,12.478388281312672,6.870264856271882,1.868835490494456,-3.476343845759669,1.7940709196570577,BabyLM 125M — first layer,NA,NA
2.14651783540818,0.976438909782618,12.459660447187511,6.870264856271882,1.868835490494456,-3.476343845759669,1.7940709196570577,BabyLM 125M — first layer,NA,NA
2.300035090395419,0.976438909782618,12.440932613062357,6.870264856271882,1.868835490494456,-3.476343845759669,1.7940709196570577,BabyLM 125M — first layer,NA,NA
2.453552345382658,0.976438909782618,12.422204778937196,6.870264856271882,1.868835490494456,-3.476343845759669,1.7940709196570577,BabyLM 125M — first layer,NA,NA
-1.9984480492472816,1.1440234118154442,12.960654474448535,6.870264856271882,1.868835490494456,-3.476343845759669,1.7940709196570577,BabyLM 125M — first layer,NA,NA
-1.8449307942600424,1.1440234118154442,12.94018699955578,6.870264856271882,1.868835490494456,-3.476343845759669,1.7940709196570577,BabyLM 125M — first layer,NA,NA
-1.6914135392728031,1.1440234118154442,12.919719524663025,6.870264856271882,1.868835490494456,-3.476343845759669,1.7940709196570577,BabyLM 125M — first layer,NA,NA
-1.537896284285564,1.1440234118154442,12.899252049770263,6.870264856271882,1.868835490494456,-3.476343845759669,1.7940709196570577,BabyLM 125M — first layer,NA,NA
-1.384379029298325,1.1440234118154442,12.878784574877509,6.870264856271882,1.868835490494456,-3.476343845759669,1.7940709196570577,BabyLM 125M — first layer,NA,NA
-1.2308617743110852,1.1440234118154442,12.85831709998475,6.870264856271882,1.868835490494456,-3.476343845759669,1.7940709196570577,BabyLM 125M — first layer,NA,NA
-1.077344519323846,1.1440234118154442,12.837849625091993,6.870264856271882,1.868835490494456,-3.476343845759669,1.7940709196570577,BabyLM 125M — first layer,NA,NA
-0.9238272643366066,1.1440234118154442,12.817382150199236,6.870264856271882,1.868835490494456,-3.476343845759669,1.7940709196570577,BabyLM 125M — first layer,NA,NA
-0.7703100093493673,1.1440234118154442,12.796914675306478,6.870264856271882,1.868835490494456,-3.476343845759669,1.7940709196570577,BabyLM 125M — first layer,NA,NA
-0.6167927543621281,1.1440234118154442,12.77644720041372,6.870264856271882,1.868835490494456,-3.476343845759669,1.7940709196570577,BabyLM 125M — first layer,NA,NA
-0.46327549937488866,1.1440234118154442,12.755979725520962,6.870264856271882,1.868835490494456,-3.476343845759669,1.7940709196570577,BabyLM 125M — first layer,NA,NA
-0.30975824438764943,1.1440234118154442,12.735512250628204,6.870264856271882,1.868835490494456,-3.476343845759669,1.7940709196570577,BabyLM 125M — first layer,NA,NA
-0.1562409894004102,1.1440234118154442,12.715044775735448,6.870264856271882,1.868835490494456,-3.476343845759669,1.7940709196570577,BabyLM 125M — first layer,NA,NA
-0.00272373441317075,1.1440234118154442,12.69457730084269,6.870264856271882,1.868835490494456,-3.476343845759669,1.7940709196570577,BabyLM 125M — first layer,NA,NA
0.1507935205740687,1.1440234118154442,12.674109825949932,6.870264856271882,1.868835490494456,-3.476343845759669,1.7940709196570577,BabyLM 125M — first layer,NA,NA
0.3043107755613079,1.1440234118154442,12.653642351057176,6.870264856271882,1.868835490494456,-3.476343845759669,1.7940709196570577,BabyLM 125M — first layer,NA,NA
0.4578280305485471,1.1440234118154442,12.633174876164418,6.870264856271882,1.868835490494456,-3.476343845759669,1.7940709196570577,BabyLM 125M — first layer,NA,NA
0.6113452855357864,1.1440234118154442,12.61270740127166,6.870264856271882,1.868835490494456,-3.476343845759669,1.7940709196570577,BabyLM 125M — first layer,NA,NA
0.7648625405230256,1.1440234118154442,12.592239926378902,6.870264856271882,1.868835490494456,-3.476343845759669,1.7940709196570577,BabyLM 125M — first layer,NA,NA
0.9183797955102652,1.1440234118154442,12.571772451486146,6.870264856271882,1.868835490494456,-3.476343845759669,1.7940709196570577,BabyLM 125M — first layer,NA,NA
1.0718970504975045,1.1440234118154442,12.551304976593388,6.870264856271882,1.868835490494456,-3.476343845759669,1.7940709196570577,BabyLM 125M — first layer,NA,NA
1.2254143054847435,1.1440234118154442,12.53083750170063,6.870264856271882,1.868835490494456,-3.476343845759669,1.7940709196570577,BabyLM 125M — first layer,NA,NA
1.378931560471983,1.1440234118154442,12.510370026807871,6.870264856271882,1.868835490494456,-3.476343845759669,1.7940709196570577,BabyLM 125M — first layer,NA,NA
1.5324488154592222,1.1440234118154442,12.489902551915115,6.870264856271882,1.868835490494456,-3.476343845759669,1.7940709196570577,BabyLM 125M — first layer,NA,NA
1.6859660704464614,1.1440234118154442,12.469435077022355,6.870264856271882,1.868835490494456,-3.476343845759669,1.7940709196570577,BabyLM 125M — first layer,NA,NA
1.839483325433701,1.1440234118154442,12.4489676021296,6.870264856271882,1.868835490494456,-3.476343845759669,1.7940709196570577,BabyLM 125M — first layer,NA,NA
1.9930005804209403,1.1440234118154442,12.428500127236845,6.870264856271882,1.868835490494456,-3.476343845759669,1.7940709196570577,BabyLM 125M — first layer,NA,NA
2.14651783540818,1.1440234118154442,12.408032652344083,6.870264856271882,1.868835490494456,-3.476343845759669,1.7940709196570577,BabyLM 125M — first layer,NA,NA
2.300035090395419,1.1440234118154442,12.387565177451329,6.870264856271882,1.868835490494456,-3.476343845759669,1.7940709196570577,BabyLM 125M — first layer,NA,NA
2.453552345382658,1.1440234118154442,12.367097702558569,6.870264856271882,1.868835490494456,-3.476343845759669,1.7940709196570577,BabyLM 125M — first layer,NA,NA
-1.9984480492472816,1.3116079138482704,12.955996980330276,6.870264856271882,1.868835490494456,-3.476343845759669,1.7940709196570577,BabyLM 125M — first layer,NA,NA
-1.8449307942600424,1.3116079138482704,12.93378986466992,6.870264856271882,1.868835490494456,-3.476343845759669,1.7940709196570577,BabyLM 125M — first layer,NA,NA
-1.6914135392728031,1.3116079138482704,12.91158274900956,6.870264856271882,1.868835490494456,-3.476343845759669,1.7940709196570577,BabyLM 125M — first layer,NA,NA
-1.537896284285564,1.3116079138482704,12.889375633349204,6.870264856271882,1.868835490494456,-3.476343845759669,1.7940709196570577,BabyLM 125M — first layer,NA,NA
-1.384379029298325,1.3116079138482704,12.86716851768885,6.870264856271882,1.868835490494456,-3.476343845759669,1.7940709196570577,BabyLM 125M — first layer,NA,NA
-1.2308617743110852,1.3116079138482704,12.844961402028494,6.870264856271882,1.868835490494456,-3.476343845759669,1.7940709196570577,BabyLM 125M — first layer,NA,NA
-1.077344519323846,1.3116079138482704,12.822754286368136,6.870264856271882,1.868835490494456,-3.476343845759669,1.7940709196570577,BabyLM 125M — first layer,NA,NA
-0.9238272643366066,1.3116079138482704,12.80054717070778,6.870264856271882,1.868835490494456,-3.476343845759669,1.7940709196570577,BabyLM 125M — first layer,NA,NA
-0.7703100093493673,1.3116079138482704,12.778340055047424,6.870264856271882,1.868835490494456,-3.476343845759669,1.7940709196570577,BabyLM 125M — first layer,NA,NA
-0.6167927543621281,1.3116079138482704,12.756132939387069,6.870264856271882,1.868835490494456,-3.476343845759669,1.7940709196570577,BabyLM 125M — first layer,NA,NA
-0.46327549937488866,1.3116079138482704,12.733925823726713,6.870264856271882,1.868835490494456,-3.476343845759669,1.7940709196570577,BabyLM 125M — first layer,NA,NA
-0.30975824438764943,1.3116079138482704,12.711718708066355,6.870264856271882,1.868835490494456,-3.476343845759669,1.7940709196570577,BabyLM 125M — first layer,NA,NA
-0.1562409894004102,1.3116079138482704,12.689511592406,6.870264856271882,1.868835490494456,-3.476343845759669,1.7940709196570577,BabyLM 125M — first layer,NA,NA
-0.00272373441317075,1.3116079138482704,12.667304476745644,6.870264856271882,1.868835490494456,-3.476343845759669,1.7940709196570577,BabyLM 125M — first layer,NA,NA
0.1507935205740687,1.3116079138482704,12.645097361085286,6.870264856271882,1.868835490494456,-3.476343845759669,1.7940709196570577,BabyLM 125M — first layer,NA,NA
0.3043107755613079,1.3116079138482704,12.62289024542493,6.870264856271882,1.868835490494456,-3.476343845759669,1.7940709196570577,BabyLM 125M — first layer,NA,NA
0.4578280305485471,1.3116079138482704,12.600683129764574,6.870264856271882,1.868835490494456,-3.476343845759669,1.7940709196570577,BabyLM 125M — first layer,NA,NA
0.6113452855357864,1.3116079138482704,12.578476014104218,6.870264856271882,1.868835490494456,-3.476343845759669,1.7940709196570577,BabyLM 125M — first layer,NA,NA
0.7648625405230256,1.3116079138482704,12.55626889844386,6.870264856271882,1.868835490494456,-3.476343845759669,1.7940709196570577,BabyLM 125M — first layer,NA,NA
0.9183797955102652,1.3116079138482704,12.534061782783503,6.870264856271882,1.868835490494456,-3.476343845759669,1.7940709196570577,BabyLM 125M — first layer,NA,NA
1.0718970504975045,1.3116079138482704,12.51185466712315,6.870264856271882,1.868835490494456,-3.476343845759669,1.7940709196570577,BabyLM 125M — first layer,NA,NA
1.2254143054847435,1.3116079138482704,12.489647551462792,6.870264856271882,1.868835490494456,-3.476343845759669,1.7940709196570577,BabyLM 125M — first layer,NA,NA
1.378931560471983,1.3116079138482704,12.467440435802438,6.870264856271882,1.868835490494456,-3.476343845759669,1.7940709196570577,BabyLM 125M — first layer,NA,NA
1.5324488154592222,1.3116079138482704,12.44523332014208,6.870264856271882,1.868835490494456,-3.476343845759669,1.7940709196570577,BabyLM 125M — first layer,NA,NA
1.6859660704464614,1.3116079138482704,12.423026204481724,6.870264856271882,1.868835490494456,-3.476343845759669,1.7940709196570577,BabyLM 125M — first layer,NA,NA
1.839483325433701,1.3116079138482704,12.400819088821368,6.870264856271882,1.868835490494456,-3.476343845759669,1.7940709196570577,BabyLM 125M — first layer,NA,NA
1.9930005804209403,1.3116079138482704,12.378611973161012,6.870264856271882,1.868835490494456,-3.476343845759669,1.7940709196570577,BabyLM 125M — first layer,NA,NA
2.14651783540818,1.3116079138482704,12.356404857500657,6.870264856271882,1.868835490494456,-3.476343845759669,1.7940709196570577,BabyLM 125M — first layer,NA,NA
2.300035090395419,1.3116079138482704,12.3341977418403,6.870264856271882,1.868835490494456,-3.476343845759669,1.7940709196570577,BabyLM 125M — first layer,NA,NA
2.453552345382658,1.3116079138482704,12.311990626179943,6.870264856271882,1.868835490494456,-3.476343845759669,1.7940709196570577,BabyLM 125M — first layer,NA,NA
-1.9984480492472816,1.479192415881097,12.95133948621201,6.870264856271882,1.868835490494456,-3.476343845759669,1.7940709196570577,BabyLM 125M — first layer,NA,NA
-1.8449307942600424,1.479192415881097,12.927392729784057,6.870264856271882,1.868835490494456,-3.476343845759669,1.7940709196570577,BabyLM 125M — first layer,NA,NA
-1.6914135392728031,1.479192415881097,12.9034459733561,6.870264856271882,1.868835490494456,-3.476343845759669,1.7940709196570577,BabyLM 125M — first layer,NA,NA
-1.537896284285564,1.479192415881097,12.879499216928146,6.870264856271882,1.868835490494456,-3.476343845759669,1.7940709196570577,BabyLM 125M — first layer,NA,NA
-1.384379029298325,1.479192415881097,12.85555246050019,6.870264856271882,1.868835490494456,-3.476343845759669,1.7940709196570577,BabyLM 125M — first layer,NA,NA
-1.2308617743110852,1.479192415881097,12.831605704072237,6.870264856271882,1.868835490494456,-3.476343845759669,1.7940709196570577,BabyLM 125M — first layer,NA,NA
-1.077344519323846,1.479192415881097,12.80765894764428,6.870264856271882,1.868835490494456,-3.476343845759669,1.7940709196570577,BabyLM 125M — first layer,NA,NA
-0.9238272643366066,1.479192415881097,12.783712191216326,6.870264856271882,1.868835490494456,-3.476343845759669,1.7940709196570577,BabyLM 125M — first layer,NA,NA
-0.7703100093493673,1.479192415881097,12.75976543478837,6.870264856271882,1.868835490494456,-3.476343845759669,1.7940709196570577,BabyLM 125M — first layer,NA,NA
-0.6167927543621281,1.479192415881097,12.735818678360417,6.870264856271882,1.868835490494456,-3.476343845759669,1.7940709196570577,BabyLM 125M — first layer,NA,NA
-0.46327549937488866,1.479192415881097,12.71187192193246,6.870264856271882,1.868835490494456,-3.476343845759669,1.7940709196570577,BabyLM 125M — first layer,NA,NA
-0.30975824438764943,1.479192415881097,12.687925165504506,6.870264856271882,1.868835490494456,-3.476343845759669,1.7940709196570577,BabyLM 125M — first layer,NA,NA
-0.1562409894004102,1.479192415881097,12.66397840907655,6.870264856271882,1.868835490494456,-3.476343845759669,1.7940709196570577,BabyLM 125M — first layer,NA,NA
-0.00272373441317075,1.479192415881097,12.640031652648595,6.870264856271882,1.868835490494456,-3.476343845759669,1.7940709196570577,BabyLM 125M — first layer,NA,NA
0.1507935205740687,1.479192415881097,12.616084896220642,6.870264856271882,1.868835490494456,-3.476343845759669,1.7940709196570577,BabyLM 125M — first layer,NA,NA
0.3043107755613079,1.479192415881097,12.592138139792686,6.870264856271882,1.868835490494456,-3.476343845759669,1.7940709196570577,BabyLM 125M — first layer,NA,NA
0.4578280305485471,1.479192415881097,12.56819138336473,6.870264856271882,1.868835490494456,-3.476343845759669,1.7940709196570577,BabyLM 125M — first layer,NA,NA
0.6113452855357864,1.479192415881097,12.544244626936775,6.870264856271882,1.868835490494456,-3.476343845759669,1.7940709196570577,BabyLM 125M — first layer,NA,NA
0.7648625405230256,1.479192415881097,12.52029787050882,6.870264856271882,1.868835490494456,-3.476343845759669,1.7940709196570577,BabyLM 125M — first layer,NA,NA
0.9183797955102652,1.479192415881097,12.496351114080866,6.870264856271882,1.868835490494456,-3.476343845759669,1.7940709196570577,BabyLM 125M — first layer,NA,NA
1.0718970504975045,1.479192415881097,12.472404357652913,6.870264856271882,1.868835490494456,-3.476343845759669,1.7940709196570577,BabyLM 125M — first layer,NA,NA
1.2254143054847435,1.479192415881097,12.448457601224955,6.870264856271882,1.868835490494456,-3.476343845759669,1.7940709196570577,BabyLM 125M — first layer,NA,NA
1.378931560471983,1.479192415881097,12.424510844797,6.870264856271882,1.868835490494456,-3.476343845759669,1.7940709196570577,BabyLM 125M — first layer,NA,NA
1.5324488154592222,1.479192415881097,12.400564088369046,6.870264856271882,1.868835490494456,-3.476343845759669,1.7940709196570577,BabyLM 125M — first layer,NA,NA
1.6859660704464614,1.479192415881097,12.376617331941093,6.870264856271882,1.868835490494456,-3.476343845759669,1.7940709196570577,BabyLM 125M — first layer,NA,NA
1.839483325433701,1.479192415881097,12.352670575513136,6.870264856271882,1.868835490494456,-3.476343845759669,1.7940709196570577,BabyLM 125M — first layer,NA,NA
1.9930005804209403,1.479192415881097,12.32872381908518,6.870264856271882,1.868835490494456,-3.476343845759669,1.7940709196570577,BabyLM 125M — first layer,NA,NA
2.14651783540818,1.479192415881097,12.304777062657228,6.870264856271882,1.868835490494456,-3.476343845759669,1.7940709196570577,BabyLM 125M — first layer,NA,NA
2.300035090395419,1.479192415881097,12.280830306229271,6.870264856271882,1.868835490494456,-3.476343845759669,1.7940709196570577,BabyLM 125M — first layer,NA,NA
2.453552345382658,1.479192415881097,12.256883549801316,6.870264856271882,1.868835490494456,-3.476343845759669,1.7940709196570577,BabyLM 125M — first layer,NA,NA
-1.9984480492472816,1.6467769179139229,12.946681992093747,6.870264856271882,1.868835490494456,-3.476343845759669,1.7940709196570577,BabyLM 125M — first layer,NA,NA
-1.8449307942600424,1.6467769179139229,12.920995594898192,6.870264856271882,1.868835490494456,-3.476343845759669,1.7940709196570577,BabyLM 125M — first layer,NA,NA
-1.6914135392728031,1.6467769179139229,12.89530919770264,6.870264856271882,1.868835490494456,-3.476343845759669,1.7940709196570577,BabyLM 125M — first layer,NA,NA
-1.537896284285564,1.6467769179139229,12.869622800507086,6.870264856271882,1.868835490494456,-3.476343845759669,1.7940709196570577,BabyLM 125M — first layer,NA,NA
-1.384379029298325,1.6467769179139229,12.843936403311533,6.870264856271882,1.868835490494456,-3.476343845759669,1.7940709196570577,BabyLM 125M — first layer,NA,NA
-1.2308617743110852,1.6467769179139229,12.818250006115978,6.870264856271882,1.868835490494456,-3.476343845759669,1.7940709196570577,BabyLM 125M — first layer,NA,NA
-1.077344519323846,1.6467769179139229,12.792563608920425,6.870264856271882,1.868835490494456,-3.476343845759669,1.7940709196570577,BabyLM 125M — first layer,NA,NA
-0.9238272643366066,1.6467769179139229,12.766877211724871,6.870264856271882,1.868835490494456,-3.476343845759669,1.7940709196570577,BabyLM 125M — first layer,NA,NA
-0.7703100093493673,1.6467769179139229,12.741190814529316,6.870264856271882,1.868835490494456,-3.476343845759669,1.7940709196570577,BabyLM 125M — first layer,NA,NA
-0.6167927543621281,1.6467769179139229,12.715504417333763,6.870264856271882,1.868835490494456,-3.476343845759669,1.7940709196570577,BabyLM 125M — first layer,NA,NA
-0.46327549937488866,1.6467769179139229,12.68981802013821,6.870264856271882,1.868835490494456,-3.476343845759669,1.7940709196570577,BabyLM 125M — first layer,NA,NA
-0.30975824438764943,1.6467769179139229,12.664131622942657,6.870264856271882,1.868835490494456,-3.476343845759669,1.7940709196570577,BabyLM 125M — first layer,NA,NA
-0.1562409894004102,1.6467769179139229,12.638445225747102,6.870264856271882,1.868835490494456,-3.476343845759669,1.7940709196570577,BabyLM 125M — first layer,NA,NA
-0.00272373441317075,1.6467769179139229,12.612758828551549,6.870264856271882,1.868835490494456,-3.476343845759669,1.7940709196570577,BabyLM 125M — first layer,NA,NA
0.1507935205740687,1.6467769179139229,12.587072431355995,6.870264856271882,1.868835490494456,-3.476343845759669,1.7940709196570577,BabyLM 125M — first layer,NA,NA
0.3043107755613079,1.6467769179139229,12.56138603416044,6.870264856271882,1.868835490494456,-3.476343845759669,1.7940709196570577,BabyLM 125M — first layer,NA,NA
0.4578280305485471,1.6467769179139229,12.535699636964887,6.870264856271882,1.868835490494456,-3.476343845759669,1.7940709196570577,BabyLM 125M — first layer,NA,NA
0.6113452855357864,1.6467769179139229,12.510013239769334,6.870264856271882,1.868835490494456,-3.476343845759669,1.7940709196570577,BabyLM 125M — first layer,NA,NA
0.7648625405230256,1.6467769179139229,12.48432684257378,6.870264856271882,1.868835490494456,-3.476343845759669,1.7940709196570577,BabyLM 125M — first layer,NA,NA
0.9183797955102652,1.6467769179139229,12.458640445378226,6.870264856271882,1.868835490494456,-3.476343845759669,1.7940709196570577,BabyLM 125M — first layer,NA,NA
1.0718970504975045,1.6467769179139229,12.432954048182673,6.870264856271882,1.868835490494456,-3.476343845759669,1.7940709196570577,BabyLM 125M — first layer,NA,NA
1.2254143054847435,1.6467769179139229,12.40726765098712,6.870264856271882,1.868835490494456,-3.476343845759669,1.7940709196570577,BabyLM 125M — first layer,NA,NA
1.378931560471983,1.6467769179139229,12.381581253791564,6.870264856271882,1.868835490494456,-3.476343845759669,1.7940709196570577,BabyLM 125M — first layer,NA,NA
1.5324488154592222,1.6467769179139229,12.355894856596011,6.870264856271882,1.868835490494456,-3.476343845759669,1.7940709196570577,BabyLM 125M — first layer,NA,NA
1.6859660704464614,1.6467769179139229,12.330208459400458,6.870264856271882,1.868835490494456,-3.476343845759669,1.7940709196570577,BabyLM 125M — first layer,NA,NA
1.839483325433701,1.6467769179139229,12.304522062204905,6.870264856271882,1.868835490494456,-3.476343845759669,1.7940709196570577,BabyLM 125M — first layer,NA,NA
1.9930005804209403,1.6467769179139229,12.27883566500935,6.870264856271882,1.868835490494456,-3.476343845759669,1.7940709196570577,BabyLM 125M — first layer,NA,NA
2.14651783540818,1.6467769179139229,12.253149267813797,6.870264856271882,1.868835490494456,-3.476343845759669,1.7940709196570577,BabyLM 125M — first layer,NA,NA
2.300035090395419,1.6467769179139229,12.227462870618243,6.870264856271882,1.868835490494456,-3.476343845759669,1.7940709196570577,BabyLM 125M — first layer,NA,NA
2.453552345382658,1.6467769179139229,12.201776473422688,6.870264856271882,1.868835490494456,-3.476343845759669,1.7940709196570577,BabyLM 125M — first layer,NA,NA
-1.9984480492472816,1.8143614199467493,12.942024497975485,6.870264856271882,1.868835490494456,-3.476343845759669,1.7940709196570577,BabyLM 125M — first layer,NA,NA
-1.8449307942600424,1.8143614199467493,12.91459846001233,6.870264856271882,1.868835490494456,-3.476343845759669,1.7940709196570577,BabyLM 125M — first layer,NA,NA
-1.6914135392728031,1.8143614199467493,12.887172422049176,6.870264856271882,1.868835490494456,-3.476343845759669,1.7940709196570577,BabyLM 125M — first layer,NA,NA
-1.537896284285564,1.8143614199467493,12.859746384086026,6.870264856271882,1.868835490494456,-3.476343845759669,1.7940709196570577,BabyLM 125M — first layer,NA,NA
-1.384379029298325,1.8143614199467493,12.832320346122874,6.870264856271882,1.868835490494456,-3.476343845759669,1.7940709196570577,BabyLM 125M — first layer,NA,NA
-1.2308617743110852,1.8143614199467493,12.80489430815972,6.870264856271882,1.868835490494456,-3.476343845759669,1.7940709196570577,BabyLM 125M — first layer,NA,NA
-1.077344519323846,1.8143614199467493,12.777468270196568,6.870264856271882,1.868835490494456,-3.476343845759669,1.7940709196570577,BabyLM 125M — first layer,NA,NA
-0.9238272643366066,1.8143614199467493,12.750042232233415,6.870264856271882,1.868835490494456,-3.476343845759669,1.7940709196570577,BabyLM 125M — first layer,NA,NA
-0.7703100093493673,1.8143614199467493,12.722616194270264,6.870264856271882,1.868835490494456,-3.476343845759669,1.7940709196570577,BabyLM 125M — first layer,NA,NA
-0.6167927543621281,1.8143614199467493,12.695190156307111,6.870264856271882,1.868835490494456,-3.476343845759669,1.7940709196570577,BabyLM 125M — first layer,NA,NA
-0.46327549937488866,1.8143614199467493,12.66776411834396,6.870264856271882,1.868835490494456,-3.476343845759669,1.7940709196570577,BabyLM 125M — first layer,NA,NA
-0.30975824438764943,1.8143614199467493,12.640338080380806,6.870264856271882,1.868835490494456,-3.476343845759669,1.7940709196570577,BabyLM 125M — first layer,NA,NA
-0.1562409894004102,1.8143614199467493,12.612912042417651,6.870264856271882,1.868835490494456,-3.476343845759669,1.7940709196570577,BabyLM 125M — first layer,NA,NA
-0.00272373441317075,1.8143614199467493,12.585486004454502,6.870264856271882,1.868835490494456,-3.476343845759669,1.7940709196570577,BabyLM 125M — first layer,NA,NA
0.1507935205740687,1.8143614199467493,12.55805996649135,6.870264856271882,1.868835490494456,-3.476343845759669,1.7940709196570577,BabyLM 125M — first layer,NA,NA
0.3043107755613079,1.8143614199467493,12.530633928528196,6.870264856271882,1.868835490494456,-3.476343845759669,1.7940709196570577,BabyLM 125M — first layer,NA,NA
0.4578280305485471,1.8143614199467493,12.503207890565044,6.870264856271882,1.868835490494456,-3.476343845759669,1.7940709196570577,BabyLM 125M — first layer,NA,NA
0.6113452855357864,1.8143614199467493,12.47578185260189,6.870264856271882,1.868835490494456,-3.476343845759669,1.7940709196570577,BabyLM 125M — first layer,NA,NA
0.7648625405230256,1.8143614199467493,12.44835581463874,6.870264856271882,1.868835490494456,-3.476343845759669,1.7940709196570577,BabyLM 125M — first layer,NA,NA
0.9183797955102652,1.8143614199467493,12.420929776675589,6.870264856271882,1.868835490494456,-3.476343845759669,1.7940709196570577,BabyLM 125M — first layer,NA,NA
1.0718970504975045,1.8143614199467493,12.393503738712434,6.870264856271882,1.868835490494456,-3.476343845759669,1.7940709196570577,BabyLM 125M — first layer,NA,NA
1.2254143054847435,1.8143614199467493,12.36607770074928,6.870264856271882,1.868835490494456,-3.476343845759669,1.7940709196570577,BabyLM 125M — first layer,NA,NA
1.378931560471983,1.8143614199467493,12.338651662786129,6.870264856271882,1.868835490494456,-3.476343845759669,1.7940709196570577,BabyLM 125M — first layer,NA,NA
1.5324488154592222,1.8143614199467493,12.311225624822978,6.870264856271882,1.868835490494456,-3.476343845759669,1.7940709196570577,BabyLM 125M — first layer,NA,NA
1.6859660704464614,1.8143614199467493,12.283799586859825,6.870264856271882,1.868835490494456,-3.476343845759669,1.7940709196570577,BabyLM 125M — first layer,NA,NA
1.839483325433701,1.8143614199467493,12.256373548896672,6.870264856271882,1.868835490494456,-3.476343845759669,1.7940709196570577,BabyLM 125M — first layer,NA,NA
1.9930005804209403,1.8143614199467493,12.22894751093352,6.870264856271882,1.868835490494456,-3.476343845759669,1.7940709196570577,BabyLM 125M — first layer,NA,NA
2.14651783540818,1.8143614199467493,12.201521472970366,6.870264856271882,1.868835490494456,-3.476343845759669,1.7940709196570577,BabyLM 125M — first layer,NA,NA
2.300035090395419,1.8143614199467493,12.174095435007215,6.870264856271882,1.868835490494456,-3.476343845759669,1.7940709196570577,BabyLM 125M — first layer,NA,NA
2.453552345382658,1.8143614199467493,12.146669397044064,6.870264856271882,1.868835490494456,-3.476343845759669,1.7940709196570577,BabyLM 125M — first layer,NA,NA
-1.9984480492472816,1.981945921979575,12.93736700385722,6.870264856271882,1.868835490494456,-3.476343845759669,1.7940709196570577,BabyLM 125M — first layer,NA,NA
-1.8449307942600424,1.981945921979575,12.908201325126468,6.870264856271882,1.868835490494456,-3.476343845759669,1.7940709196570577,BabyLM 125M — first layer,NA,NA
-1.6914135392728031,1.981945921979575,12.879035646395716,6.870264856271882,1.868835490494456,-3.476343845759669,1.7940709196570577,BabyLM 125M — first layer,NA,NA
-1.537896284285564,1.981945921979575,12.849869967664969,6.870264856271882,1.868835490494456,-3.476343845759669,1.7940709196570577,BabyLM 125M — first layer,NA,NA
-1.384379029298325,1.981945921979575,12.820704288934214,6.870264856271882,1.868835490494456,-3.476343845759669,1.7940709196570577,BabyLM 125M — first layer,NA,NA
-1.2308617743110852,1.981945921979575,12.791538610203464,6.870264856271882,1.868835490494456,-3.476343845759669,1.7940709196570577,BabyLM 125M — first layer,NA,NA
-1.077344519323846,1.981945921979575,12.762372931472711,6.870264856271882,1.868835490494456,-3.476343845759669,1.7940709196570577,BabyLM 125M — first layer,NA,NA
-0.9238272643366066,1.981945921979575,12.73320725274196,6.870264856271882,1.868835490494456,-3.476343845759669,1.7940709196570577,BabyLM 125M — first layer,NA,NA
-0.7703100093493673,1.981945921979575,12.70404157401121,6.870264856271882,1.868835490494456,-3.476343845759669,1.7940709196570577,BabyLM 125M — first layer,NA,NA
-0.6167927543621281,1.981945921979575,12.67487589528046,6.870264856271882,1.868835490494456,-3.476343845759669,1.7940709196570577,BabyLM 125M — first layer,NA,NA
-0.46327549937488866,1.981945921979575,12.645710216549707,6.870264856271882,1.868835490494456,-3.476343845759669,1.7940709196570577,BabyLM 125M — first layer,NA,NA
-0.30975824438764943,1.981945921979575,12.616544537818957,6.870264856271882,1.868835490494456,-3.476343845759669,1.7940709196570577,BabyLM 125M — first layer,NA,NA
-0.1562409894004102,1.981945921979575,12.587378859088206,6.870264856271882,1.868835490494456,-3.476343845759669,1.7940709196570577,BabyLM 125M — first layer,NA,NA
-0.00272373441317075,1.981945921979575,12.558213180357454,6.870264856271882,1.868835490494456,-3.476343845759669,1.7940709196570577,BabyLM 125M — first layer,NA,NA
0.1507935205740687,1.981945921979575,12.529047501626705,6.870264856271882,1.868835490494456,-3.476343845759669,1.7940709196570577,BabyLM 125M — first layer,NA,NA
0.3043107755613079,1.981945921979575,12.499881822895953,6.870264856271882,1.868835490494456,-3.476343845759669,1.7940709196570577,BabyLM 125M — first layer,NA,NA
0.4578280305485471,1.981945921979575,12.4707161441652,6.870264856271882,1.868835490494456,-3.476343845759669,1.7940709196570577,BabyLM 125M — first layer,NA,NA
0.6113452855357864,1.981945921979575,12.44155046543445,6.870264856271882,1.868835490494456,-3.476343845759669,1.7940709196570577,BabyLM 125M — first layer,NA,NA
0.7648625405230256,1.981945921979575,12.4123847867037,6.870264856271882,1.868835490494456,-3.476343845759669,1.7940709196570577,BabyLM 125M — first layer,NA,NA
0.9183797955102652,1.981945921979575,12.383219107972948,6.870264856271882,1.868835490494456,-3.476343845759669,1.7940709196570577,BabyLM 125M — first layer,NA,NA
1.0718970504975045,1.981945921979575,12.354053429242196,6.870264856271882,1.868835490494456,-3.476343845759669,1.7940709196570577,BabyLM 125M — first layer,NA,NA
1.2254143054847435,1.981945921979575,12.324887750511444,6.870264856271882,1.868835490494456,-3.476343845759669,1.7940709196570577,BabyLM 125M — first layer,NA,NA
1.378931560471983,1.981945921979575,12.295722071780691,6.870264856271882,1.868835490494456,-3.476343845759669,1.7940709196570577,BabyLM 125M — first layer,NA,NA
1.5324488154592222,1.981945921979575,12.266556393049942,6.870264856271882,1.868835490494456,-3.476343845759669,1.7940709196570577,BabyLM 125M — first layer,NA,NA
1.6859660704464614,1.981945921979575,12.237390714319192,6.870264856271882,1.868835490494456,-3.476343845759669,1.7940709196570577,BabyLM 125M — first layer,NA,NA
1.839483325433701,1.981945921979575,12.20822503558844,6.870264856271882,1.868835490494456,-3.476343845759669,1.7940709196570577,BabyLM 125M — first layer,NA,NA
1.9930005804209403,1.981945921979575,12.179059356857689,6.870264856271882,1.868835490494456,-3.476343845759669,1.7940709196570577,BabyLM 125M — first layer,NA,NA
2.14651783540818,1.981945921979575,12.149893678126938,6.870264856271882,1.868835490494456,-3.476343845759669,1.7940709196570577,BabyLM 125M — first layer,NA,NA
2.300035090395419,1.981945921979575,12.120727999396188,6.870264856271882,1.868835490494456,-3.476343845759669,1.7940709196570577,BabyLM 125M — first layer,NA,NA
2.453552345382658,1.981945921979575,12.091562320665435,6.870264856271882,1.868835490494456,-3.476343845759669,1.7940709196570577,BabyLM 125M — first layer,NA,NA
-1.9984480492472816,2.1495304240124016,12.932709509738956,6.870264856271882,1.868835490494456,-3.476343845759669,1.7940709196570577,BabyLM 125M — first layer,NA,NA
-1.8449307942600424,2.1495304240124016,12.901804190240606,6.870264856271882,1.868835490494456,-3.476343845759669,1.7940709196570577,BabyLM 125M — first layer,NA,NA
-1.6914135392728031,2.1495304240124016,12.870898870742256,6.870264856271882,1.868835490494456,-3.476343845759669,1.7940709196570577,BabyLM 125M — first layer,NA,NA
-1.537896284285564,2.1495304240124016,12.839993551243904,6.870264856271882,1.868835490494456,-3.476343845759669,1.7940709196570577,BabyLM 125M — first layer,NA,NA
-1.384379029298325,2.1495304240124016,12.809088231745555,6.870264856271882,1.868835490494456,-3.476343845759669,1.7940709196570577,BabyLM 125M — first layer,NA,NA
-1.2308617743110852,2.1495304240124016,12.778182912247209,6.870264856271882,1.868835490494456,-3.476343845759669,1.7940709196570577,BabyLM 125M — first layer,NA,NA
-1.077344519323846,2.1495304240124016,12.747277592748857,6.870264856271882,1.868835490494456,-3.476343845759669,1.7940709196570577,BabyLM 125M — first layer,NA,NA
-0.9238272643366066,2.1495304240124016,12.716372273250506,6.870264856271882,1.868835490494456,-3.476343845759669,1.7940709196570577,BabyLM 125M — first layer,NA,NA
-0.7703100093493673,2.1495304240124016,12.685466953752156,6.870264856271882,1.868835490494456,-3.476343845759669,1.7940709196570577,BabyLM 125M — first layer,NA,NA
-0.6167927543621281,2.1495304240124016,12.654561634253806,6.870264856271882,1.868835490494456,-3.476343845759669,1.7940709196570577,BabyLM 125M — first layer,NA,NA
-0.46327549937488866,2.1495304240124016,12.623656314755456,6.870264856271882,1.868835490494456,-3.476343845759669,1.7940709196570577,BabyLM 125M — first layer,NA,NA
-0.30975824438764943,2.1495304240124016,12.592750995257108,6.870264856271882,1.868835490494456,-3.476343845759669,1.7940709196570577,BabyLM 125M — first layer,NA,NA
-0.1562409894004102,2.1495304240124016,12.561845675758756,6.870264856271882,1.868835490494456,-3.476343845759669,1.7940709196570577,BabyLM 125M — first layer,NA,NA
-0.00272373441317075,2.1495304240124016,12.530940356260407,6.870264856271882,1.868835490494456,-3.476343845759669,1.7940709196570577,BabyLM 125M — first layer,NA,NA
0.1507935205740687,2.1495304240124016,12.500035036762055,6.870264856271882,1.868835490494456,-3.476343845759669,1.7940709196570577,BabyLM 125M — first layer,NA,NA
0.3043107755613079,2.1495304240124016,12.469129717263709,6.870264856271882,1.868835490494456,-3.476343845759669,1.7940709196570577,BabyLM 125M — first layer,NA,NA
0.4578280305485471,2.1495304240124016,12.438224397765357,6.870264856271882,1.868835490494456,-3.476343845759669,1.7940709196570577,BabyLM 125M — first layer,NA,NA
0.6113452855357864,2.1495304240124016,12.407319078267008,6.870264856271882,1.868835490494456,-3.476343845759669,1.7940709196570577,BabyLM 125M — first layer,NA,NA
0.7648625405230256,2.1495304240124016,12.376413758768658,6.870264856271882,1.868835490494456,-3.476343845759669,1.7940709196570577,BabyLM 125M — first layer,NA,NA
0.9183797955102652,2.1495304240124016,12.345508439270308,6.870264856271882,1.868835490494456,-3.476343845759669,1.7940709196570577,BabyLM 125M — first layer,NA,NA
1.0718970504975045,2.1495304240124016,12.314603119771958,6.870264856271882,1.868835490494456,-3.476343845759669,1.7940709196570577,BabyLM 125M — first layer,NA,NA
1.2254143054847435,2.1495304240124016,12.283697800273607,6.870264856271882,1.868835490494456,-3.476343845759669,1.7940709196570577,BabyLM 125M — first layer,NA,NA
1.378931560471983,2.1495304240124016,12.252792480775256,6.870264856271882,1.868835490494456,-3.476343845759669,1.7940709196570577,BabyLM 125M — first layer,NA,NA
1.5324488154592222,2.1495304240124016,12.221887161276909,6.870264856271882,1.868835490494456,-3.476343845759669,1.7940709196570577,BabyLM 125M — first layer,NA,NA
1.6859660704464614,2.1495304240124016,12.19098184177856,6.870264856271882,1.868835490494456,-3.476343845759669,1.7940709196570577,BabyLM 125M — first layer,NA,NA
1.839483325433701,2.1495304240124016,12.160076522280209,6.870264856271882,1.868835490494456,-3.476343845759669,1.7940709196570577,BabyLM 125M — first layer,NA,NA
1.9930005804209403,2.1495304240124016,12.129171202781858,6.870264856271882,1.868835490494456,-3.476343845759669,1.7940709196570577,BabyLM 125M — first layer,NA,NA
2.14651783540818,2.1495304240124016,12.098265883283508,6.870264856271882,1.868835490494456,-3.476343845759669,1.7940709196570577,BabyLM 125M — first layer,NA,NA
2.300035090395419,2.1495304240124016,12.067360563785158,6.870264856271882,1.868835490494456,-3.476343845759669,1.7940709196570577,BabyLM 125M — first layer,NA,NA
2.453552345382658,2.1495304240124016,12.03645524428681,6.870264856271882,1.868835490494456,-3.476343845759669,1.7940709196570577,BabyLM 125M — first layer,NA,NA
-1.9984480492472816,2.3171149260452277,12.928052015620692,6.870264856271882,1.868835490494456,-3.476343845759669,1.7940709196570577,BabyLM 125M — first layer,NA,NA
-1.8449307942600424,2.3171149260452277,12.895407055354744,6.870264856271882,1.868835490494456,-3.476343845759669,1.7940709196570577,BabyLM 125M — first layer,NA,NA
-1.6914135392728031,2.3171149260452277,12.862762095088796,6.870264856271882,1.868835490494456,-3.476343845759669,1.7940709196570577,BabyLM 125M — first layer,NA,NA
-1.537896284285564,2.3171149260452277,12.830117134822846,6.870264856271882,1.868835490494456,-3.476343845759669,1.7940709196570577,BabyLM 125M — first layer,NA,NA
-1.384379029298325,2.3171149260452277,12.797472174556898,6.870264856271882,1.868835490494456,-3.476343845759669,1.7940709196570577,BabyLM 125M — first layer,NA,NA
-1.2308617743110852,2.3171149260452277,12.76482721429095,6.870264856271882,1.868835490494456,-3.476343845759669,1.7940709196570577,BabyLM 125M — first layer,NA,NA
-1.077344519323846,2.3171149260452277,12.732182254025,6.870264856271882,1.868835490494456,-3.476343845759669,1.7940709196570577,BabyLM 125M — first layer,NA,NA
-0.9238272643366066,2.3171149260452277,12.699537293759052,6.870264856271882,1.868835490494456,-3.476343845759669,1.7940709196570577,BabyLM 125M — first layer,NA,NA
-0.7703100093493673,2.3171149260452277,12.666892333493102,6.870264856271882,1.868835490494456,-3.476343845759669,1.7940709196570577,BabyLM 125M — first layer,NA,NA
-0.6167927543621281,2.3171149260452277,12.634247373227154,6.870264856271882,1.868835490494456,-3.476343845759669,1.7940709196570577,BabyLM 125M — first layer,NA,NA
-0.46327549937488866,2.3171149260452277,12.601602412961206,6.870264856271882,1.868835490494456,-3.476343845759669,1.7940709196570577,BabyLM 125M — first layer,NA,NA
-0.30975824438764943,2.3171149260452277,12.568957452695257,6.870264856271882,1.868835490494456,-3.476343845759669,1.7940709196570577,BabyLM 125M — first layer,NA,NA
-0.1562409894004102,2.3171149260452277,12.536312492429309,6.870264856271882,1.868835490494456,-3.476343845759669,1.7940709196570577,BabyLM 125M — first layer,NA,NA
-0.00272373441317075,2.3171149260452277,12.50366753216336,6.870264856271882,1.868835490494456,-3.476343845759669,1.7940709196570577,BabyLM 125M — first layer,NA,NA
0.1507935205740687,2.3171149260452277,12.47102257189741,6.870264856271882,1.868835490494456,-3.476343845759669,1.7940709196570577,BabyLM 125M — first layer,NA,NA
0.3043107755613079,2.3171149260452277,12.438377611631465,6.870264856271882,1.868835490494456,-3.476343845759669,1.7940709196570577,BabyLM 125M — first layer,NA,NA
0.4578280305485471,2.3171149260452277,12.405732651365517,6.870264856271882,1.868835490494456,-3.476343845759669,1.7940709196570577,BabyLM 125M — first layer,NA,NA
0.6113452855357864,2.3171149260452277,12.373087691099563,6.870264856271882,1.868835490494456,-3.476343845759669,1.7940709196570577,BabyLM 125M — first layer,NA,NA
0.7648625405230256,2.3171149260452277,12.340442730833615,6.870264856271882,1.868835490494456,-3.476343845759669,1.7940709196570577,BabyLM 125M — first layer,NA,NA
0.9183797955102652,2.3171149260452277,12.307797770567667,6.870264856271882,1.868835490494456,-3.476343845759669,1.7940709196570577,BabyLM 125M — first layer,NA,NA
1.0718970504975045,2.3171149260452277,12.27515281030172,6.870264856271882,1.868835490494456,-3.476343845759669,1.7940709196570577,BabyLM 125M — first layer,NA,NA
1.2254143054847435,2.3171149260452277,12.242507850035771,6.870264856271882,1.868835490494456,-3.476343845759669,1.7940709196570577,BabyLM 125M — first layer,NA,NA
1.378931560471983,2.3171149260452277,12.209862889769822,6.870264856271882,1.868835490494456,-3.476343845759669,1.7940709196570577,BabyLM 125M — first layer,NA,NA
1.5324488154592222,2.3171149260452277,12.177217929503874,6.870264856271882,1.868835490494456,-3.476343845759669,1.7940709196570577,BabyLM 125M — first layer,NA,NA
1.6859660704464614,2.3171149260452277,12.144572969237926,6.870264856271882,1.868835490494456,-3.476343845759669,1.7940709196570577,BabyLM 125M — first layer,NA,NA
1.839483325433701,2.3171149260452277,12.111928008971976,6.870264856271882,1.868835490494456,-3.476343845759669,1.7940709196570577,BabyLM 125M — first layer,NA,NA
1.9930005804209403,2.3171149260452277,12.079283048706028,6.870264856271882,1.868835490494456,-3.476343845759669,1.7940709196570577,BabyLM 125M — first layer,NA,NA
2.14651783540818,2.3171149260452277,12.04663808844008,6.870264856271882,1.868835490494456,-3.476343845759669,1.7940709196570577,BabyLM 125M — first layer,NA,NA
2.300035090395419,2.3171149260452277,12.01399312817413,6.870264856271882,1.868835490494456,-3.476343845759669,1.7940709196570577,BabyLM 125M — first layer,NA,NA
2.453552345382658,2.3171149260452277,11.981348167908182,6.870264856271882,1.868835490494456,-3.476343845759669,1.7940709196570577,BabyLM 125M — first layer,NA,NA
-1.9984480492472816,-2.5428356329067325,13.860701461008038,6.870264856271882,1.868835490494456,-3.476343845759669,1.7940709196570577,BabyLM 350M — first layer,NA,NA
-1.8449307942600424,-2.5428356329067325,13.858671408271304,6.870264856271882,1.868835490494456,-3.476343845759669,1.7940709196570577,BabyLM 350M — first layer,NA,NA
-1.6914135392728031,-2.5428356329067325,13.856641355534569,6.870264856271882,1.868835490494456,-3.476343845759669,1.7940709196570577,BabyLM 350M — first layer,NA,NA
-1.537896284285564,-2.5428356329067325,13.854611302797837,6.870264856271882,1.868835490494456,-3.476343845759669,1.7940709196570577,BabyLM 350M — first layer,NA,NA
-1.384379029298325,-2.5428356329067325,13.8525812500611,6.870264856271882,1.868835490494456,-3.476343845759669,1.7940709196570577,BabyLM 350M — first layer,NA,NA
-1.2308617743110852,-2.5428356329067325,13.850551197324366,6.870264856271882,1.868835490494456,-3.476343845759669,1.7940709196570577,BabyLM 350M — first layer,NA,NA
-1.077344519323846,-2.5428356329067325,13.84852114458763,6.870264856271882,1.868835490494456,-3.476343845759669,1.7940709196570577,BabyLM 350M — first layer,NA,NA
-0.9238272643366066,-2.5428356329067325,13.846491091850895,6.870264856271882,1.868835490494456,-3.476343845759669,1.7940709196570577,BabyLM 350M — first layer,NA,NA
-0.7703100093493673,-2.5428356329067325,13.844461039114163,6.870264856271882,1.868835490494456,-3.476343845759669,1.7940709196570577,BabyLM 350M — first layer,NA,NA
-0.6167927543621281,-2.5428356329067325,13.842430986377428,6.870264856271882,1.868835490494456,-3.476343845759669,1.7940709196570577,BabyLM 350M — first layer,NA,NA
-0.46327549937488866,-2.5428356329067325,13.840400933640694,6.870264856271882,1.868835490494456,-3.476343845759669,1.7940709196570577,BabyLM 350M — first layer,NA,NA
-0.30975824438764943,-2.5428356329067325,13.83837088090396,6.870264856271882,1.868835490494456,-3.476343845759669,1.7940709196570577,BabyLM 350M — first layer,NA,NA
-0.1562409894004102,-2.5428356329067325,13.836340828167224,6.870264856271882,1.868835490494456,-3.476343845759669,1.7940709196570577,BabyLM 350M — first layer,NA,NA
-0.00272373441317075,-2.5428356329067325,13.83431077543049,6.870264856271882,1.868835490494456,-3.476343845759669,1.7940709196570577,BabyLM 350M — first layer,NA,NA
0.1507935205740687,-2.5428356329067325,13.832280722693756,6.870264856271882,1.868835490494456,-3.476343845759669,1.7940709196570577,BabyLM 350M — first layer,NA,NA
0.3043107755613079,-2.5428356329067325,13.830250669957024,6.870264856271882,1.868835490494456,-3.476343845759669,1.7940709196570577,BabyLM 350M — first layer,NA,NA
0.4578280305485471,-2.5428356329067325,13.828220617220287,6.870264856271882,1.868835490494456,-3.476343845759669,1.7940709196570577,BabyLM 350M — first layer,NA,NA
0.6113452855357864,-2.5428356329067325,13.826190564483554,6.870264856271882,1.868835490494456,-3.476343845759669,1.7940709196570577,BabyLM 350M — first layer,NA,NA
0.7648625405230256,-2.5428356329067325,13.824160511746818,6.870264856271882,1.868835490494456,-3.476343845759669,1.7940709196570577,BabyLM 350M — first layer,NA,NA
0.9183797955102652,-2.5428356329067325,13.822130459010085,6.870264856271882,1.868835490494456,-3.476343845759669,1.7940709196570577,BabyLM 350M — first layer,NA,NA
1.0718970504975045,-2.5428356329067325,13.82010040627335,6.870264856271882,1.868835490494456,-3.476343845759669,1.7940709196570577,BabyLM 350M — first layer,NA,NA
1.2254143054847435,-2.5428356329067325,13.818070353536616,6.870264856271882,1.868835490494456,-3.476343845759669,1.7940709196570577,BabyLM 350M — first layer,NA,NA
1.378931560471983,-2.5428356329067325,13.81604030079988,6.870264856271882,1.868835490494456,-3.476343845759669,1.7940709196570577,BabyLM 350M — first layer,NA,NA
1.5324488154592222,-2.5428356329067325,13.814010248063148,6.870264856271882,1.868835490494456,-3.476343845759669,1.7940709196570577,BabyLM 350M — first layer,NA,NA
1.6859660704464614,-2.5428356329067325,13.811980195326411,6.870264856271882,1.868835490494456,-3.476343845759669,1.7940709196570577,BabyLM 350M — first layer,NA,NA
1.839483325433701,-2.5428356329067325,13.809950142589678,6.870264856271882,1.868835490494456,-3.476343845759669,1.7940709196570577,BabyLM 350M — first layer,NA,NA
1.9930005804209403,-2.5428356329067325,13.807920089852944,6.870264856271882,1.868835490494456,-3.476343845759669,1.7940709196570577,BabyLM 350M — first layer,NA,NA
2.14651783540818,-2.5428356329067325,13.805890037116209,6.870264856271882,1.868835490494456,-3.476343845759669,1.7940709196570577,BabyLM 350M — first layer,NA,NA
2.300035090395419,-2.5428356329067325,13.803859984379477,6.870264856271882,1.868835490494456,-3.476343845759669,1.7940709196570577,BabyLM 350M — first layer,NA,NA
2.453552345382658,-2.5428356329067325,13.80182993164274,6.870264856271882,1.868835490494456,-3.476343845759669,1.7940709196570577,BabyLM 350M — first layer,NA,NA
-1.9984480492472816,-2.3752511308739064,13.879060624766108,6.870264856271882,1.868835490494456,-3.476343845759669,1.7940709196570577,BabyLM 350M — first layer,NA,NA
-1.8449307942600424,-2.3752511308739064,13.876457996632206,6.870264856271882,1.868835490494456,-3.476343845759669,1.7940709196570577,BabyLM 350M — first layer,NA,NA
-1.6914135392728031,-2.3752511308739064,13.873855368498306,6.870264856271882,1.868835490494456,-3.476343845759669,1.7940709196570577,BabyLM 350M — first layer,NA,NA
-1.537896284285564,-2.3752511308739064,13.871252740364405,6.870264856271882,1.868835490494456,-3.476343845759669,1.7940709196570577,BabyLM 350M — first layer,NA,NA
-1.384379029298325,-2.3752511308739064,13.868650112230505,6.870264856271882,1.868835490494456,-3.476343845759669,1.7940709196570577,BabyLM 350M — first layer,NA,NA
-1.2308617743110852,-2.3752511308739064,13.866047484096605,6.870264856271882,1.868835490494456,-3.476343845759669,1.7940709196570577,BabyLM 350M — first layer,NA,NA
-1.077344519323846,-2.3752511308739064,13.8634448559627,6.870264856271882,1.868835490494456,-3.476343845759669,1.7940709196570577,BabyLM 350M — first layer,NA,NA
-0.9238272643366066,-2.3752511308739064,13.8608422278288,6.870264856271882,1.868835490494456,-3.476343845759669,1.7940709196570577,BabyLM 350M — first layer,NA,NA
-0.7703100093493673,-2.3752511308739064,13.8582395996949,6.870264856271882,1.868835490494456,-3.476343845759669,1.7940709196570577,BabyLM 350M — first layer,NA,NA
-0.6167927543621281,-2.3752511308739064,13.855636971560996,6.870264856271882,1.868835490494456,-3.476343845759669,1.7940709196570577,BabyLM 350M — first layer,NA,NA
-0.46327549937488866,-2.3752511308739064,13.853034343427096,6.870264856271882,1.868835490494456,-3.476343845759669,1.7940709196570577,BabyLM 350M — first layer,NA,NA
-0.30975824438764943,-2.3752511308739064,13.850431715293196,6.870264856271882,1.868835490494456,-3.476343845759669,1.7940709196570577,BabyLM 350M — first layer,NA,NA
-0.1562409894004102,-2.3752511308739064,13.847829087159294,6.870264856271882,1.868835490494456,-3.476343845759669,1.7940709196570577,BabyLM 350M — first layer,NA,NA
-0.00272373441317075,-2.3752511308739064,13.845226459025394,6.870264856271882,1.868835490494456,-3.476343845759669,1.7940709196570577,BabyLM 350M — first layer,NA,NA
0.1507935205740687,-2.3752511308739064,13.842623830891492,6.870264856271882,1.868835490494456,-3.476343845759669,1.7940709196570577,BabyLM 350M — first layer,NA,NA
0.3043107755613079,-2.3752511308739064,13.840021202757592,6.870264856271882,1.868835490494456,-3.476343845759669,1.7940709196570577,BabyLM 350M — first layer,NA,NA
0.4578280305485471,-2.3752511308739064,13.83741857462369,6.870264856271882,1.868835490494456,-3.476343845759669,1.7940709196570577,BabyLM 350M — first layer,NA,NA
0.6113452855357864,-2.3752511308739064,13.834815946489789,6.870264856271882,1.868835490494456,-3.476343845759669,1.7940709196570577,BabyLM 350M — first layer,NA,NA
0.7648625405230256,-2.3752511308739064,13.832213318355889,6.870264856271882,1.868835490494456,-3.476343845759669,1.7940709196570577,BabyLM 350M — first layer,NA,NA
0.9183797955102652,-2.3752511308739064,13.829610690221989,6.870264856271882,1.868835490494456,-3.476343845759669,1.7940709196570577,BabyLM 350M — first layer,NA,NA
1.0718970504975045,-2.3752511308739064,13.827008062088083,6.870264856271882,1.868835490494456,-3.476343845759669,1.7940709196570577,BabyLM 350M — first layer,NA,NA
1.2254143054847435,-2.3752511308739064,13.824405433954183,6.870264856271882,1.868835490494456,-3.476343845759669,1.7940709196570577,BabyLM 350M — first layer,NA,NA
1.378931560471983,-2.3752511308739064,13.821802805820283,6.870264856271882,1.868835490494456,-3.476343845759669,1.7940709196570577,BabyLM 350M — first layer,NA,NA
1.5324488154592222,-2.3752511308739064,13.819200177686383,6.870264856271882,1.868835490494456,-3.476343845759669,1.7940709196570577,BabyLM 350M — first layer,NA,NA
1.6859660704464614,-2.3752511308739064,13.816597549552482,6.870264856271882,1.868835490494456,-3.476343845759669,1.7940709196570577,BabyLM 350M — first layer,NA,NA
1.839483325433701,-2.3752511308739064,13.81399492141858,6.870264856271882,1.868835490494456,-3.476343845759669,1.7940709196570577,BabyLM 350M — first layer,NA,NA
1.9930005804209403,-2.3752511308739064,13.81139229328468,6.870264856271882,1.868835490494456,-3.476343845759669,1.7940709196570577,BabyLM 350M — first layer,NA,NA
2.14651783540818,-2.3752511308739064,13.808789665150778,6.870264856271882,1.868835490494456,-3.476343845759669,1.7940709196570577,BabyLM 350M — first layer,NA,NA
2.300035090395419,-2.3752511308739064,13.806187037016876,6.870264856271882,1.868835490494456,-3.476343845759669,1.7940709196570577,BabyLM 350M — first layer,NA,NA
2.453552345382658,-2.3752511308739064,13.803584408882976,6.870264856271882,1.868835490494456,-3.476343845759669,1.7940709196570577,BabyLM 350M — first layer,NA,NA
-1.9984480492472816,-2.20766662884108,13.89741978852418,6.870264856271882,1.868835490494456,-3.476343845759669,1.7940709196570577,BabyLM 350M — first layer,NA,NA
-1.8449307942600424,-2.20766662884108,13.89424458499311,6.870264856271882,1.868835490494456,-3.476343845759669,1.7940709196570577,BabyLM 350M — first layer,NA,NA
-1.6914135392728031,-2.20766662884108,13.891069381462042,6.870264856271882,1.868835490494456,-3.476343845759669,1.7940709196570577,BabyLM 350M — first layer,NA,NA
-1.537896284285564,-2.20766662884108,13.887894177930976,6.870264856271882,1.868835490494456,-3.476343845759669,1.7940709196570577,BabyLM 350M — first layer,NA,NA
-1.384379029298325,-2.20766662884108,13.884718974399908,6.870264856271882,1.868835490494456,-3.476343845759669,1.7940709196570577,BabyLM 350M — first layer,NA,NA
-1.2308617743110852,-2.20766662884108,13.88154377086884,6.870264856271882,1.868835490494456,-3.476343845759669,1.7940709196570577,BabyLM 350M — first layer,NA,NA
-1.077344519323846,-2.20766662884108,13.878368567337771,6.870264856271882,1.868835490494456,-3.476343845759669,1.7940709196570577,BabyLM 350M — first layer,NA,NA
-0.9238272643366066,-2.20766662884108,13.875193363806703,6.870264856271882,1.868835490494456,-3.476343845759669,1.7940709196570577,BabyLM 350M — first layer,NA,NA
-0.7703100093493673,-2.20766662884108,13.872018160275635,6.870264856271882,1.868835490494456,-3.476343845759669,1.7940709196570577,BabyLM 350M — first layer,NA,NA
-0.6167927543621281,-2.20766662884108,13.868842956744569,6.870264856271882,1.868835490494456,-3.476343845759669,1.7940709196570577,BabyLM 350M — first layer,NA,NA
-0.46327549937488866,-2.20766662884108,13.8656677532135,6.870264856271882,1.868835490494456,-3.476343845759669,1.7940709196570577,BabyLM 350M — first layer,NA,NA
-0.30975824438764943,-2.20766662884108,13.862492549682432,6.870264856271882,1.868835490494456,-3.476343845759669,1.7940709196570577,BabyLM 350M — first layer,NA,NA
-0.1562409894004102,-2.20766662884108,13.859317346151364,6.870264856271882,1.868835490494456,-3.476343845759669,1.7940709196570577,BabyLM 350M — first layer,NA,NA
-0.00272373441317075,-2.20766662884108,13.856142142620296,6.870264856271882,1.868835490494456,-3.476343845759669,1.7940709196570577,BabyLM 350M — first layer,NA,NA
0.1507935205740687,-2.20766662884108,13.85296693908923,6.870264856271882,1.868835490494456,-3.476343845759669,1.7940709196570577,BabyLM 350M — first layer,NA,NA
0.3043107755613079,-2.20766662884108,13.849791735558162,6.870264856271882,1.868835490494456,-3.476343845759669,1.7940709196570577,BabyLM 350M — first layer,NA,NA
0.4578280305485471,-2.20766662884108,13.846616532027094,6.870264856271882,1.868835490494456,-3.476343845759669,1.7940709196570577,BabyLM 350M — first layer,NA,NA
0.6113452855357864,-2.20766662884108,13.843441328496024,6.870264856271882,1.868835490494456,-3.476343845759669,1.7940709196570577,BabyLM 350M — first layer,NA,NA
0.7648625405230256,-2.20766662884108,13.840266124964955,6.870264856271882,1.868835490494456,-3.476343845759669,1.7940709196570577,BabyLM 350M — first layer,NA,NA
0.9183797955102652,-2.20766662884108,13.837090921433887,6.870264856271882,1.868835490494456,-3.476343845759669,1.7940709196570577,BabyLM 350M — first layer,NA,NA
1.0718970504975045,-2.20766662884108,13.833915717902824,6.870264856271882,1.868835490494456,-3.476343845759669,1.7940709196570577,BabyLM 350M — first layer,NA,NA
1.2254143054847435,-2.20766662884108,13.830740514371756,6.870264856271882,1.868835490494456,-3.476343845759669,1.7940709196570577,BabyLM 350M — first layer,NA,NA
1.378931560471983,-2.20766662884108,13.827565310840686,6.870264856271882,1.868835490494456,-3.476343845759669,1.7940709196570577,BabyLM 350M — first layer,NA,NA
1.5324488154592222,-2.20766662884108,13.824390107309618,6.870264856271882,1.868835490494456,-3.476343845759669,1.7940709196570577,BabyLM 350M — first layer,NA,NA
1.6859660704464614,-2.20766662884108,13.82121490377855,6.870264856271882,1.868835490494456,-3.476343845759669,1.7940709196570577,BabyLM 350M — first layer,NA,NA
1.839483325433701,-2.20766662884108,13.818039700247482,6.870264856271882,1.868835490494456,-3.476343845759669,1.7940709196570577,BabyLM 350M — first layer,NA,NA
1.9930005804209403,-2.20766662884108,13.814864496716416,6.870264856271882,1.868835490494456,-3.476343845759669,1.7940709196570577,BabyLM 350M — first layer,NA,NA
2.14651783540818,-2.20766662884108,13.811689293185347,6.870264856271882,1.868835490494456,-3.476343845759669,1.7940709196570577,BabyLM 350M — first layer,NA,NA
2.300035090395419,-2.20766662884108,13.80851408965428,6.870264856271882,1.868835490494456,-3.476343845759669,1.7940709196570577,BabyLM 350M — first layer,NA,NA
2.453552345382658,-2.20766662884108,13.805338886123211,6.870264856271882,1.868835490494456,-3.476343845759669,1.7940709196570577,BabyLM 350M — first layer,NA,NA
-1.9984480492472816,-2.0400821268082536,13.915778952282247,6.870264856271882,1.868835490494456,-3.476343845759669,1.7940709196570577,BabyLM 350M — first layer,NA,NA
-1.8449307942600424,-2.0400821268082536,13.912031173354016,6.870264856271882,1.868835490494456,-3.476343845759669,1.7940709196570577,BabyLM 350M — first layer,NA,NA
-1.6914135392728031,-2.0400821268082536,13.90828339442578,6.870264856271882,1.868835490494456,-3.476343845759669,1.7940709196570577,BabyLM 350M — first layer,NA,NA
-1.537896284285564,-2.0400821268082536,13.904535615497544,6.870264856271882,1.868835490494456,-3.476343845759669,1.7940709196570577,BabyLM 350M — first layer,NA,NA
-1.384379029298325,-2.0400821268082536,13.900787836569313,6.870264856271882,1.868835490494456,-3.476343845759669,1.7940709196570577,BabyLM 350M — first layer,NA,NA
-1.2308617743110852,-2.0400821268082536,13.897040057641076,6.870264856271882,1.868835490494456,-3.476343845759669,1.7940709196570577,BabyLM 350M — first layer,NA,NA
-1.077344519323846,-2.0400821268082536,13.893292278712842,6.870264856271882,1.868835490494456,-3.476343845759669,1.7940709196570577,BabyLM 350M — first layer,NA,NA
-0.9238272643366066,-2.0400821268082536,13.889544499784607,6.870264856271882,1.868835490494456,-3.476343845759669,1.7940709196570577,BabyLM 350M — first layer,NA,NA
-0.7703100093493673,-2.0400821268082536,13.885796720856373,6.870264856271882,1.868835490494456,-3.476343845759669,1.7940709196570577,BabyLM 350M — first layer,NA,NA
-0.6167927543621281,-2.0400821268082536,13.882048941928138,6.870264856271882,1.868835490494456,-3.476343845759669,1.7940709196570577,BabyLM 350M — first layer,NA,NA
-0.46327549937488866,-2.0400821268082536,13.878301162999904,6.870264856271882,1.868835490494456,-3.476343845759669,1.7940709196570577,BabyLM 350M — first layer,NA,NA
-0.30975824438764943,-2.0400821268082536,13.87455338407167,6.870264856271882,1.868835490494456,-3.476343845759669,1.7940709196570577,BabyLM 350M — first layer,NA,NA
-0.1562409894004102,-2.0400821268082536,13.870805605143437,6.870264856271882,1.868835490494456,-3.476343845759669,1.7940709196570577,BabyLM 350M — first layer,NA,NA
-0.00272373441317075,-2.0400821268082536,13.8670578262152,6.870264856271882,1.868835490494456,-3.476343845759669,1.7940709196570577,BabyLM 350M — first layer,NA,NA
0.1507935205740687,-2.0400821268082536,13.863310047286966,6.870264856271882,1.868835490494456,-3.476343845759669,1.7940709196570577,BabyLM 350M — first layer,NA,NA
0.3043107755613079,-2.0400821268082536,13.859562268358731,6.870264856271882,1.868835490494456,-3.476343845759669,1.7940709196570577,BabyLM 350M — first layer,NA,NA
0.4578280305485471,-2.0400821268082536,13.855814489430497,6.870264856271882,1.868835490494456,-3.476343845759669,1.7940709196570577,BabyLM 350M — first layer,NA,NA
0.6113452855357864,-2.0400821268082536,13.852066710502262,6.870264856271882,1.868835490494456,-3.476343845759669,1.7940709196570577,BabyLM 350M — first layer,NA,NA
0.7648625405230256,-2.0400821268082536,13.848318931574028,6.870264856271882,1.868835490494456,-3.476343845759669,1.7940709196570577,BabyLM 350M — first layer,NA,NA
0.9183797955102652,-2.0400821268082536,13.844571152645791,6.870264856271882,1.868835490494456,-3.476343845759669,1.7940709196570577,BabyLM 350M — first layer,NA,NA
1.0718970504975045,-2.0400821268082536,13.84082337371756,6.870264856271882,1.868835490494456,-3.476343845759669,1.7940709196570577,BabyLM 350M — first layer,NA,NA
1.2254143054847435,-2.0400821268082536,13.837075594789324,6.870264856271882,1.868835490494456,-3.476343845759669,1.7940709196570577,BabyLM 350M — first layer,NA,NA
1.378931560471983,-2.0400821268082536,13.83332781586109,6.870264856271882,1.868835490494456,-3.476343845759669,1.7940709196570577,BabyLM 350M — first layer,NA,NA
1.5324488154592222,-2.0400821268082536,13.829580036932857,6.870264856271882,1.868835490494456,-3.476343845759669,1.7940709196570577,BabyLM 350M — first layer,NA,NA
1.6859660704464614,-2.0400821268082536,13.82583225800462,6.870264856271882,1.868835490494456,-3.476343845759669,1.7940709196570577,BabyLM 350M — first layer,NA,NA
1.839483325433701,-2.0400821268082536,13.822084479076386,6.870264856271882,1.868835490494456,-3.476343845759669,1.7940709196570577,BabyLM 350M — first layer,NA,NA
1.9930005804209403,-2.0400821268082536,13.818336700148151,6.870264856271882,1.868835490494456,-3.476343845759669,1.7940709196570577,BabyLM 350M — first layer,NA,NA
2.14651783540818,-2.0400821268082536,13.814588921219917,6.870264856271882,1.868835490494456,-3.476343845759669,1.7940709196570577,BabyLM 350M — first layer,NA,NA
2.300035090395419,-2.0400821268082536,13.810841142291682,6.870264856271882,1.868835490494456,-3.476343845759669,1.7940709196570577,BabyLM 350M — first layer,NA,NA
2.453552345382658,-2.0400821268082536,13.807093363363448,6.870264856271882,1.868835490494456,-3.476343845759669,1.7940709196570577,BabyLM 350M — first layer,NA,NA
-1.9984480492472816,-1.8724976247754277,13.93413811604032,6.870264856271882,1.868835490494456,-3.476343845759669,1.7940709196570577,BabyLM 350M — first layer,NA,NA
-1.8449307942600424,-1.8724976247754277,13.92981776171492,6.870264856271882,1.868835490494456,-3.476343845759669,1.7940709196570577,BabyLM 350M — first layer,NA,NA
-1.6914135392728031,-1.8724976247754277,13.925497407389518,6.870264856271882,1.868835490494456,-3.476343845759669,1.7940709196570577,BabyLM 350M — first layer,NA,NA
-1.537896284285564,-1.8724976247754277,13.921177053064117,6.870264856271882,1.868835490494456,-3.476343845759669,1.7940709196570577,BabyLM 350M — first layer,NA,NA
-1.384379029298325,-1.8724976247754277,13.916856698738714,6.870264856271882,1.868835490494456,-3.476343845759669,1.7940709196570577,BabyLM 350M — first layer,NA,NA
-1.2308617743110852,-1.8724976247754277,13.912536344413311,6.870264856271882,1.868835490494456,-3.476343845759669,1.7940709196570577,BabyLM 350M — first layer,NA,NA
-1.077344519323846,-1.8724976247754277,13.908215990087912,6.870264856271882,1.868835490494456,-3.476343845759669,1.7940709196570577,BabyLM 350M — first layer,NA,NA
-0.9238272643366066,-1.8724976247754277,13.90389563576251,6.870264856271882,1.868835490494456,-3.476343845759669,1.7940709196570577,BabyLM 350M — first layer,NA,NA
-0.7703100093493673,-1.8724976247754277,13.899575281437109,6.870264856271882,1.868835490494456,-3.476343845759669,1.7940709196570577,BabyLM 350M — first layer,NA,NA
-0.6167927543621281,-1.8724976247754277,13.895254927111708,6.870264856271882,1.868835490494456,-3.476343845759669,1.7940709196570577,BabyLM 350M — first layer,NA,NA
-0.46327549937488866,-1.8724976247754277,13.890934572786309,6.870264856271882,1.868835490494456,-3.476343845759669,1.7940709196570577,BabyLM 350M — first layer,NA,NA
-0.30975824438764943,-1.8724976247754277,13.886614218460906,6.870264856271882,1.868835490494456,-3.476343845759669,1.7940709196570577,BabyLM 350M — first layer,NA,NA
-0.1562409894004102,-1.8724976247754277,13.882293864135503,6.870264856271882,1.868835490494456,-3.476343845759669,1.7940709196570577,BabyLM 350M — first layer,NA,NA
-0.00272373441317075,-1.8724976247754277,13.877973509810102,6.870264856271882,1.868835490494456,-3.476343845759669,1.7940709196570577,BabyLM 350M — first layer,NA,NA
0.1507935205740687,-1.8724976247754277,13.873653155484702,6.870264856271882,1.868835490494456,-3.476343845759669,1.7940709196570577,BabyLM 350M — first layer,NA,NA
0.3043107755613079,-1.8724976247754277,13.8693328011593,6.870264856271882,1.868835490494456,-3.476343845759669,1.7940709196570577,BabyLM 350M — first layer,NA,NA
0.4578280305485471,-1.8724976247754277,13.8650124468339,6.870264856271882,1.868835490494456,-3.476343845759669,1.7940709196570577,BabyLM 350M — first layer,NA,NA
0.6113452855357864,-1.8724976247754277,13.860692092508495,6.870264856271882,1.868835490494456,-3.476343845759669,1.7940709196570577,BabyLM 350M — first layer,NA,NA
0.7648625405230256,-1.8724976247754277,13.856371738183096,6.870264856271882,1.868835490494456,-3.476343845759669,1.7940709196570577,BabyLM 350M — first layer,NA,NA
0.9183797955102652,-1.8724976247754277,13.852051383857695,6.870264856271882,1.868835490494456,-3.476343845759669,1.7940709196570577,BabyLM 350M — first layer,NA,NA
1.0718970504975045,-1.8724976247754277,13.847731029532294,6.870264856271882,1.868835490494456,-3.476343845759669,1.7940709196570577,BabyLM 350M — first layer,NA,NA
1.2254143054847435,-1.8724976247754277,13.843410675206894,6.870264856271882,1.868835490494456,-3.476343845759669,1.7940709196570577,BabyLM 350M — first layer,NA,NA
1.378931560471983,-1.8724976247754277,13.83909032088149,6.870264856271882,1.868835490494456,-3.476343845759669,1.7940709196570577,BabyLM 350M — first layer,NA,NA
1.5324488154592222,-1.8724976247754277,13.83476996655609,6.870264856271882,1.868835490494456,-3.476343845759669,1.7940709196570577,BabyLM 350M — first layer,NA,NA
1.6859660704464614,-1.8724976247754277,13.830449612230687,6.870264856271882,1.868835490494456,-3.476343845759669,1.7940709196570577,BabyLM 350M — first layer,NA,NA
1.839483325433701,-1.8724976247754277,13.826129257905288,6.870264856271882,1.868835490494456,-3.476343845759669,1.7940709196570577,BabyLM 350M — first layer,NA,NA
1.9930005804209403,-1.8724976247754277,13.821808903579887,6.870264856271882,1.868835490494456,-3.476343845759669,1.7940709196570577,BabyLM 350M — first layer,NA,NA
2.14651783540818,-1.8724976247754277,13.817488549254485,6.870264856271882,1.868835490494456,-3.476343845759669,1.7940709196570577,BabyLM 350M — first layer,NA,NA
2.300035090395419,-1.8724976247754277,13.813168194929084,6.870264856271882,1.868835490494456,-3.476343845759669,1.7940709196570577,BabyLM 350M — first layer,NA,NA
2.453552345382658,-1.8724976247754277,13.808847840603685,6.870264856271882,1.868835490494456,-3.476343845759669,1.7940709196570577,BabyLM 350M — first layer,NA,NA
-1.9984480492472816,-1.7049131227426015,13.95249727979839,6.870264856271882,1.868835490494456,-3.476343845759669,1.7940709196570577,BabyLM 350M — first layer,NA,NA
-1.8449307942600424,-1.7049131227426015,13.947604350075819,6.870264856271882,1.868835490494456,-3.476343845759669,1.7940709196570577,BabyLM 350M — first layer,NA,NA
-1.6914135392728031,-1.7049131227426015,13.942711420353254,6.870264856271882,1.868835490494456,-3.476343845759669,1.7940709196570577,BabyLM 350M — first layer,NA,NA
-1.537896284285564,-1.7049131227426015,13.937818490630686,6.870264856271882,1.868835490494456,-3.476343845759669,1.7940709196570577,BabyLM 350M — first layer,NA,NA
-1.384379029298325,-1.7049131227426015,13.932925560908116,6.870264856271882,1.868835490494456,-3.476343845759669,1.7940709196570577,BabyLM 350M — first layer,NA,NA
-1.2308617743110852,-1.7049131227426015,13.92803263118555,6.870264856271882,1.868835490494456,-3.476343845759669,1.7940709196570577,BabyLM 350M — first layer,NA,NA
-1.077344519323846,-1.7049131227426015,13.923139701462985,6.870264856271882,1.868835490494456,-3.476343845759669,1.7940709196570577,BabyLM 350M — first layer,NA,NA
-0.9238272643366066,-1.7049131227426015,13.918246771740414,6.870264856271882,1.868835490494456,-3.476343845759669,1.7940709196570577,BabyLM 350M — first layer,NA,NA
-0.7703100093493673,-1.7049131227426015,13.913353842017846,6.870264856271882,1.868835490494456,-3.476343845759669,1.7940709196570577,BabyLM 350M — first layer,NA,NA
-0.6167927543621281,-1.7049131227426015,13.908460912295276,6.870264856271882,1.868835490494456,-3.476343845759669,1.7940709196570577,BabyLM 350M — first layer,NA,NA
-0.46327549937488866,-1.7049131227426015,13.90356798257271,6.870264856271882,1.868835490494456,-3.476343845759669,1.7940709196570577,BabyLM 350M — first layer,NA,NA
-0.30975824438764943,-1.7049131227426015,13.898675052850145,6.870264856271882,1.868835490494456,-3.476343845759669,1.7940709196570577,BabyLM 350M — first layer,NA,NA
-0.1562409894004102,-1.7049131227426015,13.893782123127574,6.870264856271882,1.868835490494456,-3.476343845759669,1.7940709196570577,BabyLM 350M — first layer,NA,NA
-0.00272373441317075,-1.7049131227426015,13.888889193405006,6.870264856271882,1.868835490494456,-3.476343845759669,1.7940709196570577,BabyLM 350M — first layer,NA,NA
0.1507935205740687,-1.7049131227426015,13.883996263682436,6.870264856271882,1.868835490494456,-3.476343845759669,1.7940709196570577,BabyLM 350M — first layer,NA,NA
0.3043107755613079,-1.7049131227426015,13.87910333395987,6.870264856271882,1.868835490494456,-3.476343845759669,1.7940709196570577,BabyLM 350M — first layer,NA,NA
0.4578280305485471,-1.7049131227426015,13.874210404237305,6.870264856271882,1.868835490494456,-3.476343845759669,1.7940709196570577,BabyLM 350M — first layer,NA,NA
0.6113452855357864,-1.7049131227426015,13.869317474514734,6.870264856271882,1.868835490494456,-3.476343845759669,1.7940709196570577,BabyLM 350M — first layer,NA,NA
0.7648625405230256,-1.7049131227426015,13.864424544792168,6.870264856271882,1.868835490494456,-3.476343845759669,1.7940709196570577,BabyLM 350M — first layer,NA,NA
0.9183797955102652,-1.7049131227426015,13.859531615069598,6.870264856271882,1.868835490494456,-3.476343845759669,1.7940709196570577,BabyLM 350M — first layer,NA,NA
1.0718970504975045,-1.7049131227426015,13.85463868534703,6.870264856271882,1.868835490494456,-3.476343845759669,1.7940709196570577,BabyLM 350M — first layer,NA,NA
1.2254143054847435,-1.7049131227426015,13.849745755624465,6.870264856271882,1.868835490494456,-3.476343845759669,1.7940709196570577,BabyLM 350M — first layer,NA,NA
1.378931560471983,-1.7049131227426015,13.844852825901894,6.870264856271882,1.868835490494456,-3.476343845759669,1.7940709196570577,BabyLM 350M — first layer,NA,NA
1.5324488154592222,-1.7049131227426015,13.839959896179328,6.870264856271882,1.868835490494456,-3.476343845759669,1.7940709196570577,BabyLM 350M — first layer,NA,NA
1.6859660704464614,-1.7049131227426015,13.835066966456758,6.870264856271882,1.868835490494456,-3.476343845759669,1.7940709196570577,BabyLM 350M — first layer,NA,NA
1.839483325433701,-1.7049131227426015,13.83017403673419,6.870264856271882,1.868835490494456,-3.476343845759669,1.7940709196570577,BabyLM 350M — first layer,NA,NA
1.9930005804209403,-1.7049131227426015,13.825281107011625,6.870264856271882,1.868835490494456,-3.476343845759669,1.7940709196570577,BabyLM 350M — first layer,NA,NA
2.14651783540818,-1.7049131227426015,13.820388177289054,6.870264856271882,1.868835490494456,-3.476343845759669,1.7940709196570577,BabyLM 350M — first layer,NA,NA
2.300035090395419,-1.7049131227426015,13.815495247566489,6.870264856271882,1.868835490494456,-3.476343845759669,1.7940709196570577,BabyLM 350M — first layer,NA,NA
2.453552345382658,-1.7049131227426015,13.810602317843918,6.870264856271882,1.868835490494456,-3.476343845759669,1.7940709196570577,BabyLM 350M — first layer,NA,NA
-1.9984480492472816,-1.5373286207097752,13.97085644355646,6.870264856271882,1.868835490494456,-3.476343845759669,1.7940709196570577,BabyLM 350M — first layer,NA,NA
-1.8449307942600424,-1.5373286207097752,13.965390938436723,6.870264856271882,1.868835490494456,-3.476343845759669,1.7940709196570577,BabyLM 350M — first layer,NA,NA
-1.6914135392728031,-1.5373286207097752,13.959925433316991,6.870264856271882,1.868835490494456,-3.476343845759669,1.7940709196570577,BabyLM 350M — first layer,NA,NA
-1.537896284285564,-1.5373286207097752,13.954459928197256,6.870264856271882,1.868835490494456,-3.476343845759669,1.7940709196570577,BabyLM 350M — first layer,NA,NA
-1.384379029298325,-1.5373286207097752,13.948994423077522,6.870264856271882,1.868835490494456,-3.476343845759669,1.7940709196570577,BabyLM 350M — first layer,NA,NA
-1.2308617743110852,-1.5373286207097752,13.943528917957789,6.870264856271882,1.868835490494456,-3.476343845759669,1.7940709196570577,BabyLM 350M — first layer,NA,NA
-1.077344519323846,-1.5373286207097752,13.938063412838051,6.870264856271882,1.868835490494456,-3.476343845759669,1.7940709196570577,BabyLM 350M — first layer,NA,NA
-0.9238272643366066,-1.5373286207097752,13.932597907718318,6.870264856271882,1.868835490494456,-3.476343845759669,1.7940709196570577,BabyLM 350M — first layer,NA,NA
-0.7703100093493673,-1.5373286207097752,13.927132402598582,6.870264856271882,1.868835490494456,-3.476343845759669,1.7940709196570577,BabyLM 350M — first layer,NA,NA
-0.6167927543621281,-1.5373286207097752,13.921666897478849,6.870264856271882,1.868835490494456,-3.476343845759669,1.7940709196570577,BabyLM 350M — first layer,NA,NA
-0.46327549937488866,-1.5373286207097752,13.916201392359111,6.870264856271882,1.868835490494456,-3.476343845759669,1.7940709196570577,BabyLM 350M — first layer,NA,NA
-0.30975824438764943,-1.5373286207097752,13.910735887239378,6.870264856271882,1.868835490494456,-3.476343845759669,1.7940709196570577,BabyLM 350M — first layer,NA,NA
-0.1562409894004102,-1.5373286207097752,13.905270382119644,6.870264856271882,1.868835490494456,-3.476343845759669,1.7940709196570577,BabyLM 350M — first layer,NA,NA
-0.00272373441317075,-1.5373286207097752,13.899804876999909,6.870264856271882,1.868835490494456,-3.476343845759669,1.7940709196570577,BabyLM 350M — first layer,NA,NA
0.1507935205740687,-1.5373286207097752,13.894339371880177,6.870264856271882,1.868835490494456,-3.476343845759669,1.7940709196570577,BabyLM 350M — first layer,NA,NA
0.3043107755613079,-1.5373286207097752,13.88887386676044,6.870264856271882,1.868835490494456,-3.476343845759669,1.7940709196570577,BabyLM 350M — first layer,NA,NA
0.4578280305485471,-1.5373286207097752,13.883408361640704,6.870264856271882,1.868835490494456,-3.476343845759669,1.7940709196570577,BabyLM 350M — first layer,NA,NA
0.6113452855357864,-1.5373286207097752,13.87794285652097,6.870264856271882,1.868835490494456,-3.476343845759669,1.7940709196570577,BabyLM 350M — first layer,NA,NA
0.7648625405230256,-1.5373286207097752,13.872477351401235,6.870264856271882,1.868835490494456,-3.476343845759669,1.7940709196570577,BabyLM 350M — first layer,NA,NA
0.9183797955102652,-1.5373286207097752,13.867011846281502,6.870264856271882,1.868835490494456,-3.476343845759669,1.7940709196570577,BabyLM 350M — first layer,NA,NA
1.0718970504975045,-1.5373286207097752,13.861546341161766,6.870264856271882,1.868835490494456,-3.476343845759669,1.7940709196570577,BabyLM 350M — first layer,NA,NA
1.2254143054847435,-1.5373286207097752,13.856080836042032,6.870264856271882,1.868835490494456,-3.476343845759669,1.7940709196570577,BabyLM 350M — first layer,NA,NA
1.378931560471983,-1.5373286207097752,13.850615330922295,6.870264856271882,1.868835490494456,-3.476343845759669,1.7940709196570577,BabyLM 350M — first layer,NA,NA
1.5324488154592222,-1.5373286207097752,13.845149825802562,6.870264856271882,1.868835490494456,-3.476343845759669,1.7940709196570577,BabyLM 350M — first layer,NA,NA
1.6859660704464614,-1.5373286207097752,13.839684320682828,6.870264856271882,1.868835490494456,-3.476343845759669,1.7940709196570577,BabyLM 350M — first layer,NA,NA
1.839483325433701,-1.5373286207097752,13.834218815563093,6.870264856271882,1.868835490494456,-3.476343845759669,1.7940709196570577,BabyLM 350M — first layer,NA,NA
1.9930005804209403,-1.5373286207097752,13.82875331044336,6.870264856271882,1.868835490494456,-3.476343845759669,1.7940709196570577,BabyLM 350M — first layer,NA,NA
2.14651783540818,-1.5373286207097752,13.823287805323623,6.870264856271882,1.868835490494456,-3.476343845759669,1.7940709196570577,BabyLM 350M — first layer,NA,NA
2.300035090395419,-1.5373286207097752,13.817822300203888,6.870264856271882,1.868835490494456,-3.476343845759669,1.7940709196570577,BabyLM 350M — first layer,NA,NA
2.453552345382658,-1.5373286207097752,13.812356795084154,6.870264856271882,1.868835490494456,-3.476343845759669,1.7940709196570577,BabyLM 350M — first layer,NA,NA
-1.9984480492472816,-1.369744118676949,13.98921560731453,6.870264856271882,1.868835490494456,-3.476343845759669,1.7940709196570577,BabyLM 350M — first layer,NA,NA
-1.8449307942600424,-1.369744118676949,13.983177526797627,6.870264856271882,1.868835490494456,-3.476343845759669,1.7940709196570577,BabyLM 350M — first layer,NA,NA
-1.6914135392728031,-1.369744118676949,13.977139446280727,6.870264856271882,1.868835490494456,-3.476343845759669,1.7940709196570577,BabyLM 350M — first layer,NA,NA
-1.537896284285564,-1.369744118676949,13.971101365763824,6.870264856271882,1.868835490494456,-3.476343845759669,1.7940709196570577,BabyLM 350M — first layer,NA,NA
-1.384379029298325,-1.369744118676949,13.965063285246924,6.870264856271882,1.868835490494456,-3.476343845759669,1.7940709196570577,BabyLM 350M — first layer,NA,NA
-1.2308617743110852,-1.369744118676949,13.959025204730024,6.870264856271882,1.868835490494456,-3.476343845759669,1.7940709196570577,BabyLM 350M — first layer,NA,NA
-1.077344519323846,-1.369744118676949,13.952987124213122,6.870264856271882,1.868835490494456,-3.476343845759669,1.7940709196570577,BabyLM 350M — first layer,NA,NA
-0.9238272643366066,-1.369744118676949,13.94694904369622,6.870264856271882,1.868835490494456,-3.476343845759669,1.7940709196570577,BabyLM 350M — first layer,NA,NA
-0.7703100093493673,-1.369744118676949,13.94091096317932,6.870264856271882,1.868835490494456,-3.476343845759669,1.7940709196570577,BabyLM 350M — first layer,NA,NA
-0.6167927543621281,-1.369744118676949,13.934872882662418,6.870264856271882,1.868835490494456,-3.476343845759669,1.7940709196570577,BabyLM 350M — first layer,NA,NA
-0.46327549937488866,-1.369744118676949,13.928834802145516,6.870264856271882,1.868835490494456,-3.476343845759669,1.7940709196570577,BabyLM 350M — first layer,NA,NA
-0.30975824438764943,-1.369744118676949,13.922796721628616,6.870264856271882,1.868835490494456,-3.476343845759669,1.7940709196570577,BabyLM 350M — first layer,NA,NA
-0.1562409894004102,-1.369744118676949,13.916758641111713,6.870264856271882,1.868835490494456,-3.476343845759669,1.7940709196570577,BabyLM 350M — first layer,NA,NA
-0.00272373441317075,-1.369744118676949,13.910720560594813,6.870264856271882,1.868835490494456,-3.476343845759669,1.7940709196570577,BabyLM 350M — first layer,NA,NA
0.1507935205740687,-1.369744118676949,13.904682480077913,6.870264856271882,1.868835490494456,-3.476343845759669,1.7940709196570577,BabyLM 350M — first layer,NA,NA
0.3043107755613079,-1.369744118676949,13.89864439956101,6.870264856271882,1.868835490494456,-3.476343845759669,1.7940709196570577,BabyLM 350M — first layer,NA,NA
0.4578280305485471,-1.369744118676949,13.892606319044107,6.870264856271882,1.868835490494456,-3.476343845759669,1.7940709196570577,BabyLM 350M — first layer,NA,NA
0.6113452855357864,-1.369744118676949,13.886568238527207,6.870264856271882,1.868835490494456,-3.476343845759669,1.7940709196570577,BabyLM 350M — first layer,NA,NA
0.7648625405230256,-1.369744118676949,13.880530158010306,6.870264856271882,1.868835490494456,-3.476343845759669,1.7940709196570577,BabyLM 350M — first layer,NA,NA
0.9183797955102652,-1.369744118676949,13.874492077493404,6.870264856271882,1.868835490494456,-3.476343845759669,1.7940709196570577,BabyLM 350M — first layer,NA,NA
1.0718970504975045,-1.369744118676949,13.868453996976502,6.870264856271882,1.868835490494456,-3.476343845759669,1.7940709196570577,BabyLM 350M — first layer,NA,NA
1.2254143054847435,-1.369744118676949,13.8624159164596,6.870264856271882,1.868835490494456,-3.476343845759669,1.7940709196570577,BabyLM 350M — first layer,NA,NA
1.378931560471983,-1.369744118676949,13.8563778359427,6.870264856271882,1.868835490494456,-3.476343845759669,1.7940709196570577,BabyLM 350M — first layer,NA,NA
1.5324488154592222,-1.369744118676949,13.850339755425798,6.870264856271882,1.868835490494456,-3.476343845759669,1.7940709196570577,BabyLM 350M — first layer,NA,NA
1.6859660704464614,-1.369744118676949,13.844301674908897,6.870264856271882,1.868835490494456,-3.476343845759669,1.7940709196570577,BabyLM 350M — first layer,NA,NA
1.839483325433701,-1.369744118676949,13.838263594391996,6.870264856271882,1.868835490494456,-3.476343845759669,1.7940709196570577,BabyLM 350M — first layer,NA,NA
1.9930005804209403,-1.369744118676949,13.832225513875096,6.870264856271882,1.868835490494456,-3.476343845759669,1.7940709196570577,BabyLM 350M — first layer,NA,NA
2.14651783540818,-1.369744118676949,13.826187433358191,6.870264856271882,1.868835490494456,-3.476343845759669,1.7940709196570577,BabyLM 350M — first layer,NA,NA
2.300035090395419,-1.369744118676949,13.820149352841293,6.870264856271882,1.868835490494456,-3.476343845759669,1.7940709196570577,BabyLM 350M — first layer,NA,NA
2.453552345382658,-1.369744118676949,13.81411127232439,6.870264856271882,1.868835490494456,-3.476343845759669,1.7940709196570577,BabyLM 350M — first layer,NA,NA
-1.9984480492472816,-1.2021596166441229,14.0075747710726,6.870264856271882,1.868835490494456,-3.476343845759669,1.7940709196570577,BabyLM 350M — first layer,NA,NA
-1.8449307942600424,-1.2021596166441229,14.000964115158531,6.870264856271882,1.868835490494456,-3.476343845759669,1.7940709196570577,BabyLM 350M — first layer,NA,NA
-1.6914135392728031,-1.2021596166441229,13.994353459244463,6.870264856271882,1.868835490494456,-3.476343845759669,1.7940709196570577,BabyLM 350M — first layer,NA,NA
-1.537896284285564,-1.2021596166441229,13.987742803330397,6.870264856271882,1.868835490494456,-3.476343845759669,1.7940709196570577,BabyLM 350M — first layer,NA,NA
-1.384379029298325,-1.2021596166441229,13.981132147416329,6.870264856271882,1.868835490494456,-3.476343845759669,1.7940709196570577,BabyLM 350M — first layer,NA,NA
-1.2308617743110852,-1.2021596166441229,13.97452149150226,6.870264856271882,1.868835490494456,-3.476343845759669,1.7940709196570577,BabyLM 350M — first layer,NA,NA
-1.077344519323846,-1.2021596166441229,13.967910835588192,6.870264856271882,1.868835490494456,-3.476343845759669,1.7940709196570577,BabyLM 350M — first layer,NA,NA
-0.9238272643366066,-1.2021596166441229,13.961300179674124,6.870264856271882,1.868835490494456,-3.476343845759669,1.7940709196570577,BabyLM 350M — first layer,NA,NA
-0.7703100093493673,-1.2021596166441229,13.954689523760056,6.870264856271882,1.868835490494456,-3.476343845759669,1.7940709196570577,BabyLM 350M — first layer,NA,NA
-0.6167927543621281,-1.2021596166441229,13.948078867845988,6.870264856271882,1.868835490494456,-3.476343845759669,1.7940709196570577,BabyLM 350M — first layer,NA,NA
-0.46327549937488866,-1.2021596166441229,13.94146821193192,6.870264856271882,1.868835490494456,-3.476343845759669,1.7940709196570577,BabyLM 350M — first layer,NA,NA
-0.30975824438764943,-1.2021596166441229,13.934857556017851,6.870264856271882,1.868835490494456,-3.476343845759669,1.7940709196570577,BabyLM 350M — first layer,NA,NA
-0.1562409894004102,-1.2021596166441229,13.928246900103783,6.870264856271882,1.868835490494456,-3.476343845759669,1.7940709196570577,BabyLM 350M — first layer,NA,NA
-0.00272373441317075,-1.2021596166441229,13.921636244189717,6.870264856271882,1.868835490494456,-3.476343845759669,1.7940709196570577,BabyLM 350M — first layer,NA,NA
0.1507935205740687,-1.2021596166441229,13.915025588275649,6.870264856271882,1.868835490494456,-3.476343845759669,1.7940709196570577,BabyLM 350M — first layer,NA,NA
0.3043107755613079,-1.2021596166441229,13.90841493236158,6.870264856271882,1.868835490494456,-3.476343845759669,1.7940709196570577,BabyLM 350M — first layer,NA,NA
0.4578280305485471,-1.2021596166441229,13.90180427644751,6.870264856271882,1.868835490494456,-3.476343845759669,1.7940709196570577,BabyLM 350M — first layer,NA,NA
0.6113452855357864,-1.2021596166441229,13.895193620533442,6.870264856271882,1.868835490494456,-3.476343845759669,1.7940709196570577,BabyLM 350M — first layer,NA,NA
0.7648625405230256,-1.2021596166441229,13.888582964619374,6.870264856271882,1.868835490494456,-3.476343845759669,1.7940709196570577,BabyLM 350M — first layer,NA,NA
0.9183797955102652,-1.2021596166441229,13.881972308705306,6.870264856271882,1.868835490494456,-3.476343845759669,1.7940709196570577,BabyLM 350M — first layer,NA,NA
1.0718970504975045,-1.2021596166441229,13.875361652791238,6.870264856271882,1.868835490494456,-3.476343845759669,1.7940709196570577,BabyLM 350M — first layer,NA,NA
1.2254143054847435,-1.2021596166441229,13.86875099687717,6.870264856271882,1.868835490494456,-3.476343845759669,1.7940709196570577,BabyLM 350M — first layer,NA,NA
1.378931560471983,-1.2021596166441229,13.8621403409631,6.870264856271882,1.868835490494456,-3.476343845759669,1.7940709196570577,BabyLM 350M — first layer,NA,NA
1.5324488154592222,-1.2021596166441229,13.855529685049031,6.870264856271882,1.868835490494456,-3.476343845759669,1.7940709196570577,BabyLM 350M — first layer,NA,NA
1.6859660704464614,-1.2021596166441229,13.848919029134969,6.870264856271882,1.868835490494456,-3.476343845759669,1.7940709196570577,BabyLM 350M — first layer,NA,NA
1.839483325433701,-1.2021596166441229,13.8423083732209,6.870264856271882,1.868835490494456,-3.476343845759669,1.7940709196570577,BabyLM 350M — first layer,NA,NA
1.9930005804209403,-1.2021596166441229,13.83569771730683,6.870264856271882,1.868835490494456,-3.476343845759669,1.7940709196570577,BabyLM 350M — first layer,NA,NA
2.14651783540818,-1.2021596166441229,13.829087061392762,6.870264856271882,1.868835490494456,-3.476343845759669,1.7940709196570577,BabyLM 350M — first layer,NA,NA
2.300035090395419,-1.2021596166441229,13.822476405478694,6.870264856271882,1.868835490494456,-3.476343845759669,1.7940709196570577,BabyLM 350M — first layer,NA,NA
2.453552345382658,-1.2021596166441229,13.815865749564626,6.870264856271882,1.868835490494456,-3.476343845759669,1.7940709196570577,BabyLM 350M — first layer,NA,NA
-1.9984480492472816,-1.0345751146112967,14.025933934830672,6.870264856271882,1.868835490494456,-3.476343845759669,1.7940709196570577,BabyLM 350M — first layer,NA,NA
-1.8449307942600424,-1.0345751146112967,14.018750703519435,6.870264856271882,1.868835490494456,-3.476343845759669,1.7940709196570577,BabyLM 350M — first layer,NA,NA
-1.6914135392728031,-1.0345751146112967,14.0115674722082,6.870264856271882,1.868835490494456,-3.476343845759669,1.7940709196570577,BabyLM 350M — first layer,NA,NA
-1.537896284285564,-1.0345751146112967,14.004384240896966,6.870264856271882,1.868835490494456,-3.476343845759669,1.7940709196570577,BabyLM 350M — first layer,NA,NA
-1.384379029298325,-1.0345751146112967,13.997201009585732,6.870264856271882,1.868835490494456,-3.476343845759669,1.7940709196570577,BabyLM 350M — first layer,NA,NA
-1.2308617743110852,-1.0345751146112967,13.990017778274495,6.870264856271882,1.868835490494456,-3.476343845759669,1.7940709196570577,BabyLM 350M — first layer,NA,NA
-1.077344519323846,-1.0345751146112967,13.982834546963264,6.870264856271882,1.868835490494456,-3.476343845759669,1.7940709196570577,BabyLM 350M — first layer,NA,NA
-0.9238272643366066,-1.0345751146112967,13.975651315652028,6.870264856271882,1.868835490494456,-3.476343845759669,1.7940709196570577,BabyLM 350M — first layer,NA,NA
-0.7703100093493673,-1.0345751146112967,13.968468084340792,6.870264856271882,1.868835490494456,-3.476343845759669,1.7940709196570577,BabyLM 350M — first layer,NA,NA
-0.6167927543621281,-1.0345751146112967,13.961284853029555,6.870264856271882,1.868835490494456,-3.476343845759669,1.7940709196570577,BabyLM 350M — first layer,NA,NA
-0.46327549937488866,-1.0345751146112967,13.954101621718324,6.870264856271882,1.868835490494456,-3.476343845759669,1.7940709196570577,BabyLM 350M — first layer,NA,NA
-0.30975824438764943,-1.0345751146112967,13.946918390407088,6.870264856271882,1.868835490494456,-3.476343845759669,1.7940709196570577,BabyLM 350M — first layer,NA,NA
-0.1562409894004102,-1.0345751146112967,13.939735159095854,6.870264856271882,1.868835490494456,-3.476343845759669,1.7940709196570577,BabyLM 350M — first layer,NA,NA
-0.00272373441317075,-1.0345751146112967,13.93255192778462,6.870264856271882,1.868835490494456,-3.476343845759669,1.7940709196570577,BabyLM 350M — first layer,NA,NA
0.1507935205740687,-1.0345751146112967,13.925368696473384,6.870264856271882,1.868835490494456,-3.476343845759669,1.7940709196570577,BabyLM 350M — first layer,NA,NA
0.3043107755613079,-1.0345751146112967,13.918185465162148,6.870264856271882,1.868835490494456,-3.476343845759669,1.7940709196570577,BabyLM 350M — first layer,NA,NA
0.4578280305485471,-1.0345751146112967,13.911002233850914,6.870264856271882,1.868835490494456,-3.476343845759669,1.7940709196570577,BabyLM 350M — first layer,NA,NA
0.6113452855357864,-1.0345751146112967,13.90381900253968,6.870264856271882,1.868835490494456,-3.476343845759669,1.7940709196570577,BabyLM 350M — first layer,NA,NA
0.7648625405230256,-1.0345751146112967,13.896635771228445,6.870264856271882,1.868835490494456,-3.476343845759669,1.7940709196570577,BabyLM 350M — first layer,NA,NA
0.9183797955102652,-1.0345751146112967,13.88945253991721,6.870264856271882,1.868835490494456,-3.476343845759669,1.7940709196570577,BabyLM 350M — first layer,NA,NA
1.0718970504975045,-1.0345751146112967,13.882269308605975,6.870264856271882,1.868835490494456,-3.476343845759669,1.7940709196570577,BabyLM 350M — first layer,NA,NA
1.2254143054847435,-1.0345751146112967,13.87508607729474,6.870264856271882,1.868835490494456,-3.476343845759669,1.7940709196570577,BabyLM 350M — first layer,NA,NA
1.378931560471983,-1.0345751146112967,13.867902845983505,6.870264856271882,1.868835490494456,-3.476343845759669,1.7940709196570577,BabyLM 350M — first layer,NA,NA
1.5324488154592222,-1.0345751146112967,13.86071961467227,6.870264856271882,1.868835490494456,-3.476343845759669,1.7940709196570577,BabyLM 350M — first layer,NA,NA
1.6859660704464614,-1.0345751146112967,13.853536383361035,6.870264856271882,1.868835490494456,-3.476343845759669,1.7940709196570577,BabyLM 350M — first layer,NA,NA
1.839483325433701,-1.0345751146112967,13.8463531520498,6.870264856271882,1.868835490494456,-3.476343845759669,1.7940709196570577,BabyLM 350M — first layer,NA,NA
1.9930005804209403,-1.0345751146112967,13.839169920738566,6.870264856271882,1.868835490494456,-3.476343845759669,1.7940709196570577,BabyLM 350M — first layer,NA,NA
2.14651783540818,-1.0345751146112967,13.83198668942733,6.870264856271882,1.868835490494456,-3.476343845759669,1.7940709196570577,BabyLM 350M — first layer,NA,NA
2.300035090395419,-1.0345751146112967,13.824803458116095,6.870264856271882,1.868835490494456,-3.476343845759669,1.7940709196570577,BabyLM 350M — first layer,NA,NA
2.453552345382658,-1.0345751146112967,13.81762022680486,6.870264856271882,1.868835490494456,-3.476343845759669,1.7940709196570577,BabyLM 350M — first layer,NA,NA
-1.9984480492472816,-0.8669906125784705,14.044293098588742,6.870264856271882,1.868835490494456,-3.476343845759669,1.7940709196570577,BabyLM 350M — first layer,NA,NA
-1.8449307942600424,-0.8669906125784705,14.03653729188034,6.870264856271882,1.868835490494456,-3.476343845759669,1.7940709196570577,BabyLM 350M — first layer,NA,NA
-1.6914135392728031,-0.8669906125784705,14.02878148517194,6.870264856271882,1.868835490494456,-3.476343845759669,1.7940709196570577,BabyLM 350M — first layer,NA,NA
-1.537896284285564,-0.8669906125784705,14.021025678463538,6.870264856271882,1.868835490494456,-3.476343845759669,1.7940709196570577,BabyLM 350M — first layer,NA,NA
-1.384379029298325,-0.8669906125784705,14.013269871755137,6.870264856271882,1.868835490494456,-3.476343845759669,1.7940709196570577,BabyLM 350M — first layer,NA,NA
-1.2308617743110852,-0.8669906125784705,14.005514065046734,6.870264856271882,1.868835490494456,-3.476343845759669,1.7940709196570577,BabyLM 350M — first layer,NA,NA
-1.077344519323846,-0.8669906125784705,13.997758258338331,6.870264856271882,1.868835490494456,-3.476343845759669,1.7940709196570577,BabyLM 350M — first layer,NA,NA
-0.9238272643366066,-0.8669906125784705,13.99000245162993,6.870264856271882,1.868835490494456,-3.476343845759669,1.7940709196570577,BabyLM 350M — first layer,NA,NA
-0.7703100093493673,-0.8669906125784705,13.98224664492153,6.870264856271882,1.868835490494456,-3.476343845759669,1.7940709196570577,BabyLM 350M — first layer,NA,NA
-0.6167927543621281,-0.8669906125784705,13.974490838213129,6.870264856271882,1.868835490494456,-3.476343845759669,1.7940709196570577,BabyLM 350M — first layer,NA,NA
-0.46327549937488866,-0.8669906125784705,13.966735031504726,6.870264856271882,1.868835490494456,-3.476343845759669,1.7940709196570577,BabyLM 350M — first layer,NA,NA
-0.30975824438764943,-0.8669906125784705,13.958979224796323,6.870264856271882,1.868835490494456,-3.476343845759669,1.7940709196570577,BabyLM 350M — first layer,NA,NA
-0.1562409894004102,-0.8669906125784705,13.951223418087922,6.870264856271882,1.868835490494456,-3.476343845759669,1.7940709196570577,BabyLM 350M — first layer,NA,NA
-0.00272373441317075,-0.8669906125784705,13.94346761137952,6.870264856271882,1.868835490494456,-3.476343845759669,1.7940709196570577,BabyLM 350M — first layer,NA,NA
0.1507935205740687,-0.8669906125784705,13.93571180467112,6.870264856271882,1.868835490494456,-3.476343845759669,1.7940709196570577,BabyLM 350M — first layer,NA,NA
0.3043107755613079,-0.8669906125784705,13.927955997962718,6.870264856271882,1.868835490494456,-3.476343845759669,1.7940709196570577,BabyLM 350M — first layer,NA,NA
0.4578280305485471,-0.8669906125784705,13.920200191254317,6.870264856271882,1.868835490494456,-3.476343845759669,1.7940709196570577,BabyLM 350M — first layer,NA,NA
0.6113452855357864,-0.8669906125784705,13.912444384545916,6.870264856271882,1.868835490494456,-3.476343845759669,1.7940709196570577,BabyLM 350M — first layer,NA,NA
0.7648625405230256,-0.8669906125784705,13.904688577837511,6.870264856271882,1.868835490494456,-3.476343845759669,1.7940709196570577,BabyLM 350M — first layer,NA,NA
0.9183797955102652,-0.8669906125784705,13.896932771129112,6.870264856271882,1.868835490494456,-3.476343845759669,1.7940709196570577,BabyLM 350M — first layer,NA,NA
1.0718970504975045,-0.8669906125784705,13.889176964420711,6.870264856271882,1.868835490494456,-3.476343845759669,1.7940709196570577,BabyLM 350M — first layer,NA,NA
1.2254143054847435,-0.8669906125784705,13.881421157712309,6.870264856271882,1.868835490494456,-3.476343845759669,1.7940709196570577,BabyLM 350M — first layer,NA,NA
1.378931560471983,-0.8669906125784705,13.873665351003908,6.870264856271882,1.868835490494456,-3.476343845759669,1.7940709196570577,BabyLM 350M — first layer,NA,NA
1.5324488154592222,-0.8669906125784705,13.865909544295508,6.870264856271882,1.868835490494456,-3.476343845759669,1.7940709196570577,BabyLM 350M — first layer,NA,NA
1.6859660704464614,-0.8669906125784705,13.858153737587104,6.870264856271882,1.868835490494456,-3.476343845759669,1.7940709196570577,BabyLM 350M — first layer,NA,NA
1.839483325433701,-0.8669906125784705,13.850397930878705,6.870264856271882,1.868835490494456,-3.476343845759669,1.7940709196570577,BabyLM 350M — first layer,NA,NA
1.9930005804209403,-0.8669906125784705,13.842642124170302,6.870264856271882,1.868835490494456,-3.476343845759669,1.7940709196570577,BabyLM 350M — first layer,NA,NA
2.14651783540818,-0.8669906125784705,13.8348863174619,6.870264856271882,1.868835490494456,-3.476343845759669,1.7940709196570577,BabyLM 350M — first layer,NA,NA
2.300035090395419,-0.8669906125784705,13.8271305107535,6.870264856271882,1.868835490494456,-3.476343845759669,1.7940709196570577,BabyLM 350M — first layer,NA,NA
2.453552345382658,-0.8669906125784705,13.819374704045098,6.870264856271882,1.868835490494456,-3.476343845759669,1.7940709196570577,BabyLM 350M — first layer,NA,NA
-1.9984480492472816,-0.6994061105456442,14.062652262346813,6.870264856271882,1.868835490494456,-3.476343845759669,1.7940709196570577,BabyLM 350M — first layer,NA,NA
-1.8449307942600424,-0.6994061105456442,14.054323880241244,6.870264856271882,1.868835490494456,-3.476343845759669,1.7940709196570577,BabyLM 350M — first layer,NA,NA
-1.6914135392728031,-0.6994061105456442,14.045995498135674,6.870264856271882,1.868835490494456,-3.476343845759669,1.7940709196570577,BabyLM 350M — first layer,NA,NA
-1.537896284285564,-0.6994061105456442,14.037667116030107,6.870264856271882,1.868835490494456,-3.476343845759669,1.7940709196570577,BabyLM 350M — first layer,NA,NA
-1.384379029298325,-0.6994061105456442,14.029338733924538,6.870264856271882,1.868835490494456,-3.476343845759669,1.7940709196570577,BabyLM 350M — first layer,NA,NA
-1.2308617743110852,-0.6994061105456442,14.02101035181897,6.870264856271882,1.868835490494456,-3.476343845759669,1.7940709196570577,BabyLM 350M — first layer,NA,NA
-1.077344519323846,-0.6994061105456442,14.012681969713402,6.870264856271882,1.868835490494456,-3.476343845759669,1.7940709196570577,BabyLM 350M — first layer,NA,NA
-0.9238272643366066,-0.6994061105456442,14.004353587607834,6.870264856271882,1.868835490494456,-3.476343845759669,1.7940709196570577,BabyLM 350M — first layer,NA,NA
-0.7703100093493673,-0.6994061105456442,13.996025205502264,6.870264856271882,1.868835490494456,-3.476343845759669,1.7940709196570577,BabyLM 350M — first layer,NA,NA
-0.6167927543621281,-0.6994061105456442,13.987696823396698,6.870264856271882,1.868835490494456,-3.476343845759669,1.7940709196570577,BabyLM 350M — first layer,NA,NA
-0.46327549937488866,-0.6994061105456442,13.979368441291127,6.870264856271882,1.868835490494456,-3.476343845759669,1.7940709196570577,BabyLM 350M — first layer,NA,NA
-0.30975824438764943,-0.6994061105456442,13.971040059185562,6.870264856271882,1.868835490494456,-3.476343845759669,1.7940709196570577,BabyLM 350M — first layer,NA,NA
-0.1562409894004102,-0.6994061105456442,13.962711677079993,6.870264856271882,1.868835490494456,-3.476343845759669,1.7940709196570577,BabyLM 350M — first layer,NA,NA
-0.00272373441317075,-0.6994061105456442,13.954383294974424,6.870264856271882,1.868835490494456,-3.476343845759669,1.7940709196570577,BabyLM 350M — first layer,NA,NA
0.1507935205740687,-0.6994061105456442,13.946054912868856,6.870264856271882,1.868835490494456,-3.476343845759669,1.7940709196570577,BabyLM 350M — first layer,NA,NA
0.3043107755613079,-0.6994061105456442,13.937726530763287,6.870264856271882,1.868835490494456,-3.476343845759669,1.7940709196570577,BabyLM 350M — first layer,NA,NA
0.4578280305485471,-0.6994061105456442,13.92939814865772,6.870264856271882,1.868835490494456,-3.476343845759669,1.7940709196570577,BabyLM 350M — first layer,NA,NA
0.6113452855357864,-0.6994061105456442,13.92106976655215,6.870264856271882,1.868835490494456,-3.476343845759669,1.7940709196570577,BabyLM 350M — first layer,NA,NA
0.7648625405230256,-0.6994061105456442,13.912741384446583,6.870264856271882,1.868835490494456,-3.476343845759669,1.7940709196570577,BabyLM 350M — first layer,NA,NA
0.9183797955102652,-0.6994061105456442,13.904413002341014,6.870264856271882,1.868835490494456,-3.476343845759669,1.7940709196570577,BabyLM 350M — first layer,NA,NA
1.0718970504975045,-0.6994061105456442,13.896084620235449,6.870264856271882,1.868835490494456,-3.476343845759669,1.7940709196570577,BabyLM 350M — first layer,NA,NA
1.2254143054847435,-0.6994061105456442,13.887756238129878,6.870264856271882,1.868835490494456,-3.476343845759669,1.7940709196570577,BabyLM 350M — first layer,NA,NA
1.378931560471983,-0.6994061105456442,13.87942785602431,6.870264856271882,1.868835490494456,-3.476343845759669,1.7940709196570577,BabyLM 350M — first layer,NA,NA
1.5324488154592222,-0.6994061105456442,13.871099473918742,6.870264856271882,1.868835490494456,-3.476343845759669,1.7940709196570577,BabyLM 350M — first layer,NA,NA
1.6859660704464614,-0.6994061105456442,13.862771091813174,6.870264856271882,1.868835490494456,-3.476343845759669,1.7940709196570577,BabyLM 350M — first layer,NA,NA
1.839483325433701,-0.6994061105456442,13.854442709707603,6.870264856271882,1.868835490494456,-3.476343845759669,1.7940709196570577,BabyLM 350M — first layer,NA,NA
1.9930005804209403,-0.6994061105456442,13.846114327602038,6.870264856271882,1.868835490494456,-3.476343845759669,1.7940709196570577,BabyLM 350M — first layer,NA,NA
2.14651783540818,-0.6994061105456442,13.837785945496467,6.870264856271882,1.868835490494456,-3.476343845759669,1.7940709196570577,BabyLM 350M — first layer,NA,NA
2.300035090395419,-0.6994061105456442,13.8294575633909,6.870264856271882,1.868835490494456,-3.476343845759669,1.7940709196570577,BabyLM 350M — first layer,NA,NA
2.453552345382658,-0.6994061105456442,13.821129181285333,6.870264856271882,1.868835490494456,-3.476343845759669,1.7940709196570577,BabyLM 350M — first layer,NA,NA
-1.9984480492472816,-0.5318216085128178,14.081011426104885,6.870264856271882,1.868835490494456,-3.476343845759669,1.7940709196570577,BabyLM 350M — first layer,NA,NA
-1.8449307942600424,-0.5318216085128178,14.072110468602148,6.870264856271882,1.868835490494456,-3.476343845759669,1.7940709196570577,BabyLM 350M — first layer,NA,NA
-1.6914135392728031,-0.5318216085128178,14.063209511099412,6.870264856271882,1.868835490494456,-3.476343845759669,1.7940709196570577,BabyLM 350M — first layer,NA,NA
-1.537896284285564,-0.5318216085128178,14.054308553596677,6.870264856271882,1.868835490494456,-3.476343845759669,1.7940709196570577,BabyLM 350M — first layer,NA,NA
-1.384379029298325,-0.5318216085128178,14.045407596093945,6.870264856271882,1.868835490494456,-3.476343845759669,1.7940709196570577,BabyLM 350M — first layer,NA,NA
-1.2308617743110852,-0.5318216085128178,14.036506638591208,6.870264856271882,1.868835490494456,-3.476343845759669,1.7940709196570577,BabyLM 350M — first layer,NA,NA
-1.077344519323846,-0.5318216085128178,14.027605681088472,6.870264856271882,1.868835490494456,-3.476343845759669,1.7940709196570577,BabyLM 350M — first layer,NA,NA
-0.9238272643366066,-0.5318216085128178,14.018704723585737,6.870264856271882,1.868835490494456,-3.476343845759669,1.7940709196570577,BabyLM 350M — first layer,NA,NA
-0.7703100093493673,-0.5318216085128178,14.009803766083005,6.870264856271882,1.868835490494456,-3.476343845759669,1.7940709196570577,BabyLM 350M — first layer,NA,NA
-0.6167927543621281,-0.5318216085128178,14.000902808580268,6.870264856271882,1.868835490494456,-3.476343845759669,1.7940709196570577,BabyLM 350M — first layer,NA,NA
-0.46327549937488866,-0.5318216085128178,13.992001851077532,6.870264856271882,1.868835490494456,-3.476343845759669,1.7940709196570577,BabyLM 350M — first layer,NA,NA
-0.30975824438764943,-0.5318216085128178,13.983100893574797,6.870264856271882,1.868835490494456,-3.476343845759669,1.7940709196570577,BabyLM 350M — first layer,NA,NA
-0.1562409894004102,-0.5318216085128178,13.974199936072065,6.870264856271882,1.868835490494456,-3.476343845759669,1.7940709196570577,BabyLM 350M — first layer,NA,NA
-0.00272373441317075,-0.5318216085128178,13.965298978569328,6.870264856271882,1.868835490494456,-3.476343845759669,1.7940709196570577,BabyLM 350M — first layer,NA,NA
0.1507935205740687,-0.5318216085128178,13.956398021066592,6.870264856271882,1.868835490494456,-3.476343845759669,1.7940709196570577,BabyLM 350M — first layer,NA,NA
0.3043107755613079,-0.5318216085128178,13.947497063563858,6.870264856271882,1.868835490494456,-3.476343845759669,1.7940709196570577,BabyLM 350M — first layer,NA,NA
0.4578280305485471,-0.5318216085128178,13.938596106061125,6.870264856271882,1.868835490494456,-3.476343845759669,1.7940709196570577,BabyLM 350M — first layer,NA,NA
0.6113452855357864,-0.5318216085128178,13.929695148558388,6.870264856271882,1.868835490494456,-3.476343845759669,1.7940709196570577,BabyLM 350M — first layer,NA,NA
0.7648625405230256,-0.5318216085128178,13.920794191055652,6.870264856271882,1.868835490494456,-3.476343845759669,1.7940709196570577,BabyLM 350M — first layer,NA,NA
0.9183797955102652,-0.5318216085128178,13.911893233552918,6.870264856271882,1.868835490494456,-3.476343845759669,1.7940709196570577,BabyLM 350M — first layer,NA,NA
1.0718970504975045,-0.5318216085128178,13.902992276050185,6.870264856271882,1.868835490494456,-3.476343845759669,1.7940709196570577,BabyLM 350M — first layer,NA,NA
1.2254143054847435,-0.5318216085128178,13.894091318547448,6.870264856271882,1.868835490494456,-3.476343845759669,1.7940709196570577,BabyLM 350M — first layer,NA,NA
1.378931560471983,-0.5318216085128178,13.885190361044712,6.870264856271882,1.868835490494456,-3.476343845759669,1.7940709196570577,BabyLM 350M — first layer,NA,NA
1.5324488154592222,-0.5318216085128178,13.876289403541978,6.870264856271882,1.868835490494456,-3.476343845759669,1.7940709196570577,BabyLM 350M — first layer,NA,NA
1.6859660704464614,-0.5318216085128178,13.867388446039245,6.870264856271882,1.868835490494456,-3.476343845759669,1.7940709196570577,BabyLM 350M — first layer,NA,NA
1.839483325433701,-0.5318216085128178,13.858487488536507,6.870264856271882,1.868835490494456,-3.476343845759669,1.7940709196570577,BabyLM 350M — first layer,NA,NA
1.9930005804209403,-0.5318216085128178,13.849586531033774,6.870264856271882,1.868835490494456,-3.476343845759669,1.7940709196570577,BabyLM 350M — first layer,NA,NA
2.14651783540818,-0.5318216085128178,13.840685573531038,6.870264856271882,1.868835490494456,-3.476343845759669,1.7940709196570577,BabyLM 350M — first layer,NA,NA
2.300035090395419,-0.5318216085128178,13.831784616028305,6.870264856271882,1.868835490494456,-3.476343845759669,1.7940709196570577,BabyLM 350M — first layer,NA,NA
2.453552345382658,-0.5318216085128178,13.822883658525567,6.870264856271882,1.868835490494456,-3.476343845759669,1.7940709196570577,BabyLM 350M — first layer,NA,NA
-1.9984480492472816,-0.3642371064799916,14.099370589862952,6.870264856271882,1.868835490494456,-3.476343845759669,1.7940709196570577,BabyLM 350M — first layer,NA,NA
-1.8449307942600424,-0.3642371064799916,14.089897056963052,6.870264856271882,1.868835490494456,-3.476343845759669,1.7940709196570577,BabyLM 350M — first layer,NA,NA
-1.6914135392728031,-0.3642371064799916,14.08042352406315,6.870264856271882,1.868835490494456,-3.476343845759669,1.7940709196570577,BabyLM 350M — first layer,NA,NA
-1.537896284285564,-0.3642371064799916,14.070949991163248,6.870264856271882,1.868835490494456,-3.476343845759669,1.7940709196570577,BabyLM 350M — first layer,NA,NA
-1.384379029298325,-0.3642371064799916,14.061476458263346,6.870264856271882,1.868835490494456,-3.476343845759669,1.7940709196570577,BabyLM 350M — first layer,NA,NA
-1.2308617743110852,-0.3642371064799916,14.052002925363444,6.870264856271882,1.868835490494456,-3.476343845759669,1.7940709196570577,BabyLM 350M — first layer,NA,NA
-1.077344519323846,-0.3642371064799916,14.042529392463544,6.870264856271882,1.868835490494456,-3.476343845759669,1.7940709196570577,BabyLM 350M — first layer,NA,NA
-0.9238272643366066,-0.3642371064799916,14.03305585956364,6.870264856271882,1.868835490494456,-3.476343845759669,1.7940709196570577,BabyLM 350M — first layer,NA,NA
-0.7703100093493673,-0.3642371064799916,14.02358232666374,6.870264856271882,1.868835490494456,-3.476343845759669,1.7940709196570577,BabyLM 350M — first layer,NA,NA
-0.6167927543621281,-0.3642371064799916,14.014108793763835,6.870264856271882,1.868835490494456,-3.476343845759669,1.7940709196570577,BabyLM 350M — first layer,NA,NA
-0.46327549937488866,-0.3642371064799916,14.004635260863935,6.870264856271882,1.868835490494456,-3.476343845759669,1.7940709196570577,BabyLM 350M — first layer,NA,NA
-0.30975824438764943,-0.3642371064799916,13.995161727964032,6.870264856271882,1.868835490494456,-3.476343845759669,1.7940709196570577,BabyLM 350M — first layer,NA,NA
-0.1562409894004102,-0.3642371064799916,13.985688195064132,6.870264856271882,1.868835490494456,-3.476343845759669,1.7940709196570577,BabyLM 350M — first layer,NA,NA
-0.00272373441317075,-0.3642371064799916,13.976214662164232,6.870264856271882,1.868835490494456,-3.476343845759669,1.7940709196570577,BabyLM 350M — first layer,NA,NA
0.1507935205740687,-0.3642371064799916,13.96674112926433,6.870264856271882,1.868835490494456,-3.476343845759669,1.7940709196570577,BabyLM 350M — first layer,NA,NA
0.3043107755613079,-0.3642371064799916,13.957267596364428,6.870264856271882,1.868835490494456,-3.476343845759669,1.7940709196570577,BabyLM 350M — first layer,NA,NA
0.4578280305485471,-0.3642371064799916,13.947794063464526,6.870264856271882,1.868835490494456,-3.476343845759669,1.7940709196570577,BabyLM 350M — first layer,NA,NA
0.6113452855357864,-0.3642371064799916,13.938320530564624,6.870264856271882,1.868835490494456,-3.476343845759669,1.7940709196570577,BabyLM 350M — first layer,NA,NA
0.7648625405230256,-0.3642371064799916,13.928846997664722,6.870264856271882,1.868835490494456,-3.476343845759669,1.7940709196570577,BabyLM 350M — first layer,NA,NA
0.9183797955102652,-0.3642371064799916,13.91937346476482,6.870264856271882,1.868835490494456,-3.476343845759669,1.7940709196570577,BabyLM 350M — first layer,NA,NA
1.0718970504975045,-0.3642371064799916,13.90989993186492,6.870264856271882,1.868835490494456,-3.476343845759669,1.7940709196570577,BabyLM 350M — first layer,NA,NA
1.2254143054847435,-0.3642371064799916,13.900426398965015,6.870264856271882,1.868835490494456,-3.476343845759669,1.7940709196570577,BabyLM 350M — first layer,NA,NA
1.378931560471983,-0.3642371064799916,13.890952866065115,6.870264856271882,1.868835490494456,-3.476343845759669,1.7940709196570577,BabyLM 350M — first layer,NA,NA
1.5324488154592222,-0.3642371064799916,13.881479333165212,6.870264856271882,1.868835490494456,-3.476343845759669,1.7940709196570577,BabyLM 350M — first layer,NA,NA
1.6859660704464614,-0.3642371064799916,13.872005800265311,6.870264856271882,1.868835490494456,-3.476343845759669,1.7940709196570577,BabyLM 350M — first layer,NA,NA
1.839483325433701,-0.3642371064799916,13.86253226736541,6.870264856271882,1.868835490494456,-3.476343845759669,1.7940709196570577,BabyLM 350M — first layer,NA,NA
1.9930005804209403,-0.3642371064799916,13.85305873446551,6.870264856271882,1.868835490494456,-3.476343845759669,1.7940709196570577,BabyLM 350M — first layer,NA,NA
2.14651783540818,-0.3642371064799916,13.843585201565608,6.870264856271882,1.868835490494456,-3.476343845759669,1.7940709196570577,BabyLM 350M — first layer,NA,NA
2.300035090395419,-0.3642371064799916,13.834111668665706,6.870264856271882,1.868835490494456,-3.476343845759669,1.7940709196570577,BabyLM 350M — first layer,NA,NA
2.453552345382658,-0.3642371064799916,13.824638135765804,6.870264856271882,1.868835490494456,-3.476343845759669,1.7940709196570577,BabyLM 350M — first layer,NA,NA
-1.9984480492472816,-0.19665260444716548,14.117729753621022,6.870264856271882,1.868835490494456,-3.476343845759669,1.7940709196570577,BabyLM 350M — first layer,NA,NA
-1.8449307942600424,-0.19665260444716548,14.107683645323954,6.870264856271882,1.868835490494456,-3.476343845759669,1.7940709196570577,BabyLM 350M — first layer,NA,NA
-1.6914135392728031,-0.19665260444716548,14.097637537026886,6.870264856271882,1.868835490494456,-3.476343845759669,1.7940709196570577,BabyLM 350M — first layer,NA,NA
-1.537896284285564,-0.19665260444716548,14.087591428729818,6.870264856271882,1.868835490494456,-3.476343845759669,1.7940709196570577,BabyLM 350M — first layer,NA,NA
-1.384379029298325,-0.19665260444716548,14.07754532043275,6.870264856271882,1.868835490494456,-3.476343845759669,1.7940709196570577,BabyLM 350M — first layer,NA,NA
-1.2308617743110852,-0.19665260444716548,14.06749921213568,6.870264856271882,1.868835490494456,-3.476343845759669,1.7940709196570577,BabyLM 350M — first layer,NA,NA
-1.077344519323846,-0.19665260444716548,14.057453103838611,6.870264856271882,1.868835490494456,-3.476343845759669,1.7940709196570577,BabyLM 350M — first layer,NA,NA
-0.9238272643366066,-0.19665260444716548,14.047406995541545,6.870264856271882,1.868835490494456,-3.476343845759669,1.7940709196570577,BabyLM 350M — first layer,NA,NA
-0.7703100093493673,-0.19665260444716548,14.037360887244477,6.870264856271882,1.868835490494456,-3.476343845759669,1.7940709196570577,BabyLM 350M — first layer,NA,NA
-0.6167927543621281,-0.19665260444716548,14.027314778947408,6.870264856271882,1.868835490494456,-3.476343845759669,1.7940709196570577,BabyLM 350M — first layer,NA,NA
-0.46327549937488866,-0.19665260444716548,14.017268670650338,6.870264856271882,1.868835490494456,-3.476343845759669,1.7940709196570577,BabyLM 350M — first layer,NA,NA
-0.30975824438764943,-0.19665260444716548,14.00722256235327,6.870264856271882,1.868835490494456,-3.476343845759669,1.7940709196570577,BabyLM 350M — first layer,NA,NA
-0.1562409894004102,-0.19665260444716548,13.997176454056202,6.870264856271882,1.868835490494456,-3.476343845759669,1.7940709196570577,BabyLM 350M — first layer,NA,NA
-0.00272373441317075,-0.19665260444716548,13.987130345759134,6.870264856271882,1.868835490494456,-3.476343845759669,1.7940709196570577,BabyLM 350M — first layer,NA,NA
0.1507935205740687,-0.19665260444716548,13.977084237462066,6.870264856271882,1.868835490494456,-3.476343845759669,1.7940709196570577,BabyLM 350M — first layer,NA,NA
0.3043107755613079,-0.19665260444716548,13.967038129164996,6.870264856271882,1.868835490494456,-3.476343845759669,1.7940709196570577,BabyLM 350M — first layer,NA,NA
0.4578280305485471,-0.19665260444716548,13.95699202086793,6.870264856271882,1.868835490494456,-3.476343845759669,1.7940709196570577,BabyLM 350M — first layer,NA,NA
0.6113452855357864,-0.19665260444716548,13.94694591257086,6.870264856271882,1.868835490494456,-3.476343845759669,1.7940709196570577,BabyLM 350M — first layer,NA,NA
0.7648625405230256,-0.19665260444716548,13.936899804273793,6.870264856271882,1.868835490494456,-3.476343845759669,1.7940709196570577,BabyLM 350M — first layer,NA,NA
0.9183797955102652,-0.19665260444716548,13.926853695976725,6.870264856271882,1.868835490494456,-3.476343845759669,1.7940709196570577,BabyLM 350M — first layer,NA,NA
1.0718970504975045,-0.19665260444716548,13.916807587679656,6.870264856271882,1.868835490494456,-3.476343845759669,1.7940709196570577,BabyLM 350M — first layer,NA,NA
1.2254143054847435,-0.19665260444716548,13.906761479382586,6.870264856271882,1.868835490494456,-3.476343845759669,1.7940709196570577,BabyLM 350M — first layer,NA,NA
1.378931560471983,-0.19665260444716548,13.896715371085518,6.870264856271882,1.868835490494456,-3.476343845759669,1.7940709196570577,BabyLM 350M — first layer,NA,NA
1.5324488154592222,-0.19665260444716548,13.88666926278845,6.870264856271882,1.868835490494456,-3.476343845759669,1.7940709196570577,BabyLM 350M — first layer,NA,NA
1.6859660704464614,-0.19665260444716548,13.876623154491382,6.870264856271882,1.868835490494456,-3.476343845759669,1.7940709196570577,BabyLM 350M — first layer,NA,NA
1.839483325433701,-0.19665260444716548,13.866577046194314,6.870264856271882,1.868835490494456,-3.476343845759669,1.7940709196570577,BabyLM 350M — first layer,NA,NA
1.9930005804209403,-0.19665260444716548,13.856530937897244,6.870264856271882,1.868835490494456,-3.476343845759669,1.7940709196570577,BabyLM 350M — first layer,NA,NA
2.14651783540818,-0.19665260444716548,13.846484829600175,6.870264856271882,1.868835490494456,-3.476343845759669,1.7940709196570577,BabyLM 350M — first layer,NA,NA
2.300035090395419,-0.19665260444716548,13.836438721303107,6.870264856271882,1.868835490494456,-3.476343845759669,1.7940709196570577,BabyLM 350M — first layer,NA,NA
2.453552345382658,-0.19665260444716548,13.82639261300604,6.870264856271882,1.868835490494456,-3.476343845759669,1.7940709196570577,BabyLM 350M — first layer,NA,NA
-1.9984480492472816,-0.02906810241433932,14.136088917379093,6.870264856271882,1.868835490494456,-3.476343845759669,1.7940709196570577,BabyLM 350M — first layer,NA,NA
-1.8449307942600424,-0.02906810241433932,14.125470233684858,6.870264856271882,1.868835490494456,-3.476343845759669,1.7940709196570577,BabyLM 350M — first layer,NA,NA
-1.6914135392728031,-0.02906810241433932,14.114851549990624,6.870264856271882,1.868835490494456,-3.476343845759669,1.7940709196570577,BabyLM 350M — first layer,NA,NA
-1.537896284285564,-0.02906810241433932,14.104232866296387,6.870264856271882,1.868835490494456,-3.476343845759669,1.7940709196570577,BabyLM 350M — first layer,NA,NA
-1.384379029298325,-0.02906810241433932,14.093614182602153,6.870264856271882,1.868835490494456,-3.476343845759669,1.7940709196570577,BabyLM 350M — first layer,NA,NA
-1.2308617743110852,-0.02906810241433932,14.082995498907918,6.870264856271882,1.868835490494456,-3.476343845759669,1.7940709196570577,BabyLM 350M — first layer,NA,NA
-1.077344519323846,-0.02906810241433932,14.072376815213683,6.870264856271882,1.868835490494456,-3.476343845759669,1.7940709196570577,BabyLM 350M — first layer,NA,NA
-0.9238272643366066,-0.02906810241433932,14.061758131519449,6.870264856271882,1.868835490494456,-3.476343845759669,1.7940709196570577,BabyLM 350M — first layer,NA,NA
-0.7703100093493673,-0.02906810241433932,14.051139447825213,6.870264856271882,1.868835490494456,-3.476343845759669,1.7940709196570577,BabyLM 350M — first layer,NA,NA
-0.6167927543621281,-0.02906810241433932,14.040520764130978,6.870264856271882,1.868835490494456,-3.476343845759669,1.7940709196570577,BabyLM 350M — first layer,NA,NA
-0.46327549937488866,-0.02906810241433932,14.029902080436742,6.870264856271882,1.868835490494456,-3.476343845759669,1.7940709196570577,BabyLM 350M — first layer,NA,NA
-0.30975824438764943,-0.02906810241433932,14.019283396742509,6.870264856271882,1.868835490494456,-3.476343845759669,1.7940709196570577,BabyLM 350M — first layer,NA,NA
-0.1562409894004102,-0.02906810241433932,14.008664713048272,6.870264856271882,1.868835490494456,-3.476343845759669,1.7940709196570577,BabyLM 350M — first layer,NA,NA
-0.00272373441317075,-0.02906810241433932,13.998046029354036,6.870264856271882,1.868835490494456,-3.476343845759669,1.7940709196570577,BabyLM 350M — first layer,NA,NA
0.1507935205740687,-0.02906810241433932,13.987427345659802,6.870264856271882,1.868835490494456,-3.476343845759669,1.7940709196570577,BabyLM 350M — first layer,NA,NA
0.3043107755613079,-0.02906810241433932,13.976808661965569,6.870264856271882,1.868835490494456,-3.476343845759669,1.7940709196570577,BabyLM 350M — first layer,NA,NA
0.4578280305485471,-0.02906810241433932,13.966189978271332,6.870264856271882,1.868835490494456,-3.476343845759669,1.7940709196570577,BabyLM 350M — first layer,NA,NA
0.6113452855357864,-0.02906810241433932,13.955571294577096,6.870264856271882,1.868835490494456,-3.476343845759669,1.7940709196570577,BabyLM 350M — first layer,NA,NA
0.7648625405230256,-0.02906810241433932,13.94495261088286,6.870264856271882,1.868835490494456,-3.476343845759669,1.7940709196570577,BabyLM 350M — first layer,NA,NA
0.9183797955102652,-0.02906810241433932,13.934333927188629,6.870264856271882,1.868835490494456,-3.476343845759669,1.7940709196570577,BabyLM 350M — first layer,NA,NA
1.0718970504975045,-0.02906810241433932,13.92371524349439,6.870264856271882,1.868835490494456,-3.476343845759669,1.7940709196570577,BabyLM 350M — first layer,NA,NA
1.2254143054847435,-0.02906810241433932,13.913096559800156,6.870264856271882,1.868835490494456,-3.476343845759669,1.7940709196570577,BabyLM 350M — first layer,NA,NA
1.378931560471983,-0.02906810241433932,13.90247787610592,6.870264856271882,1.868835490494456,-3.476343845759669,1.7940709196570577,BabyLM 350M — first layer,NA,NA
1.5324488154592222,-0.02906810241433932,13.891859192411683,6.870264856271882,1.868835490494456,-3.476343845759669,1.7940709196570577,BabyLM 350M — first layer,NA,NA
1.6859660704464614,-0.02906810241433932,13.88124050871745,6.870264856271882,1.868835490494456,-3.476343845759669,1.7940709196570577,BabyLM 350M — first layer,NA,NA
1.839483325433701,-0.02906810241433932,13.870621825023216,6.870264856271882,1.868835490494456,-3.476343845759669,1.7940709196570577,BabyLM 350M — first layer,NA,NA
1.9930005804209403,-0.02906810241433932,13.86000314132898,6.870264856271882,1.868835490494456,-3.476343845759669,1.7940709196570577,BabyLM 350M — first layer,NA,NA
2.14651783540818,-0.02906810241433932,13.849384457634743,6.870264856271882,1.868835490494456,-3.476343845759669,1.7940709196570577,BabyLM 350M — first layer,NA,NA
2.300035090395419,-0.02906810241433932,13.83876577394051,6.870264856271882,1.868835490494456,-3.476343845759669,1.7940709196570577,BabyLM 350M — first layer,NA,NA
2.453552345382658,-0.02906810241433932,13.828147090246276,6.870264856271882,1.868835490494456,-3.476343845759669,1.7940709196570577,BabyLM 350M — first layer,NA,NA
-1.9984480492472816,0.13851639961848683,14.154448081137163,6.870264856271882,1.868835490494456,-3.476343845759669,1.7940709196570577,BabyLM 350M — first layer,NA,NA
-1.8449307942600424,0.13851639961848683,14.143256822045762,6.870264856271882,1.868835490494456,-3.476343845759669,1.7940709196570577,BabyLM 350M — first layer,NA,NA
-1.6914135392728031,0.13851639961848683,14.13206556295436,6.870264856271882,1.868835490494456,-3.476343845759669,1.7940709196570577,BabyLM 350M — first layer,NA,NA
-1.537896284285564,0.13851639961848683,14.120874303862958,6.870264856271882,1.868835490494456,-3.476343845759669,1.7940709196570577,BabyLM 350M — first layer,NA,NA
-1.384379029298325,0.13851639961848683,14.109683044771556,6.870264856271882,1.868835490494456,-3.476343845759669,1.7940709196570577,BabyLM 350M — first layer,NA,NA
-1.2308617743110852,0.13851639961848683,14.098491785680157,6.870264856271882,1.868835490494456,-3.476343845759669,1.7940709196570577,BabyLM 350M — first layer,NA,NA
-1.077344519323846,0.13851639961848683,14.087300526588752,6.870264856271882,1.868835490494456,-3.476343845759669,1.7940709196570577,BabyLM 350M — first layer,NA,NA
-0.9238272643366066,0.13851639961848683,14.076109267497351,6.870264856271882,1.868835490494456,-3.476343845759669,1.7940709196570577,BabyLM 350M — first layer,NA,NA
-0.7703100093493673,0.13851639961848683,14.064918008405948,6.870264856271882,1.868835490494456,-3.476343845759669,1.7940709196570577,BabyLM 350M — first layer,NA,NA
-0.6167927543621281,0.13851639961848683,14.053726749314547,6.870264856271882,1.868835490494456,-3.476343845759669,1.7940709196570577,BabyLM 350M — first layer,NA,NA
-0.46327549937488866,0.13851639961848683,14.042535490223145,6.870264856271882,1.868835490494456,-3.476343845759669,1.7940709196570577,BabyLM 350M — first layer,NA,NA
-0.30975824438764943,0.13851639961848683,14.031344231131744,6.870264856271882,1.868835490494456,-3.476343845759669,1.7940709196570577,BabyLM 350M — first layer,NA,NA
-0.1562409894004102,0.13851639961848683,14.02015297204034,6.870264856271882,1.868835490494456,-3.476343845759669,1.7940709196570577,BabyLM 350M — first layer,NA,NA
-0.00272373441317075,0.13851639961848683,14.00896171294894,6.870264856271882,1.868835490494456,-3.476343845759669,1.7940709196570577,BabyLM 350M — first layer,NA,NA
0.1507935205740687,0.13851639961848683,13.997770453857536,6.870264856271882,1.868835490494456,-3.476343845759669,1.7940709196570577,BabyLM 350M — first layer,NA,NA
0.3043107755613079,0.13851639961848683,13.986579194766136,6.870264856271882,1.868835490494456,-3.476343845759669,1.7940709196570577,BabyLM 350M — first layer,NA,NA
0.4578280305485471,0.13851639961848683,13.975387935674734,6.870264856271882,1.868835490494456,-3.476343845759669,1.7940709196570577,BabyLM 350M — first layer,NA,NA
0.6113452855357864,0.13851639961848683,13.964196676583333,6.870264856271882,1.868835490494456,-3.476343845759669,1.7940709196570577,BabyLM 350M — first layer,NA,NA
0.7648625405230256,0.13851639961848683,13.95300541749193,6.870264856271882,1.868835490494456,-3.476343845759669,1.7940709196570577,BabyLM 350M — first layer,NA,NA
0.9183797955102652,0.13851639961848683,13.941814158400527,6.870264856271882,1.868835490494456,-3.476343845759669,1.7940709196570577,BabyLM 350M — first layer,NA,NA
1.0718970504975045,0.13851639961848683,13.930622899309126,6.870264856271882,1.868835490494456,-3.476343845759669,1.7940709196570577,BabyLM 350M — first layer,NA,NA
1.2254143054847435,0.13851639961848683,13.919431640217724,6.870264856271882,1.868835490494456,-3.476343845759669,1.7940709196570577,BabyLM 350M — first layer,NA,NA
1.378931560471983,0.13851639961848683,13.908240381126324,6.870264856271882,1.868835490494456,-3.476343845759669,1.7940709196570577,BabyLM 350M — first layer,NA,NA
1.5324488154592222,0.13851639961848683,13.897049122034922,6.870264856271882,1.868835490494456,-3.476343845759669,1.7940709196570577,BabyLM 350M — first layer,NA,NA
1.6859660704464614,0.13851639961848683,13.88585786294352,6.870264856271882,1.868835490494456,-3.476343845759669,1.7940709196570577,BabyLM 350M — first layer,NA,NA
1.839483325433701,0.13851639961848683,13.874666603852118,6.870264856271882,1.868835490494456,-3.476343845759669,1.7940709196570577,BabyLM 350M — first layer,NA,NA
1.9930005804209403,0.13851639961848683,13.863475344760715,6.870264856271882,1.868835490494456,-3.476343845759669,1.7940709196570577,BabyLM 350M — first layer,NA,NA
2.14651783540818,0.13851639961848683,13.852284085669314,6.870264856271882,1.868835490494456,-3.476343845759669,1.7940709196570577,BabyLM 350M — first layer,NA,NA
2.300035090395419,0.13851639961848683,13.841092826577912,6.870264856271882,1.868835490494456,-3.476343845759669,1.7940709196570577,BabyLM 350M — first layer,NA,NA
2.453552345382658,0.13851639961848683,13.82990156748651,6.870264856271882,1.868835490494456,-3.476343845759669,1.7940709196570577,BabyLM 350M — first layer,NA,NA
-1.9984480492472816,0.306100901651313,14.172807244895234,6.870264856271882,1.868835490494456,-3.476343845759669,1.7940709196570577,BabyLM 350M — first layer,NA,NA
-1.8449307942600424,0.306100901651313,14.161043410406666,6.870264856271882,1.868835490494456,-3.476343845759669,1.7940709196570577,BabyLM 350M — first layer,NA,NA
-1.6914135392728031,0.306100901651313,14.149279575918095,6.870264856271882,1.868835490494456,-3.476343845759669,1.7940709196570577,BabyLM 350M — first layer,NA,NA
-1.537896284285564,0.306100901651313,14.137515741429528,6.870264856271882,1.868835490494456,-3.476343845759669,1.7940709196570577,BabyLM 350M — first layer,NA,NA
-1.384379029298325,0.306100901651313,14.12575190694096,6.870264856271882,1.868835490494456,-3.476343845759669,1.7940709196570577,BabyLM 350M — first layer,NA,NA
-1.2308617743110852,0.306100901651313,14.113988072452392,6.870264856271882,1.868835490494456,-3.476343845759669,1.7940709196570577,BabyLM 350M — first layer,NA,NA
-1.077344519323846,0.306100901651313,14.102224237963824,6.870264856271882,1.868835490494456,-3.476343845759669,1.7940709196570577,BabyLM 350M — first layer,NA,NA
-0.9238272643366066,0.306100901651313,14.090460403475252,6.870264856271882,1.868835490494456,-3.476343845759669,1.7940709196570577,BabyLM 350M — first layer,NA,NA
-0.7703100093493673,0.306100901651313,14.078696568986686,6.870264856271882,1.868835490494456,-3.476343845759669,1.7940709196570577,BabyLM 350M — first layer,NA,NA
-0.6167927543621281,0.306100901651313,14.066932734498115,6.870264856271882,1.868835490494456,-3.476343845759669,1.7940709196570577,BabyLM 350M — first layer,NA,NA
-0.46327549937488866,0.306100901651313,14.055168900009548,6.870264856271882,1.868835490494456,-3.476343845759669,1.7940709196570577,BabyLM 350M — first layer,NA,NA
-0.30975824438764943,0.306100901651313,14.04340506552098,6.870264856271882,1.868835490494456,-3.476343845759669,1.7940709196570577,BabyLM 350M — first layer,NA,NA
-0.1562409894004102,0.306100901651313,14.031641231032411,6.870264856271882,1.868835490494456,-3.476343845759669,1.7940709196570577,BabyLM 350M — first layer,NA,NA
-0.00272373441317075,0.306100901651313,14.019877396543842,6.870264856271882,1.868835490494456,-3.476343845759669,1.7940709196570577,BabyLM 350M — first layer,NA,NA
0.1507935205740687,0.306100901651313,14.008113562055277,6.870264856271882,1.868835490494456,-3.476343845759669,1.7940709196570577,BabyLM 350M — first layer,NA,NA
0.3043107755613079,0.306100901651313,13.996349727566706,6.870264856271882,1.868835490494456,-3.476343845759669,1.7940709196570577,BabyLM 350M — first layer,NA,NA
0.4578280305485471,0.306100901651313,13.984585893078137,6.870264856271882,1.868835490494456,-3.476343845759669,1.7940709196570577,BabyLM 350M — first layer,NA,NA
0.6113452855357864,0.306100901651313,13.97282205858957,6.870264856271882,1.868835490494456,-3.476343845759669,1.7940709196570577,BabyLM 350M — first layer,NA,NA
0.7648625405230256,0.306100901651313,13.961058224101,6.870264856271882,1.868835490494456,-3.476343845759669,1.7940709196570577,BabyLM 350M — first layer,NA,NA
0.9183797955102652,0.306100901651313,13.949294389612431,6.870264856271882,1.868835490494456,-3.476343845759669,1.7940709196570577,BabyLM 350M — first layer,NA,NA
1.0718970504975045,0.306100901651313,13.937530555123864,6.870264856271882,1.868835490494456,-3.476343845759669,1.7940709196570577,BabyLM 350M — first layer,NA,NA
1.2254143054847435,0.306100901651313,13.925766720635297,6.870264856271882,1.868835490494456,-3.476343845759669,1.7940709196570577,BabyLM 350M — first layer,NA,NA
1.378931560471983,0.306100901651313,13.914002886146726,6.870264856271882,1.868835490494456,-3.476343845759669,1.7940709196570577,BabyLM 350M — first layer,NA,NA
1.5324488154592222,0.306100901651313,13.902239051658158,6.870264856271882,1.868835490494456,-3.476343845759669,1.7940709196570577,BabyLM 350M — first layer,NA,NA
1.6859660704464614,0.306100901651313,13.89047521716959,6.870264856271882,1.868835490494456,-3.476343845759669,1.7940709196570577,BabyLM 350M — first layer,NA,NA
1.839483325433701,0.306100901651313,13.87871138268102,6.870264856271882,1.868835490494456,-3.476343845759669,1.7940709196570577,BabyLM 350M — first layer,NA,NA
1.9930005804209403,0.306100901651313,13.866947548192451,6.870264856271882,1.868835490494456,-3.476343845759669,1.7940709196570577,BabyLM 350M — first layer,NA,NA
2.14651783540818,0.306100901651313,13.855183713703884,6.870264856271882,1.868835490494456,-3.476343845759669,1.7940709196570577,BabyLM 350M — first layer,NA,NA
2.300035090395419,0.306100901651313,13.843419879215316,6.870264856271882,1.868835490494456,-3.476343845759669,1.7940709196570577,BabyLM 350M — first layer,NA,NA
2.453552345382658,0.306100901651313,13.831656044726746,6.870264856271882,1.868835490494456,-3.476343845759669,1.7940709196570577,BabyLM 350M — first layer,NA,NA
-1.9984480492472816,0.47368540368413914,14.191166408653304,6.870264856271882,1.868835490494456,-3.476343845759669,1.7940709196570577,BabyLM 350M — first layer,NA,NA
-1.8449307942600424,0.47368540368413914,14.178829998767569,6.870264856271882,1.868835490494456,-3.476343845759669,1.7940709196570577,BabyLM 350M — first layer,NA,NA
-1.6914135392728031,0.47368540368413914,14.166493588881831,6.870264856271882,1.868835490494456,-3.476343845759669,1.7940709196570577,BabyLM 350M — first layer,NA,NA
-1.537896284285564,0.47368540368413914,14.1541571789961,6.870264856271882,1.868835490494456,-3.476343845759669,1.7940709196570577,BabyLM 350M — first layer,NA,NA
-1.384379029298325,0.47368540368413914,14.141820769110364,6.870264856271882,1.868835490494456,-3.476343845759669,1.7940709196570577,BabyLM 350M — first layer,NA,NA
-1.2308617743110852,0.47368540368413914,14.129484359224628,6.870264856271882,1.868835490494456,-3.476343845759669,1.7940709196570577,BabyLM 350M — first layer,NA,NA
-1.077344519323846,0.47368540368413914,14.117147949338891,6.870264856271882,1.868835490494456,-3.476343845759669,1.7940709196570577,BabyLM 350M — first layer,NA,NA
-0.9238272643366066,0.47368540368413914,14.104811539453156,6.870264856271882,1.868835490494456,-3.476343845759669,1.7940709196570577,BabyLM 350M — first layer,NA,NA
-0.7703100093493673,0.47368540368413914,14.092475129567422,6.870264856271882,1.868835490494456,-3.476343845759669,1.7940709196570577,BabyLM 350M — first layer,NA,NA
-0.6167927543621281,0.47368540368413914,14.080138719681688,6.870264856271882,1.868835490494456,-3.476343845759669,1.7940709196570577,BabyLM 350M — first layer,NA,NA
-0.46327549937488866,0.47368540368413914,14.067802309795953,6.870264856271882,1.868835490494456,-3.476343845759669,1.7940709196570577,BabyLM 350M — first layer,NA,NA
-0.30975824438764943,0.47368540368413914,14.055465899910216,6.870264856271882,1.868835490494456,-3.476343845759669,1.7940709196570577,BabyLM 350M — first layer,NA,NA
-0.1562409894004102,0.47368540368413914,14.043129490024482,6.870264856271882,1.868835490494456,-3.476343845759669,1.7940709196570577,BabyLM 350M — first layer,NA,NA
-0.00272373441317075,0.47368540368413914,14.030793080138746,6.870264856271882,1.868835490494456,-3.476343845759669,1.7940709196570577,BabyLM 350M — first layer,NA,NA
0.1507935205740687,0.47368540368413914,14.018456670253013,6.870264856271882,1.868835490494456,-3.476343845759669,1.7940709196570577,BabyLM 350M — first layer,NA,NA
0.3043107755613079,0.47368540368413914,14.006120260367275,6.870264856271882,1.868835490494456,-3.476343845759669,1.7940709196570577,BabyLM 350M — first layer,NA,NA
0.4578280305485471,0.47368540368413914,13.99378385048154,6.870264856271882,1.868835490494456,-3.476343845759669,1.7940709196570577,BabyLM 350M — first layer,NA,NA
0.6113452855357864,0.47368540368413914,13.981447440595804,6.870264856271882,1.868835490494456,-3.476343845759669,1.7940709196570577,BabyLM 350M — first layer,NA,NA
0.7648625405230256,0.47368540368413914,13.969111030710067,6.870264856271882,1.868835490494456,-3.476343845759669,1.7940709196570577,BabyLM 350M — first layer,NA,NA
0.9183797955102652,0.47368540368413914,13.956774620824335,6.870264856271882,1.868835490494456,-3.476343845759669,1.7940709196570577,BabyLM 350M — first layer,NA,NA
1.0718970504975045,0.47368540368413914,13.9444382109386,6.870264856271882,1.868835490494456,-3.476343845759669,1.7940709196570577,BabyLM 350M — first layer,NA,NA
1.2254143054847435,0.47368540368413914,13.932101801052864,6.870264856271882,1.868835490494456,-3.476343845759669,1.7940709196570577,BabyLM 350M — first layer,NA,NA
1.378931560471983,0.47368540368413914,13.919765391167129,6.870264856271882,1.868835490494456,-3.476343845759669,1.7940709196570577,BabyLM 350M — first layer,NA,NA
1.5324488154592222,0.47368540368413914,13.907428981281392,6.870264856271882,1.868835490494456,-3.476343845759669,1.7940709196570577,BabyLM 350M — first layer,NA,NA
1.6859660704464614,0.47368540368413914,13.895092571395658,6.870264856271882,1.868835490494456,-3.476343845759669,1.7940709196570577,BabyLM 350M — first layer,NA,NA
1.839483325433701,0.47368540368413914,13.882756161509922,6.870264856271882,1.868835490494456,-3.476343845759669,1.7940709196570577,BabyLM 350M — first layer,NA,NA
1.9930005804209403,0.47368540368413914,13.870419751624189,6.870264856271882,1.868835490494456,-3.476343845759669,1.7940709196570577,BabyLM 350M — first layer,NA,NA
2.14651783540818,0.47368540368413914,13.858083341738451,6.870264856271882,1.868835490494456,-3.476343845759669,1.7940709196570577,BabyLM 350M — first layer,NA,NA
2.300035090395419,0.47368540368413914,13.845746931852718,6.870264856271882,1.868835490494456,-3.476343845759669,1.7940709196570577,BabyLM 350M — first layer,NA,NA
2.453552345382658,0.47368540368413914,13.833410521966982,6.870264856271882,1.868835490494456,-3.476343845759669,1.7940709196570577,BabyLM 350M — first layer,NA,NA
-1.9984480492472816,0.6412699057169653,14.209525572411374,6.870264856271882,1.868835490494456,-3.476343845759669,1.7940709196570577,BabyLM 350M — first layer,NA,NA
-1.8449307942600424,0.6412699057169653,14.196616587128473,6.870264856271882,1.868835490494456,-3.476343845759669,1.7940709196570577,BabyLM 350M — first layer,NA,NA
-1.6914135392728031,0.6412699057169653,14.18370760184557,6.870264856271882,1.868835490494456,-3.476343845759669,1.7940709196570577,BabyLM 350M — first layer,NA,NA
-1.537896284285564,0.6412699057169653,14.170798616562667,6.870264856271882,1.868835490494456,-3.476343845759669,1.7940709196570577,BabyLM 350M — first layer,NA,NA
-1.384379029298325,0.6412699057169653,14.157889631279769,6.870264856271882,1.868835490494456,-3.476343845759669,1.7940709196570577,BabyLM 350M — first layer,NA,NA
-1.2308617743110852,0.6412699057169653,14.144980645996863,6.870264856271882,1.868835490494456,-3.476343845759669,1.7940709196570577,BabyLM 350M — first layer,NA,NA
-1.077344519323846,0.6412699057169653,14.132071660713963,6.870264856271882,1.868835490494456,-3.476343845759669,1.7940709196570577,BabyLM 350M — first layer,NA,NA
-0.9238272643366066,0.6412699057169653,14.119162675431062,6.870264856271882,1.868835490494456,-3.476343845759669,1.7940709196570577,BabyLM 350M — first layer,NA,NA
-0.7703100093493673,0.6412699057169653,14.10625369014816,6.870264856271882,1.868835490494456,-3.476343845759669,1.7940709196570577,BabyLM 350M — first layer,NA,NA
-0.6167927543621281,0.6412699057169653,14.093344704865258,6.870264856271882,1.868835490494456,-3.476343845759669,1.7940709196570577,BabyLM 350M — first layer,NA,NA
-0.46327549937488866,0.6412699057169653,14.080435719582354,6.870264856271882,1.868835490494456,-3.476343845759669,1.7940709196570577,BabyLM 350M — first layer,NA,NA
-0.30975824438764943,0.6412699057169653,14.067526734299452,6.870264856271882,1.868835490494456,-3.476343845759669,1.7940709196570577,BabyLM 350M — first layer,NA,NA
-0.1562409894004102,0.6412699057169653,14.05461774901655,6.870264856271882,1.868835490494456,-3.476343845759669,1.7940709196570577,BabyLM 350M — first layer,NA,NA
-0.00272373441317075,0.6412699057169653,14.041708763733649,6.870264856271882,1.868835490494456,-3.476343845759669,1.7940709196570577,BabyLM 350M — first layer,NA,NA
0.1507935205740687,0.6412699057169653,14.028799778450749,6.870264856271882,1.868835490494456,-3.476343845759669,1.7940709196570577,BabyLM 350M — first layer,NA,NA
0.3043107755613079,0.6412699057169653,14.015890793167843,6.870264856271882,1.868835490494456,-3.476343845759669,1.7940709196570577,BabyLM 350M — first layer,NA,NA
0.4578280305485471,0.6412699057169653,14.002981807884945,6.870264856271882,1.868835490494456,-3.476343845759669,1.7940709196570577,BabyLM 350M — first layer,NA,NA
0.6113452855357864,0.6412699057169653,13.99007282260204,6.870264856271882,1.868835490494456,-3.476343845759669,1.7940709196570577,BabyLM 350M — first layer,NA,NA
0.7648625405230256,0.6412699057169653,13.97716383731914,6.870264856271882,1.868835490494456,-3.476343845759669,1.7940709196570577,BabyLM 350M — first layer,NA,NA
0.9183797955102652,0.6412699057169653,13.964254852036238,6.870264856271882,1.868835490494456,-3.476343845759669,1.7940709196570577,BabyLM 350M — first layer,NA,NA
1.0718970504975045,0.6412699057169653,13.951345866753336,6.870264856271882,1.868835490494456,-3.476343845759669,1.7940709196570577,BabyLM 350M — first layer,NA,NA
1.2254143054847435,0.6412699057169653,13.938436881470434,6.870264856271882,1.868835490494456,-3.476343845759669,1.7940709196570577,BabyLM 350M — first layer,NA,NA
1.378931560471983,0.6412699057169653,13.925527896187532,6.870264856271882,1.868835490494456,-3.476343845759669,1.7940709196570577,BabyLM 350M — first layer,NA,NA
1.5324488154592222,0.6412699057169653,13.91261891090463,6.870264856271882,1.868835490494456,-3.476343845759669,1.7940709196570577,BabyLM 350M — first layer,NA,NA
1.6859660704464614,0.6412699057169653,13.899709925621728,6.870264856271882,1.868835490494456,-3.476343845759669,1.7940709196570577,BabyLM 350M — first layer,NA,NA
1.839483325433701,0.6412699057169653,13.886800940338826,6.870264856271882,1.868835490494456,-3.476343845759669,1.7940709196570577,BabyLM 350M — first layer,NA,NA
1.9930005804209403,0.6412699057169653,13.873891955055925,6.870264856271882,1.868835490494456,-3.476343845759669,1.7940709196570577,BabyLM 350M — first layer,NA,NA
2.14651783540818,0.6412699057169653,13.86098296977302,6.870264856271882,1.868835490494456,-3.476343845759669,1.7940709196570577,BabyLM 350M — first layer,NA,NA
2.300035090395419,0.6412699057169653,13.84807398449012,6.870264856271882,1.868835490494456,-3.476343845759669,1.7940709196570577,BabyLM 350M — first layer,NA,NA
2.453552345382658,0.6412699057169653,13.835164999207215,6.870264856271882,1.868835490494456,-3.476343845759669,1.7940709196570577,BabyLM 350M — first layer,NA,NA
-1.9984480492472816,0.8088544077497914,14.227884736169443,6.870264856271882,1.868835490494456,-3.476343845759669,1.7940709196570577,BabyLM 350M — first layer,NA,NA
-1.8449307942600424,0.8088544077497914,14.214403175489377,6.870264856271882,1.868835490494456,-3.476343845759669,1.7940709196570577,BabyLM 350M — first layer,NA,NA
-1.6914135392728031,0.8088544077497914,14.200921614809308,6.870264856271882,1.868835490494456,-3.476343845759669,1.7940709196570577,BabyLM 350M — first layer,NA,NA
-1.537896284285564,0.8088544077497914,14.187440054129238,6.870264856271882,1.868835490494456,-3.476343845759669,1.7940709196570577,BabyLM 350M — first layer,NA,NA
-1.384379029298325,0.8088544077497914,14.17395849344917,6.870264856271882,1.868835490494456,-3.476343845759669,1.7940709196570577,BabyLM 350M — first layer,NA,NA
-1.2308617743110852,0.8088544077497914,14.160476932769102,6.870264856271882,1.868835490494456,-3.476343845759669,1.7940709196570577,BabyLM 350M — first layer,NA,NA
-1.077344519323846,0.8088544077497914,14.146995372089034,6.870264856271882,1.868835490494456,-3.476343845759669,1.7940709196570577,BabyLM 350M — first layer,NA,NA
-0.9238272643366066,0.8088544077497914,14.133513811408964,6.870264856271882,1.868835490494456,-3.476343845759669,1.7940709196570577,BabyLM 350M — first layer,NA,NA
-0.7703100093493673,0.8088544077497914,14.120032250728896,6.870264856271882,1.868835490494456,-3.476343845759669,1.7940709196570577,BabyLM 350M — first layer,NA,NA
-0.6167927543621281,0.8088544077497914,14.106550690048827,6.870264856271882,1.868835490494456,-3.476343845759669,1.7940709196570577,BabyLM 350M — first layer,NA,NA
-0.46327549937488866,0.8088544077497914,14.09306912936876,6.870264856271882,1.868835490494456,-3.476343845759669,1.7940709196570577,BabyLM 350M — first layer,NA,NA
-0.30975824438764943,0.8088544077497914,14.079587568688687,6.870264856271882,1.868835490494456,-3.476343845759669,1.7940709196570577,BabyLM 350M — first layer,NA,NA
-0.1562409894004102,0.8088544077497914,14.06610600800862,6.870264856271882,1.868835490494456,-3.476343845759669,1.7940709196570577,BabyLM 350M — first layer,NA,NA
-0.00272373441317075,0.8088544077497914,14.052624447328553,6.870264856271882,1.868835490494456,-3.476343845759669,1.7940709196570577,BabyLM 350M — first layer,NA,NA
0.1507935205740687,0.8088544077497914,14.039142886648484,6.870264856271882,1.868835490494456,-3.476343845759669,1.7940709196570577,BabyLM 350M — first layer,NA,NA
0.3043107755613079,0.8088544077497914,14.025661325968414,6.870264856271882,1.868835490494456,-3.476343845759669,1.7940709196570577,BabyLM 350M — first layer,NA,NA
0.4578280305485471,0.8088544077497914,14.012179765288346,6.870264856271882,1.868835490494456,-3.476343845759669,1.7940709196570577,BabyLM 350M — first layer,NA,NA
0.6113452855357864,0.8088544077497914,13.998698204608278,6.870264856271882,1.868835490494456,-3.476343845759669,1.7940709196570577,BabyLM 350M — first layer,NA,NA
0.7648625405230256,0.8088544077497914,13.98521664392821,6.870264856271882,1.868835490494456,-3.476343845759669,1.7940709196570577,BabyLM 350M — first layer,NA,NA
0.9183797955102652,0.8088544077497914,13.97173508324814,6.870264856271882,1.868835490494456,-3.476343845759669,1.7940709196570577,BabyLM 350M — first layer,NA,NA
1.0718970504975045,0.8088544077497914,13.958253522568072,6.870264856271882,1.868835490494456,-3.476343845759669,1.7940709196570577,BabyLM 350M — first layer,NA,NA
1.2254143054847435,0.8088544077497914,13.944771961888003,6.870264856271882,1.868835490494456,-3.476343845759669,1.7940709196570577,BabyLM 350M — first layer,NA,NA
1.378931560471983,0.8088544077497914,13.931290401207937,6.870264856271882,1.868835490494456,-3.476343845759669,1.7940709196570577,BabyLM 350M — first layer,NA,NA
1.5324488154592222,0.8088544077497914,13.917808840527863,6.870264856271882,1.868835490494456,-3.476343845759669,1.7940709196570577,BabyLM 350M — first layer,NA,NA
1.6859660704464614,0.8088544077497914,13.904327279847797,6.870264856271882,1.868835490494456,-3.476343845759669,1.7940709196570577,BabyLM 350M — first layer,NA,NA
1.839483325433701,0.8088544077497914,13.890845719167729,6.870264856271882,1.868835490494456,-3.476343845759669,1.7940709196570577,BabyLM 350M — first layer,NA,NA
1.9930005804209403,0.8088544077497914,13.87736415848766,6.870264856271882,1.868835490494456,-3.476343845759669,1.7940709196570577,BabyLM 350M — first layer,NA,NA
2.14651783540818,0.8088544077497914,13.86388259780759,6.870264856271882,1.868835490494456,-3.476343845759669,1.7940709196570577,BabyLM 350M — first layer,NA,NA
2.300035090395419,0.8088544077497914,13.850401037127522,6.870264856271882,1.868835490494456,-3.476343845759669,1.7940709196570577,BabyLM 350M — first layer,NA,NA
2.453552345382658,0.8088544077497914,13.836919476447454,6.870264856271882,1.868835490494456,-3.476343845759669,1.7940709196570577,BabyLM 350M — first layer,NA,NA
-1.9984480492472816,0.976438909782618,14.246243899927515,6.870264856271882,1.868835490494456,-3.476343845759669,1.7940709196570577,BabyLM 350M — first layer,NA,NA
-1.8449307942600424,0.976438909782618,14.23218976385028,6.870264856271882,1.868835490494456,-3.476343845759669,1.7940709196570577,BabyLM 350M — first layer,NA,NA
-1.6914135392728031,0.976438909782618,14.218135627773044,6.870264856271882,1.868835490494456,-3.476343845759669,1.7940709196570577,BabyLM 350M — first layer,NA,NA
-1.537896284285564,0.976438909782618,14.20408149169581,6.870264856271882,1.868835490494456,-3.476343845759669,1.7940709196570577,BabyLM 350M — first layer,NA,NA
-1.384379029298325,0.976438909782618,14.190027355618572,6.870264856271882,1.868835490494456,-3.476343845759669,1.7940709196570577,BabyLM 350M — first layer,NA,NA
-1.2308617743110852,0.976438909782618,14.17597321954134,6.870264856271882,1.868835490494456,-3.476343845759669,1.7940709196570577,BabyLM 350M — first layer,NA,NA
-1.077344519323846,0.976438909782618,14.161919083464102,6.870264856271882,1.868835490494456,-3.476343845759669,1.7940709196570577,BabyLM 350M — first layer,NA,NA
-0.9238272643366066,0.976438909782618,14.147864947386868,6.870264856271882,1.868835490494456,-3.476343845759669,1.7940709196570577,BabyLM 350M — first layer,NA,NA
-0.7703100093493673,0.976438909782618,14.133810811309631,6.870264856271882,1.868835490494456,-3.476343845759669,1.7940709196570577,BabyLM 350M — first layer,NA,NA
-0.6167927543621281,0.976438909782618,14.119756675232397,6.870264856271882,1.868835490494456,-3.476343845759669,1.7940709196570577,BabyLM 350M — first layer,NA,NA
-0.46327549937488866,0.976438909782618,14.105702539155162,6.870264856271882,1.868835490494456,-3.476343845759669,1.7940709196570577,BabyLM 350M — first layer,NA,NA
-0.30975824438764943,0.976438909782618,14.091648403077926,6.870264856271882,1.868835490494456,-3.476343845759669,1.7940709196570577,BabyLM 350M — first layer,NA,NA
-0.1562409894004102,0.976438909782618,14.077594267000691,6.870264856271882,1.868835490494456,-3.476343845759669,1.7940709196570577,BabyLM 350M — first layer,NA,NA
-0.00272373441317075,0.976438909782618,14.063540130923457,6.870264856271882,1.868835490494456,-3.476343845759669,1.7940709196570577,BabyLM 350M — first layer,NA,NA
0.1507935205740687,0.976438909782618,14.04948599484622,6.870264856271882,1.868835490494456,-3.476343845759669,1.7940709196570577,BabyLM 350M — first layer,NA,NA
0.3043107755613079,0.976438909782618,14.035431858768984,6.870264856271882,1.868835490494456,-3.476343845759669,1.7940709196570577,BabyLM 350M — first layer,NA,NA
0.4578280305485471,0.976438909782618,14.02137772269175,6.870264856271882,1.868835490494456,-3.476343845759669,1.7940709196570577,BabyLM 350M — first layer,NA,NA
0.6113452855357864,0.976438909782618,14.007323586614516,6.870264856271882,1.868835490494456,-3.476343845759669,1.7940709196570577,BabyLM 350M — first layer,NA,NA
0.7648625405230256,0.976438909782618,13.993269450537278,6.870264856271882,1.868835490494456,-3.476343845759669,1.7940709196570577,BabyLM 350M — first layer,NA,NA
0.9183797955102652,0.976438909782618,13.979215314460044,6.870264856271882,1.868835490494456,-3.476343845759669,1.7940709196570577,BabyLM 350M — first layer,NA,NA
1.0718970504975045,0.976438909782618,13.965161178382807,6.870264856271882,1.868835490494456,-3.476343845759669,1.7940709196570577,BabyLM 350M — first layer,NA,NA
1.2254143054847435,0.976438909782618,13.951107042305573,6.870264856271882,1.868835490494456,-3.476343845759669,1.7940709196570577,BabyLM 350M — first layer,NA,NA
1.378931560471983,0.976438909782618,13.937052906228336,6.870264856271882,1.868835490494456,-3.476343845759669,1.7940709196570577,BabyLM 350M — first layer,NA,NA
1.5324488154592222,0.976438909782618,13.922998770151102,6.870264856271882,1.868835490494456,-3.476343845759669,1.7940709196570577,BabyLM 350M — first layer,NA,NA
1.6859660704464614,0.976438909782618,13.908944634073864,6.870264856271882,1.868835490494456,-3.476343845759669,1.7940709196570577,BabyLM 350M — first layer,NA,NA
1.839483325433701,0.976438909782618,13.89489049799663,6.870264856271882,1.868835490494456,-3.476343845759669,1.7940709196570577,BabyLM 350M — first layer,NA,NA
1.9930005804209403,0.976438909782618,13.880836361919396,6.870264856271882,1.868835490494456,-3.476343845759669,1.7940709196570577,BabyLM 350M — first layer,NA,NA
2.14651783540818,0.976438909782618,13.86678222584216,6.870264856271882,1.868835490494456,-3.476343845759669,1.7940709196570577,BabyLM 350M — first layer,NA,NA
2.300035090395419,0.976438909782618,13.852728089764923,6.870264856271882,1.868835490494456,-3.476343845759669,1.7940709196570577,BabyLM 350M — first layer,NA,NA
2.453552345382658,0.976438909782618,13.838673953687689,6.870264856271882,1.868835490494456,-3.476343845759669,1.7940709196570577,BabyLM 350M — first layer,NA,NA
-1.9984480492472816,1.1440234118154442,14.264603063685586,6.870264856271882,1.868835490494456,-3.476343845759669,1.7940709196570577,BabyLM 350M — first layer,NA,NA
-1.8449307942600424,1.1440234118154442,14.249976352211185,6.870264856271882,1.868835490494456,-3.476343845759669,1.7940709196570577,BabyLM 350M — first layer,NA,NA
-1.6914135392728031,1.1440234118154442,14.235349640736782,6.870264856271882,1.868835490494456,-3.476343845759669,1.7940709196570577,BabyLM 350M — first layer,NA,NA
-1.537896284285564,1.1440234118154442,14.22072292926238,6.870264856271882,1.868835490494456,-3.476343845759669,1.7940709196570577,BabyLM 350M — first layer,NA,NA
-1.384379029298325,1.1440234118154442,14.206096217787977,6.870264856271882,1.868835490494456,-3.476343845759669,1.7940709196570577,BabyLM 350M — first layer,NA,NA
-1.2308617743110852,1.1440234118154442,14.191469506313576,6.870264856271882,1.868835490494456,-3.476343845759669,1.7940709196570577,BabyLM 350M — first layer,NA,NA
-1.077344519323846,1.1440234118154442,14.176842794839173,6.870264856271882,1.868835490494456,-3.476343845759669,1.7940709196570577,BabyLM 350M — first layer,NA,NA
-0.9238272643366066,1.1440234118154442,14.162216083364772,6.870264856271882,1.868835490494456,-3.476343845759669,1.7940709196570577,BabyLM 350M — first layer,NA,NA
-0.7703100093493673,1.1440234118154442,14.14758937189037,6.870264856271882,1.868835490494456,-3.476343845759669,1.7940709196570577,BabyLM 350M — first layer,NA,NA
-0.6167927543621281,1.1440234118154442,14.132962660415966,6.870264856271882,1.868835490494456,-3.476343845759669,1.7940709196570577,BabyLM 350M — first layer,NA,NA
-0.46327549937488866,1.1440234118154442,14.118335948941564,6.870264856271882,1.868835490494456,-3.476343845759669,1.7940709196570577,BabyLM 350M — first layer,NA,NA
-0.30975824438764943,1.1440234118154442,14.103709237467164,6.870264856271882,1.868835490494456,-3.476343845759669,1.7940709196570577,BabyLM 350M — first layer,NA,NA
-0.1562409894004102,1.1440234118154442,14.08908252599276,6.870264856271882,1.868835490494456,-3.476343845759669,1.7940709196570577,BabyLM 350M — first layer,NA,NA
-0.00272373441317075,1.1440234118154442,14.07445581451836,6.870264856271882,1.868835490494456,-3.476343845759669,1.7940709196570577,BabyLM 350M — first layer,NA,NA
0.1507935205740687,1.1440234118154442,14.059829103043956,6.870264856271882,1.868835490494456,-3.476343845759669,1.7940709196570577,BabyLM 350M — first layer,NA,NA
0.3043107755613079,1.1440234118154442,14.045202391569552,6.870264856271882,1.868835490494456,-3.476343845759669,1.7940709196570577,BabyLM 350M — first layer,NA,NA
0.4578280305485471,1.1440234118154442,14.030575680095152,6.870264856271882,1.868835490494456,-3.476343845759669,1.7940709196570577,BabyLM 350M — first layer,NA,NA
0.6113452855357864,1.1440234118154442,14.01594896862075,6.870264856271882,1.868835490494456,-3.476343845759669,1.7940709196570577,BabyLM 350M — first layer,NA,NA
0.7648625405230256,1.1440234118154442,14.001322257146349,6.870264856271882,1.868835490494456,-3.476343845759669,1.7940709196570577,BabyLM 350M — first layer,NA,NA
0.9183797955102652,1.1440234118154442,13.986695545671946,6.870264856271882,1.868835490494456,-3.476343845759669,1.7940709196570577,BabyLM 350M — first layer,NA,NA
1.0718970504975045,1.1440234118154442,13.972068834197543,6.870264856271882,1.868835490494456,-3.476343845759669,1.7940709196570577,BabyLM 350M — first layer,NA,NA
1.2254143054847435,1.1440234118154442,13.957442122723142,6.870264856271882,1.868835490494456,-3.476343845759669,1.7940709196570577,BabyLM 350M — first layer,NA,NA
1.378931560471983,1.1440234118154442,13.94281541124874,6.870264856271882,1.868835490494456,-3.476343845759669,1.7940709196570577,BabyLM 350M — first layer,NA,NA
1.5324488154592222,1.1440234118154442,13.928188699774337,6.870264856271882,1.868835490494456,-3.476343845759669,1.7940709196570577,BabyLM 350M — first layer,NA,NA
1.6859660704464614,1.1440234118154442,13.913561988299936,6.870264856271882,1.868835490494456,-3.476343845759669,1.7940709196570577,BabyLM 350M — first layer,NA,NA
1.839483325433701,1.1440234118154442,13.898935276825531,6.870264856271882,1.868835490494456,-3.476343845759669,1.7940709196570577,BabyLM 350M — first layer,NA,NA
1.9930005804209403,1.1440234118154442,13.884308565351132,6.870264856271882,1.868835490494456,-3.476343845759669,1.7940709196570577,BabyLM 350M — first layer,NA,NA
2.14651783540818,1.1440234118154442,13.86968185387673,6.870264856271882,1.868835490494456,-3.476343845759669,1.7940709196570577,BabyLM 350M — first layer,NA,NA
2.300035090395419,1.1440234118154442,13.855055142402326,6.870264856271882,1.868835490494456,-3.476343845759669,1.7940709196570577,BabyLM 350M — first layer,NA,NA
2.453552345382658,1.1440234118154442,13.840428430927926,6.870264856271882,1.868835490494456,-3.476343845759669,1.7940709196570577,BabyLM 350M — first layer,NA,NA
-1.9984480492472816,1.3116079138482704,14.282962227443656,6.870264856271882,1.868835490494456,-3.476343845759669,1.7940709196570577,BabyLM 350M — first layer,NA,NA
-1.8449307942600424,1.3116079138482704,14.267762940572087,6.870264856271882,1.868835490494456,-3.476343845759669,1.7940709196570577,BabyLM 350M — first layer,NA,NA
-1.6914135392728031,1.3116079138482704,14.252563653700518,6.870264856271882,1.868835490494456,-3.476343845759669,1.7940709196570577,BabyLM 350M — first layer,NA,NA
-1.537896284285564,1.3116079138482704,14.237364366828947,6.870264856271882,1.868835490494456,-3.476343845759669,1.7940709196570577,BabyLM 350M — first layer,NA,NA
-1.384379029298325,1.3116079138482704,14.222165079957382,6.870264856271882,1.868835490494456,-3.476343845759669,1.7940709196570577,BabyLM 350M — first layer,NA,NA
-1.2308617743110852,1.3116079138482704,14.206965793085812,6.870264856271882,1.868835490494456,-3.476343845759669,1.7940709196570577,BabyLM 350M — first layer,NA,NA
-1.077344519323846,1.3116079138482704,14.191766506214243,6.870264856271882,1.868835490494456,-3.476343845759669,1.7940709196570577,BabyLM 350M — first layer,NA,NA
-0.9238272643366066,1.3116079138482704,14.176567219342674,6.870264856271882,1.868835490494456,-3.476343845759669,1.7940709196570577,BabyLM 350M — first layer,NA,NA
-0.7703100093493673,1.3116079138482704,14.161367932471103,6.870264856271882,1.868835490494456,-3.476343845759669,1.7940709196570577,BabyLM 350M — first layer,NA,NA
-0.6167927543621281,1.3116079138482704,14.146168645599538,6.870264856271882,1.868835490494456,-3.476343845759669,1.7940709196570577,BabyLM 350M — first layer,NA,NA
-0.46327549937488866,1.3116079138482704,14.130969358727969,6.870264856271882,1.868835490494456,-3.476343845759669,1.7940709196570577,BabyLM 350M — first layer,NA,NA
-0.30975824438764943,1.3116079138482704,14.1157700718564,6.870264856271882,1.868835490494456,-3.476343845759669,1.7940709196570577,BabyLM 350M — first layer,NA,NA
-0.1562409894004102,1.3116079138482704,14.10057078498483,6.870264856271882,1.868835490494456,-3.476343845759669,1.7940709196570577,BabyLM 350M — first layer,NA,NA
-0.00272373441317075,1.3116079138482704,14.08537149811326,6.870264856271882,1.868835490494456,-3.476343845759669,1.7940709196570577,BabyLM 350M — first layer,NA,NA
0.1507935205740687,1.3116079138482704,14.070172211241692,6.870264856271882,1.868835490494456,-3.476343845759669,1.7940709196570577,BabyLM 350M — first layer,NA,NA
0.3043107755613079,1.3116079138482704,14.054972924370125,6.870264856271882,1.868835490494456,-3.476343845759669,1.7940709196570577,BabyLM 350M — first layer,NA,NA
0.4578280305485471,1.3116079138482704,14.039773637498556,6.870264856271882,1.868835490494456,-3.476343845759669,1.7940709196570577,BabyLM 350M — first layer,NA,NA
0.6113452855357864,1.3116079138482704,14.024574350626986,6.870264856271882,1.868835490494456,-3.476343845759669,1.7940709196570577,BabyLM 350M — first layer,NA,NA
0.7648625405230256,1.3116079138482704,14.009375063755416,6.870264856271882,1.868835490494456,-3.476343845759669,1.7940709196570577,BabyLM 350M — first layer,NA,NA
0.9183797955102652,1.3116079138482704,13.994175776883848,6.870264856271882,1.868835490494456,-3.476343845759669,1.7940709196570577,BabyLM 350M — first layer,NA,NA
1.0718970504975045,1.3116079138482704,13.97897649001228,6.870264856271882,1.868835490494456,-3.476343845759669,1.7940709196570577,BabyLM 350M — first layer,NA,NA
1.2254143054847435,1.3116079138482704,13.963777203140712,6.870264856271882,1.868835490494456,-3.476343845759669,1.7940709196570577,BabyLM 350M — first layer,NA,NA
1.378931560471983,1.3116079138482704,13.948577916269144,6.870264856271882,1.868835490494456,-3.476343845759669,1.7940709196570577,BabyLM 350M — first layer,NA,NA
1.5324488154592222,1.3116079138482704,13.933378629397572,6.870264856271882,1.868835490494456,-3.476343845759669,1.7940709196570577,BabyLM 350M — first layer,NA,NA
1.6859660704464614,1.3116079138482704,13.918179342526004,6.870264856271882,1.868835490494456,-3.476343845759669,1.7940709196570577,BabyLM 350M — first layer,NA,NA
1.839483325433701,1.3116079138482704,13.902980055654435,6.870264856271882,1.868835490494456,-3.476343845759669,1.7940709196570577,BabyLM 350M — first layer,NA,NA
1.9930005804209403,1.3116079138482704,13.887780768782866,6.870264856271882,1.868835490494456,-3.476343845759669,1.7940709196570577,BabyLM 350M — first layer,NA,NA
2.14651783540818,1.3116079138482704,13.8725814819113,6.870264856271882,1.868835490494456,-3.476343845759669,1.7940709196570577,BabyLM 350M — first layer,NA,NA
2.300035090395419,1.3116079138482704,13.85738219503973,6.870264856271882,1.868835490494456,-3.476343845759669,1.7940709196570577,BabyLM 350M — first layer,NA,NA
2.453552345382658,1.3116079138482704,13.84218290816816,6.870264856271882,1.868835490494456,-3.476343845759669,1.7940709196570577,BabyLM 350M — first layer,NA,NA
-1.9984480492472816,1.479192415881097,14.301321391201729,6.870264856271882,1.868835490494456,-3.476343845759669,1.7940709196570577,BabyLM 350M — first layer,NA,NA
-1.8449307942600424,1.479192415881097,14.285549528932991,6.870264856271882,1.868835490494456,-3.476343845759669,1.7940709196570577,BabyLM 350M — first layer,NA,NA
-1.6914135392728031,1.479192415881097,14.269777666664256,6.870264856271882,1.868835490494456,-3.476343845759669,1.7940709196570577,BabyLM 350M — first layer,NA,NA
-1.537896284285564,1.479192415881097,14.25400580439552,6.870264856271882,1.868835490494456,-3.476343845759669,1.7940709196570577,BabyLM 350M — first layer,NA,NA
-1.384379029298325,1.479192415881097,14.238233942126785,6.870264856271882,1.868835490494456,-3.476343845759669,1.7940709196570577,BabyLM 350M — first layer,NA,NA
-1.2308617743110852,1.479192415881097,14.22246207985805,6.870264856271882,1.868835490494456,-3.476343845759669,1.7940709196570577,BabyLM 350M — first layer,NA,NA
-1.077344519323846,1.479192415881097,14.206690217589314,6.870264856271882,1.868835490494456,-3.476343845759669,1.7940709196570577,BabyLM 350M — first layer,NA,NA
-0.9238272643366066,1.479192415881097,14.190918355320578,6.870264856271882,1.868835490494456,-3.476343845759669,1.7940709196570577,BabyLM 350M — first layer,NA,NA
-0.7703100093493673,1.479192415881097,14.175146493051844,6.870264856271882,1.868835490494456,-3.476343845759669,1.7940709196570577,BabyLM 350M — first layer,NA,NA
-0.6167927543621281,1.479192415881097,14.159374630783107,6.870264856271882,1.868835490494456,-3.476343845759669,1.7940709196570577,BabyLM 350M — first layer,NA,NA
-0.46327549937488866,1.479192415881097,14.143602768514372,6.870264856271882,1.868835490494456,-3.476343845759669,1.7940709196570577,BabyLM 350M — first layer,NA,NA
-0.30975824438764943,1.479192415881097,14.127830906245636,6.870264856271882,1.868835490494456,-3.476343845759669,1.7940709196570577,BabyLM 350M — first layer,NA,NA
-0.1562409894004102,1.479192415881097,14.1120590439769,6.870264856271882,1.868835490494456,-3.476343845759669,1.7940709196570577,BabyLM 350M — first layer,NA,NA
-0.00272373441317075,1.479192415881097,14.096287181708163,6.870264856271882,1.868835490494456,-3.476343845759669,1.7940709196570577,BabyLM 350M — first layer,NA,NA
0.1507935205740687,1.479192415881097,14.08051531943943,6.870264856271882,1.868835490494456,-3.476343845759669,1.7940709196570577,BabyLM 350M — first layer,NA,NA
0.3043107755613079,1.479192415881097,14.064743457170694,6.870264856271882,1.868835490494456,-3.476343845759669,1.7940709196570577,BabyLM 350M — first layer,NA,NA
0.4578280305485471,1.479192415881097,14.04897159490196,6.870264856271882,1.868835490494456,-3.476343845759669,1.7940709196570577,BabyLM 350M — first layer,NA,NA
0.6113452855357864,1.479192415881097,14.033199732633223,6.870264856271882,1.868835490494456,-3.476343845759669,1.7940709196570577,BabyLM 350M — first layer,NA,NA
0.7648625405230256,1.479192415881097,14.017427870364488,6.870264856271882,1.868835490494456,-3.476343845759669,1.7940709196570577,BabyLM 350M — first layer,NA,NA
0.9183797955102652,1.479192415881097,14.001656008095752,6.870264856271882,1.868835490494456,-3.476343845759669,1.7940709196570577,BabyLM 350M — first layer,NA,NA
1.0718970504975045,1.479192415881097,13.985884145827017,6.870264856271882,1.868835490494456,-3.476343845759669,1.7940709196570577,BabyLM 350M — first layer,NA,NA
1.2254143054847435,1.479192415881097,13.97011228355828,6.870264856271882,1.868835490494456,-3.476343845759669,1.7940709196570577,BabyLM 350M — first layer,NA,NA
1.378931560471983,1.479192415881097,13.954340421289546,6.870264856271882,1.868835490494456,-3.476343845759669,1.7940709196570577,BabyLM 350M — first layer,NA,NA
1.5324488154592222,1.479192415881097,13.93856855902081,6.870264856271882,1.868835490494456,-3.476343845759669,1.7940709196570577,BabyLM 350M — first layer,NA,NA
1.6859660704464614,1.479192415881097,13.922796696752076,6.870264856271882,1.868835490494456,-3.476343845759669,1.7940709196570577,BabyLM 350M — first layer,NA,NA
1.839483325433701,1.479192415881097,13.90702483448334,6.870264856271882,1.868835490494456,-3.476343845759669,1.7940709196570577,BabyLM 350M — first layer,NA,NA
1.9930005804209403,1.479192415881097,13.891252972214602,6.870264856271882,1.868835490494456,-3.476343845759669,1.7940709196570577,BabyLM 350M — first layer,NA,NA
2.14651783540818,1.479192415881097,13.875481109945866,6.870264856271882,1.868835490494456,-3.476343845759669,1.7940709196570577,BabyLM 350M — first layer,NA,NA
2.300035090395419,1.479192415881097,13.85970924767713,6.870264856271882,1.868835490494456,-3.476343845759669,1.7940709196570577,BabyLM 350M — first layer,NA,NA
2.453552345382658,1.479192415881097,13.843937385408395,6.870264856271882,1.868835490494456,-3.476343845759669,1.7940709196570577,BabyLM 350M — first layer,NA,NA
-1.9984480492472816,1.6467769179139229,14.319680554959795,6.870264856271882,1.868835490494456,-3.476343845759669,1.7940709196570577,BabyLM 350M — first layer,NA,NA
-1.8449307942600424,1.6467769179139229,14.303336117293895,6.870264856271882,1.868835490494456,-3.476343845759669,1.7940709196570577,BabyLM 350M — first layer,NA,NA
-1.6914135392728031,1.6467769179139229,14.286991679627992,6.870264856271882,1.868835490494456,-3.476343845759669,1.7940709196570577,BabyLM 350M — first layer,NA,NA
-1.537896284285564,1.6467769179139229,14.27064724196209,6.870264856271882,1.868835490494456,-3.476343845759669,1.7940709196570577,BabyLM 350M — first layer,NA,NA
-1.384379029298325,1.6467769179139229,14.254302804296188,6.870264856271882,1.868835490494456,-3.476343845759669,1.7940709196570577,BabyLM 350M — first layer,NA,NA
-1.2308617743110852,1.6467769179139229,14.237958366630286,6.870264856271882,1.868835490494456,-3.476343845759669,1.7940709196570577,BabyLM 350M — first layer,NA,NA
-1.077344519323846,1.6467769179139229,14.221613928964384,6.870264856271882,1.868835490494456,-3.476343845759669,1.7940709196570577,BabyLM 350M — first layer,NA,NA
-0.9238272643366066,1.6467769179139229,14.20526949129848,6.870264856271882,1.868835490494456,-3.476343845759669,1.7940709196570577,BabyLM 350M — first layer,NA,NA
-0.7703100093493673,1.6467769179139229,14.18892505363258,6.870264856271882,1.868835490494456,-3.476343845759669,1.7940709196570577,BabyLM 350M — first layer,NA,NA
-0.6167927543621281,1.6467769179139229,14.172580615966677,6.870264856271882,1.868835490494456,-3.476343845759669,1.7940709196570577,BabyLM 350M — first layer,NA,NA
-0.46327549937488866,1.6467769179139229,14.156236178300777,6.870264856271882,1.868835490494456,-3.476343845759669,1.7940709196570577,BabyLM 350M — first layer,NA,NA
-0.30975824438764943,1.6467769179139229,14.139891740634871,6.870264856271882,1.868835490494456,-3.476343845759669,1.7940709196570577,BabyLM 350M — first layer,NA,NA
-0.1562409894004102,1.6467769179139229,14.12354730296897,6.870264856271882,1.868835490494456,-3.476343845759669,1.7940709196570577,BabyLM 350M — first layer,NA,NA
-0.00272373441317075,1.6467769179139229,14.107202865303067,6.870264856271882,1.868835490494456,-3.476343845759669,1.7940709196570577,BabyLM 350M — first layer,NA,NA
0.1507935205740687,1.6467769179139229,14.090858427637166,6.870264856271882,1.868835490494456,-3.476343845759669,1.7940709196570577,BabyLM 350M — first layer,NA,NA
0.3043107755613079,1.6467769179139229,14.074513989971264,6.870264856271882,1.868835490494456,-3.476343845759669,1.7940709196570577,BabyLM 350M — first layer,NA,NA
0.4578280305485471,1.6467769179139229,14.058169552305362,6.870264856271882,1.868835490494456,-3.476343845759669,1.7940709196570577,BabyLM 350M — first layer,NA,NA
0.6113452855357864,1.6467769179139229,14.041825114639458,6.870264856271882,1.868835490494456,-3.476343845759669,1.7940709196570577,BabyLM 350M — first layer,NA,NA
0.7648625405230256,1.6467769179139229,14.025480676973556,6.870264856271882,1.868835490494456,-3.476343845759669,1.7940709196570577,BabyLM 350M — first layer,NA,NA
0.9183797955102652,1.6467769179139229,14.009136239307654,6.870264856271882,1.868835490494456,-3.476343845759669,1.7940709196570577,BabyLM 350M — first layer,NA,NA
1.0718970504975045,1.6467769179139229,13.992791801641753,6.870264856271882,1.868835490494456,-3.476343845759669,1.7940709196570577,BabyLM 350M — first layer,NA,NA
1.2254143054847435,1.6467769179139229,13.97644736397585,6.870264856271882,1.868835490494456,-3.476343845759669,1.7940709196570577,BabyLM 350M — first layer,NA,NA
1.378931560471983,1.6467769179139229,13.960102926309949,6.870264856271882,1.868835490494456,-3.476343845759669,1.7940709196570577,BabyLM 350M — first layer,NA,NA
1.5324488154592222,1.6467769179139229,13.943758488644043,6.870264856271882,1.868835490494456,-3.476343845759669,1.7940709196570577,BabyLM 350M — first layer,NA,NA
1.6859660704464614,1.6467769179139229,13.927414050978143,6.870264856271882,1.868835490494456,-3.476343845759669,1.7940709196570577,BabyLM 350M — first layer,NA,NA
1.839483325433701,1.6467769179139229,13.91106961331224,6.870264856271882,1.868835490494456,-3.476343845759669,1.7940709196570577,BabyLM 350M — first layer,NA,NA
1.9930005804209403,1.6467769179139229,13.894725175646338,6.870264856271882,1.868835490494456,-3.476343845759669,1.7940709196570577,BabyLM 350M — first layer,NA,NA
2.14651783540818,1.6467769179139229,13.878380737980436,6.870264856271882,1.868835490494456,-3.476343845759669,1.7940709196570577,BabyLM 350M — first layer,NA,NA
2.300035090395419,1.6467769179139229,13.862036300314534,6.870264856271882,1.868835490494456,-3.476343845759669,1.7940709196570577,BabyLM 350M — first layer,NA,NA
2.453552345382658,1.6467769179139229,13.845691862648632,6.870264856271882,1.868835490494456,-3.476343845759669,1.7940709196570577,BabyLM 350M — first layer,NA,NA
-1.9984480492472816,1.8143614199467493,14.338039718717868,6.870264856271882,1.868835490494456,-3.476343845759669,1.7940709196570577,BabyLM 350M — first layer,NA,NA
-1.8449307942600424,1.8143614199467493,14.321122705654798,6.870264856271882,1.868835490494456,-3.476343845759669,1.7940709196570577,BabyLM 350M — first layer,NA,NA
-1.6914135392728031,1.8143614199467493,14.30420569259173,6.870264856271882,1.868835490494456,-3.476343845759669,1.7940709196570577,BabyLM 350M — first layer,NA,NA
-1.537896284285564,1.8143614199467493,14.28728867952866,6.870264856271882,1.868835490494456,-3.476343845759669,1.7940709196570577,BabyLM 350M — first layer,NA,NA
-1.384379029298325,1.8143614199467493,14.270371666465593,6.870264856271882,1.868835490494456,-3.476343845759669,1.7940709196570577,BabyLM 350M — first layer,NA,NA
-1.2308617743110852,1.8143614199467493,14.253454653402525,6.870264856271882,1.868835490494456,-3.476343845759669,1.7940709196570577,BabyLM 350M — first layer,NA,NA
-1.077344519323846,1.8143614199467493,14.236537640339453,6.870264856271882,1.868835490494456,-3.476343845759669,1.7940709196570577,BabyLM 350M — first layer,NA,NA
-0.9238272643366066,1.8143614199467493,14.219620627276385,6.870264856271882,1.868835490494456,-3.476343845759669,1.7940709196570577,BabyLM 350M — first layer,NA,NA
-0.7703100093493673,1.8143614199467493,14.202703614213316,6.870264856271882,1.868835490494456,-3.476343845759669,1.7940709196570577,BabyLM 350M — first layer,NA,NA
-0.6167927543621281,1.8143614199467493,14.185786601150246,6.870264856271882,1.868835490494456,-3.476343845759669,1.7940709196570577,BabyLM 350M — first layer,NA,NA
-0.46327549937488866,1.8143614199467493,14.168869588087178,6.870264856271882,1.868835490494456,-3.476343845759669,1.7940709196570577,BabyLM 350M — first layer,NA,NA
-0.30975824438764943,1.8143614199467493,14.151952575024108,6.870264856271882,1.868835490494456,-3.476343845759669,1.7940709196570577,BabyLM 350M — first layer,NA,NA
-0.1562409894004102,1.8143614199467493,14.13503556196104,6.870264856271882,1.868835490494456,-3.476343845759669,1.7940709196570577,BabyLM 350M — first layer,NA,NA
-0.00272373441317075,1.8143614199467493,14.118118548897971,6.870264856271882,1.868835490494456,-3.476343845759669,1.7940709196570577,BabyLM 350M — first layer,NA,NA
0.1507935205740687,1.8143614199467493,14.1012015358349,6.870264856271882,1.868835490494456,-3.476343845759669,1.7940709196570577,BabyLM 350M — first layer,NA,NA
0.3043107755613079,1.8143614199467493,14.084284522771831,6.870264856271882,1.868835490494456,-3.476343845759669,1.7940709196570577,BabyLM 350M — first layer,NA,NA
0.4578280305485471,1.8143614199467493,14.067367509708763,6.870264856271882,1.868835490494456,-3.476343845759669,1.7940709196570577,BabyLM 350M — first layer,NA,NA
0.6113452855357864,1.8143614199467493,14.050450496645697,6.870264856271882,1.868835490494456,-3.476343845759669,1.7940709196570577,BabyLM 350M — first layer,NA,NA
0.7648625405230256,1.8143614199467493,14.033533483582628,6.870264856271882,1.868835490494456,-3.476343845759669,1.7940709196570577,BabyLM 350M — first layer,NA,NA
0.9183797955102652,1.8143614199467493,14.016616470519557,6.870264856271882,1.868835490494456,-3.476343845759669,1.7940709196570577,BabyLM 350M — first layer,NA,NA
1.0718970504975045,1.8143614199467493,13.999699457456488,6.870264856271882,1.868835490494456,-3.476343845759669,1.7940709196570577,BabyLM 350M — first layer,NA,NA
1.2254143054847435,1.8143614199467493,13.982782444393418,6.870264856271882,1.868835490494456,-3.476343845759669,1.7940709196570577,BabyLM 350M — first layer,NA,NA
1.378931560471983,1.8143614199467493,13.96586543133035,6.870264856271882,1.868835490494456,-3.476343845759669,1.7940709196570577,BabyLM 350M — first layer,NA,NA
1.5324488154592222,1.8143614199467493,13.948948418267282,6.870264856271882,1.868835490494456,-3.476343845759669,1.7940709196570577,BabyLM 350M — first layer,NA,NA
1.6859660704464614,1.8143614199467493,13.932031405204212,6.870264856271882,1.868835490494456,-3.476343845759669,1.7940709196570577,BabyLM 350M — first layer,NA,NA
1.839483325433701,1.8143614199467493,13.915114392141144,6.870264856271882,1.868835490494456,-3.476343845759669,1.7940709196570577,BabyLM 350M — first layer,NA,NA
1.9930005804209403,1.8143614199467493,13.898197379078074,6.870264856271882,1.868835490494456,-3.476343845759669,1.7940709196570577,BabyLM 350M — first layer,NA,NA
2.14651783540818,1.8143614199467493,13.881280366015003,6.870264856271882,1.868835490494456,-3.476343845759669,1.7940709196570577,BabyLM 350M — first layer,NA,NA
2.300035090395419,1.8143614199467493,13.864363352951935,6.870264856271882,1.868835490494456,-3.476343845759669,1.7940709196570577,BabyLM 350M — first layer,NA,NA
2.453552345382658,1.8143614199467493,13.847446339888869,6.870264856271882,1.868835490494456,-3.476343845759669,1.7940709196570577,BabyLM 350M — first layer,NA,NA
-1.9984480492472816,1.981945921979575,14.356398882475938,6.870264856271882,1.868835490494456,-3.476343845759669,1.7940709196570577,BabyLM 350M — first layer,NA,NA
-1.8449307942600424,1.981945921979575,14.338909294015702,6.870264856271882,1.868835490494456,-3.476343845759669,1.7940709196570577,BabyLM 350M — first layer,NA,NA
-1.6914135392728031,1.981945921979575,14.321419705555469,6.870264856271882,1.868835490494456,-3.476343845759669,1.7940709196570577,BabyLM 350M — first layer,NA,NA
-1.537896284285564,1.981945921979575,14.30393011709523,6.870264856271882,1.868835490494456,-3.476343845759669,1.7940709196570577,BabyLM 350M — first layer,NA,NA
-1.384379029298325,1.981945921979575,14.286440528634994,6.870264856271882,1.868835490494456,-3.476343845759669,1.7940709196570577,BabyLM 350M — first layer,NA,NA
-1.2308617743110852,1.981945921979575,14.26895094017476,6.870264856271882,1.868835490494456,-3.476343845759669,1.7940709196570577,BabyLM 350M — first layer,NA,NA
-1.077344519323846,1.981945921979575,14.251461351714523,6.870264856271882,1.868835490494456,-3.476343845759669,1.7940709196570577,BabyLM 350M — first layer,NA,NA
-0.9238272643366066,1.981945921979575,14.233971763254289,6.870264856271882,1.868835490494456,-3.476343845759669,1.7940709196570577,BabyLM 350M — first layer,NA,NA
-0.7703100093493673,1.981945921979575,14.216482174794052,6.870264856271882,1.868835490494456,-3.476343845759669,1.7940709196570577,BabyLM 350M — first layer,NA,NA
-0.6167927543621281,1.981945921979575,14.198992586333816,6.870264856271882,1.868835490494456,-3.476343845759669,1.7940709196570577,BabyLM 350M — first layer,NA,NA
-0.46327549937488866,1.981945921979575,14.18150299787358,6.870264856271882,1.868835490494456,-3.476343845759669,1.7940709196570577,BabyLM 350M — first layer,NA,NA
-0.30975824438764943,1.981945921979575,14.164013409413345,6.870264856271882,1.868835490494456,-3.476343845759669,1.7940709196570577,BabyLM 350M — first layer,NA,NA
-0.1562409894004102,1.981945921979575,14.14652382095311,6.870264856271882,1.868835490494456,-3.476343845759669,1.7940709196570577,BabyLM 350M — first layer,NA,NA
-0.00272373441317075,1.981945921979575,14.129034232492874,6.870264856271882,1.868835490494456,-3.476343845759669,1.7940709196570577,BabyLM 350M — first layer,NA,NA
0.1507935205740687,1.981945921979575,14.111544644032636,6.870264856271882,1.868835490494456,-3.476343845759669,1.7940709196570577,BabyLM 350M — first layer,NA,NA
0.3043107755613079,1.981945921979575,14.094055055572404,6.870264856271882,1.868835490494456,-3.476343845759669,1.7940709196570577,BabyLM 350M — first layer,NA,NA
0.4578280305485471,1.981945921979575,14.076565467112166,6.870264856271882,1.868835490494456,-3.476343845759669,1.7940709196570577,BabyLM 350M — first layer,NA,NA
0.6113452855357864,1.981945921979575,14.059075878651932,6.870264856271882,1.868835490494456,-3.476343845759669,1.7940709196570577,BabyLM 350M — first layer,NA,NA
0.7648625405230256,1.981945921979575,14.041586290191695,6.870264856271882,1.868835490494456,-3.476343845759669,1.7940709196570577,BabyLM 350M — first layer,NA,NA
0.9183797955102652,1.981945921979575,14.02409670173146,6.870264856271882,1.868835490494456,-3.476343845759669,1.7940709196570577,BabyLM 350M — first layer,NA,NA
1.0718970504975045,1.981945921979575,14.006607113271224,6.870264856271882,1.868835490494456,-3.476343845759669,1.7940709196570577,BabyLM 350M — first layer,NA,NA
1.2254143054847435,1.981945921979575,13.989117524810988,6.870264856271882,1.868835490494456,-3.476343845759669,1.7940709196570577,BabyLM 350M — first layer,NA,NA
1.378931560471983,1.981945921979575,13.971627936350751,6.870264856271882,1.868835490494456,-3.476343845759669,1.7940709196570577,BabyLM 350M — first layer,NA,NA
1.5324488154592222,1.981945921979575,13.954138347890517,6.870264856271882,1.868835490494456,-3.476343845759669,1.7940709196570577,BabyLM 350M — first layer,NA,NA
1.6859660704464614,1.981945921979575,13.936648759430282,6.870264856271882,1.868835490494456,-3.476343845759669,1.7940709196570577,BabyLM 350M — first layer,NA,NA
1.839483325433701,1.981945921979575,13.919159170970046,6.870264856271882,1.868835490494456,-3.476343845759669,1.7940709196570577,BabyLM 350M — first layer,NA,NA
1.9930005804209403,1.981945921979575,13.90166958250981,6.870264856271882,1.868835490494456,-3.476343845759669,1.7940709196570577,BabyLM 350M — first layer,NA,NA
2.14651783540818,1.981945921979575,13.884179994049576,6.870264856271882,1.868835490494456,-3.476343845759669,1.7940709196570577,BabyLM 350M — first layer,NA,NA
2.300035090395419,1.981945921979575,13.866690405589338,6.870264856271882,1.868835490494456,-3.476343845759669,1.7940709196570577,BabyLM 350M — first layer,NA,NA
2.453552345382658,1.981945921979575,13.849200817129104,6.870264856271882,1.868835490494456,-3.476343845759669,1.7940709196570577,BabyLM 350M — first layer,NA,NA
-1.9984480492472816,2.1495304240124016,14.374758046234009,6.870264856271882,1.868835490494456,-3.476343845759669,1.7940709196570577,BabyLM 350M — first layer,NA,NA
-1.8449307942600424,2.1495304240124016,14.356695882376606,6.870264856271882,1.868835490494456,-3.476343845759669,1.7940709196570577,BabyLM 350M — first layer,NA,NA
-1.6914135392728031,2.1495304240124016,14.338633718519205,6.870264856271882,1.868835490494456,-3.476343845759669,1.7940709196570577,BabyLM 350M — first layer,NA,NA
-1.537896284285564,2.1495304240124016,14.3205715546618,6.870264856271882,1.868835490494456,-3.476343845759669,1.7940709196570577,BabyLM 350M — first layer,NA,NA
-1.384379029298325,2.1495304240124016,14.3025093908044,6.870264856271882,1.868835490494456,-3.476343845759669,1.7940709196570577,BabyLM 350M — first layer,NA,NA
-1.2308617743110852,2.1495304240124016,14.284447226946996,6.870264856271882,1.868835490494456,-3.476343845759669,1.7940709196570577,BabyLM 350M — first layer,NA,NA
-1.077344519323846,2.1495304240124016,14.266385063089594,6.870264856271882,1.868835490494456,-3.476343845759669,1.7940709196570577,BabyLM 350M — first layer,NA,NA
-0.9238272643366066,2.1495304240124016,14.24832289923219,6.870264856271882,1.868835490494456,-3.476343845759669,1.7940709196570577,BabyLM 350M — first layer,NA,NA
-0.7703100093493673,2.1495304240124016,14.230260735374788,6.870264856271882,1.868835490494456,-3.476343845759669,1.7940709196570577,BabyLM 350M — first layer,NA,NA
-0.6167927543621281,2.1495304240124016,14.212198571517389,6.870264856271882,1.868835490494456,-3.476343845759669,1.7940709196570577,BabyLM 350M — first layer,NA,NA
-0.46327549937488866,2.1495304240124016,14.194136407659984,6.870264856271882,1.868835490494456,-3.476343845759669,1.7940709196570577,BabyLM 350M — first layer,NA,NA
-0.30975824438764943,2.1495304240124016,14.176074243802582,6.870264856271882,1.868835490494456,-3.476343845759669,1.7940709196570577,BabyLM 350M — first layer,NA,NA
-0.1562409894004102,2.1495304240124016,14.15801207994518,6.870264856271882,1.868835490494456,-3.476343845759669,1.7940709196570577,BabyLM 350M — first layer,NA,NA
-0.00272373441317075,2.1495304240124016,14.139949916087778,6.870264856271882,1.868835490494456,-3.476343845759669,1.7940709196570577,BabyLM 350M — first layer,NA,NA
0.1507935205740687,2.1495304240124016,14.121887752230377,6.870264856271882,1.868835490494456,-3.476343845759669,1.7940709196570577,BabyLM 350M — first layer,NA,NA
0.3043107755613079,2.1495304240124016,14.103825588372972,6.870264856271882,1.868835490494456,-3.476343845759669,1.7940709196570577,BabyLM 350M — first layer,NA,NA
0.4578280305485471,2.1495304240124016,14.08576342451557,6.870264856271882,1.868835490494456,-3.476343845759669,1.7940709196570577,BabyLM 350M — first layer,NA,NA
0.6113452855357864,2.1495304240124016,14.067701260658168,6.870264856271882,1.868835490494456,-3.476343845759669,1.7940709196570577,BabyLM 350M — first layer,NA,NA
0.7648625405230256,2.1495304240124016,14.049639096800766,6.870264856271882,1.868835490494456,-3.476343845759669,1.7940709196570577,BabyLM 350M — first layer,NA,NA
0.9183797955102652,2.1495304240124016,14.031576932943365,6.870264856271882,1.868835490494456,-3.476343845759669,1.7940709196570577,BabyLM 350M — first layer,NA,NA
1.0718970504975045,2.1495304240124016,14.01351476908596,6.870264856271882,1.868835490494456,-3.476343845759669,1.7940709196570577,BabyLM 350M — first layer,NA,NA
1.2254143054847435,2.1495304240124016,13.995452605228555,6.870264856271882,1.868835490494456,-3.476343845759669,1.7940709196570577,BabyLM 350M — first layer,NA,NA
1.378931560471983,2.1495304240124016,13.977390441371156,6.870264856271882,1.868835490494456,-3.476343845759669,1.7940709196570577,BabyLM 350M — first layer,NA,NA
1.5324488154592222,2.1495304240124016,13.959328277513752,6.870264856271882,1.868835490494456,-3.476343845759669,1.7940709196570577,BabyLM 350M — first layer,NA,NA
1.6859660704464614,2.1495304240124016,13.94126611365635,6.870264856271882,1.868835490494456,-3.476343845759669,1.7940709196570577,BabyLM 350M — first layer,NA,NA
1.839483325433701,2.1495304240124016,13.923203949798948,6.870264856271882,1.868835490494456,-3.476343845759669,1.7940709196570577,BabyLM 350M — first layer,NA,NA
1.9930005804209403,2.1495304240124016,13.905141785941543,6.870264856271882,1.868835490494456,-3.476343845759669,1.7940709196570577,BabyLM 350M — first layer,NA,NA
2.14651783540818,2.1495304240124016,13.887079622084144,6.870264856271882,1.868835490494456,-3.476343845759669,1.7940709196570577,BabyLM 350M — first layer,NA,NA
2.300035090395419,2.1495304240124016,13.86901745822674,6.870264856271882,1.868835490494456,-3.476343845759669,1.7940709196570577,BabyLM 350M — first layer,NA,NA
2.453552345382658,2.1495304240124016,13.85095529436934,6.870264856271882,1.868835490494456,-3.476343845759669,1.7940709196570577,BabyLM 350M — first layer,NA,NA
-1.9984480492472816,2.3171149260452277,14.39311720999208,6.870264856271882,1.868835490494456,-3.476343845759669,1.7940709196570577,BabyLM 350M — first layer,NA,NA
-1.8449307942600424,2.3171149260452277,14.37448247073751,6.870264856271882,1.868835490494456,-3.476343845759669,1.7940709196570577,BabyLM 350M — first layer,NA,NA
-1.6914135392728031,2.3171149260452277,14.35584773148294,6.870264856271882,1.868835490494456,-3.476343845759669,1.7940709196570577,BabyLM 350M — first layer,NA,NA
-1.537896284285564,2.3171149260452277,14.337212992228372,6.870264856271882,1.868835490494456,-3.476343845759669,1.7940709196570577,BabyLM 350M — first layer,NA,NA
-1.384379029298325,2.3171149260452277,14.318578252973802,6.870264856271882,1.868835490494456,-3.476343845759669,1.7940709196570577,BabyLM 350M — first layer,NA,NA
-1.2308617743110852,2.3171149260452277,14.299943513719231,6.870264856271882,1.868835490494456,-3.476343845759669,1.7940709196570577,BabyLM 350M — first layer,NA,NA
-1.077344519323846,2.3171149260452277,14.281308774464664,6.870264856271882,1.868835490494456,-3.476343845759669,1.7940709196570577,BabyLM 350M — first layer,NA,NA
-0.9238272643366066,2.3171149260452277,14.262674035210097,6.870264856271882,1.868835490494456,-3.476343845759669,1.7940709196570577,BabyLM 350M — first layer,NA,NA
-0.7703100093493673,2.3171149260452277,14.244039295955526,6.870264856271882,1.868835490494456,-3.476343845759669,1.7940709196570577,BabyLM 350M — first layer,NA,NA
-0.6167927543621281,2.3171149260452277,14.225404556700957,6.870264856271882,1.868835490494456,-3.476343845759669,1.7940709196570577,BabyLM 350M — first layer,NA,NA
-0.46327549937488866,2.3171149260452277,14.206769817446387,6.870264856271882,1.868835490494456,-3.476343845759669,1.7940709196570577,BabyLM 350M — first layer,NA,NA
-0.30975824438764943,2.3171149260452277,14.188135078191818,6.870264856271882,1.868835490494456,-3.476343845759669,1.7940709196570577,BabyLM 350M — first layer,NA,NA
-0.1562409894004102,2.3171149260452277,14.16950033893725,6.870264856271882,1.868835490494456,-3.476343845759669,1.7940709196570577,BabyLM 350M — first layer,NA,NA
-0.00272373441317075,2.3171149260452277,14.15086559968268,6.870264856271882,1.868835490494456,-3.476343845759669,1.7940709196570577,BabyLM 350M — first layer,NA,NA
0.1507935205740687,2.3171149260452277,14.13223086042811,6.870264856271882,1.868835490494456,-3.476343845759669,1.7940709196570577,BabyLM 350M — first layer,NA,NA
0.3043107755613079,2.3171149260452277,14.113596121173542,6.870264856271882,1.868835490494456,-3.476343845759669,1.7940709196570577,BabyLM 350M — first layer,NA,NA
0.4578280305485471,2.3171149260452277,14.094961381918973,6.870264856271882,1.868835490494456,-3.476343845759669,1.7940709196570577,BabyLM 350M — first layer,NA,NA
0.6113452855357864,2.3171149260452277,14.076326642664403,6.870264856271882,1.868835490494456,-3.476343845759669,1.7940709196570577,BabyLM 350M — first layer,NA,NA
0.7648625405230256,2.3171149260452277,14.057691903409834,6.870264856271882,1.868835490494456,-3.476343845759669,1.7940709196570577,BabyLM 350M — first layer,NA,NA
0.9183797955102652,2.3171149260452277,14.039057164155263,6.870264856271882,1.868835490494456,-3.476343845759669,1.7940709196570577,BabyLM 350M — first layer,NA,NA
1.0718970504975045,2.3171149260452277,14.020422424900696,6.870264856271882,1.868835490494456,-3.476343845759669,1.7940709196570577,BabyLM 350M — first layer,NA,NA
1.2254143054847435,2.3171149260452277,14.001787685646129,6.870264856271882,1.868835490494456,-3.476343845759669,1.7940709196570577,BabyLM 350M — first layer,NA,NA
1.378931560471983,2.3171149260452277,13.983152946391558,6.870264856271882,1.868835490494456,-3.476343845759669,1.7940709196570577,BabyLM 350M — first layer,NA,NA
1.5324488154592222,2.3171149260452277,13.964518207136988,6.870264856271882,1.868835490494456,-3.476343845759669,1.7940709196570577,BabyLM 350M — first layer,NA,NA
1.6859660704464614,2.3171149260452277,13.94588346788242,6.870264856271882,1.868835490494456,-3.476343845759669,1.7940709196570577,BabyLM 350M — first layer,NA,NA
1.839483325433701,2.3171149260452277,13.92724872862785,6.870264856271882,1.868835490494456,-3.476343845759669,1.7940709196570577,BabyLM 350M — first layer,NA,NA
1.9930005804209403,2.3171149260452277,13.90861398937328,6.870264856271882,1.868835490494456,-3.476343845759669,1.7940709196570577,BabyLM 350M — first layer,NA,NA
2.14651783540818,2.3171149260452277,13.889979250118712,6.870264856271882,1.868835490494456,-3.476343845759669,1.7940709196570577,BabyLM 350M — first layer,NA,NA
2.300035090395419,2.3171149260452277,13.871344510864144,6.870264856271882,1.868835490494456,-3.476343845759669,1.7940709196570577,BabyLM 350M — first layer,NA,NA
2.453552345382658,2.3171149260452277,13.852709771609575,6.870264856271882,1.868835490494456,-3.476343845759669,1.7940709196570577,BabyLM 350M — first layer,NA,NA
-1.9984480492472816,-2.5428356329067325,16.046577633606738,6.870264856271882,1.868835490494456,-3.476343845759669,1.7940709196570577,BabyLM 1.3B — first layer,NA,NA
-1.8449307942600424,-2.5428356329067325,16.021807849883594,6.870264856271882,1.868835490494456,-3.476343845759669,1.7940709196570577,BabyLM 1.3B — first layer,NA,NA
-1.6914135392728031,-2.5428356329067325,15.997038066160448,6.870264856271882,1.868835490494456,-3.476343845759669,1.7940709196570577,BabyLM 1.3B — first layer,NA,NA
-1.537896284285564,-2.5428356329067325,15.972268282437302,6.870264856271882,1.868835490494456,-3.476343845759669,1.7940709196570577,BabyLM 1.3B — first layer,NA,NA
-1.384379029298325,-2.5428356329067325,15.947498498714156,6.870264856271882,1.868835490494456,-3.476343845759669,1.7940709196570577,BabyLM 1.3B — first layer,NA,NA
-1.2308617743110852,-2.5428356329067325,15.92272871499101,6.870264856271882,1.868835490494456,-3.476343845759669,1.7940709196570577,BabyLM 1.3B — first layer,NA,NA
-1.077344519323846,-2.5428356329067325,15.897958931267862,6.870264856271882,1.868835490494456,-3.476343845759669,1.7940709196570577,BabyLM 1.3B — first layer,NA,NA
-0.9238272643366066,-2.5428356329067325,15.873189147544716,6.870264856271882,1.868835490494456,-3.476343845759669,1.7940709196570577,BabyLM 1.3B — first layer,NA,NA
-0.7703100093493673,-2.5428356329067325,15.84841936382157,6.870264856271882,1.868835490494456,-3.476343845759669,1.7940709196570577,BabyLM 1.3B — first layer,NA,NA
-0.6167927543621281,-2.5428356329067325,15.823649580098424,6.870264856271882,1.868835490494456,-3.476343845759669,1.7940709196570577,BabyLM 1.3B — first layer,NA,NA
-0.46327549937488866,-2.5428356329067325,15.798879796375278,6.870264856271882,1.868835490494456,-3.476343845759669,1.7940709196570577,BabyLM 1.3B — first layer,NA,NA
-0.30975824438764943,-2.5428356329067325,15.774110012652132,6.870264856271882,1.868835490494456,-3.476343845759669,1.7940709196570577,BabyLM 1.3B — first layer,NA,NA
-0.1562409894004102,-2.5428356329067325,15.749340228928986,6.870264856271882,1.868835490494456,-3.476343845759669,1.7940709196570577,BabyLM 1.3B — first layer,NA,NA
-0.00272373441317075,-2.5428356329067325,15.72457044520584,6.870264856271882,1.868835490494456,-3.476343845759669,1.7940709196570577,BabyLM 1.3B — first layer,NA,NA
0.1507935205740687,-2.5428356329067325,15.699800661482694,6.870264856271882,1.868835490494456,-3.476343845759669,1.7940709196570577,BabyLM 1.3B — first layer,NA,NA
0.3043107755613079,-2.5428356329067325,15.675030877759548,6.870264856271882,1.868835490494456,-3.476343845759669,1.7940709196570577,BabyLM 1.3B — first layer,NA,NA
0.4578280305485471,-2.5428356329067325,15.650261094036402,6.870264856271882,1.868835490494456,-3.476343845759669,1.7940709196570577,BabyLM 1.3B — first layer,NA,NA
0.6113452855357864,-2.5428356329067325,15.625491310313256,6.870264856271882,1.868835490494456,-3.476343845759669,1.7940709196570577,BabyLM 1.3B — first layer,NA,NA
0.7648625405230256,-2.5428356329067325,15.60072152659011,6.870264856271882,1.868835490494456,-3.476343845759669,1.7940709196570577,BabyLM 1.3B — first layer,NA,NA
0.9183797955102652,-2.5428356329067325,15.575951742866964,6.870264856271882,1.868835490494456,-3.476343845759669,1.7940709196570577,BabyLM 1.3B — first layer,NA,NA
1.0718970504975045,-2.5428356329067325,15.551181959143818,6.870264856271882,1.868835490494456,-3.476343845759669,1.7940709196570577,BabyLM 1.3B — first layer,NA,NA
1.2254143054847435,-2.5428356329067325,15.526412175420672,6.870264856271882,1.868835490494456,-3.476343845759669,1.7940709196570577,BabyLM 1.3B — first layer,NA,NA
1.378931560471983,-2.5428356329067325,15.501642391697525,6.870264856271882,1.868835490494456,-3.476343845759669,1.7940709196570577,BabyLM 1.3B — first layer,NA,NA
1.5324488154592222,-2.5428356329067325,15.47687260797438,6.870264856271882,1.868835490494456,-3.476343845759669,1.7940709196570577,BabyLM 1.3B — first layer,NA,NA
1.6859660704464614,-2.5428356329067325,15.452102824251233,6.870264856271882,1.868835490494456,-3.476343845759669,1.7940709196570577,BabyLM 1.3B — first layer,NA,NA
1.839483325433701,-2.5428356329067325,15.427333040528088,6.870264856271882,1.868835490494456,-3.476343845759669,1.7940709196570577,BabyLM 1.3B — first layer,NA,NA
1.9930005804209403,-2.5428356329067325,15.40256325680494,6.870264856271882,1.868835490494456,-3.476343845759669,1.7940709196570577,BabyLM 1.3B — first layer,NA,NA
2.14651783540818,-2.5428356329067325,15.377793473081796,6.870264856271882,1.868835490494456,-3.476343845759669,1.7940709196570577,BabyLM 1.3B — first layer,NA,NA
2.300035090395419,-2.5428356329067325,15.353023689358649,6.870264856271882,1.868835490494456,-3.476343845759669,1.7940709196570577,BabyLM 1.3B — first layer,NA,NA
2.453552345382658,-2.5428356329067325,15.328253905635504,6.870264856271882,1.868835490494456,-3.476343845759669,1.7940709196570577,BabyLM 1.3B — first layer,NA,NA
-1.9984480492472816,-2.3752511308739064,16.06699399421659,6.870264856271882,1.868835490494456,-3.476343845759669,1.7940709196570577,BabyLM 1.3B — first layer,NA,NA
-1.8449307942600424,-2.3752511308739064,16.041519626580445,6.870264856271882,1.868835490494456,-3.476343845759669,1.7940709196570577,BabyLM 1.3B — first layer,NA,NA
-1.6914135392728031,-2.3752511308739064,16.016045258944306,6.870264856271882,1.868835490494456,-3.476343845759669,1.7940709196570577,BabyLM 1.3B — first layer,NA,NA
-1.537896284285564,-2.3752511308739064,15.990570891308163,6.870264856271882,1.868835490494456,-3.476343845759669,1.7940709196570577,BabyLM 1.3B — first layer,NA,NA
-1.384379029298325,-2.3752511308739064,15.96509652367202,6.870264856271882,1.868835490494456,-3.476343845759669,1.7940709196570577,BabyLM 1.3B — first layer,NA,NA
-1.2308617743110852,-2.3752511308739064,15.939622156035878,6.870264856271882,1.868835490494456,-3.476343845759669,1.7940709196570577,BabyLM 1.3B — first layer,NA,NA
-1.077344519323846,-2.3752511308739064,15.914147788399736,6.870264856271882,1.868835490494456,-3.476343845759669,1.7940709196570577,BabyLM 1.3B — first layer,NA,NA
-0.9238272643366066,-2.3752511308739064,15.888673420763594,6.870264856271882,1.868835490494456,-3.476343845759669,1.7940709196570577,BabyLM 1.3B — first layer,NA,NA
-0.7703100093493673,-2.3752511308739064,15.86319905312745,6.870264856271882,1.868835490494456,-3.476343845759669,1.7940709196570577,BabyLM 1.3B — first layer,NA,NA
-0.6167927543621281,-2.3752511308739064,15.83772468549131,6.870264856271882,1.868835490494456,-3.476343845759669,1.7940709196570577,BabyLM 1.3B — first layer,NA,NA
-0.46327549937488866,-2.3752511308739064,15.812250317855169,6.870264856271882,1.868835490494456,-3.476343845759669,1.7940709196570577,BabyLM 1.3B — first layer,NA,NA
-0.30975824438764943,-2.3752511308739064,15.786775950219024,6.870264856271882,1.868835490494456,-3.476343845759669,1.7940709196570577,BabyLM 1.3B — first layer,NA,NA
-0.1562409894004102,-2.3752511308739064,15.761301582582885,6.870264856271882,1.868835490494456,-3.476343845759669,1.7940709196570577,BabyLM 1.3B — first layer,NA,NA
-0.00272373441317075,-2.3752511308739064,15.73582721494674,6.870264856271882,1.868835490494456,-3.476343845759669,1.7940709196570577,BabyLM 1.3B — first layer,NA,NA
0.1507935205740687,-2.3752511308739064,15.710352847310595,6.870264856271882,1.868835490494456,-3.476343845759669,1.7940709196570577,BabyLM 1.3B — first layer,NA,NA
0.3043107755613079,-2.3752511308739064,15.684878479674456,6.870264856271882,1.868835490494456,-3.476343845759669,1.7940709196570577,BabyLM 1.3B — first layer,NA,NA
0.4578280305485471,-2.3752511308739064,15.659404112038311,6.870264856271882,1.868835490494456,-3.476343845759669,1.7940709196570577,BabyLM 1.3B — first layer,NA,NA
0.6113452855357864,-2.3752511308739064,15.63392974440217,6.870264856271882,1.868835490494456,-3.476343845759669,1.7940709196570577,BabyLM 1.3B — first layer,NA,NA
0.7648625405230256,-2.3752511308739064,15.60845537676603,6.870264856271882,1.868835490494456,-3.476343845759669,1.7940709196570577,BabyLM 1.3B — first layer,NA,NA
0.9183797955102652,-2.3752511308739064,15.582981009129886,6.870264856271882,1.868835490494456,-3.476343845759669,1.7940709196570577,BabyLM 1.3B — first layer,NA,NA
1.0718970504975045,-2.3752511308739064,15.557506641493744,6.870264856271882,1.868835490494456,-3.476343845759669,1.7940709196570577,BabyLM 1.3B — first layer,NA,NA
1.2254143054847435,-2.3752511308739064,15.532032273857602,6.870264856271882,1.868835490494456,-3.476343845759669,1.7940709196570577,BabyLM 1.3B — first layer,NA,NA
1.378931560471983,-2.3752511308739064,15.50655790622146,6.870264856271882,1.868835490494456,-3.476343845759669,1.7940709196570577,BabyLM 1.3B — first layer,NA,NA
1.5324488154592222,-2.3752511308739064,15.481083538585318,6.870264856271882,1.868835490494456,-3.476343845759669,1.7940709196570577,BabyLM 1.3B — first layer,NA,NA
1.6859660704464614,-2.3752511308739064,15.455609170949176,6.870264856271882,1.868835490494456,-3.476343845759669,1.7940709196570577,BabyLM 1.3B — first layer,NA,NA
1.839483325433701,-2.3752511308739064,15.430134803313033,6.870264856271882,1.868835490494456,-3.476343845759669,1.7940709196570577,BabyLM 1.3B — first layer,NA,NA
1.9930005804209403,-2.3752511308739064,15.404660435676892,6.870264856271882,1.868835490494456,-3.476343845759669,1.7940709196570577,BabyLM 1.3B — first layer,NA,NA
2.14651783540818,-2.3752511308739064,15.379186068040749,6.870264856271882,1.868835490494456,-3.476343845759669,1.7940709196570577,BabyLM 1.3B — first layer,NA,NA
2.300035090395419,-2.3752511308739064,15.353711700404606,6.870264856271882,1.868835490494456,-3.476343845759669,1.7940709196570577,BabyLM 1.3B — first layer,NA,NA
2.453552345382658,-2.3752511308739064,15.328237332768463,6.870264856271882,1.868835490494456,-3.476343845759669,1.7940709196570577,BabyLM 1.3B — first layer,NA,NA
-1.9984480492472816,-2.20766662884108,16.08741035482644,6.870264856271882,1.868835490494456,-3.476343845759669,1.7940709196570577,BabyLM 1.3B — first layer,NA,NA
-1.8449307942600424,-2.20766662884108,16.0612314032773,6.870264856271882,1.868835490494456,-3.476343845759669,1.7940709196570577,BabyLM 1.3B — first layer,NA,NA
-1.6914135392728031,-2.20766662884108,16.035052451728163,6.870264856271882,1.868835490494456,-3.476343845759669,1.7940709196570577,BabyLM 1.3B — first layer,NA,NA
-1.537896284285564,-2.20766662884108,16.008873500179025,6.870264856271882,1.868835490494456,-3.476343845759669,1.7940709196570577,BabyLM 1.3B — first layer,NA,NA
-1.384379029298325,-2.20766662884108,15.982694548629883,6.870264856271882,1.868835490494456,-3.476343845759669,1.7940709196570577,BabyLM 1.3B — first layer,NA,NA
-1.2308617743110852,-2.20766662884108,15.956515597080749,6.870264856271882,1.868835490494456,-3.476343845759669,1.7940709196570577,BabyLM 1.3B — first layer,NA,NA
-1.077344519323846,-2.20766662884108,15.930336645531607,6.870264856271882,1.868835490494456,-3.476343845759669,1.7940709196570577,BabyLM 1.3B — first layer,NA,NA
-0.9238272643366066,-2.20766662884108,15.904157693982471,6.870264856271882,1.868835490494456,-3.476343845759669,1.7940709196570577,BabyLM 1.3B — first layer,NA,NA
-0.7703100093493673,-2.20766662884108,15.877978742433331,6.870264856271882,1.868835490494456,-3.476343845759669,1.7940709196570577,BabyLM 1.3B — first layer,NA,NA
-0.6167927543621281,-2.20766662884108,15.851799790884192,6.870264856271882,1.868835490494456,-3.476343845759669,1.7940709196570577,BabyLM 1.3B — first layer,NA,NA
-0.46327549937488866,-2.20766662884108,15.825620839335055,6.870264856271882,1.868835490494456,-3.476343845759669,1.7940709196570577,BabyLM 1.3B — first layer,NA,NA
-0.30975824438764943,-2.20766662884108,15.799441887785918,6.870264856271882,1.868835490494456,-3.476343845759669,1.7940709196570577,BabyLM 1.3B — first layer,NA,NA
-0.1562409894004102,-2.20766662884108,15.773262936236778,6.870264856271882,1.868835490494456,-3.476343845759669,1.7940709196570577,BabyLM 1.3B — first layer,NA,NA
-0.00272373441317075,-2.20766662884108,15.74708398468764,6.870264856271882,1.868835490494456,-3.476343845759669,1.7940709196570577,BabyLM 1.3B — first layer,NA,NA
0.1507935205740687,-2.20766662884108,15.720905033138502,6.870264856271882,1.868835490494456,-3.476343845759669,1.7940709196570577,BabyLM 1.3B — first layer,NA,NA
0.3043107755613079,-2.20766662884108,15.694726081589364,6.870264856271882,1.868835490494456,-3.476343845759669,1.7940709196570577,BabyLM 1.3B — first layer,NA,NA
0.4578280305485471,-2.20766662884108,15.668547130040224,6.870264856271882,1.868835490494456,-3.476343845759669,1.7940709196570577,BabyLM 1.3B — first layer,NA,NA
0.6113452855357864,-2.20766662884108,15.642368178491086,6.870264856271882,1.868835490494456,-3.476343845759669,1.7940709196570577,BabyLM 1.3B — first layer,NA,NA
0.7648625405230256,-2.20766662884108,15.616189226941948,6.870264856271882,1.868835490494456,-3.476343845759669,1.7940709196570577,BabyLM 1.3B — first layer,NA,NA
0.9183797955102652,-2.20766662884108,15.59001027539281,6.870264856271882,1.868835490494456,-3.476343845759669,1.7940709196570577,BabyLM 1.3B — first layer,NA,NA
1.0718970504975045,-2.20766662884108,15.56383132384367,6.870264856271882,1.868835490494456,-3.476343845759669,1.7940709196570577,BabyLM 1.3B — first layer,NA,NA
1.2254143054847435,-2.20766662884108,15.537652372294533,6.870264856271882,1.868835490494456,-3.476343845759669,1.7940709196570577,BabyLM 1.3B — first layer,NA,NA
1.378931560471983,-2.20766662884108,15.511473420745396,6.870264856271882,1.868835490494456,-3.476343845759669,1.7940709196570577,BabyLM 1.3B — first layer,NA,NA
1.5324488154592222,-2.20766662884108,15.485294469196257,6.870264856271882,1.868835490494456,-3.476343845759669,1.7940709196570577,BabyLM 1.3B — first layer,NA,NA
1.6859660704464614,-2.20766662884108,15.45911551764712,6.870264856271882,1.868835490494456,-3.476343845759669,1.7940709196570577,BabyLM 1.3B — first layer,NA,NA
1.839483325433701,-2.20766662884108,15.43293656609798,6.870264856271882,1.868835490494456,-3.476343845759669,1.7940709196570577,BabyLM 1.3B — first layer,NA,NA
1.9930005804209403,-2.20766662884108,15.40675761454884,6.870264856271882,1.868835490494456,-3.476343845759669,1.7940709196570577,BabyLM 1.3B — first layer,NA,NA
2.14651783540818,-2.20766662884108,15.380578662999705,6.870264856271882,1.868835490494456,-3.476343845759669,1.7940709196570577,BabyLM 1.3B — first layer,NA,NA
2.300035090395419,-2.20766662884108,15.354399711450563,6.870264856271882,1.868835490494456,-3.476343845759669,1.7940709196570577,BabyLM 1.3B — first layer,NA,NA
2.453552345382658,-2.20766662884108,15.328220759901424,6.870264856271882,1.868835490494456,-3.476343845759669,1.7940709196570577,BabyLM 1.3B — first layer,NA,NA
-1.9984480492472816,-2.0400821268082536,16.10782671543629,6.870264856271882,1.868835490494456,-3.476343845759669,1.7940709196570577,BabyLM 1.3B — first layer,NA,NA
-1.8449307942600424,-2.0400821268082536,16.080943179974156,6.870264856271882,1.868835490494456,-3.476343845759669,1.7940709196570577,BabyLM 1.3B — first layer,NA,NA
-1.6914135392728031,-2.0400821268082536,16.05405964451202,6.870264856271882,1.868835490494456,-3.476343845759669,1.7940709196570577,BabyLM 1.3B — first layer,NA,NA
-1.537896284285564,-2.0400821268082536,16.027176109049886,6.870264856271882,1.868835490494456,-3.476343845759669,1.7940709196570577,BabyLM 1.3B — first layer,NA,NA
-1.384379029298325,-2.0400821268082536,16.00029257358775,6.870264856271882,1.868835490494456,-3.476343845759669,1.7940709196570577,BabyLM 1.3B — first layer,NA,NA
-1.2308617743110852,-2.0400821268082536,15.973409038125617,6.870264856271882,1.868835490494456,-3.476343845759669,1.7940709196570577,BabyLM 1.3B — first layer,NA,NA
-1.077344519323846,-2.0400821268082536,15.946525502663482,6.870264856271882,1.868835490494456,-3.476343845759669,1.7940709196570577,BabyLM 1.3B — first layer,NA,NA
-0.9238272643366066,-2.0400821268082536,15.919641967201349,6.870264856271882,1.868835490494456,-3.476343845759669,1.7940709196570577,BabyLM 1.3B — first layer,NA,NA
-0.7703100093493673,-2.0400821268082536,15.892758431739212,6.870264856271882,1.868835490494456,-3.476343845759669,1.7940709196570577,BabyLM 1.3B — first layer,NA,NA
-0.6167927543621281,-2.0400821268082536,15.86587489627708,6.870264856271882,1.868835490494456,-3.476343845759669,1.7940709196570577,BabyLM 1.3B — first layer,NA,NA
-0.46327549937488866,-2.0400821268082536,15.838991360814944,6.870264856271882,1.868835490494456,-3.476343845759669,1.7940709196570577,BabyLM 1.3B — first layer,NA,NA
-0.30975824438764943,-2.0400821268082536,15.81210782535281,6.870264856271882,1.868835490494456,-3.476343845759669,1.7940709196570577,BabyLM 1.3B — first layer,NA,NA
-0.1562409894004102,-2.0400821268082536,15.785224289890674,6.870264856271882,1.868835490494456,-3.476343845759669,1.7940709196570577,BabyLM 1.3B — first layer,NA,NA
-0.00272373441317075,-2.0400821268082536,15.75834075442854,6.870264856271882,1.868835490494456,-3.476343845759669,1.7940709196570577,BabyLM 1.3B — first layer,NA,NA
0.1507935205740687,-2.0400821268082536,15.731457218966405,6.870264856271882,1.868835490494456,-3.476343845759669,1.7940709196570577,BabyLM 1.3B — first layer,NA,NA
0.3043107755613079,-2.0400821268082536,15.704573683504272,6.870264856271882,1.868835490494456,-3.476343845759669,1.7940709196570577,BabyLM 1.3B — first layer,NA,NA
0.4578280305485471,-2.0400821268082536,15.677690148042135,6.870264856271882,1.868835490494456,-3.476343845759669,1.7940709196570577,BabyLM 1.3B — first layer,NA,NA
0.6113452855357864,-2.0400821268082536,15.650806612580002,6.870264856271882,1.868835490494456,-3.476343845759669,1.7940709196570577,BabyLM 1.3B — first layer,NA,NA
0.7648625405230256,-2.0400821268082536,15.623923077117867,6.870264856271882,1.868835490494456,-3.476343845759669,1.7940709196570577,BabyLM 1.3B — first layer,NA,NA
0.9183797955102652,-2.0400821268082536,15.597039541655732,6.870264856271882,1.868835490494456,-3.476343845759669,1.7940709196570577,BabyLM 1.3B — first layer,NA,NA
1.0718970504975045,-2.0400821268082536,15.570156006193598,6.870264856271882,1.868835490494456,-3.476343845759669,1.7940709196570577,BabyLM 1.3B — first layer,NA,NA
1.2254143054847435,-2.0400821268082536,15.543272470731464,6.870264856271882,1.868835490494456,-3.476343845759669,1.7940709196570577,BabyLM 1.3B — first layer,NA,NA
1.378931560471983,-2.0400821268082536,15.51638893526933,6.870264856271882,1.868835490494456,-3.476343845759669,1.7940709196570577,BabyLM 1.3B — first layer,NA,NA
1.5324488154592222,-2.0400821268082536,15.489505399807197,6.870264856271882,1.868835490494456,-3.476343845759669,1.7940709196570577,BabyLM 1.3B — first layer,NA,NA
1.6859660704464614,-2.0400821268082536,15.46262186434506,6.870264856271882,1.868835490494456,-3.476343845759669,1.7940709196570577,BabyLM 1.3B — first layer,NA,NA
1.839483325433701,-2.0400821268082536,15.435738328882923,6.870264856271882,1.868835490494456,-3.476343845759669,1.7940709196570577,BabyLM 1.3B — first layer,NA,NA
1.9930005804209403,-2.0400821268082536,15.40885479342079,6.870264856271882,1.868835490494456,-3.476343845759669,1.7940709196570577,BabyLM 1.3B — first layer,NA,NA
2.14651783540818,-2.0400821268082536,15.381971257958655,6.870264856271882,1.868835490494456,-3.476343845759669,1.7940709196570577,BabyLM 1.3B — first layer,NA,NA
2.300035090395419,-2.0400821268082536,15.355087722496522,6.870264856271882,1.868835490494456,-3.476343845759669,1.7940709196570577,BabyLM 1.3B — first layer,NA,NA
2.453552345382658,-2.0400821268082536,15.328204187034387,6.870264856271882,1.868835490494456,-3.476343845759669,1.7940709196570577,BabyLM 1.3B — first layer,NA,NA
-1.9984480492472816,-1.8724976247754277,16.12824307604614,6.870264856271882,1.868835490494456,-3.476343845759669,1.7940709196570577,BabyLM 1.3B — first layer,NA,NA
-1.8449307942600424,-1.8724976247754277,16.100654956671008,6.870264856271882,1.868835490494456,-3.476343845759669,1.7940709196570577,BabyLM 1.3B — first layer,NA,NA
-1.6914135392728031,-1.8724976247754277,16.073066837295876,6.870264856271882,1.868835490494456,-3.476343845759669,1.7940709196570577,BabyLM 1.3B — first layer,NA,NA
-1.537896284285564,-1.8724976247754277,16.045478717920748,6.870264856271882,1.868835490494456,-3.476343845759669,1.7940709196570577,BabyLM 1.3B — first layer,NA,NA
-1.384379029298325,-1.8724976247754277,16.017890598545616,6.870264856271882,1.868835490494456,-3.476343845759669,1.7940709196570577,BabyLM 1.3B — first layer,NA,NA
-1.2308617743110852,-1.8724976247754277,15.990302479170486,6.870264856271882,1.868835490494456,-3.476343845759669,1.7940709196570577,BabyLM 1.3B — first layer,NA,NA
-1.077344519323846,-1.8724976247754277,15.962714359795354,6.870264856271882,1.868835490494456,-3.476343845759669,1.7940709196570577,BabyLM 1.3B — first layer,NA,NA
-0.9238272643366066,-1.8724976247754277,15.935126240420225,6.870264856271882,1.868835490494456,-3.476343845759669,1.7940709196570577,BabyLM 1.3B — first layer,NA,NA
-0.7703100093493673,-1.8724976247754277,15.907538121045093,6.870264856271882,1.868835490494456,-3.476343845759669,1.7940709196570577,BabyLM 1.3B — first layer,NA,NA
-0.6167927543621281,-1.8724976247754277,15.879950001669965,6.870264856271882,1.868835490494456,-3.476343845759669,1.7940709196570577,BabyLM 1.3B — first layer,NA,NA
-0.46327549937488866,-1.8724976247754277,15.852361882294831,6.870264856271882,1.868835490494456,-3.476343845759669,1.7940709196570577,BabyLM 1.3B — first layer,NA,NA
-0.30975824438764943,-1.8724976247754277,15.8247737629197,6.870264856271882,1.868835490494456,-3.476343845759669,1.7940709196570577,BabyLM 1.3B — first layer,NA,NA
-0.1562409894004102,-1.8724976247754277,15.797185643544571,6.870264856271882,1.868835490494456,-3.476343845759669,1.7940709196570577,BabyLM 1.3B — first layer,NA,NA
-0.00272373441317075,-1.8724976247754277,15.76959752416944,6.870264856271882,1.868835490494456,-3.476343845759669,1.7940709196570577,BabyLM 1.3B — first layer,NA,NA
0.1507935205740687,-1.8724976247754277,15.74200940479431,6.870264856271882,1.868835490494456,-3.476343845759669,1.7940709196570577,BabyLM 1.3B — first layer,NA,NA
0.3043107755613079,-1.8724976247754277,15.714421285419178,6.870264856271882,1.868835490494456,-3.476343845759669,1.7940709196570577,BabyLM 1.3B — first layer,NA,NA
0.4578280305485471,-1.8724976247754277,15.686833166044048,6.870264856271882,1.868835490494456,-3.476343845759669,1.7940709196570577,BabyLM 1.3B — first layer,NA,NA
0.6113452855357864,-1.8724976247754277,15.659245046668918,6.870264856271882,1.868835490494456,-3.476343845759669,1.7940709196570577,BabyLM 1.3B — first layer,NA,NA
0.7648625405230256,-1.8724976247754277,15.631656927293786,6.870264856271882,1.868835490494456,-3.476343845759669,1.7940709196570577,BabyLM 1.3B — first layer,NA,NA
0.9183797955102652,-1.8724976247754277,15.604068807918656,6.870264856271882,1.868835490494456,-3.476343845759669,1.7940709196570577,BabyLM 1.3B — first layer,NA,NA
1.0718970504975045,-1.8724976247754277,15.576480688543525,6.870264856271882,1.868835490494456,-3.476343845759669,1.7940709196570577,BabyLM 1.3B — first layer,NA,NA
1.2254143054847435,-1.8724976247754277,15.548892569168396,6.870264856271882,1.868835490494456,-3.476343845759669,1.7940709196570577,BabyLM 1.3B — first layer,NA,NA
1.378931560471983,-1.8724976247754277,15.521304449793265,6.870264856271882,1.868835490494456,-3.476343845759669,1.7940709196570577,BabyLM 1.3B — first layer,NA,NA
1.5324488154592222,-1.8724976247754277,15.493716330418131,6.870264856271882,1.868835490494456,-3.476343845759669,1.7940709196570577,BabyLM 1.3B — first layer,NA,NA
1.6859660704464614,-1.8724976247754277,15.466128211043005,6.870264856271882,1.868835490494456,-3.476343845759669,1.7940709196570577,BabyLM 1.3B — first layer,NA,NA
1.839483325433701,-1.8724976247754277,15.438540091667871,6.870264856271882,1.868835490494456,-3.476343845759669,1.7940709196570577,BabyLM 1.3B — first layer,NA,NA
1.9930005804209403,-1.8724976247754277,15.41095197229274,6.870264856271882,1.868835490494456,-3.476343845759669,1.7940709196570577,BabyLM 1.3B — first layer,NA,NA
2.14651783540818,-1.8724976247754277,15.38336385291761,6.870264856271882,1.868835490494456,-3.476343845759669,1.7940709196570577,BabyLM 1.3B — first layer,NA,NA
2.300035090395419,-1.8724976247754277,15.35577573354248,6.870264856271882,1.868835490494456,-3.476343845759669,1.7940709196570577,BabyLM 1.3B — first layer,NA,NA
2.453552345382658,-1.8724976247754277,15.32818761416735,6.870264856271882,1.868835490494456,-3.476343845759669,1.7940709196570577,BabyLM 1.3B — first layer,NA,NA
-1.9984480492472816,-1.7049131227426015,16.14865943665599,6.870264856271882,1.868835490494456,-3.476343845759669,1.7940709196570577,BabyLM 1.3B — first layer,NA,NA
-1.8449307942600424,-1.7049131227426015,16.120366733367863,6.870264856271882,1.868835490494456,-3.476343845759669,1.7940709196570577,BabyLM 1.3B — first layer,NA,NA
-1.6914135392728031,-1.7049131227426015,16.092074030079736,6.870264856271882,1.868835490494456,-3.476343845759669,1.7940709196570577,BabyLM 1.3B — first layer,NA,NA
-1.537896284285564,-1.7049131227426015,16.06378132679161,6.870264856271882,1.868835490494456,-3.476343845759669,1.7940709196570577,BabyLM 1.3B — first layer,NA,NA
-1.384379029298325,-1.7049131227426015,16.035488623503483,6.870264856271882,1.868835490494456,-3.476343845759669,1.7940709196570577,BabyLM 1.3B — first layer,NA,NA
-1.2308617743110852,-1.7049131227426015,16.007195920215356,6.870264856271882,1.868835490494456,-3.476343845759669,1.7940709196570577,BabyLM 1.3B — first layer,NA,NA
-1.077344519323846,-1.7049131227426015,15.978903216927227,6.870264856271882,1.868835490494456,-3.476343845759669,1.7940709196570577,BabyLM 1.3B — first layer,NA,NA
-0.9238272643366066,-1.7049131227426015,15.9506105136391,6.870264856271882,1.868835490494456,-3.476343845759669,1.7940709196570577,BabyLM 1.3B — first layer,NA,NA
-0.7703100093493673,-1.7049131227426015,15.922317810350972,6.870264856271882,1.868835490494456,-3.476343845759669,1.7940709196570577,BabyLM 1.3B — first layer,NA,NA
-0.6167927543621281,-1.7049131227426015,15.894025107062848,6.870264856271882,1.868835490494456,-3.476343845759669,1.7940709196570577,BabyLM 1.3B — first layer,NA,NA
-0.46327549937488866,-1.7049131227426015,15.86573240377472,6.870264856271882,1.868835490494456,-3.476343845759669,1.7940709196570577,BabyLM 1.3B — first layer,NA,NA
-0.30975824438764943,-1.7049131227426015,15.837439700486591,6.870264856271882,1.868835490494456,-3.476343845759669,1.7940709196570577,BabyLM 1.3B — first layer,NA,NA
-0.1562409894004102,-1.7049131227426015,15.809146997198466,6.870264856271882,1.868835490494456,-3.476343845759669,1.7940709196570577,BabyLM 1.3B — first layer,NA,NA
-0.00272373441317075,-1.7049131227426015,15.78085429391034,6.870264856271882,1.868835490494456,-3.476343845759669,1.7940709196570577,BabyLM 1.3B — first layer,NA,NA
0.1507935205740687,-1.7049131227426015,15.752561590622213,6.870264856271882,1.868835490494456,-3.476343845759669,1.7940709196570577,BabyLM 1.3B — first layer,NA,NA
0.3043107755613079,-1.7049131227426015,15.724268887334086,6.870264856271882,1.868835490494456,-3.476343845759669,1.7940709196570577,BabyLM 1.3B — first layer,NA,NA
0.4578280305485471,-1.7049131227426015,15.69597618404596,6.870264856271882,1.868835490494456,-3.476343845759669,1.7940709196570577,BabyLM 1.3B — first layer,NA,NA
0.6113452855357864,-1.7049131227426015,15.667683480757832,6.870264856271882,1.868835490494456,-3.476343845759669,1.7940709196570577,BabyLM 1.3B — first layer,NA,NA
0.7648625405230256,-1.7049131227426015,15.639390777469703,6.870264856271882,1.868835490494456,-3.476343845759669,1.7940709196570577,BabyLM 1.3B — first layer,NA,NA
0.9183797955102652,-1.7049131227426015,15.611098074181578,6.870264856271882,1.868835490494456,-3.476343845759669,1.7940709196570577,BabyLM 1.3B — first layer,NA,NA
1.0718970504975045,-1.7049131227426015,15.582805370893452,6.870264856271882,1.868835490494456,-3.476343845759669,1.7940709196570577,BabyLM 1.3B — first layer,NA,NA
1.2254143054847435,-1.7049131227426015,15.554512667605325,6.870264856271882,1.868835490494456,-3.476343845759669,1.7940709196570577,BabyLM 1.3B — first layer,NA,NA
1.378931560471983,-1.7049131227426015,15.526219964317198,6.870264856271882,1.868835490494456,-3.476343845759669,1.7940709196570577,BabyLM 1.3B — first layer,NA,NA
1.5324488154592222,-1.7049131227426015,15.497927261029073,6.870264856271882,1.868835490494456,-3.476343845759669,1.7940709196570577,BabyLM 1.3B — first layer,NA,NA
1.6859660704464614,-1.7049131227426015,15.469634557740944,6.870264856271882,1.868835490494456,-3.476343845759669,1.7940709196570577,BabyLM 1.3B — first layer,NA,NA
1.839483325433701,-1.7049131227426015,15.441341854452816,6.870264856271882,1.868835490494456,-3.476343845759669,1.7940709196570577,BabyLM 1.3B — first layer,NA,NA
1.9930005804209403,-1.7049131227426015,15.41304915116469,6.870264856271882,1.868835490494456,-3.476343845759669,1.7940709196570577,BabyLM 1.3B — first layer,NA,NA
2.14651783540818,-1.7049131227426015,15.384756447876564,6.870264856271882,1.868835490494456,-3.476343845759669,1.7940709196570577,BabyLM 1.3B — first layer,NA,NA
2.300035090395419,-1.7049131227426015,15.356463744588437,6.870264856271882,1.868835490494456,-3.476343845759669,1.7940709196570577,BabyLM 1.3B — first layer,NA,NA
2.453552345382658,-1.7049131227426015,15.32817104130031,6.870264856271882,1.868835490494456,-3.476343845759669,1.7940709196570577,BabyLM 1.3B — first layer,NA,NA
-1.9984480492472816,-1.5373286207097752,16.16907579726584,6.870264856271882,1.868835490494456,-3.476343845759669,1.7940709196570577,BabyLM 1.3B — first layer,NA,NA
-1.8449307942600424,-1.5373286207097752,16.140078510064715,6.870264856271882,1.868835490494456,-3.476343845759669,1.7940709196570577,BabyLM 1.3B — first layer,NA,NA
-1.6914135392728031,-1.5373286207097752,16.111081222863593,6.870264856271882,1.868835490494456,-3.476343845759669,1.7940709196570577,BabyLM 1.3B — first layer,NA,NA
-1.537896284285564,-1.5373286207097752,16.08208393566247,6.870264856271882,1.868835490494456,-3.476343845759669,1.7940709196570577,BabyLM 1.3B — first layer,NA,NA
-1.384379029298325,-1.5373286207097752,16.053086648461345,6.870264856271882,1.868835490494456,-3.476343845759669,1.7940709196570577,BabyLM 1.3B — first layer,NA,NA
-1.2308617743110852,-1.5373286207097752,16.024089361260224,6.870264856271882,1.868835490494456,-3.476343845759669,1.7940709196570577,BabyLM 1.3B — first layer,NA,NA
-1.077344519323846,-1.5373286207097752,15.995092074059102,6.870264856271882,1.868835490494456,-3.476343845759669,1.7940709196570577,BabyLM 1.3B — first layer,NA,NA
-0.9238272643366066,-1.5373286207097752,15.966094786857978,6.870264856271882,1.868835490494456,-3.476343845759669,1.7940709196570577,BabyLM 1.3B — first layer,NA,NA
-0.7703100093493673,-1.5373286207097752,15.937097499656856,6.870264856271882,1.868835490494456,-3.476343845759669,1.7940709196570577,BabyLM 1.3B — first layer,NA,NA
-0.6167927543621281,-1.5373286207097752,15.908100212455732,6.870264856271882,1.868835490494456,-3.476343845759669,1.7940709196570577,BabyLM 1.3B — first layer,NA,NA
-0.46327549937488866,-1.5373286207097752,15.879102925254609,6.870264856271882,1.868835490494456,-3.476343845759669,1.7940709196570577,BabyLM 1.3B — first layer,NA,NA
-0.30975824438764943,-1.5373286207097752,15.850105638053488,6.870264856271882,1.868835490494456,-3.476343845759669,1.7940709196570577,BabyLM 1.3B — first layer,NA,NA
-0.1562409894004102,-1.5373286207097752,15.821108350852365,6.870264856271882,1.868835490494456,-3.476343845759669,1.7940709196570577,BabyLM 1.3B — first layer,NA,NA
-0.00272373441317075,-1.5373286207097752,15.79211106365124,6.870264856271882,1.868835490494456,-3.476343845759669,1.7940709196570577,BabyLM 1.3B — first layer,NA,NA
0.1507935205740687,-1.5373286207097752,15.763113776450115,6.870264856271882,1.868835490494456,-3.476343845759669,1.7940709196570577,BabyLM 1.3B — first layer,NA,NA
0.3043107755613079,-1.5373286207097752,15.734116489248994,6.870264856271882,1.868835490494456,-3.476343845759669,1.7940709196570577,BabyLM 1.3B — first layer,NA,NA
0.4578280305485471,-1.5373286207097752,15.705119202047872,6.870264856271882,1.868835490494456,-3.476343845759669,1.7940709196570577,BabyLM 1.3B — first layer,NA,NA
0.6113452855357864,-1.5373286207097752,15.676121914846748,6.870264856271882,1.868835490494456,-3.476343845759669,1.7940709196570577,BabyLM 1.3B — first layer,NA,NA
0.7648625405230256,-1.5373286207097752,15.647124627645626,6.870264856271882,1.868835490494456,-3.476343845759669,1.7940709196570577,BabyLM 1.3B — first layer,NA,NA
0.9183797955102652,-1.5373286207097752,15.618127340444502,6.870264856271882,1.868835490494456,-3.476343845759669,1.7940709196570577,BabyLM 1.3B — first layer,NA,NA
1.0718970504975045,-1.5373286207097752,15.58913005324338,6.870264856271882,1.868835490494456,-3.476343845759669,1.7940709196570577,BabyLM 1.3B — first layer,NA,NA
1.2254143054847435,-1.5373286207097752,15.560132766042257,6.870264856271882,1.868835490494456,-3.476343845759669,1.7940709196570577,BabyLM 1.3B — first layer,NA,NA
1.378931560471983,-1.5373286207097752,15.531135478841133,6.870264856271882,1.868835490494456,-3.476343845759669,1.7940709196570577,BabyLM 1.3B — first layer,NA,NA
1.5324488154592222,-1.5373286207097752,15.50213819164001,6.870264856271882,1.868835490494456,-3.476343845759669,1.7940709196570577,BabyLM 1.3B — first layer,NA,NA
1.6859660704464614,-1.5373286207097752,15.473140904438887,6.870264856271882,1.868835490494456,-3.476343845759669,1.7940709196570577,BabyLM 1.3B — first layer,NA,NA
1.839483325433701,-1.5373286207097752,15.444143617237764,6.870264856271882,1.868835490494456,-3.476343845759669,1.7940709196570577,BabyLM 1.3B — first layer,NA,NA
1.9930005804209403,-1.5373286207097752,15.415146330036642,6.870264856271882,1.868835490494456,-3.476343845759669,1.7940709196570577,BabyLM 1.3B — first layer,NA,NA
2.14651783540818,-1.5373286207097752,15.386149042835518,6.870264856271882,1.868835490494456,-3.476343845759669,1.7940709196570577,BabyLM 1.3B — first layer,NA,NA
2.300035090395419,-1.5373286207097752,15.357151755634394,6.870264856271882,1.868835490494456,-3.476343845759669,1.7940709196570577,BabyLM 1.3B — first layer,NA,NA
2.453552345382658,-1.5373286207097752,15.328154468433272,6.870264856271882,1.868835490494456,-3.476343845759669,1.7940709196570577,BabyLM 1.3B — first layer,NA,NA
-1.9984480492472816,-1.369744118676949,16.18949215787569,6.870264856271882,1.868835490494456,-3.476343845759669,1.7940709196570577,BabyLM 1.3B — first layer,NA,NA
-1.8449307942600424,-1.369744118676949,16.15979028676157,6.870264856271882,1.868835490494456,-3.476343845759669,1.7940709196570577,BabyLM 1.3B — first layer,NA,NA
-1.6914135392728031,-1.369744118676949,16.13008841564745,6.870264856271882,1.868835490494456,-3.476343845759669,1.7940709196570577,BabyLM 1.3B — first layer,NA,NA
-1.537896284285564,-1.369744118676949,16.100386544533333,6.870264856271882,1.868835490494456,-3.476343845759669,1.7940709196570577,BabyLM 1.3B — first layer,NA,NA
-1.384379029298325,-1.369744118676949,16.070684673419212,6.870264856271882,1.868835490494456,-3.476343845759669,1.7940709196570577,BabyLM 1.3B — first layer,NA,NA
-1.2308617743110852,-1.369744118676949,16.040982802305095,6.870264856271882,1.868835490494456,-3.476343845759669,1.7940709196570577,BabyLM 1.3B — first layer,NA,NA
-1.077344519323846,-1.369744118676949,16.011280931190974,6.870264856271882,1.868835490494456,-3.476343845759669,1.7940709196570577,BabyLM 1.3B — first layer,NA,NA
-0.9238272643366066,-1.369744118676949,15.981579060076855,6.870264856271882,1.868835490494456,-3.476343845759669,1.7940709196570577,BabyLM 1.3B — first layer,NA,NA
-0.7703100093493673,-1.369744118676949,15.951877188962737,6.870264856271882,1.868835490494456,-3.476343845759669,1.7940709196570577,BabyLM 1.3B — first layer,NA,NA
-0.6167927543621281,-1.369744118676949,15.922175317848616,6.870264856271882,1.868835490494456,-3.476343845759669,1.7940709196570577,BabyLM 1.3B — first layer,NA,NA
-0.46327549937488866,-1.369744118676949,15.892473446734495,6.870264856271882,1.868835490494456,-3.476343845759669,1.7940709196570577,BabyLM 1.3B — first layer,NA,NA
-0.30975824438764943,-1.369744118676949,15.862771575620378,6.870264856271882,1.868835490494456,-3.476343845759669,1.7940709196570577,BabyLM 1.3B — first layer,NA,NA
-0.1562409894004102,-1.369744118676949,15.83306970450626,6.870264856271882,1.868835490494456,-3.476343845759669,1.7940709196570577,BabyLM 1.3B — first layer,NA,NA
-0.00272373441317075,-1.369744118676949,15.80336783339214,6.870264856271882,1.868835490494456,-3.476343845759669,1.7940709196570577,BabyLM 1.3B — first layer,NA,NA
0.1507935205740687,-1.369744118676949,15.77366596227802,6.870264856271882,1.868835490494456,-3.476343845759669,1.7940709196570577,BabyLM 1.3B — first layer,NA,NA
0.3043107755613079,-1.369744118676949,15.7439640911639,6.870264856271882,1.868835490494456,-3.476343845759669,1.7940709196570577,BabyLM 1.3B — first layer,NA,NA
0.4578280305485471,-1.369744118676949,15.714262220049784,6.870264856271882,1.868835490494456,-3.476343845759669,1.7940709196570577,BabyLM 1.3B — first layer,NA,NA
0.6113452855357864,-1.369744118676949,15.684560348935664,6.870264856271882,1.868835490494456,-3.476343845759669,1.7940709196570577,BabyLM 1.3B — first layer,NA,NA
0.7648625405230256,-1.369744118676949,15.654858477821543,6.870264856271882,1.868835490494456,-3.476343845759669,1.7940709196570577,BabyLM 1.3B — first layer,NA,NA
0.9183797955102652,-1.369744118676949,15.625156606707424,6.870264856271882,1.868835490494456,-3.476343845759669,1.7940709196570577,BabyLM 1.3B — first layer,NA,NA
1.0718970504975045,-1.369744118676949,15.595454735593306,6.870264856271882,1.868835490494456,-3.476343845759669,1.7940709196570577,BabyLM 1.3B — first layer,NA,NA
1.2254143054847435,-1.369744118676949,15.565752864479188,6.870264856271882,1.868835490494456,-3.476343845759669,1.7940709196570577,BabyLM 1.3B — first layer,NA,NA
1.378931560471983,-1.369744118676949,15.536050993365068,6.870264856271882,1.868835490494456,-3.476343845759669,1.7940709196570577,BabyLM 1.3B — first layer,NA,NA
1.5324488154592222,-1.369744118676949,15.506349122250947,6.870264856271882,1.868835490494456,-3.476343845759669,1.7940709196570577,BabyLM 1.3B — first layer,NA,NA
1.6859660704464614,-1.369744118676949,15.476647251136828,6.870264856271882,1.868835490494456,-3.476343845759669,1.7940709196570577,BabyLM 1.3B — first layer,NA,NA
1.839483325433701,-1.369744118676949,15.44694538002271,6.870264856271882,1.868835490494456,-3.476343845759669,1.7940709196570577,BabyLM 1.3B — first layer,NA,NA
1.9930005804209403,-1.369744118676949,15.41724350890859,6.870264856271882,1.868835490494456,-3.476343845759669,1.7940709196570577,BabyLM 1.3B — first layer,NA,NA
2.14651783540818,-1.369744118676949,15.387541637794472,6.870264856271882,1.868835490494456,-3.476343845759669,1.7940709196570577,BabyLM 1.3B — first layer,NA,NA
2.300035090395419,-1.369744118676949,15.357839766680351,6.870264856271882,1.868835490494456,-3.476343845759669,1.7940709196570577,BabyLM 1.3B — first layer,NA,NA
2.453552345382658,-1.369744118676949,15.328137895566234,6.870264856271882,1.868835490494456,-3.476343845759669,1.7940709196570577,BabyLM 1.3B — first layer,NA,NA
-1.9984480492472816,-1.2021596166441229,16.209908518485538,6.870264856271882,1.868835490494456,-3.476343845759669,1.7940709196570577,BabyLM 1.3B — first layer,NA,NA
-1.8449307942600424,-1.2021596166441229,16.179502063458425,6.870264856271882,1.868835490494456,-3.476343845759669,1.7940709196570577,BabyLM 1.3B — first layer,NA,NA
-1.6914135392728031,-1.2021596166441229,16.14909560843131,6.870264856271882,1.868835490494456,-3.476343845759669,1.7940709196570577,BabyLM 1.3B — first layer,NA,NA
-1.537896284285564,-1.2021596166441229,16.118689153404194,6.870264856271882,1.868835490494456,-3.476343845759669,1.7940709196570577,BabyLM 1.3B — first layer,NA,NA
-1.384379029298325,-1.2021596166441229,16.08828269837708,6.870264856271882,1.868835490494456,-3.476343845759669,1.7940709196570577,BabyLM 1.3B — first layer,NA,NA
-1.2308617743110852,-1.2021596166441229,16.057876243349963,6.870264856271882,1.868835490494456,-3.476343845759669,1.7940709196570577,BabyLM 1.3B — first layer,NA,NA
-1.077344519323846,-1.2021596166441229,16.027469788322847,6.870264856271882,1.868835490494456,-3.476343845759669,1.7940709196570577,BabyLM 1.3B — first layer,NA,NA
-0.9238272643366066,-1.2021596166441229,15.997063333295731,6.870264856271882,1.868835490494456,-3.476343845759669,1.7940709196570577,BabyLM 1.3B — first layer,NA,NA
-0.7703100093493673,-1.2021596166441229,15.966656878268616,6.870264856271882,1.868835490494456,-3.476343845759669,1.7940709196570577,BabyLM 1.3B — first layer,NA,NA
-0.6167927543621281,-1.2021596166441229,15.936250423241502,6.870264856271882,1.868835490494456,-3.476343845759669,1.7940709196570577,BabyLM 1.3B — first layer,NA,NA
-0.46327549937488866,-1.2021596166441229,15.905843968214386,6.870264856271882,1.868835490494456,-3.476343845759669,1.7940709196570577,BabyLM 1.3B — first layer,NA,NA
-0.30975824438764943,-1.2021596166441229,15.87543751318727,6.870264856271882,1.868835490494456,-3.476343845759669,1.7940709196570577,BabyLM 1.3B — first layer,NA,NA
-0.1562409894004102,-1.2021596166441229,15.845031058160156,6.870264856271882,1.868835490494456,-3.476343845759669,1.7940709196570577,BabyLM 1.3B — first layer,NA,NA
-0.00272373441317075,-1.2021596166441229,15.81462460313304,6.870264856271882,1.868835490494456,-3.476343845759669,1.7940709196570577,BabyLM 1.3B — first layer,NA,NA
0.1507935205740687,-1.2021596166441229,15.784218148105923,6.870264856271882,1.868835490494456,-3.476343845759669,1.7940709196570577,BabyLM 1.3B — first layer,NA,NA
0.3043107755613079,-1.2021596166441229,15.75381169307881,6.870264856271882,1.868835490494456,-3.476343845759669,1.7940709196570577,BabyLM 1.3B — first layer,NA,NA
0.4578280305485471,-1.2021596166441229,15.723405238051694,6.870264856271882,1.868835490494456,-3.476343845759669,1.7940709196570577,BabyLM 1.3B — first layer,NA,NA
0.6113452855357864,-1.2021596166441229,15.69299878302458,6.870264856271882,1.868835490494456,-3.476343845759669,1.7940709196570577,BabyLM 1.3B — first layer,NA,NA
0.7648625405230256,-1.2021596166441229,15.662592327997464,6.870264856271882,1.868835490494456,-3.476343845759669,1.7940709196570577,BabyLM 1.3B — first layer,NA,NA
0.9183797955102652,-1.2021596166441229,15.632185872970348,6.870264856271882,1.868835490494456,-3.476343845759669,1.7940709196570577,BabyLM 1.3B — first layer,NA,NA
1.0718970504975045,-1.2021596166441229,15.601779417943233,6.870264856271882,1.868835490494456,-3.476343845759669,1.7940709196570577,BabyLM 1.3B — first layer,NA,NA
1.2254143054847435,-1.2021596166441229,15.571372962916117,6.870264856271882,1.868835490494456,-3.476343845759669,1.7940709196570577,BabyLM 1.3B — first layer,NA,NA
1.378931560471983,-1.2021596166441229,15.540966507889005,6.870264856271882,1.868835490494456,-3.476343845759669,1.7940709196570577,BabyLM 1.3B — first layer,NA,NA
1.5324488154592222,-1.2021596166441229,15.510560052861887,6.870264856271882,1.868835490494456,-3.476343845759669,1.7940709196570577,BabyLM 1.3B — first layer,NA,NA
1.6859660704464614,-1.2021596166441229,15.480153597834772,6.870264856271882,1.868835490494456,-3.476343845759669,1.7940709196570577,BabyLM 1.3B — first layer,NA,NA
1.839483325433701,-1.2021596166441229,15.449747142807656,6.870264856271882,1.868835490494456,-3.476343845759669,1.7940709196570577,BabyLM 1.3B — first layer,NA,NA
1.9930005804209403,-1.2021596166441229,15.41934068778054,6.870264856271882,1.868835490494456,-3.476343845759669,1.7940709196570577,BabyLM 1.3B — first layer,NA,NA
2.14651783540818,-1.2021596166441229,15.388934232753426,6.870264856271882,1.868835490494456,-3.476343845759669,1.7940709196570577,BabyLM 1.3B — first layer,NA,NA
2.300035090395419,-1.2021596166441229,15.35852777772631,6.870264856271882,1.868835490494456,-3.476343845759669,1.7940709196570577,BabyLM 1.3B — first layer,NA,NA
2.453552345382658,-1.2021596166441229,15.328121322699197,6.870264856271882,1.868835490494456,-3.476343845759669,1.7940709196570577,BabyLM 1.3B — first layer,NA,NA
-1.9984480492472816,-1.0345751146112967,16.230324879095388,6.870264856271882,1.868835490494456,-3.476343845759669,1.7940709196570577,BabyLM 1.3B — first layer,NA,NA
-1.8449307942600424,-1.0345751146112967,16.199213840155277,6.870264856271882,1.868835490494456,-3.476343845759669,1.7940709196570577,BabyLM 1.3B — first layer,NA,NA
-1.6914135392728031,-1.0345751146112967,16.168102801215166,6.870264856271882,1.868835490494456,-3.476343845759669,1.7940709196570577,BabyLM 1.3B — first layer,NA,NA
-1.537896284285564,-1.0345751146112967,16.136991762275056,6.870264856271882,1.868835490494456,-3.476343845759669,1.7940709196570577,BabyLM 1.3B — first layer,NA,NA
-1.384379029298325,-1.0345751146112967,16.105880723334945,6.870264856271882,1.868835490494456,-3.476343845759669,1.7940709196570577,BabyLM 1.3B — first layer,NA,NA
-1.2308617743110852,-1.0345751146112967,16.07476968439483,6.870264856271882,1.868835490494456,-3.476343845759669,1.7940709196570577,BabyLM 1.3B — first layer,NA,NA
-1.077344519323846,-1.0345751146112967,16.04365864545472,6.870264856271882,1.868835490494456,-3.476343845759669,1.7940709196570577,BabyLM 1.3B — first layer,NA,NA
-0.9238272643366066,-1.0345751146112967,16.01254760651461,6.870264856271882,1.868835490494456,-3.476343845759669,1.7940709196570577,BabyLM 1.3B — first layer,NA,NA
-0.7703100093493673,-1.0345751146112967,15.981436567574498,6.870264856271882,1.868835490494456,-3.476343845759669,1.7940709196570577,BabyLM 1.3B — first layer,NA,NA
-0.6167927543621281,-1.0345751146112967,15.950325528634384,6.870264856271882,1.868835490494456,-3.476343845759669,1.7940709196570577,BabyLM 1.3B — first layer,NA,NA
-0.46327549937488866,-1.0345751146112967,15.919214489694276,6.870264856271882,1.868835490494456,-3.476343845759669,1.7940709196570577,BabyLM 1.3B — first layer,NA,NA
-0.30975824438764943,-1.0345751146112967,15.888103450754164,6.870264856271882,1.868835490494456,-3.476343845759669,1.7940709196570577,BabyLM 1.3B — first layer,NA,NA
-0.1562409894004102,-1.0345751146112967,15.856992411814051,6.870264856271882,1.868835490494456,-3.476343845759669,1.7940709196570577,BabyLM 1.3B — first layer,NA,NA
-0.00272373441317075,-1.0345751146112967,15.82588137287394,6.870264856271882,1.868835490494456,-3.476343845759669,1.7940709196570577,BabyLM 1.3B — first layer,NA,NA
0.1507935205740687,-1.0345751146112967,15.794770333933828,6.870264856271882,1.868835490494456,-3.476343845759669,1.7940709196570577,BabyLM 1.3B — first layer,NA,NA
0.3043107755613079,-1.0345751146112967,15.763659294993715,6.870264856271882,1.868835490494456,-3.476343845759669,1.7940709196570577,BabyLM 1.3B — first layer,NA,NA
0.4578280305485471,-1.0345751146112967,15.732548256053606,6.870264856271882,1.868835490494456,-3.476343845759669,1.7940709196570577,BabyLM 1.3B — first layer,NA,NA
0.6113452855357864,-1.0345751146112967,15.701437217113494,6.870264856271882,1.868835490494456,-3.476343845759669,1.7940709196570577,BabyLM 1.3B — first layer,NA,NA
0.7648625405230256,-1.0345751146112967,15.670326178173385,6.870264856271882,1.868835490494456,-3.476343845759669,1.7940709196570577,BabyLM 1.3B — first layer,NA,NA
0.9183797955102652,-1.0345751146112967,15.639215139233272,6.870264856271882,1.868835490494456,-3.476343845759669,1.7940709196570577,BabyLM 1.3B — first layer,NA,NA
1.0718970504975045,-1.0345751146112967,15.60810410029316,6.870264856271882,1.868835490494456,-3.476343845759669,1.7940709196570577,BabyLM 1.3B — first layer,NA,NA
1.2254143054847435,-1.0345751146112967,15.576993061353049,6.870264856271882,1.868835490494456,-3.476343845759669,1.7940709196570577,BabyLM 1.3B — first layer,NA,NA
1.378931560471983,-1.0345751146112967,15.545882022412936,6.870264856271882,1.868835490494456,-3.476343845759669,1.7940709196570577,BabyLM 1.3B — first layer,NA,NA
1.5324488154592222,-1.0345751146112967,15.514770983472824,6.870264856271882,1.868835490494456,-3.476343845759669,1.7940709196570577,BabyLM 1.3B — first layer,NA,NA
1.6859660704464614,-1.0345751146112967,15.483659944532716,6.870264856271882,1.868835490494456,-3.476343845759669,1.7940709196570577,BabyLM 1.3B — first layer,NA,NA
1.839483325433701,-1.0345751146112967,15.452548905592602,6.870264856271882,1.868835490494456,-3.476343845759669,1.7940709196570577,BabyLM 1.3B — first layer,NA,NA
1.9930005804209403,-1.0345751146112967,15.421437866652491,6.870264856271882,1.868835490494456,-3.476343845759669,1.7940709196570577,BabyLM 1.3B — first layer,NA,NA
2.14651783540818,-1.0345751146112967,15.39032682771238,6.870264856271882,1.868835490494456,-3.476343845759669,1.7940709196570577,BabyLM 1.3B — first layer,NA,NA
2.300035090395419,-1.0345751146112967,15.359215788772268,6.870264856271882,1.868835490494456,-3.476343845759669,1.7940709196570577,BabyLM 1.3B — first layer,NA,NA
2.453552345382658,-1.0345751146112967,15.328104749832155,6.870264856271882,1.868835490494456,-3.476343845759669,1.7940709196570577,BabyLM 1.3B — first layer,NA,NA
-1.9984480492472816,-0.8669906125784705,16.25074123970524,6.870264856271882,1.868835490494456,-3.476343845759669,1.7940709196570577,BabyLM 1.3B — first layer,NA,NA
-1.8449307942600424,-0.8669906125784705,16.218925616852133,6.870264856271882,1.868835490494456,-3.476343845759669,1.7940709196570577,BabyLM 1.3B — first layer,NA,NA
-1.6914135392728031,-0.8669906125784705,16.187109993999023,6.870264856271882,1.868835490494456,-3.476343845759669,1.7940709196570577,BabyLM 1.3B — first layer,NA,NA
-1.537896284285564,-0.8669906125784705,16.155294371145917,6.870264856271882,1.868835490494456,-3.476343845759669,1.7940709196570577,BabyLM 1.3B — first layer,NA,NA
-1.384379029298325,-0.8669906125784705,16.123478748292808,6.870264856271882,1.868835490494456,-3.476343845759669,1.7940709196570577,BabyLM 1.3B — first layer,NA,NA
-1.2308617743110852,-0.8669906125784705,16.091663125439702,6.870264856271882,1.868835490494456,-3.476343845759669,1.7940709196570577,BabyLM 1.3B — first layer,NA,NA
-1.077344519323846,-0.8669906125784705,16.059847502586592,6.870264856271882,1.868835490494456,-3.476343845759669,1.7940709196570577,BabyLM 1.3B — first layer,NA,NA
-0.9238272643366066,-0.8669906125784705,16.028031879733486,6.870264856271882,1.868835490494456,-3.476343845759669,1.7940709196570577,BabyLM 1.3B — first layer,NA,NA
-0.7703100093493673,-0.8669906125784705,15.99621625688038,6.870264856271882,1.868835490494456,-3.476343845759669,1.7940709196570577,BabyLM 1.3B — first layer,NA,NA
-0.6167927543621281,-0.8669906125784705,15.964400634027273,6.870264856271882,1.868835490494456,-3.476343845759669,1.7940709196570577,BabyLM 1.3B — first layer,NA,NA
-0.46327549937488866,-0.8669906125784705,15.932585011174163,6.870264856271882,1.868835490494456,-3.476343845759669,1.7940709196570577,BabyLM 1.3B — first layer,NA,NA
-0.30975824438764943,-0.8669906125784705,15.900769388321056,6.870264856271882,1.868835490494456,-3.476343845759669,1.7940709196570577,BabyLM 1.3B — first layer,NA,NA
-0.1562409894004102,-0.8669906125784705,15.868953765467948,6.870264856271882,1.868835490494456,-3.476343845759669,1.7940709196570577,BabyLM 1.3B — first layer,NA,NA
-0.00272373441317075,-0.8669906125784705,15.83713814261484,6.870264856271882,1.868835490494456,-3.476343845759669,1.7940709196570577,BabyLM 1.3B — first layer,NA,NA
0.1507935205740687,-0.8669906125784705,15.805322519761733,6.870264856271882,1.868835490494456,-3.476343845759669,1.7940709196570577,BabyLM 1.3B — first layer,NA,NA
0.3043107755613079,-0.8669906125784705,15.773506896908623,6.870264856271882,1.868835490494456,-3.476343845759669,1.7940709196570577,BabyLM 1.3B — first layer,NA,NA
0.4578280305485471,-0.8669906125784705,15.741691274055515,6.870264856271882,1.868835490494456,-3.476343845759669,1.7940709196570577,BabyLM 1.3B — first layer,NA,NA
0.6113452855357864,-0.8669906125784705,15.70987565120241,6.870264856271882,1.868835490494456,-3.476343845759669,1.7940709196570577,BabyLM 1.3B — first layer,NA,NA
0.7648625405230256,-0.8669906125784705,15.678060028349302,6.870264856271882,1.868835490494456,-3.476343845759669,1.7940709196570577,BabyLM 1.3B — first layer,NA,NA
0.9183797955102652,-0.8669906125784705,15.646244405496194,6.870264856271882,1.868835490494456,-3.476343845759669,1.7940709196570577,BabyLM 1.3B — first layer,NA,NA
1.0718970504975045,-0.8669906125784705,15.614428782643088,6.870264856271882,1.868835490494456,-3.476343845759669,1.7940709196570577,BabyLM 1.3B — first layer,NA,NA
1.2254143054847435,-0.8669906125784705,15.58261315978998,6.870264856271882,1.868835490494456,-3.476343845759669,1.7940709196570577,BabyLM 1.3B — first layer,NA,NA
1.378931560471983,-0.8669906125784705,15.550797536936871,6.870264856271882,1.868835490494456,-3.476343845759669,1.7940709196570577,BabyLM 1.3B — first layer,NA,NA
1.5324488154592222,-0.8669906125784705,15.518981914083763,6.870264856271882,1.868835490494456,-3.476343845759669,1.7940709196570577,BabyLM 1.3B — first layer,NA,NA
1.6859660704464614,-0.8669906125784705,15.487166291230656,6.870264856271882,1.868835490494456,-3.476343845759669,1.7940709196570577,BabyLM 1.3B — first layer,NA,NA
1.839483325433701,-0.8669906125784705,15.455350668377548,6.870264856271882,1.868835490494456,-3.476343845759669,1.7940709196570577,BabyLM 1.3B — first layer,NA,NA
1.9930005804209403,-0.8669906125784705,15.42353504552444,6.870264856271882,1.868835490494456,-3.476343845759669,1.7940709196570577,BabyLM 1.3B — first layer,NA,NA
2.14651783540818,-0.8669906125784705,15.391719422671333,6.870264856271882,1.868835490494456,-3.476343845759669,1.7940709196570577,BabyLM 1.3B — first layer,NA,NA
2.300035090395419,-0.8669906125784705,15.359903799818223,6.870264856271882,1.868835490494456,-3.476343845759669,1.7940709196570577,BabyLM 1.3B — first layer,NA,NA
2.453552345382658,-0.8669906125784705,15.328088176965116,6.870264856271882,1.868835490494456,-3.476343845759669,1.7940709196570577,BabyLM 1.3B — first layer,NA,NA
-1.9984480492472816,-0.6994061105456442,16.27115760031509,6.870264856271882,1.868835490494456,-3.476343845759669,1.7940709196570577,BabyLM 1.3B — first layer,NA,NA
-1.8449307942600424,-0.6994061105456442,16.238637393548984,6.870264856271882,1.868835490494456,-3.476343845759669,1.7940709196570577,BabyLM 1.3B — first layer,NA,NA
-1.6914135392728031,-0.6994061105456442,16.206117186782883,6.870264856271882,1.868835490494456,-3.476343845759669,1.7940709196570577,BabyLM 1.3B — first layer,NA,NA
-1.537896284285564,-0.6994061105456442,16.17359698001678,6.870264856271882,1.868835490494456,-3.476343845759669,1.7940709196570577,BabyLM 1.3B — first layer,NA,NA
-1.384379029298325,-0.6994061105456442,16.141076773250674,6.870264856271882,1.868835490494456,-3.476343845759669,1.7940709196570577,BabyLM 1.3B — first layer,NA,NA
-1.2308617743110852,-0.6994061105456442,16.10855656648457,6.870264856271882,1.868835490494456,-3.476343845759669,1.7940709196570577,BabyLM 1.3B — first layer,NA,NA
-1.077344519323846,-0.6994061105456442,16.076036359718465,6.870264856271882,1.868835490494456,-3.476343845759669,1.7940709196570577,BabyLM 1.3B — first layer,NA,NA
-0.9238272643366066,-0.6994061105456442,16.043516152952364,6.870264856271882,1.868835490494456,-3.476343845759669,1.7940709196570577,BabyLM 1.3B — first layer,NA,NA
-0.7703100093493673,-0.6994061105456442,16.01099594618626,6.870264856271882,1.868835490494456,-3.476343845759669,1.7940709196570577,BabyLM 1.3B — first layer,NA,NA
-0.6167927543621281,-0.6994061105456442,15.978475739420157,6.870264856271882,1.868835490494456,-3.476343845759669,1.7940709196570577,BabyLM 1.3B — first layer,NA,NA
-0.46327549937488866,-0.6994061105456442,15.945955532654052,6.870264856271882,1.868835490494456,-3.476343845759669,1.7940709196570577,BabyLM 1.3B — first layer,NA,NA
-0.30975824438764943,-0.6994061105456442,15.913435325887948,6.870264856271882,1.868835490494456,-3.476343845759669,1.7940709196570577,BabyLM 1.3B — first layer,NA,NA
-0.1562409894004102,-0.6994061105456442,15.880915119121845,6.870264856271882,1.868835490494456,-3.476343845759669,1.7940709196570577,BabyLM 1.3B — first layer,NA,NA
-0.00272373441317075,-0.6994061105456442,15.84839491235574,6.870264856271882,1.868835490494456,-3.476343845759669,1.7940709196570577,BabyLM 1.3B — first layer,NA,NA
0.1507935205740687,-0.6994061105456442,15.815874705589636,6.870264856271882,1.868835490494456,-3.476343845759669,1.7940709196570577,BabyLM 1.3B — first layer,NA,NA
0.3043107755613079,-0.6994061105456442,15.783354498823533,6.870264856271882,1.868835490494456,-3.476343845759669,1.7940709196570577,BabyLM 1.3B — first layer,NA,NA
0.4578280305485471,-0.6994061105456442,15.750834292057428,6.870264856271882,1.868835490494456,-3.476343845759669,1.7940709196570577,BabyLM 1.3B — first layer,NA,NA
0.6113452855357864,-0.6994061105456442,15.718314085291324,6.870264856271882,1.868835490494456,-3.476343845759669,1.7940709196570577,BabyLM 1.3B — first layer,NA,NA
0.7648625405230256,-0.6994061105456442,15.68579387852522,6.870264856271882,1.868835490494456,-3.476343845759669,1.7940709196570577,BabyLM 1.3B — first layer,NA,NA
0.9183797955102652,-0.6994061105456442,15.653273671759118,6.870264856271882,1.868835490494456,-3.476343845759669,1.7940709196570577,BabyLM 1.3B — first layer,NA,NA
1.0718970504975045,-0.6994061105456442,15.620753464993014,6.870264856271882,1.868835490494456,-3.476343845759669,1.7940709196570577,BabyLM 1.3B — first layer,NA,NA
1.2254143054847435,-0.6994061105456442,15.58823325822691,6.870264856271882,1.868835490494456,-3.476343845759669,1.7940709196570577,BabyLM 1.3B — first layer,NA,NA
1.378931560471983,-0.6994061105456442,15.555713051460806,6.870264856271882,1.868835490494456,-3.476343845759669,1.7940709196570577,BabyLM 1.3B — first layer,NA,NA
1.5324488154592222,-0.6994061105456442,15.523192844694702,6.870264856271882,1.868835490494456,-3.476343845759669,1.7940709196570577,BabyLM 1.3B — first layer,NA,NA
1.6859660704464614,-0.6994061105456442,15.4906726379286,6.870264856271882,1.868835490494456,-3.476343845759669,1.7940709196570577,BabyLM 1.3B — first layer,NA,NA
1.839483325433701,-0.6994061105456442,15.458152431162494,6.870264856271882,1.868835490494456,-3.476343845759669,1.7940709196570577,BabyLM 1.3B — first layer,NA,NA
1.9930005804209403,-0.6994061105456442,15.425632224396391,6.870264856271882,1.868835490494456,-3.476343845759669,1.7940709196570577,BabyLM 1.3B — first layer,NA,NA
2.14651783540818,-0.6994061105456442,15.393112017630289,6.870264856271882,1.868835490494456,-3.476343845759669,1.7940709196570577,BabyLM 1.3B — first layer,NA,NA
2.300035090395419,-0.6994061105456442,15.360591810864184,6.870264856271882,1.868835490494456,-3.476343845759669,1.7940709196570577,BabyLM 1.3B — first layer,NA,NA
2.453552345382658,-0.6994061105456442,15.32807160409808,6.870264856271882,1.868835490494456,-3.476343845759669,1.7940709196570577,BabyLM 1.3B — first layer,NA,NA
-1.9984480492472816,-0.5318216085128178,16.29157396092494,6.870264856271882,1.868835490494456,-3.476343845759669,1.7940709196570577,BabyLM 1.3B — first layer,NA,NA
-1.8449307942600424,-0.5318216085128178,16.25834917024584,6.870264856271882,1.868835490494456,-3.476343845759669,1.7940709196570577,BabyLM 1.3B — first layer,NA,NA
-1.6914135392728031,-0.5318216085128178,16.22512437956674,6.870264856271882,1.868835490494456,-3.476343845759669,1.7940709196570577,BabyLM 1.3B — first layer,NA,NA
-1.537896284285564,-0.5318216085128178,16.19189958888764,6.870264856271882,1.868835490494456,-3.476343845759669,1.7940709196570577,BabyLM 1.3B — first layer,NA,NA
-1.384379029298325,-0.5318216085128178,16.15867479820854,6.870264856271882,1.868835490494456,-3.476343845759669,1.7940709196570577,BabyLM 1.3B — first layer,NA,NA
-1.2308617743110852,-0.5318216085128178,16.12545000752944,6.870264856271882,1.868835490494456,-3.476343845759669,1.7940709196570577,BabyLM 1.3B — first layer,NA,NA
-1.077344519323846,-0.5318216085128178,16.09222521685034,6.870264856271882,1.868835490494456,-3.476343845759669,1.7940709196570577,BabyLM 1.3B — first layer,NA,NA
-0.9238272643366066,-0.5318216085128178,16.059000426171238,6.870264856271882,1.868835490494456,-3.476343845759669,1.7940709196570577,BabyLM 1.3B — first layer,NA,NA
-0.7703100093493673,-0.5318216085128178,16.02577563549214,6.870264856271882,1.868835490494456,-3.476343845759669,1.7940709196570577,BabyLM 1.3B — first layer,NA,NA
-0.6167927543621281,-0.5318216085128178,15.99255084481304,6.870264856271882,1.868835490494456,-3.476343845759669,1.7940709196570577,BabyLM 1.3B — first layer,NA,NA
-0.46327549937488866,-0.5318216085128178,15.95932605413394,6.870264856271882,1.868835490494456,-3.476343845759669,1.7940709196570577,BabyLM 1.3B — first layer,NA,NA
-0.30975824438764943,-0.5318216085128178,15.92610126345484,6.870264856271882,1.868835490494456,-3.476343845759669,1.7940709196570577,BabyLM 1.3B — first layer,NA,NA
-0.1562409894004102,-0.5318216085128178,15.89287647277574,6.870264856271882,1.868835490494456,-3.476343845759669,1.7940709196570577,BabyLM 1.3B — first layer,NA,NA
-0.00272373441317075,-0.5318216085128178,15.85965168209664,6.870264856271882,1.868835490494456,-3.476343845759669,1.7940709196570577,BabyLM 1.3B — first layer,NA,NA
0.1507935205740687,-0.5318216085128178,15.82642689141754,6.870264856271882,1.868835490494456,-3.476343845759669,1.7940709196570577,BabyLM 1.3B — first layer,NA,NA
0.3043107755613079,-0.5318216085128178,15.79320210073844,6.870264856271882,1.868835490494456,-3.476343845759669,1.7940709196570577,BabyLM 1.3B — first layer,NA,NA
0.4578280305485471,-0.5318216085128178,15.75997731005934,6.870264856271882,1.868835490494456,-3.476343845759669,1.7940709196570577,BabyLM 1.3B — first layer,NA,NA
0.6113452855357864,-0.5318216085128178,15.72675251938024,6.870264856271882,1.868835490494456,-3.476343845759669,1.7940709196570577,BabyLM 1.3B — first layer,NA,NA
0.7648625405230256,-0.5318216085128178,15.69352772870114,6.870264856271882,1.868835490494456,-3.476343845759669,1.7940709196570577,BabyLM 1.3B — first layer,NA,NA
0.9183797955102652,-0.5318216085128178,15.66030293802204,6.870264856271882,1.868835490494456,-3.476343845759669,1.7940709196570577,BabyLM 1.3B — first layer,NA,NA
1.0718970504975045,-0.5318216085128178,15.62707814734294,6.870264856271882,1.868835490494456,-3.476343845759669,1.7940709196570577,BabyLM 1.3B — first layer,NA,NA
1.2254143054847435,-0.5318216085128178,15.59385335666384,6.870264856271882,1.868835490494456,-3.476343845759669,1.7940709196570577,BabyLM 1.3B — first layer,NA,NA
1.378931560471983,-0.5318216085128178,15.56062856598474,6.870264856271882,1.868835490494456,-3.476343845759669,1.7940709196570577,BabyLM 1.3B — first layer,NA,NA
1.5324488154592222,-0.5318216085128178,15.527403775305642,6.870264856271882,1.868835490494456,-3.476343845759669,1.7940709196570577,BabyLM 1.3B — first layer,NA,NA
1.6859660704464614,-0.5318216085128178,15.49417898462654,6.870264856271882,1.868835490494456,-3.476343845759669,1.7940709196570577,BabyLM 1.3B — first layer,NA,NA
1.839483325433701,-0.5318216085128178,15.46095419394744,6.870264856271882,1.868835490494456,-3.476343845759669,1.7940709196570577,BabyLM 1.3B — first layer,NA,NA
1.9930005804209403,-0.5318216085128178,15.42772940326834,6.870264856271882,1.868835490494456,-3.476343845759669,1.7940709196570577,BabyLM 1.3B — first layer,NA,NA
2.14651783540818,-0.5318216085128178,15.39450461258924,6.870264856271882,1.868835490494456,-3.476343845759669,1.7940709196570577,BabyLM 1.3B — first layer,NA,NA
2.300035090395419,-0.5318216085128178,15.36127982191014,6.870264856271882,1.868835490494456,-3.476343845759669,1.7940709196570577,BabyLM 1.3B — first layer,NA,NA
2.453552345382658,-0.5318216085128178,15.328055031231042,6.870264856271882,1.868835490494456,-3.476343845759669,1.7940709196570577,BabyLM 1.3B — first layer,NA,NA
-1.9984480492472816,-0.3642371064799916,16.31199032153479,6.870264856271882,1.868835490494456,-3.476343845759669,1.7940709196570577,BabyLM 1.3B — first layer,NA,NA
-1.8449307942600424,-0.3642371064799916,16.27806094694269,6.870264856271882,1.868835490494456,-3.476343845759669,1.7940709196570577,BabyLM 1.3B — first layer,NA,NA
-1.6914135392728031,-0.3642371064799916,16.244131572350597,6.870264856271882,1.868835490494456,-3.476343845759669,1.7940709196570577,BabyLM 1.3B — first layer,NA,NA
-1.537896284285564,-0.3642371064799916,16.210202197758502,6.870264856271882,1.868835490494456,-3.476343845759669,1.7940709196570577,BabyLM 1.3B — first layer,NA,NA
-1.384379029298325,-0.3642371064799916,16.176272823166403,6.870264856271882,1.868835490494456,-3.476343845759669,1.7940709196570577,BabyLM 1.3B — first layer,NA,NA
-1.2308617743110852,-0.3642371064799916,16.14234344857431,6.870264856271882,1.868835490494456,-3.476343845759669,1.7940709196570577,BabyLM 1.3B — first layer,NA,NA
-1.077344519323846,-0.3642371064799916,16.108414073982214,6.870264856271882,1.868835490494456,-3.476343845759669,1.7940709196570577,BabyLM 1.3B — first layer,NA,NA
-0.9238272643366066,-0.3642371064799916,16.074484699390116,6.870264856271882,1.868835490494456,-3.476343845759669,1.7940709196570577,BabyLM 1.3B — first layer,NA,NA
-0.7703100093493673,-0.3642371064799916,16.04055532479802,6.870264856271882,1.868835490494456,-3.476343845759669,1.7940709196570577,BabyLM 1.3B — first layer,NA,NA
-0.6167927543621281,-0.3642371064799916,16.006625950205926,6.870264856271882,1.868835490494456,-3.476343845759669,1.7940709196570577,BabyLM 1.3B — first layer,NA,NA
-0.46327549937488866,-0.3642371064799916,15.972696575613828,6.870264856271882,1.868835490494456,-3.476343845759669,1.7940709196570577,BabyLM 1.3B — first layer,NA,NA
-0.30975824438764943,-0.3642371064799916,15.938767201021731,6.870264856271882,1.868835490494456,-3.476343845759669,1.7940709196570577,BabyLM 1.3B — first layer,NA,NA
-0.1562409894004102,-0.3642371064799916,15.904837826429636,6.870264856271882,1.868835490494456,-3.476343845759669,1.7940709196570577,BabyLM 1.3B — first layer,NA,NA
-0.00272373441317075,-0.3642371064799916,15.87090845183754,6.870264856271882,1.868835490494456,-3.476343845759669,1.7940709196570577,BabyLM 1.3B — first layer,NA,NA
0.1507935205740687,-0.3642371064799916,15.836979077245443,6.870264856271882,1.868835490494456,-3.476343845759669,1.7940709196570577,BabyLM 1.3B — first layer,NA,NA
0.3043107755613079,-0.3642371064799916,15.803049702653349,6.870264856271882,1.868835490494456,-3.476343845759669,1.7940709196570577,BabyLM 1.3B — first layer,NA,NA
0.4578280305485471,-0.3642371064799916,15.769120328061252,6.870264856271882,1.868835490494456,-3.476343845759669,1.7940709196570577,BabyLM 1.3B — first layer,NA,NA
0.6113452855357864,-0.3642371064799916,15.735190953469155,6.870264856271882,1.868835490494456,-3.476343845759669,1.7940709196570577,BabyLM 1.3B — first layer,NA,NA
0.7648625405230256,-0.3642371064799916,15.70126157887706,6.870264856271882,1.868835490494456,-3.476343845759669,1.7940709196570577,BabyLM 1.3B — first layer,NA,NA
0.9183797955102652,-0.3642371064799916,15.667332204284964,6.870264856271882,1.868835490494456,-3.476343845759669,1.7940709196570577,BabyLM 1.3B — first layer,NA,NA
1.0718970504975045,-0.3642371064799916,15.633402829692868,6.870264856271882,1.868835490494456,-3.476343845759669,1.7940709196570577,BabyLM 1.3B — first layer,NA,NA
1.2254143054847435,-0.3642371064799916,15.599473455100773,6.870264856271882,1.868835490494456,-3.476343845759669,1.7940709196570577,BabyLM 1.3B — first layer,NA,NA
1.378931560471983,-0.3642371064799916,15.565544080508676,6.870264856271882,1.868835490494456,-3.476343845759669,1.7940709196570577,BabyLM 1.3B — first layer,NA,NA
1.5324488154592222,-0.3642371064799916,15.53161470591658,6.870264856271882,1.868835490494456,-3.476343845759669,1.7940709196570577,BabyLM 1.3B — first layer,NA,NA
1.6859660704464614,-0.3642371064799916,15.497685331324483,6.870264856271882,1.868835490494456,-3.476343845759669,1.7940709196570577,BabyLM 1.3B — first layer,NA,NA
1.839483325433701,-0.3642371064799916,15.463755956732388,6.870264856271882,1.868835490494456,-3.476343845759669,1.7940709196570577,BabyLM 1.3B — first layer,NA,NA
1.9930005804209403,-0.3642371064799916,15.429826582140292,6.870264856271882,1.868835490494456,-3.476343845759669,1.7940709196570577,BabyLM 1.3B — first layer,NA,NA
2.14651783540818,-0.3642371064799916,15.395897207548195,6.870264856271882,1.868835490494456,-3.476343845759669,1.7940709196570577,BabyLM 1.3B — first layer,NA,NA
2.300035090395419,-0.3642371064799916,15.3619678329561,6.870264856271882,1.868835490494456,-3.476343845759669,1.7940709196570577,BabyLM 1.3B — first layer,NA,NA
2.453552345382658,-0.3642371064799916,15.328038458364002,6.870264856271882,1.868835490494456,-3.476343845759669,1.7940709196570577,BabyLM 1.3B — first layer,NA,NA
-1.9984480492472816,-0.19665260444716548,16.33240668214464,6.870264856271882,1.868835490494456,-3.476343845759669,1.7940709196570577,BabyLM 1.3B — first layer,NA,NA
-1.8449307942600424,-0.19665260444716548,16.297772723639547,6.870264856271882,1.868835490494456,-3.476343845759669,1.7940709196570577,BabyLM 1.3B — first layer,NA,NA
-1.6914135392728031,-0.19665260444716548,16.263138765134453,6.870264856271882,1.868835490494456,-3.476343845759669,1.7940709196570577,BabyLM 1.3B — first layer,NA,NA
-1.537896284285564,-0.19665260444716548,16.228504806629363,6.870264856271882,1.868835490494456,-3.476343845759669,1.7940709196570577,BabyLM 1.3B — first layer,NA,NA
-1.384379029298325,-0.19665260444716548,16.19387084812427,6.870264856271882,1.868835490494456,-3.476343845759669,1.7940709196570577,BabyLM 1.3B — first layer,NA,NA
-1.2308617743110852,-0.19665260444716548,16.159236889619176,6.870264856271882,1.868835490494456,-3.476343845759669,1.7940709196570577,BabyLM 1.3B — first layer,NA,NA
-1.077344519323846,-0.19665260444716548,16.124602931114087,6.870264856271882,1.868835490494456,-3.476343845759669,1.7940709196570577,BabyLM 1.3B — first layer,NA,NA
-0.9238272643366066,-0.19665260444716548,16.089968972608993,6.870264856271882,1.868835490494456,-3.476343845759669,1.7940709196570577,BabyLM 1.3B — first layer,NA,NA
-0.7703100093493673,-0.19665260444716548,16.0553350141039,6.870264856271882,1.868835490494456,-3.476343845759669,1.7940709196570577,BabyLM 1.3B — first layer,NA,NA
-0.6167927543621281,-0.19665260444716548,16.02070105559881,6.870264856271882,1.868835490494456,-3.476343845759669,1.7940709196570577,BabyLM 1.3B — first layer,NA,NA
-0.46327549937488866,-0.19665260444716548,15.986067097093716,6.870264856271882,1.868835490494456,-3.476343845759669,1.7940709196570577,BabyLM 1.3B — first layer,NA,NA
-0.30975824438764943,-0.19665260444716548,15.951433138588625,6.870264856271882,1.868835490494456,-3.476343845759669,1.7940709196570577,BabyLM 1.3B — first layer,NA,NA
-0.1562409894004102,-0.19665260444716548,15.916799180083531,6.870264856271882,1.868835490494456,-3.476343845759669,1.7940709196570577,BabyLM 1.3B — first layer,NA,NA
-0.00272373441317075,-0.19665260444716548,15.88216522157844,6.870264856271882,1.868835490494456,-3.476343845759669,1.7940709196570577,BabyLM 1.3B — first layer,NA,NA
0.1507935205740687,-0.19665260444716548,15.847531263073348,6.870264856271882,1.868835490494456,-3.476343845759669,1.7940709196570577,BabyLM 1.3B — first layer,NA,NA
0.3043107755613079,-0.19665260444716548,15.812897304568256,6.870264856271882,1.868835490494456,-3.476343845759669,1.7940709196570577,BabyLM 1.3B — first layer,NA,NA
0.4578280305485471,-0.19665260444716548,15.778263346063165,6.870264856271882,1.868835490494456,-3.476343845759669,1.7940709196570577,BabyLM 1.3B — first layer,NA,NA
0.6113452855357864,-0.19665260444716548,15.743629387558071,6.870264856271882,1.868835490494456,-3.476343845759669,1.7940709196570577,BabyLM 1.3B — first layer,NA,NA
0.7648625405230256,-0.19665260444716548,15.70899542905298,6.870264856271882,1.868835490494456,-3.476343845759669,1.7940709196570577,BabyLM 1.3B — first layer,NA,NA
0.9183797955102652,-0.19665260444716548,15.674361470547886,6.870264856271882,1.868835490494456,-3.476343845759669,1.7940709196570577,BabyLM 1.3B — first layer,NA,NA
1.0718970504975045,-0.19665260444716548,15.639727512042796,6.870264856271882,1.868835490494456,-3.476343845759669,1.7940709196570577,BabyLM 1.3B — first layer,NA,NA
1.2254143054847435,-0.19665260444716548,15.605093553537705,6.870264856271882,1.868835490494456,-3.476343845759669,1.7940709196570577,BabyLM 1.3B — first layer,NA,NA
1.378931560471983,-0.19665260444716548,15.57045959503261,6.870264856271882,1.868835490494456,-3.476343845759669,1.7940709196570577,BabyLM 1.3B — first layer,NA,NA
1.5324488154592222,-0.19665260444716548,15.535825636527518,6.870264856271882,1.868835490494456,-3.476343845759669,1.7940709196570577,BabyLM 1.3B — first layer,NA,NA
1.6859660704464614,-0.19665260444716548,15.501191678022426,6.870264856271882,1.868835490494456,-3.476343845759669,1.7940709196570577,BabyLM 1.3B — first layer,NA,NA
1.839483325433701,-0.19665260444716548,15.466557719517333,6.870264856271882,1.868835490494456,-3.476343845759669,1.7940709196570577,BabyLM 1.3B — first layer,NA,NA
1.9930005804209403,-0.19665260444716548,15.43192376101224,6.870264856271882,1.868835490494456,-3.476343845759669,1.7940709196570577,BabyLM 1.3B — first layer,NA,NA
2.14651783540818,-0.19665260444716548,15.39728980250715,6.870264856271882,1.868835490494456,-3.476343845759669,1.7940709196570577,BabyLM 1.3B — first layer,NA,NA
2.300035090395419,-0.19665260444716548,15.362655844002056,6.870264856271882,1.868835490494456,-3.476343845759669,1.7940709196570577,BabyLM 1.3B — first layer,NA,NA
2.453552345382658,-0.19665260444716548,15.328021885496964,6.870264856271882,1.868835490494456,-3.476343845759669,1.7940709196570577,BabyLM 1.3B — first layer,NA,NA
-1.9984480492472816,-0.02906810241433932,16.35282304275449,6.870264856271882,1.868835490494456,-3.476343845759669,1.7940709196570577,BabyLM 1.3B — first layer,NA,NA
-1.8449307942600424,-0.02906810241433932,16.317484500336402,6.870264856271882,1.868835490494456,-3.476343845759669,1.7940709196570577,BabyLM 1.3B — first layer,NA,NA
-1.6914135392728031,-0.02906810241433932,16.282145957918313,6.870264856271882,1.868835490494456,-3.476343845759669,1.7940709196570577,BabyLM 1.3B — first layer,NA,NA
-1.537896284285564,-0.02906810241433932,16.246807415500225,6.870264856271882,1.868835490494456,-3.476343845759669,1.7940709196570577,BabyLM 1.3B — first layer,NA,NA
-1.384379029298325,-0.02906810241433932,16.211468873082136,6.870264856271882,1.868835490494456,-3.476343845759669,1.7940709196570577,BabyLM 1.3B — first layer,NA,NA
-1.2308617743110852,-0.02906810241433932,16.176130330664048,6.870264856271882,1.868835490494456,-3.476343845759669,1.7940709196570577,BabyLM 1.3B — first layer,NA,NA
-1.077344519323846,-0.02906810241433932,16.14079178824596,6.870264856271882,1.868835490494456,-3.476343845759669,1.7940709196570577,BabyLM 1.3B — first layer,NA,NA
-0.9238272643366066,-0.02906810241433932,16.10545324582787,6.870264856271882,1.868835490494456,-3.476343845759669,1.7940709196570577,BabyLM 1.3B — first layer,NA,NA
-0.7703100093493673,-0.02906810241433932,16.070114703409782,6.870264856271882,1.868835490494456,-3.476343845759669,1.7940709196570577,BabyLM 1.3B — first layer,NA,NA
-0.6167927543621281,-0.02906810241433932,16.034776160991694,6.870264856271882,1.868835490494456,-3.476343845759669,1.7940709196570577,BabyLM 1.3B — first layer,NA,NA
-0.46327549937488866,-0.02906810241433932,15.999437618573603,6.870264856271882,1.868835490494456,-3.476343845759669,1.7940709196570577,BabyLM 1.3B — first layer,NA,NA
-0.30975824438764943,-0.02906810241433932,15.964099076155517,6.870264856271882,1.868835490494456,-3.476343845759669,1.7940709196570577,BabyLM 1.3B — first layer,NA,NA
-0.1562409894004102,-0.02906810241433932,15.928760533737428,6.870264856271882,1.868835490494456,-3.476343845759669,1.7940709196570577,BabyLM 1.3B — first layer,NA,NA
-0.00272373441317075,-0.02906810241433932,15.89342199131934,6.870264856271882,1.868835490494456,-3.476343845759669,1.7940709196570577,BabyLM 1.3B — first layer,NA,NA
0.1507935205740687,-0.02906810241433932,15.858083448901253,6.870264856271882,1.868835490494456,-3.476343845759669,1.7940709196570577,BabyLM 1.3B — first layer,NA,NA
0.3043107755613079,-0.02906810241433932,15.822744906483162,6.870264856271882,1.868835490494456,-3.476343845759669,1.7940709196570577,BabyLM 1.3B — first layer,NA,NA
0.4578280305485471,-0.02906810241433932,15.787406364065076,6.870264856271882,1.868835490494456,-3.476343845759669,1.7940709196570577,BabyLM 1.3B — first layer,NA,NA
0.6113452855357864,-0.02906810241433932,15.752067821646987,6.870264856271882,1.868835490494456,-3.476343845759669,1.7940709196570577,BabyLM 1.3B — first layer,NA,NA
0.7648625405230256,-0.02906810241433932,15.7167292792289,6.870264856271882,1.868835490494456,-3.476343845759669,1.7940709196570577,BabyLM 1.3B — first layer,NA,NA
0.9183797955102652,-0.02906810241433932,15.68139073681081,6.870264856271882,1.868835490494456,-3.476343845759669,1.7940709196570577,BabyLM 1.3B — first layer,NA,NA
1.0718970504975045,-0.02906810241433932,15.646052194392722,6.870264856271882,1.868835490494456,-3.476343845759669,1.7940709196570577,BabyLM 1.3B — first layer,NA,NA
1.2254143054847435,-0.02906810241433932,15.610713651974631,6.870264856271882,1.868835490494456,-3.476343845759669,1.7940709196570577,BabyLM 1.3B — first layer,NA,NA
1.378931560471983,-0.02906810241433932,15.575375109556544,6.870264856271882,1.868835490494456,-3.476343845759669,1.7940709196570577,BabyLM 1.3B — first layer,NA,NA
1.5324488154592222,-0.02906810241433932,15.540036567138456,6.870264856271882,1.868835490494456,-3.476343845759669,1.7940709196570577,BabyLM 1.3B — first layer,NA,NA
1.6859660704464614,-0.02906810241433932,15.504698024720367,6.870264856271882,1.868835490494456,-3.476343845759669,1.7940709196570577,BabyLM 1.3B — first layer,NA,NA
1.839483325433701,-0.02906810241433932,15.46935948230228,6.870264856271882,1.868835490494456,-3.476343845759669,1.7940709196570577,BabyLM 1.3B — first layer,NA,NA
1.9930005804209403,-0.02906810241433932,15.43402093988419,6.870264856271882,1.868835490494456,-3.476343845759669,1.7940709196570577,BabyLM 1.3B — first layer,NA,NA
2.14651783540818,-0.02906810241433932,15.398682397466102,6.870264856271882,1.868835490494456,-3.476343845759669,1.7940709196570577,BabyLM 1.3B — first layer,NA,NA
2.300035090395419,-0.02906810241433932,15.363343855048017,6.870264856271882,1.868835490494456,-3.476343845759669,1.7940709196570577,BabyLM 1.3B — first layer,NA,NA
2.453552345382658,-0.02906810241433932,15.328005312629926,6.870264856271882,1.868835490494456,-3.476343845759669,1.7940709196570577,BabyLM 1.3B — first layer,NA,NA
-1.9984480492472816,0.13851639961848683,16.373239403364337,6.870264856271882,1.868835490494456,-3.476343845759669,1.7940709196570577,BabyLM 1.3B — first layer,NA,NA
-1.8449307942600424,0.13851639961848683,16.337196277033254,6.870264856271882,1.868835490494456,-3.476343845759669,1.7940709196570577,BabyLM 1.3B — first layer,NA,NA
-1.6914135392728031,0.13851639961848683,16.30115315070217,6.870264856271882,1.868835490494456,-3.476343845759669,1.7940709196570577,BabyLM 1.3B — first layer,NA,NA
-1.537896284285564,0.13851639961848683,16.265110024371086,6.870264856271882,1.868835490494456,-3.476343845759669,1.7940709196570577,BabyLM 1.3B — first layer,NA,NA
-1.384379029298325,0.13851639961848683,16.22906689804,6.870264856271882,1.868835490494456,-3.476343845759669,1.7940709196570577,BabyLM 1.3B — first layer,NA,NA
-1.2308617743110852,0.13851639961848683,16.193023771708916,6.870264856271882,1.868835490494456,-3.476343845759669,1.7940709196570577,BabyLM 1.3B — first layer,NA,NA
-1.077344519323846,0.13851639961848683,16.156980645377832,6.870264856271882,1.868835490494456,-3.476343845759669,1.7940709196570577,BabyLM 1.3B — first layer,NA,NA
-0.9238272643366066,0.13851639961848683,16.12093751904675,6.870264856271882,1.868835490494456,-3.476343845759669,1.7940709196570577,BabyLM 1.3B — first layer,NA,NA
-0.7703100093493673,0.13851639961848683,16.08489439271566,6.870264856271882,1.868835490494456,-3.476343845759669,1.7940709196570577,BabyLM 1.3B — first layer,NA,NA
-0.6167927543621281,0.13851639961848683,16.048851266384577,6.870264856271882,1.868835490494456,-3.476343845759669,1.7940709196570577,BabyLM 1.3B — first layer,NA,NA
-0.46327549937488866,0.13851639961848683,16.012808140053494,6.870264856271882,1.868835490494456,-3.476343845759669,1.7940709196570577,BabyLM 1.3B — first layer,NA,NA
-0.30975824438764943,0.13851639961848683,15.976765013722408,6.870264856271882,1.868835490494456,-3.476343845759669,1.7940709196570577,BabyLM 1.3B — first layer,NA,NA
-0.1562409894004102,0.13851639961848683,15.940721887391325,6.870264856271882,1.868835490494456,-3.476343845759669,1.7940709196570577,BabyLM 1.3B — first layer,NA,NA
-0.00272373441317075,0.13851639961848683,15.90467876106024,6.870264856271882,1.868835490494456,-3.476343845759669,1.7940709196570577,BabyLM 1.3B — first layer,NA,NA
0.1507935205740687,0.13851639961848683,15.868635634729156,6.870264856271882,1.868835490494456,-3.476343845759669,1.7940709196570577,BabyLM 1.3B — first layer,NA,NA
0.3043107755613079,0.13851639961848683,15.83259250839807,6.870264856271882,1.868835490494456,-3.476343845759669,1.7940709196570577,BabyLM 1.3B — first layer,NA,NA
0.4578280305485471,0.13851639961848683,15.796549382066988,6.870264856271882,1.868835490494456,-3.476343845759669,1.7940709196570577,BabyLM 1.3B — first layer,NA,NA
0.6113452855357864,0.13851639961848683,15.7605062557359,6.870264856271882,1.868835490494456,-3.476343845759669,1.7940709196570577,BabyLM 1.3B — first layer,NA,NA
0.7648625405230256,0.13851639961848683,15.724463129404818,6.870264856271882,1.868835490494456,-3.476343845759669,1.7940709196570577,BabyLM 1.3B — first layer,NA,NA
0.9183797955102652,0.13851639961848683,15.688420003073732,6.870264856271882,1.868835490494456,-3.476343845759669,1.7940709196570577,BabyLM 1.3B — first layer,NA,NA
1.0718970504975045,0.13851639961848683,15.652376876742649,6.870264856271882,1.868835490494456,-3.476343845759669,1.7940709196570577,BabyLM 1.3B — first layer,NA,NA
1.2254143054847435,0.13851639961848683,15.616333750411563,6.870264856271882,1.868835490494456,-3.476343845759669,1.7940709196570577,BabyLM 1.3B — first layer,NA,NA
1.378931560471983,0.13851639961848683,15.58029062408048,6.870264856271882,1.868835490494456,-3.476343845759669,1.7940709196570577,BabyLM 1.3B — first layer,NA,NA
1.5324488154592222,0.13851639961848683,15.544247497749394,6.870264856271882,1.868835490494456,-3.476343845759669,1.7940709196570577,BabyLM 1.3B — first layer,NA,NA
1.6859660704464614,0.13851639961848683,15.50820437141831,6.870264856271882,1.868835490494456,-3.476343845759669,1.7940709196570577,BabyLM 1.3B — first layer,NA,NA
1.839483325433701,0.13851639961848683,15.472161245087223,6.870264856271882,1.868835490494456,-3.476343845759669,1.7940709196570577,BabyLM 1.3B — first layer,NA,NA
1.9930005804209403,0.13851639961848683,15.43611811875614,6.870264856271882,1.868835490494456,-3.476343845759669,1.7940709196570577,BabyLM 1.3B — first layer,NA,NA
2.14651783540818,0.13851639961848683,15.400074992425056,6.870264856271882,1.868835490494456,-3.476343845759669,1.7940709196570577,BabyLM 1.3B — first layer,NA,NA
2.300035090395419,0.13851639961848683,15.364031866093972,6.870264856271882,1.868835490494456,-3.476343845759669,1.7940709196570577,BabyLM 1.3B — first layer,NA,NA
2.453552345382658,0.13851639961848683,15.327988739762889,6.870264856271882,1.868835490494456,-3.476343845759669,1.7940709196570577,BabyLM 1.3B — first layer,NA,NA
-1.9984480492472816,0.306100901651313,16.393655763974188,6.870264856271882,1.868835490494456,-3.476343845759669,1.7940709196570577,BabyLM 1.3B — first layer,NA,NA
-1.8449307942600424,0.306100901651313,16.35690805373011,6.870264856271882,1.868835490494456,-3.476343845759669,1.7940709196570577,BabyLM 1.3B — first layer,NA,NA
-1.6914135392728031,0.306100901651313,16.320160343486027,6.870264856271882,1.868835490494456,-3.476343845759669,1.7940709196570577,BabyLM 1.3B — first layer,NA,NA
-1.537896284285564,0.306100901651313,16.283412633241948,6.870264856271882,1.868835490494456,-3.476343845759669,1.7940709196570577,BabyLM 1.3B — first layer,NA,NA
-1.384379029298325,0.306100901651313,16.246664922997866,6.870264856271882,1.868835490494456,-3.476343845759669,1.7940709196570577,BabyLM 1.3B — first layer,NA,NA
-1.2308617743110852,0.306100901651313,16.209917212753787,6.870264856271882,1.868835490494456,-3.476343845759669,1.7940709196570577,BabyLM 1.3B — first layer,NA,NA
-1.077344519323846,0.306100901651313,16.173169502509705,6.870264856271882,1.868835490494456,-3.476343845759669,1.7940709196570577,BabyLM 1.3B — first layer,NA,NA
-0.9238272643366066,0.306100901651313,16.136421792265622,6.870264856271882,1.868835490494456,-3.476343845759669,1.7940709196570577,BabyLM 1.3B — first layer,NA,NA
-0.7703100093493673,0.306100901651313,16.099674082021544,6.870264856271882,1.868835490494456,-3.476343845759669,1.7940709196570577,BabyLM 1.3B — first layer,NA,NA
-0.6167927543621281,0.306100901651313,16.06292637177746,6.870264856271882,1.868835490494456,-3.476343845759669,1.7940709196570577,BabyLM 1.3B — first layer,NA,NA
-0.46327549937488866,0.306100901651313,16.026178661533383,6.870264856271882,1.868835490494456,-3.476343845759669,1.7940709196570577,BabyLM 1.3B — first layer,NA,NA
-0.30975824438764943,0.306100901651313,15.989430951289302,6.870264856271882,1.868835490494456,-3.476343845759669,1.7940709196570577,BabyLM 1.3B — first layer,NA,NA
-0.1562409894004102,0.306100901651313,15.952683241045222,6.870264856271882,1.868835490494456,-3.476343845759669,1.7940709196570577,BabyLM 1.3B — first layer,NA,NA
-0.00272373441317075,0.306100901651313,15.91593553080114,6.870264856271882,1.868835490494456,-3.476343845759669,1.7940709196570577,BabyLM 1.3B — first layer,NA,NA
0.1507935205740687,0.306100901651313,15.87918782055706,6.870264856271882,1.868835490494456,-3.476343845759669,1.7940709196570577,BabyLM 1.3B — first layer,NA,NA
0.3043107755613079,0.306100901651313,15.842440110312978,6.870264856271882,1.868835490494456,-3.476343845759669,1.7940709196570577,BabyLM 1.3B — first layer,NA,NA
0.4578280305485471,0.306100901651313,15.805692400068898,6.870264856271882,1.868835490494456,-3.476343845759669,1.7940709196570577,BabyLM 1.3B — first layer,NA,NA
0.6113452855357864,0.306100901651313,15.768944689824815,6.870264856271882,1.868835490494456,-3.476343845759669,1.7940709196570577,BabyLM 1.3B — first layer,NA,NA
0.7648625405230256,0.306100901651313,15.732196979580737,6.870264856271882,1.868835490494456,-3.476343845759669,1.7940709196570577,BabyLM 1.3B — first layer,NA,NA
0.9183797955102652,0.306100901651313,15.695449269336656,6.870264856271882,1.868835490494456,-3.476343845759669,1.7940709196570577,BabyLM 1.3B — first layer,NA,NA
1.0718970504975045,0.306100901651313,15.658701559092576,6.870264856271882,1.868835490494456,-3.476343845759669,1.7940709196570577,BabyLM 1.3B — first layer,NA,NA
1.2254143054847435,0.306100901651313,15.621953848848497,6.870264856271882,1.868835490494456,-3.476343845759669,1.7940709196570577,BabyLM 1.3B — first layer,NA,NA
1.378931560471983,0.306100901651313,15.585206138604416,6.870264856271882,1.868835490494456,-3.476343845759669,1.7940709196570577,BabyLM 1.3B — first layer,NA,NA
1.5324488154592222,0.306100901651313,15.548458428360334,6.870264856271882,1.868835490494456,-3.476343845759669,1.7940709196570577,BabyLM 1.3B — first layer,NA,NA
1.6859660704464614,0.306100901651313,15.511710718116252,6.870264856271882,1.868835490494456,-3.476343845759669,1.7940709196570577,BabyLM 1.3B — first layer,NA,NA
1.839483325433701,0.306100901651313,15.474963007872171,6.870264856271882,1.868835490494456,-3.476343845759669,1.7940709196570577,BabyLM 1.3B — first layer,NA,NA
1.9930005804209403,0.306100901651313,15.43821529762809,6.870264856271882,1.868835490494456,-3.476343845759669,1.7940709196570577,BabyLM 1.3B — first layer,NA,NA
2.14651783540818,0.306100901651313,15.40146758738401,6.870264856271882,1.868835490494456,-3.476343845759669,1.7940709196570577,BabyLM 1.3B — first layer,NA,NA
2.300035090395419,0.306100901651313,15.36471987713993,6.870264856271882,1.868835490494456,-3.476343845759669,1.7940709196570577,BabyLM 1.3B — first layer,NA,NA
2.453552345382658,0.306100901651313,15.327972166895847,6.870264856271882,1.868835490494456,-3.476343845759669,1.7940709196570577,BabyLM 1.3B — first layer,NA,NA
-1.9984480492472816,0.47368540368413914,16.414072124584038,6.870264856271882,1.868835490494456,-3.476343845759669,1.7940709196570577,BabyLM 1.3B — first layer,NA,NA
-1.8449307942600424,0.47368540368413914,16.37661983042696,6.870264856271882,1.868835490494456,-3.476343845759669,1.7940709196570577,BabyLM 1.3B — first layer,NA,NA
-1.6914135392728031,0.47368540368413914,16.339167536269887,6.870264856271882,1.868835490494456,-3.476343845759669,1.7940709196570577,BabyLM 1.3B — first layer,NA,NA
-1.537896284285564,0.47368540368413914,16.30171524211281,6.870264856271882,1.868835490494456,-3.476343845759669,1.7940709196570577,BabyLM 1.3B — first layer,NA,NA
-1.384379029298325,0.47368540368413914,16.264262947955732,6.870264856271882,1.868835490494456,-3.476343845759669,1.7940709196570577,BabyLM 1.3B — first layer,NA,NA
-1.2308617743110852,0.47368540368413914,16.226810653798655,6.870264856271882,1.868835490494456,-3.476343845759669,1.7940709196570577,BabyLM 1.3B — first layer,NA,NA
-1.077344519323846,0.47368540368413914,16.189358359641577,6.870264856271882,1.868835490494456,-3.476343845759669,1.7940709196570577,BabyLM 1.3B — first layer,NA,NA
-0.9238272643366066,0.47368540368413914,16.1519060654845,6.870264856271882,1.868835490494456,-3.476343845759669,1.7940709196570577,BabyLM 1.3B — first layer,NA,NA
-0.7703100093493673,0.47368540368413914,16.114453771327423,6.870264856271882,1.868835490494456,-3.476343845759669,1.7940709196570577,BabyLM 1.3B — first layer,NA,NA
-0.6167927543621281,0.47368540368413914,16.07700147717035,6.870264856271882,1.868835490494456,-3.476343845759669,1.7940709196570577,BabyLM 1.3B — first layer,NA,NA
-0.46327549937488866,0.47368540368413914,16.03954918301327,6.870264856271882,1.868835490494456,-3.476343845759669,1.7940709196570577,BabyLM 1.3B — first layer,NA,NA
-0.30975824438764943,0.47368540368413914,16.002096888856194,6.870264856271882,1.868835490494456,-3.476343845759669,1.7940709196570577,BabyLM 1.3B — first layer,NA,NA
-0.1562409894004102,0.47368540368413914,15.964644594699116,6.870264856271882,1.868835490494456,-3.476343845759669,1.7940709196570577,BabyLM 1.3B — first layer,NA,NA
-0.00272373441317075,0.47368540368413914,15.92719230054204,6.870264856271882,1.868835490494456,-3.476343845759669,1.7940709196570577,BabyLM 1.3B — first layer,NA,NA
0.1507935205740687,0.47368540368413914,15.889740006384963,6.870264856271882,1.868835490494456,-3.476343845759669,1.7940709196570577,BabyLM 1.3B — first layer,NA,NA
0.3043107755613079,0.47368540368413914,15.852287712227886,6.870264856271882,1.868835490494456,-3.476343845759669,1.7940709196570577,BabyLM 1.3B — first layer,NA,NA
0.4578280305485471,0.47368540368413914,15.814835418070809,6.870264856271882,1.868835490494456,-3.476343845759669,1.7940709196570577,BabyLM 1.3B — first layer,NA,NA
0.6113452855357864,0.47368540368413914,15.777383123913731,6.870264856271882,1.868835490494456,-3.476343845759669,1.7940709196570577,BabyLM 1.3B — first layer,NA,NA
0.7648625405230256,0.47368540368413914,15.739930829756656,6.870264856271882,1.868835490494456,-3.476343845759669,1.7940709196570577,BabyLM 1.3B — first layer,NA,NA
0.9183797955102652,0.47368540368413914,15.702478535599578,6.870264856271882,1.868835490494456,-3.476343845759669,1.7940709196570577,BabyLM 1.3B — first layer,NA,NA
1.0718970504975045,0.47368540368413914,15.665026241442504,6.870264856271882,1.868835490494456,-3.476343845759669,1.7940709196570577,BabyLM 1.3B — first layer,NA,NA
1.2254143054847435,0.47368540368413914,15.627573947285423,6.870264856271882,1.868835490494456,-3.476343845759669,1.7940709196570577,BabyLM 1.3B — first layer,NA,NA
1.378931560471983,0.47368540368413914,15.590121653128348,6.870264856271882,1.868835490494456,-3.476343845759669,1.7940709196570577,BabyLM 1.3B — first layer,NA,NA
1.5324488154592222,0.47368540368413914,15.552669358971272,6.870264856271882,1.868835490494456,-3.476343845759669,1.7940709196570577,BabyLM 1.3B — first layer,NA,NA
1.6859660704464614,0.47368540368413914,15.515217064814196,6.870264856271882,1.868835490494456,-3.476343845759669,1.7940709196570577,BabyLM 1.3B — first layer,NA,NA
1.839483325433701,0.47368540368413914,15.477764770657116,6.870264856271882,1.868835490494456,-3.476343845759669,1.7940709196570577,BabyLM 1.3B — first layer,NA,NA
1.9930005804209403,0.47368540368413914,15.440312476500042,6.870264856271882,1.868835490494456,-3.476343845759669,1.7940709196570577,BabyLM 1.3B — first layer,NA,NA
2.14651783540818,0.47368540368413914,15.402860182342964,6.870264856271882,1.868835490494456,-3.476343845759669,1.7940709196570577,BabyLM 1.3B — first layer,NA,NA
2.300035090395419,0.47368540368413914,15.365407888185889,6.870264856271882,1.868835490494456,-3.476343845759669,1.7940709196570577,BabyLM 1.3B — first layer,NA,NA
2.453552345382658,0.47368540368413914,15.327955594028811,6.870264856271882,1.868835490494456,-3.476343845759669,1.7940709196570577,BabyLM 1.3B — first layer,NA,NA
-1.9984480492472816,0.6412699057169653,16.43448848519389,6.870264856271882,1.868835490494456,-3.476343845759669,1.7940709196570577,BabyLM 1.3B — first layer,NA,NA
-1.8449307942600424,0.6412699057169653,16.396331607123816,6.870264856271882,1.868835490494456,-3.476343845759669,1.7940709196570577,BabyLM 1.3B — first layer,NA,NA
-1.6914135392728031,0.6412699057169653,16.358174729053744,6.870264856271882,1.868835490494456,-3.476343845759669,1.7940709196570577,BabyLM 1.3B — first layer,NA,NA
-1.537896284285564,0.6412699057169653,16.32001785098367,6.870264856271882,1.868835490494456,-3.476343845759669,1.7940709196570577,BabyLM 1.3B — first layer,NA,NA
-1.384379029298325,0.6412699057169653,16.2818609729136,6.870264856271882,1.868835490494456,-3.476343845759669,1.7940709196570577,BabyLM 1.3B — first layer,NA,NA
-1.2308617743110852,0.6412699057169653,16.243704094843523,6.870264856271882,1.868835490494456,-3.476343845759669,1.7940709196570577,BabyLM 1.3B — first layer,NA,NA
-1.077344519323846,0.6412699057169653,16.20554721677345,6.870264856271882,1.868835490494456,-3.476343845759669,1.7940709196570577,BabyLM 1.3B — first layer,NA,NA
-0.9238272643366066,0.6412699057169653,16.167390338703377,6.870264856271882,1.868835490494456,-3.476343845759669,1.7940709196570577,BabyLM 1.3B — first layer,NA,NA
-0.7703100093493673,0.6412699057169653,16.129233460633305,6.870264856271882,1.868835490494456,-3.476343845759669,1.7940709196570577,BabyLM 1.3B — first layer,NA,NA
-0.6167927543621281,0.6412699057169653,16.091076582563232,6.870264856271882,1.868835490494456,-3.476343845759669,1.7940709196570577,BabyLM 1.3B — first layer,NA,NA
-0.46327549937488866,0.6412699057169653,16.05291970449316,6.870264856271882,1.868835490494456,-3.476343845759669,1.7940709196570577,BabyLM 1.3B — first layer,NA,NA
-0.30975824438764943,0.6412699057169653,16.014762826423087,6.870264856271882,1.868835490494456,-3.476343845759669,1.7940709196570577,BabyLM 1.3B — first layer,NA,NA
-0.1562409894004102,0.6412699057169653,15.976605948353011,6.870264856271882,1.868835490494456,-3.476343845759669,1.7940709196570577,BabyLM 1.3B — first layer,NA,NA
-0.00272373441317075,0.6412699057169653,15.93844907028294,6.870264856271882,1.868835490494456,-3.476343845759669,1.7940709196570577,BabyLM 1.3B — first layer,NA,NA
0.1507935205740687,0.6412699057169653,15.900292192212866,6.870264856271882,1.868835490494456,-3.476343845759669,1.7940709196570577,BabyLM 1.3B — first layer,NA,NA
0.3043107755613079,0.6412699057169653,15.862135314142794,6.870264856271882,1.868835490494456,-3.476343845759669,1.7940709196570577,BabyLM 1.3B — first layer,NA,NA
0.4578280305485471,0.6412699057169653,15.82397843607272,6.870264856271882,1.868835490494456,-3.476343845759669,1.7940709196570577,BabyLM 1.3B — first layer,NA,NA
0.6113452855357864,0.6412699057169653,15.785821558002649,6.870264856271882,1.868835490494456,-3.476343845759669,1.7940709196570577,BabyLM 1.3B — first layer,NA,NA
0.7648625405230256,0.6412699057169653,15.747664679932576,6.870264856271882,1.868835490494456,-3.476343845759669,1.7940709196570577,BabyLM 1.3B — first layer,NA,NA
0.9183797955102652,0.6412699057169653,15.709507801862502,6.870264856271882,1.868835490494456,-3.476343845759669,1.7940709196570577,BabyLM 1.3B — first layer,NA,NA
1.0718970504975045,0.6412699057169653,15.67135092379243,6.870264856271882,1.868835490494456,-3.476343845759669,1.7940709196570577,BabyLM 1.3B — first layer,NA,NA
1.2254143054847435,0.6412699057169653,15.633194045722355,6.870264856271882,1.868835490494456,-3.476343845759669,1.7940709196570577,BabyLM 1.3B — first layer,NA,NA
1.378931560471983,0.6412699057169653,15.595037167652285,6.870264856271882,1.868835490494456,-3.476343845759669,1.7940709196570577,BabyLM 1.3B — first layer,NA,NA
1.5324488154592222,0.6412699057169653,15.55688028958221,6.870264856271882,1.868835490494456,-3.476343845759669,1.7940709196570577,BabyLM 1.3B — first layer,NA,NA
1.6859660704464614,0.6412699057169653,15.518723411512138,6.870264856271882,1.868835490494456,-3.476343845759669,1.7940709196570577,BabyLM 1.3B — first layer,NA,NA
1.839483325433701,0.6412699057169653,15.480566533442063,6.870264856271882,1.868835490494456,-3.476343845759669,1.7940709196570577,BabyLM 1.3B — first layer,NA,NA
1.9930005804209403,0.6412699057169653,15.442409655371993,6.870264856271882,1.868835490494456,-3.476343845759669,1.7940709196570577,BabyLM 1.3B — first layer,NA,NA
2.14651783540818,0.6412699057169653,15.404252777301918,6.870264856271882,1.868835490494456,-3.476343845759669,1.7940709196570577,BabyLM 1.3B — first layer,NA,NA
2.300035090395419,0.6412699057169653,15.366095899231844,6.870264856271882,1.868835490494456,-3.476343845759669,1.7940709196570577,BabyLM 1.3B — first layer,NA,NA
2.453552345382658,0.6412699057169653,15.327939021161772,6.870264856271882,1.868835490494456,-3.476343845759669,1.7940709196570577,BabyLM 1.3B — first layer,NA,NA
-1.9984480492472816,0.8088544077497914,16.45490484580374,6.870264856271882,1.868835490494456,-3.476343845759669,1.7940709196570577,BabyLM 1.3B — first layer,NA,NA
-1.8449307942600424,0.8088544077497914,16.41604338382067,6.870264856271882,1.868835490494456,-3.476343845759669,1.7940709196570577,BabyLM 1.3B — first layer,NA,NA
-1.6914135392728031,0.8088544077497914,16.3771819218376,6.870264856271882,1.868835490494456,-3.476343845759669,1.7940709196570577,BabyLM 1.3B — first layer,NA,NA
-1.537896284285564,0.8088544077497914,16.338320459854533,6.870264856271882,1.868835490494456,-3.476343845759669,1.7940709196570577,BabyLM 1.3B — first layer,NA,NA
-1.384379029298325,0.8088544077497914,16.29945899787146,6.870264856271882,1.868835490494456,-3.476343845759669,1.7940709196570577,BabyLM 1.3B — first layer,NA,NA
-1.2308617743110852,0.8088544077497914,16.260597535888394,6.870264856271882,1.868835490494456,-3.476343845759669,1.7940709196570577,BabyLM 1.3B — first layer,NA,NA
-1.077344519323846,0.8088544077497914,16.221736073905323,6.870264856271882,1.868835490494456,-3.476343845759669,1.7940709196570577,BabyLM 1.3B — first layer,NA,NA
-0.9238272643366066,0.8088544077497914,16.182874611922255,6.870264856271882,1.868835490494456,-3.476343845759669,1.7940709196570577,BabyLM 1.3B — first layer,NA,NA
-0.7703100093493673,0.8088544077497914,16.144013149939184,6.870264856271882,1.868835490494456,-3.476343845759669,1.7940709196570577,BabyLM 1.3B — first layer,NA,NA
-0.6167927543621281,0.8088544077497914,16.105151687956116,6.870264856271882,1.868835490494456,-3.476343845759669,1.7940709196570577,BabyLM 1.3B — first layer,NA,NA
-0.46327549937488866,0.8088544077497914,16.06629022597305,6.870264856271882,1.868835490494456,-3.476343845759669,1.7940709196570577,BabyLM 1.3B — first layer,NA,NA
-0.30975824438764943,0.8088544077497914,16.027428763989978,6.870264856271882,1.868835490494456,-3.476343845759669,1.7940709196570577,BabyLM 1.3B — first layer,NA,NA
-0.1562409894004102,0.8088544077497914,15.98856730200691,6.870264856271882,1.868835490494456,-3.476343845759669,1.7940709196570577,BabyLM 1.3B — first layer,NA,NA
-0.00272373441317075,0.8088544077497914,15.94970584002384,6.870264856271882,1.868835490494456,-3.476343845759669,1.7940709196570577,BabyLM 1.3B — first layer,NA,NA
0.1507935205740687,0.8088544077497914,15.910844378040771,6.870264856271882,1.868835490494456,-3.476343845759669,1.7940709196570577,BabyLM 1.3B — first layer,NA,NA
0.3043107755613079,0.8088544077497914,15.871982916057702,6.870264856271882,1.868835490494456,-3.476343845759669,1.7940709196570577,BabyLM 1.3B — first layer,NA,NA
0.4578280305485471,0.8088544077497914,15.833121454074632,6.870264856271882,1.868835490494456,-3.476343845759669,1.7940709196570577,BabyLM 1.3B — first layer,NA,NA
0.6113452855357864,0.8088544077497914,15.794259992091565,6.870264856271882,1.868835490494456,-3.476343845759669,1.7940709196570577,BabyLM 1.3B — first layer,NA,NA
0.7648625405230256,0.8088544077497914,15.755398530108494,6.870264856271882,1.868835490494456,-3.476343845759669,1.7940709196570577,BabyLM 1.3B — first layer,NA,NA
0.9183797955102652,0.8088544077497914,15.716537068125424,6.870264856271882,1.868835490494456,-3.476343845759669,1.7940709196570577,BabyLM 1.3B — first layer,NA,NA
1.0718970504975045,0.8088544077497914,15.677675606142357,6.870264856271882,1.868835490494456,-3.476343845759669,1.7940709196570577,BabyLM 1.3B — first layer,NA,NA
1.2254143054847435,0.8088544077497914,15.638814144159287,6.870264856271882,1.868835490494456,-3.476343845759669,1.7940709196570577,BabyLM 1.3B — first layer,NA,NA
1.378931560471983,0.8088544077497914,15.599952682176218,6.870264856271882,1.868835490494456,-3.476343845759669,1.7940709196570577,BabyLM 1.3B — first layer,NA,NA
1.5324488154592222,0.8088544077497914,15.561091220193148,6.870264856271882,1.868835490494456,-3.476343845759669,1.7940709196570577,BabyLM 1.3B — first layer,NA,NA
1.6859660704464614,0.8088544077497914,15.52222975821008,6.870264856271882,1.868835490494456,-3.476343845759669,1.7940709196570577,BabyLM 1.3B — first layer,NA,NA
1.839483325433701,0.8088544077497914,15.48336829622701,6.870264856271882,1.868835490494456,-3.476343845759669,1.7940709196570577,BabyLM 1.3B — first layer,NA,NA
1.9930005804209403,0.8088544077497914,15.44450683424394,6.870264856271882,1.868835490494456,-3.476343845759669,1.7940709196570577,BabyLM 1.3B — first layer,NA,NA
2.14651783540818,0.8088544077497914,15.405645372260873,6.870264856271882,1.868835490494456,-3.476343845759669,1.7940709196570577,BabyLM 1.3B — first layer,NA,NA
2.300035090395419,0.8088544077497914,15.366783910277803,6.870264856271882,1.868835490494456,-3.476343845759669,1.7940709196570577,BabyLM 1.3B — first layer,NA,NA
2.453552345382658,0.8088544077497914,15.327922448294734,6.870264856271882,1.868835490494456,-3.476343845759669,1.7940709196570577,BabyLM 1.3B — first layer,NA,NA
-1.9984480492472816,0.976438909782618,16.47532120641359,6.870264856271882,1.868835490494456,-3.476343845759669,1.7940709196570577,BabyLM 1.3B — first layer,NA,NA
-1.8449307942600424,0.976438909782618,16.435755160517523,6.870264856271882,1.868835490494456,-3.476343845759669,1.7940709196570577,BabyLM 1.3B — first layer,NA,NA
-1.6914135392728031,0.976438909782618,16.396189114621457,6.870264856271882,1.868835490494456,-3.476343845759669,1.7940709196570577,BabyLM 1.3B — first layer,NA,NA
-1.537896284285564,0.976438909782618,16.356623068725394,6.870264856271882,1.868835490494456,-3.476343845759669,1.7940709196570577,BabyLM 1.3B — first layer,NA,NA
-1.384379029298325,0.976438909782618,16.317057022829328,6.870264856271882,1.868835490494456,-3.476343845759669,1.7940709196570577,BabyLM 1.3B — first layer,NA,NA
-1.2308617743110852,0.976438909782618,16.27749097693326,6.870264856271882,1.868835490494456,-3.476343845759669,1.7940709196570577,BabyLM 1.3B — first layer,NA,NA
-1.077344519323846,0.976438909782618,16.237924931037195,6.870264856271882,1.868835490494456,-3.476343845759669,1.7940709196570577,BabyLM 1.3B — first layer,NA,NA
-0.9238272643366066,0.976438909782618,16.198358885141133,6.870264856271882,1.868835490494456,-3.476343845759669,1.7940709196570577,BabyLM 1.3B — first layer,NA,NA
-0.7703100093493673,0.976438909782618,16.158792839245066,6.870264856271882,1.868835490494456,-3.476343845759669,1.7940709196570577,BabyLM 1.3B — first layer,NA,NA
-0.6167927543621281,0.976438909782618,16.119226793349,6.870264856271882,1.868835490494456,-3.476343845759669,1.7940709196570577,BabyLM 1.3B — first layer,NA,NA
-0.46327549937488866,0.976438909782618,16.079660747452937,6.870264856271882,1.868835490494456,-3.476343845759669,1.7940709196570577,BabyLM 1.3B — first layer,NA,NA
-0.30975824438764943,0.976438909782618,16.04009470155687,6.870264856271882,1.868835490494456,-3.476343845759669,1.7940709196570577,BabyLM 1.3B — first layer,NA,NA
-0.1562409894004102,0.976438909782618,16.000528655660805,6.870264856271882,1.868835490494456,-3.476343845759669,1.7940709196570577,BabyLM 1.3B — first layer,NA,NA
-0.00272373441317075,0.976438909782618,15.96096260976474,6.870264856271882,1.868835490494456,-3.476343845759669,1.7940709196570577,BabyLM 1.3B — first layer,NA,NA
0.1507935205740687,0.976438909782618,15.921396563868674,6.870264856271882,1.868835490494456,-3.476343845759669,1.7940709196570577,BabyLM 1.3B — first layer,NA,NA
0.3043107755613079,0.976438909782618,15.88183051797261,6.870264856271882,1.868835490494456,-3.476343845759669,1.7940709196570577,BabyLM 1.3B — first layer,NA,NA
0.4578280305485471,0.976438909782618,15.842264472076543,6.870264856271882,1.868835490494456,-3.476343845759669,1.7940709196570577,BabyLM 1.3B — first layer,NA,NA
0.6113452855357864,0.976438909782618,15.80269842618048,6.870264856271882,1.868835490494456,-3.476343845759669,1.7940709196570577,BabyLM 1.3B — first layer,NA,NA
0.7648625405230256,0.976438909782618,15.763132380284414,6.870264856271882,1.868835490494456,-3.476343845759669,1.7940709196570577,BabyLM 1.3B — first layer,NA,NA
0.9183797955102652,0.976438909782618,15.723566334388348,6.870264856271882,1.868835490494456,-3.476343845759669,1.7940709196570577,BabyLM 1.3B — first layer,NA,NA
1.0718970504975045,0.976438909782618,15.684000288492284,6.870264856271882,1.868835490494456,-3.476343845759669,1.7940709196570577,BabyLM 1.3B — first layer,NA,NA
1.2254143054847435,0.976438909782618,15.644434242596216,6.870264856271882,1.868835490494456,-3.476343845759669,1.7940709196570577,BabyLM 1.3B — first layer,NA,NA
1.378931560471983,0.976438909782618,15.604868196700153,6.870264856271882,1.868835490494456,-3.476343845759669,1.7940709196570577,BabyLM 1.3B — first layer,NA,NA
1.5324488154592222,0.976438909782618,15.565302150804088,6.870264856271882,1.868835490494456,-3.476343845759669,1.7940709196570577,BabyLM 1.3B — first layer,NA,NA
1.6859660704464614,0.976438909782618,15.525736104908022,6.870264856271882,1.868835490494456,-3.476343845759669,1.7940709196570577,BabyLM 1.3B — first layer,NA,NA
1.839483325433701,0.976438909782618,15.486170059011956,6.870264856271882,1.868835490494456,-3.476343845759669,1.7940709196570577,BabyLM 1.3B — first layer,NA,NA
1.9930005804209403,0.976438909782618,15.446604013115891,6.870264856271882,1.868835490494456,-3.476343845759669,1.7940709196570577,BabyLM 1.3B — first layer,NA,NA
2.14651783540818,0.976438909782618,15.407037967219823,6.870264856271882,1.868835490494456,-3.476343845759669,1.7940709196570577,BabyLM 1.3B — first layer,NA,NA
2.300035090395419,0.976438909782618,15.36747192132376,6.870264856271882,1.868835490494456,-3.476343845759669,1.7940709196570577,BabyLM 1.3B — first layer,NA,NA
2.453552345382658,0.976438909782618,15.327905875427696,6.870264856271882,1.868835490494456,-3.476343845759669,1.7940709196570577,BabyLM 1.3B — first layer,NA,NA
-1.9984480492472816,1.1440234118154442,16.49573756702344,6.870264856271882,1.868835490494456,-3.476343845759669,1.7940709196570577,BabyLM 1.3B — first layer,NA,NA
-1.8449307942600424,1.1440234118154442,16.45546693721438,6.870264856271882,1.868835490494456,-3.476343845759669,1.7940709196570577,BabyLM 1.3B — first layer,NA,NA
-1.6914135392728031,1.1440234118154442,16.415196307405317,6.870264856271882,1.868835490494456,-3.476343845759669,1.7940709196570577,BabyLM 1.3B — first layer,NA,NA
-1.537896284285564,1.1440234118154442,16.374925677596256,6.870264856271882,1.868835490494456,-3.476343845759669,1.7940709196570577,BabyLM 1.3B — first layer,NA,NA
-1.384379029298325,1.1440234118154442,16.334655047787194,6.870264856271882,1.868835490494456,-3.476343845759669,1.7940709196570577,BabyLM 1.3B — first layer,NA,NA
-1.2308617743110852,1.1440234118154442,16.294384417978133,6.870264856271882,1.868835490494456,-3.476343845759669,1.7940709196570577,BabyLM 1.3B — first layer,NA,NA
-1.077344519323846,1.1440234118154442,16.25411378816907,6.870264856271882,1.868835490494456,-3.476343845759669,1.7940709196570577,BabyLM 1.3B — first layer,NA,NA
-0.9238272643366066,1.1440234118154442,16.21384315836001,6.870264856271882,1.868835490494456,-3.476343845759669,1.7940709196570577,BabyLM 1.3B — first layer,NA,NA
-0.7703100093493673,1.1440234118154442,16.17357252855095,6.870264856271882,1.868835490494456,-3.476343845759669,1.7940709196570577,BabyLM 1.3B — first layer,NA,NA
-0.6167927543621281,1.1440234118154442,16.133301898741887,6.870264856271882,1.868835490494456,-3.476343845759669,1.7940709196570577,BabyLM 1.3B — first layer,NA,NA
-0.46327549937488866,1.1440234118154442,16.093031268932823,6.870264856271882,1.868835490494456,-3.476343845759669,1.7940709196570577,BabyLM 1.3B — first layer,NA,NA
-0.30975824438764943,1.1440234118154442,16.05276063912376,6.870264856271882,1.868835490494456,-3.476343845759669,1.7940709196570577,BabyLM 1.3B — first layer,NA,NA
-0.1562409894004102,1.1440234118154442,16.0124900093147,6.870264856271882,1.868835490494456,-3.476343845759669,1.7940709196570577,BabyLM 1.3B — first layer,NA,NA
-0.00272373441317075,1.1440234118154442,15.97221937950564,6.870264856271882,1.868835490494456,-3.476343845759669,1.7940709196570577,BabyLM 1.3B — first layer,NA,NA
0.1507935205740687,1.1440234118154442,15.93194874969658,6.870264856271882,1.868835490494456,-3.476343845759669,1.7940709196570577,BabyLM 1.3B — first layer,NA,NA
0.3043107755613079,1.1440234118154442,15.891678119887516,6.870264856271882,1.868835490494456,-3.476343845759669,1.7940709196570577,BabyLM 1.3B — first layer,NA,NA
0.4578280305485471,1.1440234118154442,15.851407490078456,6.870264856271882,1.868835490494456,-3.476343845759669,1.7940709196570577,BabyLM 1.3B — first layer,NA,NA
0.6113452855357864,1.1440234118154442,15.811136860269396,6.870264856271882,1.868835490494456,-3.476343845759669,1.7940709196570577,BabyLM 1.3B — first layer,NA,NA
0.7648625405230256,1.1440234118154442,15.770866230460332,6.870264856271882,1.868835490494456,-3.476343845759669,1.7940709196570577,BabyLM 1.3B — first layer,NA,NA
0.9183797955102652,1.1440234118154442,15.730595600651272,6.870264856271882,1.868835490494456,-3.476343845759669,1.7940709196570577,BabyLM 1.3B — first layer,NA,NA
1.0718970504975045,1.1440234118154442,15.69032497084221,6.870264856271882,1.868835490494456,-3.476343845759669,1.7940709196570577,BabyLM 1.3B — first layer,NA,NA
1.2254143054847435,1.1440234118154442,15.65005434103315,6.870264856271882,1.868835490494456,-3.476343845759669,1.7940709196570577,BabyLM 1.3B — first layer,NA,NA
1.378931560471983,1.1440234118154442,15.609783711224086,6.870264856271882,1.868835490494456,-3.476343845759669,1.7940709196570577,BabyLM 1.3B — first layer,NA,NA
1.5324488154592222,1.1440234118154442,15.569513081415025,6.870264856271882,1.868835490494456,-3.476343845759669,1.7940709196570577,BabyLM 1.3B — first layer,NA,NA
1.6859660704464614,1.1440234118154442,15.529242451605963,6.870264856271882,1.868835490494456,-3.476343845759669,1.7940709196570577,BabyLM 1.3B — first layer,NA,NA
1.839483325433701,1.1440234118154442,15.488971821796902,6.870264856271882,1.868835490494456,-3.476343845759669,1.7940709196570577,BabyLM 1.3B — first layer,NA,NA
1.9930005804209403,1.1440234118154442,15.44870119198784,6.870264856271882,1.868835490494456,-3.476343845759669,1.7940709196570577,BabyLM 1.3B — first layer,NA,NA
2.14651783540818,1.1440234118154442,15.40843056217878,6.870264856271882,1.868835490494456,-3.476343845759669,1.7940709196570577,BabyLM 1.3B — first layer,NA,NA
2.300035090395419,1.1440234118154442,15.368159932369718,6.870264856271882,1.868835490494456,-3.476343845759669,1.7940709196570577,BabyLM 1.3B — first layer,NA,NA
2.453552345382658,1.1440234118154442,15.327889302560656,6.870264856271882,1.868835490494456,-3.476343845759669,1.7940709196570577,BabyLM 1.3B — first layer,NA,NA
-1.9984480492472816,1.3116079138482704,16.51615392763329,6.870264856271882,1.868835490494456,-3.476343845759669,1.7940709196570577,BabyLM 1.3B — first layer,NA,NA
-1.8449307942600424,1.3116079138482704,16.47517871391123,6.870264856271882,1.868835490494456,-3.476343845759669,1.7940709196570577,BabyLM 1.3B — first layer,NA,NA
-1.6914135392728031,1.3116079138482704,16.434203500189174,6.870264856271882,1.868835490494456,-3.476343845759669,1.7940709196570577,BabyLM 1.3B — first layer,NA,NA
-1.537896284285564,1.3116079138482704,16.393228286467117,6.870264856271882,1.868835490494456,-3.476343845759669,1.7940709196570577,BabyLM 1.3B — first layer,NA,NA
-1.384379029298325,1.3116079138482704,16.352253072745057,6.870264856271882,1.868835490494456,-3.476343845759669,1.7940709196570577,BabyLM 1.3B — first layer,NA,NA
-1.2308617743110852,1.3116079138482704,16.311277859023,6.870264856271882,1.868835490494456,-3.476343845759669,1.7940709196570577,BabyLM 1.3B — first layer,NA,NA
-1.077344519323846,1.3116079138482704,16.270302645300944,6.870264856271882,1.868835490494456,-3.476343845759669,1.7940709196570577,BabyLM 1.3B — first layer,NA,NA
-0.9238272643366066,1.3116079138482704,16.229327431578884,6.870264856271882,1.868835490494456,-3.476343845759669,1.7940709196570577,BabyLM 1.3B — first layer,NA,NA
-0.7703100093493673,1.3116079138482704,16.188352217856828,6.870264856271882,1.868835490494456,-3.476343845759669,1.7940709196570577,BabyLM 1.3B — first layer,NA,NA
-0.6167927543621281,1.3116079138482704,16.14737700413477,6.870264856271882,1.868835490494456,-3.476343845759669,1.7940709196570577,BabyLM 1.3B — first layer,NA,NA
-0.46327549937488866,1.3116079138482704,16.10640179041271,6.870264856271882,1.868835490494456,-3.476343845759669,1.7940709196570577,BabyLM 1.3B — first layer,NA,NA
-0.30975824438764943,1.3116079138482704,16.065426576690655,6.870264856271882,1.868835490494456,-3.476343845759669,1.7940709196570577,BabyLM 1.3B — first layer,NA,NA
-0.1562409894004102,1.3116079138482704,16.0244513629686,6.870264856271882,1.868835490494456,-3.476343845759669,1.7940709196570577,BabyLM 1.3B — first layer,NA,NA
-0.00272373441317075,1.3116079138482704,15.98347614924654,6.870264856271882,1.868835490494456,-3.476343845759669,1.7940709196570577,BabyLM 1.3B — first layer,NA,NA
0.1507935205740687,1.3116079138482704,15.942500935524482,6.870264856271882,1.868835490494456,-3.476343845759669,1.7940709196570577,BabyLM 1.3B — first layer,NA,NA
0.3043107755613079,1.3116079138482704,15.901525721802424,6.870264856271882,1.868835490494456,-3.476343845759669,1.7940709196570577,BabyLM 1.3B — first layer,NA,NA
0.4578280305485471,1.3116079138482704,15.860550508080369,6.870264856271882,1.868835490494456,-3.476343845759669,1.7940709196570577,BabyLM 1.3B — first layer,NA,NA
0.6113452855357864,1.3116079138482704,15.819575294358309,6.870264856271882,1.868835490494456,-3.476343845759669,1.7940709196570577,BabyLM 1.3B — first layer,NA,NA
0.7648625405230256,1.3116079138482704,15.778600080636252,6.870264856271882,1.868835490494456,-3.476343845759669,1.7940709196570577,BabyLM 1.3B — first layer,NA,NA
0.9183797955102652,1.3116079138482704,15.737624866914194,6.870264856271882,1.868835490494456,-3.476343845759669,1.7940709196570577,BabyLM 1.3B — first layer,NA,NA
1.0718970504975045,1.3116079138482704,15.696649653192136,6.870264856271882,1.868835490494456,-3.476343845759669,1.7940709196570577,BabyLM 1.3B — first layer,NA,NA
1.2254143054847435,1.3116079138482704,15.65567443947008,6.870264856271882,1.868835490494456,-3.476343845759669,1.7940709196570577,BabyLM 1.3B — first layer,NA,NA
1.378931560471983,1.3116079138482704,15.61469922574802,6.870264856271882,1.868835490494456,-3.476343845759669,1.7940709196570577,BabyLM 1.3B — first layer,NA,NA
1.5324488154592222,1.3116079138482704,15.573724012025965,6.870264856271882,1.868835490494456,-3.476343845759669,1.7940709196570577,BabyLM 1.3B — first layer,NA,NA
1.6859660704464614,1.3116079138482704,15.532748798303906,6.870264856271882,1.868835490494456,-3.476343845759669,1.7940709196570577,BabyLM 1.3B — first layer,NA,NA
1.839483325433701,1.3116079138482704,15.491773584581848,6.870264856271882,1.868835490494456,-3.476343845759669,1.7940709196570577,BabyLM 1.3B — first layer,NA,NA
1.9930005804209403,1.3116079138482704,15.450798370859792,6.870264856271882,1.868835490494456,-3.476343845759669,1.7940709196570577,BabyLM 1.3B — first layer,NA,NA
2.14651783540818,1.3116079138482704,15.409823157137732,6.870264856271882,1.868835490494456,-3.476343845759669,1.7940709196570577,BabyLM 1.3B — first layer,NA,NA
2.300035090395419,1.3116079138482704,15.368847943415677,6.870264856271882,1.868835490494456,-3.476343845759669,1.7940709196570577,BabyLM 1.3B — first layer,NA,NA
2.453552345382658,1.3116079138482704,15.32787272969362,6.870264856271882,1.868835490494456,-3.476343845759669,1.7940709196570577,BabyLM 1.3B — first layer,NA,NA
-1.9984480492472816,1.479192415881097,16.536570288243137,6.870264856271882,1.868835490494456,-3.476343845759669,1.7940709196570577,BabyLM 1.3B — first layer,NA,NA
-1.8449307942600424,1.479192415881097,16.494890490608086,6.870264856271882,1.868835490494456,-3.476343845759669,1.7940709196570577,BabyLM 1.3B — first layer,NA,NA
-1.6914135392728031,1.479192415881097,16.45321069297303,6.870264856271882,1.868835490494456,-3.476343845759669,1.7940709196570577,BabyLM 1.3B — first layer,NA,NA
-1.537896284285564,1.479192415881097,16.41153089533798,6.870264856271882,1.868835490494456,-3.476343845759669,1.7940709196570577,BabyLM 1.3B — first layer,NA,NA
-1.384379029298325,1.479192415881097,16.369851097702924,6.870264856271882,1.868835490494456,-3.476343845759669,1.7940709196570577,BabyLM 1.3B — first layer,NA,NA
-1.2308617743110852,1.479192415881097,16.32817130006787,6.870264856271882,1.868835490494456,-3.476343845759669,1.7940709196570577,BabyLM 1.3B — first layer,NA,NA
-1.077344519323846,1.479192415881097,16.286491502432817,6.870264856271882,1.868835490494456,-3.476343845759669,1.7940709196570577,BabyLM 1.3B — first layer,NA,NA
-0.9238272643366066,1.479192415881097,16.244811704797762,6.870264856271882,1.868835490494456,-3.476343845759669,1.7940709196570577,BabyLM 1.3B — first layer,NA,NA
-0.7703100093493673,1.479192415881097,16.20313190716271,6.870264856271882,1.868835490494456,-3.476343845759669,1.7940709196570577,BabyLM 1.3B — first layer,NA,NA
-0.6167927543621281,1.479192415881097,16.161452109527655,6.870264856271882,1.868835490494456,-3.476343845759669,1.7940709196570577,BabyLM 1.3B — first layer,NA,NA
-0.46327549937488866,1.479192415881097,16.1197723118926,6.870264856271882,1.868835490494456,-3.476343845759669,1.7940709196570577,BabyLM 1.3B — first layer,NA,NA
-0.30975824438764943,1.479192415881097,16.07809251425755,6.870264856271882,1.868835490494456,-3.476343845759669,1.7940709196570577,BabyLM 1.3B — first layer,NA,NA
-0.1562409894004102,1.479192415881097,16.036412716622493,6.870264856271882,1.868835490494456,-3.476343845759669,1.7940709196570577,BabyLM 1.3B — first layer,NA,NA
-0.00272373441317075,1.479192415881097,15.99473291898744,6.870264856271882,1.868835490494456,-3.476343845759669,1.7940709196570577,BabyLM 1.3B — first layer,NA,NA
0.1507935205740687,1.479192415881097,15.953053121352388,6.870264856271882,1.868835490494456,-3.476343845759669,1.7940709196570577,BabyLM 1.3B — first layer,NA,NA
0.3043107755613079,1.479192415881097,15.911373323717331,6.870264856271882,1.868835490494456,-3.476343845759669,1.7940709196570577,BabyLM 1.3B — first layer,NA,NA
0.4578280305485471,1.479192415881097,15.869693526082278,6.870264856271882,1.868835490494456,-3.476343845759669,1.7940709196570577,BabyLM 1.3B — first layer,NA,NA
0.6113452855357864,1.479192415881097,15.828013728447225,6.870264856271882,1.868835490494456,-3.476343845759669,1.7940709196570577,BabyLM 1.3B — first layer,NA,NA
0.7648625405230256,1.479192415881097,15.786333930812171,6.870264856271882,1.868835490494456,-3.476343845759669,1.7940709196570577,BabyLM 1.3B — first layer,NA,NA
0.9183797955102652,1.479192415881097,15.744654133177118,6.870264856271882,1.868835490494456,-3.476343845759669,1.7940709196570577,BabyLM 1.3B — first layer,NA,NA
1.0718970504975045,1.479192415881097,15.702974335542065,6.870264856271882,1.868835490494456,-3.476343845759669,1.7940709196570577,BabyLM 1.3B — first layer,NA,NA
1.2254143054847435,1.479192415881097,15.66129453790701,6.870264856271882,1.868835490494456,-3.476343845759669,1.7940709196570577,BabyLM 1.3B — first layer,NA,NA
1.378931560471983,1.479192415881097,15.619614740271956,6.870264856271882,1.868835490494456,-3.476343845759669,1.7940709196570577,BabyLM 1.3B — first layer,NA,NA
1.5324488154592222,1.479192415881097,15.577934942636904,6.870264856271882,1.868835490494456,-3.476343845759669,1.7940709196570577,BabyLM 1.3B — first layer,NA,NA
1.6859660704464614,1.479192415881097,15.53625514500185,6.870264856271882,1.868835490494456,-3.476343845759669,1.7940709196570577,BabyLM 1.3B — first layer,NA,NA
1.839483325433701,1.479192415881097,15.494575347366794,6.870264856271882,1.868835490494456,-3.476343845759669,1.7940709196570577,BabyLM 1.3B — first layer,NA,NA
1.9930005804209403,1.479192415881097,15.45289554973174,6.870264856271882,1.868835490494456,-3.476343845759669,1.7940709196570577,BabyLM 1.3B — first layer,NA,NA
2.14651783540818,1.479192415881097,15.411215752096687,6.870264856271882,1.868835490494456,-3.476343845759669,1.7940709196570577,BabyLM 1.3B — first layer,NA,NA
2.300035090395419,1.479192415881097,15.369535954461634,6.870264856271882,1.868835490494456,-3.476343845759669,1.7940709196570577,BabyLM 1.3B — first layer,NA,NA
2.453552345382658,1.479192415881097,15.32785615682658,6.870264856271882,1.868835490494456,-3.476343845759669,1.7940709196570577,BabyLM 1.3B — first layer,NA,NA
-1.9984480492472816,1.6467769179139229,16.556986648852988,6.870264856271882,1.868835490494456,-3.476343845759669,1.7940709196570577,BabyLM 1.3B — first layer,NA,NA
-1.8449307942600424,1.6467769179139229,16.514602267304937,6.870264856271882,1.868835490494456,-3.476343845759669,1.7940709196570577,BabyLM 1.3B — first layer,NA,NA
-1.6914135392728031,1.6467769179139229,16.47221788575689,6.870264856271882,1.868835490494456,-3.476343845759669,1.7940709196570577,BabyLM 1.3B — first layer,NA,NA
-1.537896284285564,1.6467769179139229,16.42983350420884,6.870264856271882,1.868835490494456,-3.476343845759669,1.7940709196570577,BabyLM 1.3B — first layer,NA,NA
-1.384379029298325,1.6467769179139229,16.38744912266079,6.870264856271882,1.868835490494456,-3.476343845759669,1.7940709196570577,BabyLM 1.3B — first layer,NA,NA
-1.2308617743110852,1.6467769179139229,16.34506474111274,6.870264856271882,1.868835490494456,-3.476343845759669,1.7940709196570577,BabyLM 1.3B — first layer,NA,NA
-1.077344519323846,1.6467769179139229,16.30268035956469,6.870264856271882,1.868835490494456,-3.476343845759669,1.7940709196570577,BabyLM 1.3B — first layer,NA,NA
-0.9238272643366066,1.6467769179139229,16.26029597801664,6.870264856271882,1.868835490494456,-3.476343845759669,1.7940709196570577,BabyLM 1.3B — first layer,NA,NA
-0.7703100093493673,1.6467769179139229,16.21791159646859,6.870264856271882,1.868835490494456,-3.476343845759669,1.7940709196570577,BabyLM 1.3B — first layer,NA,NA
-0.6167927543621281,1.6467769179139229,16.17552721492054,6.870264856271882,1.868835490494456,-3.476343845759669,1.7940709196570577,BabyLM 1.3B — first layer,NA,NA
-0.46327549937488866,1.6467769179139229,16.13314283337249,6.870264856271882,1.868835490494456,-3.476343845759669,1.7940709196570577,BabyLM 1.3B — first layer,NA,NA
-0.30975824438764943,1.6467769179139229,16.09075845182444,6.870264856271882,1.868835490494456,-3.476343845759669,1.7940709196570577,BabyLM 1.3B — first layer,NA,NA
-0.1562409894004102,1.6467769179139229,16.048374070276388,6.870264856271882,1.868835490494456,-3.476343845759669,1.7940709196570577,BabyLM 1.3B — first layer,NA,NA
-0.00272373441317075,1.6467769179139229,16.00598968872834,6.870264856271882,1.868835490494456,-3.476343845759669,1.7940709196570577,BabyLM 1.3B — first layer,NA,NA
0.1507935205740687,1.6467769179139229,15.96360530718029,6.870264856271882,1.868835490494456,-3.476343845759669,1.7940709196570577,BabyLM 1.3B — first layer,NA,NA
0.3043107755613079,1.6467769179139229,15.92122092563224,6.870264856271882,1.868835490494456,-3.476343845759669,1.7940709196570577,BabyLM 1.3B — first layer,NA,NA
0.4578280305485471,1.6467769179139229,15.87883654408419,6.870264856271882,1.868835490494456,-3.476343845759669,1.7940709196570577,BabyLM 1.3B — first layer,NA,NA
0.6113452855357864,1.6467769179139229,15.83645216253614,6.870264856271882,1.868835490494456,-3.476343845759669,1.7940709196570577,BabyLM 1.3B — first layer,NA,NA
0.7648625405230256,1.6467769179139229,15.79406778098809,6.870264856271882,1.868835490494456,-3.476343845759669,1.7940709196570577,BabyLM 1.3B — first layer,NA,NA
0.9183797955102652,1.6467769179139229,15.75168339944004,6.870264856271882,1.868835490494456,-3.476343845759669,1.7940709196570577,BabyLM 1.3B — first layer,NA,NA
1.0718970504975045,1.6467769179139229,15.70929901789199,6.870264856271882,1.868835490494456,-3.476343845759669,1.7940709196570577,BabyLM 1.3B — first layer,NA,NA
1.2254143054847435,1.6467769179139229,15.66691463634394,6.870264856271882,1.868835490494456,-3.476343845759669,1.7940709196570577,BabyLM 1.3B — first layer,NA,NA
1.378931560471983,1.6467769179139229,15.624530254795893,6.870264856271882,1.868835490494456,-3.476343845759669,1.7940709196570577,BabyLM 1.3B — first layer,NA,NA
1.5324488154592222,1.6467769179139229,15.58214587324784,6.870264856271882,1.868835490494456,-3.476343845759669,1.7940709196570577,BabyLM 1.3B — first layer,NA,NA
1.6859660704464614,1.6467769179139229,15.53976149169979,6.870264856271882,1.868835490494456,-3.476343845759669,1.7940709196570577,BabyLM 1.3B — first layer,NA,NA
1.839483325433701,1.6467769179139229,15.49737711015174,6.870264856271882,1.868835490494456,-3.476343845759669,1.7940709196570577,BabyLM 1.3B — first layer,NA,NA
1.9930005804209403,1.6467769179139229,15.454992728603692,6.870264856271882,1.868835490494456,-3.476343845759669,1.7940709196570577,BabyLM 1.3B — first layer,NA,NA
2.14651783540818,1.6467769179139229,15.412608347055642,6.870264856271882,1.868835490494456,-3.476343845759669,1.7940709196570577,BabyLM 1.3B — first layer,NA,NA
2.300035090395419,1.6467769179139229,15.370223965507591,6.870264856271882,1.868835490494456,-3.476343845759669,1.7940709196570577,BabyLM 1.3B — first layer,NA,NA
2.453552345382658,1.6467769179139229,15.32783958395954,6.870264856271882,1.868835490494456,-3.476343845759669,1.7940709196570577,BabyLM 1.3B — first layer,NA,NA
-1.9984480492472816,1.8143614199467493,16.577403009462838,6.870264856271882,1.868835490494456,-3.476343845759669,1.7940709196570577,BabyLM 1.3B — first layer,NA,NA
-1.8449307942600424,1.8143614199467493,16.534314044001793,6.870264856271882,1.868835490494456,-3.476343845759669,1.7940709196570577,BabyLM 1.3B — first layer,NA,NA
-1.6914135392728031,1.8143614199467493,16.491225078540747,6.870264856271882,1.868835490494456,-3.476343845759669,1.7940709196570577,BabyLM 1.3B — first layer,NA,NA
-1.537896284285564,1.8143614199467493,16.448136113079702,6.870264856271882,1.868835490494456,-3.476343845759669,1.7940709196570577,BabyLM 1.3B — first layer,NA,NA
-1.384379029298325,1.8143614199467493,16.405047147618653,6.870264856271882,1.868835490494456,-3.476343845759669,1.7940709196570577,BabyLM 1.3B — first layer,NA,NA
-1.2308617743110852,1.8143614199467493,16.361958182157608,6.870264856271882,1.868835490494456,-3.476343845759669,1.7940709196570577,BabyLM 1.3B — first layer,NA,NA
-1.077344519323846,1.8143614199467493,16.318869216696562,6.870264856271882,1.868835490494456,-3.476343845759669,1.7940709196570577,BabyLM 1.3B — first layer,NA,NA
-0.9238272643366066,1.8143614199467493,16.275780251235517,6.870264856271882,1.868835490494456,-3.476343845759669,1.7940709196570577,BabyLM 1.3B — first layer,NA,NA
-0.7703100093493673,1.8143614199467493,16.23269128577447,6.870264856271882,1.868835490494456,-3.476343845759669,1.7940709196570577,BabyLM 1.3B — first layer,NA,NA
-0.6167927543621281,1.8143614199467493,16.189602320313423,6.870264856271882,1.868835490494456,-3.476343845759669,1.7940709196570577,BabyLM 1.3B — first layer,NA,NA
-0.46327549937488866,1.8143614199467493,16.146513354852377,6.870264856271882,1.868835490494456,-3.476343845759669,1.7940709196570577,BabyLM 1.3B — first layer,NA,NA
-0.30975824438764943,1.8143614199467493,16.103424389391332,6.870264856271882,1.868835490494456,-3.476343845759669,1.7940709196570577,BabyLM 1.3B — first layer,NA,NA
-0.1562409894004102,1.8143614199467493,16.060335423930287,6.870264856271882,1.868835490494456,-3.476343845759669,1.7940709196570577,BabyLM 1.3B — first layer,NA,NA
-0.00272373441317075,1.8143614199467493,16.01724645846924,6.870264856271882,1.868835490494456,-3.476343845759669,1.7940709196570577,BabyLM 1.3B — first layer,NA,NA
0.1507935205740687,1.8143614199467493,15.974157493008194,6.870264856271882,1.868835490494456,-3.476343845759669,1.7940709196570577,BabyLM 1.3B — first layer,NA,NA
0.3043107755613079,1.8143614199467493,15.931068527547149,6.870264856271882,1.868835490494456,-3.476343845759669,1.7940709196570577,BabyLM 1.3B — first layer,NA,NA
0.4578280305485471,1.8143614199467493,15.887979562086102,6.870264856271882,1.868835490494456,-3.476343845759669,1.7940709196570577,BabyLM 1.3B — first layer,NA,NA
0.6113452855357864,1.8143614199467493,15.844890596625056,6.870264856271882,1.868835490494456,-3.476343845759669,1.7940709196570577,BabyLM 1.3B — first layer,NA,NA
0.7648625405230256,1.8143614199467493,15.80180163116401,6.870264856271882,1.868835490494456,-3.476343845759669,1.7940709196570577,BabyLM 1.3B — first layer,NA,NA
0.9183797955102652,1.8143614199467493,15.758712665702964,6.870264856271882,1.868835490494456,-3.476343845759669,1.7940709196570577,BabyLM 1.3B — first layer,NA,NA
1.0718970504975045,1.8143614199467493,15.715623700241917,6.870264856271882,1.868835490494456,-3.476343845759669,1.7940709196570577,BabyLM 1.3B — first layer,NA,NA
1.2254143054847435,1.8143614199467493,15.672534734780871,6.870264856271882,1.868835490494456,-3.476343845759669,1.7940709196570577,BabyLM 1.3B — first layer,NA,NA
1.378931560471983,1.8143614199467493,15.629445769319826,6.870264856271882,1.868835490494456,-3.476343845759669,1.7940709196570577,BabyLM 1.3B — first layer,NA,NA
1.5324488154592222,1.8143614199467493,15.58635680385878,6.870264856271882,1.868835490494456,-3.476343845759669,1.7940709196570577,BabyLM 1.3B — first layer,NA,NA
1.6859660704464614,1.8143614199467493,15.543267838397734,6.870264856271882,1.868835490494456,-3.476343845759669,1.7940709196570577,BabyLM 1.3B — first layer,NA,NA
1.839483325433701,1.8143614199467493,15.500178872936688,6.870264856271882,1.868835490494456,-3.476343845759669,1.7940709196570577,BabyLM 1.3B — first layer,NA,NA
1.9930005804209403,1.8143614199467493,15.45708990747564,6.870264856271882,1.868835490494456,-3.476343845759669,1.7940709196570577,BabyLM 1.3B — first layer,NA,NA
2.14651783540818,1.8143614199467493,15.414000942014594,6.870264856271882,1.868835490494456,-3.476343845759669,1.7940709196570577,BabyLM 1.3B — first layer,NA,NA
2.300035090395419,1.8143614199467493,15.370911976553549,6.870264856271882,1.868835490494456,-3.476343845759669,1.7940709196570577,BabyLM 1.3B — first layer,NA,NA
2.453552345382658,1.8143614199467493,15.327823011092503,6.870264856271882,1.868835490494456,-3.476343845759669,1.7940709196570577,BabyLM 1.3B — first layer,NA,NA
-1.9984480492472816,1.981945921979575,16.59781937007269,6.870264856271882,1.868835490494456,-3.476343845759669,1.7940709196570577,BabyLM 1.3B — first layer,NA,NA
-1.8449307942600424,1.981945921979575,16.554025820698648,6.870264856271882,1.868835490494456,-3.476343845759669,1.7940709196570577,BabyLM 1.3B — first layer,NA,NA
-1.6914135392728031,1.981945921979575,16.510232271324604,6.870264856271882,1.868835490494456,-3.476343845759669,1.7940709196570577,BabyLM 1.3B — first layer,NA,NA
-1.537896284285564,1.981945921979575,16.466438721950563,6.870264856271882,1.868835490494456,-3.476343845759669,1.7940709196570577,BabyLM 1.3B — first layer,NA,NA
-1.384379029298325,1.981945921979575,16.42264517257652,6.870264856271882,1.868835490494456,-3.476343845759669,1.7940709196570577,BabyLM 1.3B — first layer,NA,NA
-1.2308617743110852,1.981945921979575,16.37885162320248,6.870264856271882,1.868835490494456,-3.476343845759669,1.7940709196570577,BabyLM 1.3B — first layer,NA,NA
-1.077344519323846,1.981945921979575,16.335058073828435,6.870264856271882,1.868835490494456,-3.476343845759669,1.7940709196570577,BabyLM 1.3B — first layer,NA,NA
-0.9238272643366066,1.981945921979575,16.291264524454395,6.870264856271882,1.868835490494456,-3.476343845759669,1.7940709196570577,BabyLM 1.3B — first layer,NA,NA
-0.7703100093493673,1.981945921979575,16.24747097508035,6.870264856271882,1.868835490494456,-3.476343845759669,1.7940709196570577,BabyLM 1.3B — first layer,NA,NA
-0.6167927543621281,1.981945921979575,16.20367742570631,6.870264856271882,1.868835490494456,-3.476343845759669,1.7940709196570577,BabyLM 1.3B — first layer,NA,NA
-0.46327549937488866,1.981945921979575,16.159883876332266,6.870264856271882,1.868835490494456,-3.476343845759669,1.7940709196570577,BabyLM 1.3B — first layer,NA,NA
-0.30975824438764943,1.981945921979575,16.116090326958226,6.870264856271882,1.868835490494456,-3.476343845759669,1.7940709196570577,BabyLM 1.3B — first layer,NA,NA
-0.1562409894004102,1.981945921979575,16.07229677758418,6.870264856271882,1.868835490494456,-3.476343845759669,1.7940709196570577,BabyLM 1.3B — first layer,NA,NA
-0.00272373441317075,1.981945921979575,16.02850322821014,6.870264856271882,1.868835490494456,-3.476343845759669,1.7940709196570577,BabyLM 1.3B — first layer,NA,NA
0.1507935205740687,1.981945921979575,15.984709678836095,6.870264856271882,1.868835490494456,-3.476343845759669,1.7940709196570577,BabyLM 1.3B — first layer,NA,NA
0.3043107755613079,1.981945921979575,15.940916129462057,6.870264856271882,1.868835490494456,-3.476343845759669,1.7940709196570577,BabyLM 1.3B — first layer,NA,NA
0.4578280305485471,1.981945921979575,15.897122580088013,6.870264856271882,1.868835490494456,-3.476343845759669,1.7940709196570577,BabyLM 1.3B — first layer,NA,NA
0.6113452855357864,1.981945921979575,15.85332903071397,6.870264856271882,1.868835490494456,-3.476343845759669,1.7940709196570577,BabyLM 1.3B — first layer,NA,NA
0.7648625405230256,1.981945921979575,15.809535481339928,6.870264856271882,1.868835490494456,-3.476343845759669,1.7940709196570577,BabyLM 1.3B — first layer,NA,NA
0.9183797955102652,1.981945921979575,15.765741931965886,6.870264856271882,1.868835490494456,-3.476343845759669,1.7940709196570577,BabyLM 1.3B — first layer,NA,NA
1.0718970504975045,1.981945921979575,15.721948382591844,6.870264856271882,1.868835490494456,-3.476343845759669,1.7940709196570577,BabyLM 1.3B — first layer,NA,NA
1.2254143054847435,1.981945921979575,15.678154833217802,6.870264856271882,1.868835490494456,-3.476343845759669,1.7940709196570577,BabyLM 1.3B — first layer,NA,NA
1.378931560471983,1.981945921979575,15.63436128384376,6.870264856271882,1.868835490494456,-3.476343845759669,1.7940709196570577,BabyLM 1.3B — first layer,NA,NA
1.5324488154592222,1.981945921979575,15.590567734469715,6.870264856271882,1.868835490494456,-3.476343845759669,1.7940709196570577,BabyLM 1.3B — first layer,NA,NA
1.6859660704464614,1.981945921979575,15.546774185095677,6.870264856271882,1.868835490494456,-3.476343845759669,1.7940709196570577,BabyLM 1.3B — first layer,NA,NA
1.839483325433701,1.981945921979575,15.502980635721633,6.870264856271882,1.868835490494456,-3.476343845759669,1.7940709196570577,BabyLM 1.3B — first layer,NA,NA
1.9930005804209403,1.981945921979575,15.45918708634759,6.870264856271882,1.868835490494456,-3.476343845759669,1.7940709196570577,BabyLM 1.3B — first layer,NA,NA
2.14651783540818,1.981945921979575,15.415393536973548,6.870264856271882,1.868835490494456,-3.476343845759669,1.7940709196570577,BabyLM 1.3B — first layer,NA,NA
2.300035090395419,1.981945921979575,15.371599987599506,6.870264856271882,1.868835490494456,-3.476343845759669,1.7940709196570577,BabyLM 1.3B — first layer,NA,NA
2.453552345382658,1.981945921979575,15.327806438225464,6.870264856271882,1.868835490494456,-3.476343845759669,1.7940709196570577,BabyLM 1.3B — first layer,NA,NA
-1.9984480492472816,2.1495304240124016,16.61823573068254,6.870264856271882,1.868835490494456,-3.476343845759669,1.7940709196570577,BabyLM 1.3B — first layer,NA,NA
-1.8449307942600424,2.1495304240124016,16.5737375973955,6.870264856271882,1.868835490494456,-3.476343845759669,1.7940709196570577,BabyLM 1.3B — first layer,NA,NA
-1.6914135392728031,2.1495304240124016,16.52923946410846,6.870264856271882,1.868835490494456,-3.476343845759669,1.7940709196570577,BabyLM 1.3B — first layer,NA,NA
-1.537896284285564,2.1495304240124016,16.484741330821425,6.870264856271882,1.868835490494456,-3.476343845759669,1.7940709196570577,BabyLM 1.3B — first layer,NA,NA
-1.384379029298325,2.1495304240124016,16.440243197534386,6.870264856271882,1.868835490494456,-3.476343845759669,1.7940709196570577,BabyLM 1.3B — first layer,NA,NA
-1.2308617743110852,2.1495304240124016,16.395745064247347,6.870264856271882,1.868835490494456,-3.476343845759669,1.7940709196570577,BabyLM 1.3B — first layer,NA,NA
-1.077344519323846,2.1495304240124016,16.351246930960308,6.870264856271882,1.868835490494456,-3.476343845759669,1.7940709196570577,BabyLM 1.3B — first layer,NA,NA
-0.9238272643366066,2.1495304240124016,16.30674879767327,6.870264856271882,1.868835490494456,-3.476343845759669,1.7940709196570577,BabyLM 1.3B — first layer,NA,NA
-0.7703100093493673,2.1495304240124016,16.262250664386233,6.870264856271882,1.868835490494456,-3.476343845759669,1.7940709196570577,BabyLM 1.3B — first layer,NA,NA
-0.6167927543621281,2.1495304240124016,16.217752531099194,6.870264856271882,1.868835490494456,-3.476343845759669,1.7940709196570577,BabyLM 1.3B — first layer,NA,NA
-0.46327549937488866,2.1495304240124016,16.173254397812155,6.870264856271882,1.868835490494456,-3.476343845759669,1.7940709196570577,BabyLM 1.3B — first layer,NA,NA
-0.30975824438764943,2.1495304240124016,16.128756264525116,6.870264856271882,1.868835490494456,-3.476343845759669,1.7940709196570577,BabyLM 1.3B — first layer,NA,NA
-0.1562409894004102,2.1495304240124016,16.084258131238077,6.870264856271882,1.868835490494456,-3.476343845759669,1.7940709196570577,BabyLM 1.3B — first layer,NA,NA
-0.00272373441317075,2.1495304240124016,16.03975999795104,6.870264856271882,1.868835490494456,-3.476343845759669,1.7940709196570577,BabyLM 1.3B — first layer,NA,NA
0.1507935205740687,2.1495304240124016,15.995261864664002,6.870264856271882,1.868835490494456,-3.476343845759669,1.7940709196570577,BabyLM 1.3B — first layer,NA,NA
0.3043107755613079,2.1495304240124016,15.950763731376965,6.870264856271882,1.868835490494456,-3.476343845759669,1.7940709196570577,BabyLM 1.3B — first layer,NA,NA
0.4578280305485471,2.1495304240124016,15.906265598089924,6.870264856271882,1.868835490494456,-3.476343845759669,1.7940709196570577,BabyLM 1.3B — first layer,NA,NA
0.6113452855357864,2.1495304240124016,15.861767464802886,6.870264856271882,1.868835490494456,-3.476343845759669,1.7940709196570577,BabyLM 1.3B — first layer,NA,NA
0.7648625405230256,2.1495304240124016,15.817269331515847,6.870264856271882,1.868835490494456,-3.476343845759669,1.7940709196570577,BabyLM 1.3B — first layer,NA,NA
0.9183797955102652,2.1495304240124016,15.77277119822881,6.870264856271882,1.868835490494456,-3.476343845759669,1.7940709196570577,BabyLM 1.3B — first layer,NA,NA
1.0718970504975045,2.1495304240124016,15.72827306494177,6.870264856271882,1.868835490494456,-3.476343845759669,1.7940709196570577,BabyLM 1.3B — first layer,NA,NA
1.2254143054847435,2.1495304240124016,15.683774931654732,6.870264856271882,1.868835490494456,-3.476343845759669,1.7940709196570577,BabyLM 1.3B — first layer,NA,NA
1.378931560471983,2.1495304240124016,15.639276798367694,6.870264856271882,1.868835490494456,-3.476343845759669,1.7940709196570577,BabyLM 1.3B — first layer,NA,NA
1.5324488154592222,2.1495304240124016,15.594778665080655,6.870264856271882,1.868835490494456,-3.476343845759669,1.7940709196570577,BabyLM 1.3B — first layer,NA,NA
1.6859660704464614,2.1495304240124016,15.550280531793618,6.870264856271882,1.868835490494456,-3.476343845759669,1.7940709196570577,BabyLM 1.3B — first layer,NA,NA
1.839483325433701,2.1495304240124016,15.50578239850658,6.870264856271882,1.868835490494456,-3.476343845759669,1.7940709196570577,BabyLM 1.3B — first layer,NA,NA
1.9930005804209403,2.1495304240124016,15.46128426521954,6.870264856271882,1.868835490494456,-3.476343845759669,1.7940709196570577,BabyLM 1.3B — first layer,NA,NA
2.14651783540818,2.1495304240124016,15.416786131932502,6.870264856271882,1.868835490494456,-3.476343845759669,1.7940709196570577,BabyLM 1.3B — first layer,NA,NA
2.300035090395419,2.1495304240124016,15.372287998645463,6.870264856271882,1.868835490494456,-3.476343845759669,1.7940709196570577,BabyLM 1.3B — first layer,NA,NA
2.453552345382658,2.1495304240124016,15.327789865358426,6.870264856271882,1.868835490494456,-3.476343845759669,1.7940709196570577,BabyLM 1.3B — first layer,NA,NA
-1.9984480492472816,2.3171149260452277,16.63865209129239,6.870264856271882,1.868835490494456,-3.476343845759669,1.7940709196570577,BabyLM 1.3B — first layer,NA,NA
-1.8449307942600424,2.3171149260452277,16.593449374092355,6.870264856271882,1.868835490494456,-3.476343845759669,1.7940709196570577,BabyLM 1.3B — first layer,NA,NA
-1.6914135392728031,2.3171149260452277,16.54824665689232,6.870264856271882,1.868835490494456,-3.476343845759669,1.7940709196570577,BabyLM 1.3B — first layer,NA,NA
-1.537896284285564,2.3171149260452277,16.503043939692287,6.870264856271882,1.868835490494456,-3.476343845759669,1.7940709196570577,BabyLM 1.3B — first layer,NA,NA
-1.384379029298325,2.3171149260452277,16.457841222492252,6.870264856271882,1.868835490494456,-3.476343845759669,1.7940709196570577,BabyLM 1.3B — first layer,NA,NA
-1.2308617743110852,2.3171149260452277,16.412638505292215,6.870264856271882,1.868835490494456,-3.476343845759669,1.7940709196570577,BabyLM 1.3B — first layer,NA,NA
-1.077344519323846,2.3171149260452277,16.36743578809218,6.870264856271882,1.868835490494456,-3.476343845759669,1.7940709196570577,BabyLM 1.3B — first layer,NA,NA
-0.9238272643366066,2.3171149260452277,16.322233070892146,6.870264856271882,1.868835490494456,-3.476343845759669,1.7940709196570577,BabyLM 1.3B — first layer,NA,NA
-0.7703100093493673,2.3171149260452277,16.277030353692112,6.870264856271882,1.868835490494456,-3.476343845759669,1.7940709196570577,BabyLM 1.3B — first layer,NA,NA
-0.6167927543621281,2.3171149260452277,16.231827636492078,6.870264856271882,1.868835490494456,-3.476343845759669,1.7940709196570577,BabyLM 1.3B — first layer,NA,NA
-0.46327549937488866,2.3171149260452277,16.186624919292044,6.870264856271882,1.868835490494456,-3.476343845759669,1.7940709196570577,BabyLM 1.3B — first layer,NA,NA
-0.30975824438764943,2.3171149260452277,16.14142220209201,6.870264856271882,1.868835490494456,-3.476343845759669,1.7940709196570577,BabyLM 1.3B — first layer,NA,NA
-0.1562409894004102,2.3171149260452277,16.096219484891975,6.870264856271882,1.868835490494456,-3.476343845759669,1.7940709196570577,BabyLM 1.3B — first layer,NA,NA
-0.00272373441317075,2.3171149260452277,16.05101676769194,6.870264856271882,1.868835490494456,-3.476343845759669,1.7940709196570577,BabyLM 1.3B — first layer,NA,NA
0.1507935205740687,2.3171149260452277,16.005814050491907,6.870264856271882,1.868835490494456,-3.476343845759669,1.7940709196570577,BabyLM 1.3B — first layer,NA,NA
0.3043107755613079,2.3171149260452277,15.96061133329187,6.870264856271882,1.868835490494456,-3.476343845759669,1.7940709196570577,BabyLM 1.3B — first layer,NA,NA
0.4578280305485471,2.3171149260452277,15.915408616091836,6.870264856271882,1.868835490494456,-3.476343845759669,1.7940709196570577,BabyLM 1.3B — first layer,NA,NA
0.6113452855357864,2.3171149260452277,15.870205898891802,6.870264856271882,1.868835490494456,-3.476343845759669,1.7940709196570577,BabyLM 1.3B — first layer,NA,NA
0.7648625405230256,2.3171149260452277,15.825003181691768,6.870264856271882,1.868835490494456,-3.476343845759669,1.7940709196570577,BabyLM 1.3B — first layer,NA,NA
0.9183797955102652,2.3171149260452277,15.779800464491732,6.870264856271882,1.868835490494456,-3.476343845759669,1.7940709196570577,BabyLM 1.3B — first layer,NA,NA
1.0718970504975045,2.3171149260452277,15.734597747291698,6.870264856271882,1.868835490494456,-3.476343845759669,1.7940709196570577,BabyLM 1.3B — first layer,NA,NA
1.2254143054847435,2.3171149260452277,15.689395030091664,6.870264856271882,1.868835490494456,-3.476343845759669,1.7940709196570577,BabyLM 1.3B — first layer,NA,NA
1.378931560471983,2.3171149260452277,15.64419231289163,6.870264856271882,1.868835490494456,-3.476343845759669,1.7940709196570577,BabyLM 1.3B — first layer,NA,NA
1.5324488154592222,2.3171149260452277,15.598989595691595,6.870264856271882,1.868835490494456,-3.476343845759669,1.7940709196570577,BabyLM 1.3B — first layer,NA,NA
1.6859660704464614,2.3171149260452277,15.55378687849156,6.870264856271882,1.868835490494456,-3.476343845759669,1.7940709196570577,BabyLM 1.3B — first layer,NA,NA
1.839483325433701,2.3171149260452277,15.508584161291523,6.870264856271882,1.868835490494456,-3.476343845759669,1.7940709196570577,BabyLM 1.3B — first layer,NA,NA
1.9930005804209403,2.3171149260452277,15.46338144409149,6.870264856271882,1.868835490494456,-3.476343845759669,1.7940709196570577,BabyLM 1.3B — first layer,NA,NA
2.14651783540818,2.3171149260452277,15.418178726891457,6.870264856271882,1.868835490494456,-3.476343845759669,1.7940709196570577,BabyLM 1.3B — first layer,NA,NA
2.300035090395419,2.3171149260452277,15.372976009691422,6.870264856271882,1.868835490494456,-3.476343845759669,1.7940709196570577,BabyLM 1.3B — first layer,NA,NA
2.453552345382658,2.3171149260452277,15.327773292491388,6.870264856271882,1.868835490494456,-3.476343845759669,1.7940709196570577,BabyLM 1.3B — first layer,NA,NA
-1.9984480492472816,-2.5428356329067325,11.879834805789256,6.870264856271882,1.868835490494456,-3.476343845759669,1.7940709196570577,BabyLM 125M — final layer,10.997577985186396,12.764003687679962
-1.8449307942600424,-2.5428356329067325,11.87877272072548,6.870264856271882,1.868835490494456,-3.476343845759669,1.7940709196570577,BabyLM 125M — final layer,11.056702263633412,12.700568429883454
-1.6914135392728031,-2.5428356329067325,11.877710635661703,6.870264856271882,1.868835490494456,-3.476343845759669,1.7940709196570577,BabyLM 125M — final layer,11.11940549235681,12.63801176105331
-1.537896284285564,-2.5428356329067325,11.876648550597926,6.870264856271882,1.868835490494456,-3.476343845759669,1.7940709196570577,BabyLM 125M — final layer,11.177576698822692,12.57866149467529
-1.384379029298325,-2.5428356329067325,11.875586465534148,6.870264856271882,1.868835490494456,-3.476343845759669,1.7940709196570577,BabyLM 125M — final layer,11.236867797850058,12.518772139111627
-1.2308617743110852,-2.5428356329067325,11.87452438047037,6.870264856271882,1.868835490494456,-3.476343845759669,1.7940709196570577,BabyLM 125M — final layer,11.286966261891381,12.463295519210114
-1.077344519323846,-2.5428356329067325,11.873462295406593,6.870264856271882,1.868835490494456,-3.476343845759669,1.7940709196570577,BabyLM 125M — final layer,11.331553748679662,12.414534924287716
-0.9238272643366066,-2.5428356329067325,11.872400210342816,6.870264856271882,1.868835490494456,-3.476343845759669,1.7940709196570577,BabyLM 125M — final layer,11.378567429547392,12.36496305017575
-0.7703100093493673,-2.5428356329067325,11.87133812527904,6.870264856271882,1.868835490494456,-3.476343845759669,1.7940709196570577,BabyLM 125M — final layer,11.416039132904071,12.331203462033338
-0.6167927543621281,-2.5428356329067325,11.870276040215263,6.870264856271882,1.868835490494456,-3.476343845759669,1.7940709196570577,BabyLM 125M — final layer,11.439002382518462,12.308688068412284
-0.46327549937488866,-2.5428356329067325,11.869213955151485,6.870264856271882,1.868835490494456,-3.476343845759669,1.7940709196570577,BabyLM 125M — final layer,11.447021169382227,12.294961338384244
-0.30975824438764943,-2.5428356329067325,11.868151870087708,6.870264856271882,1.868835490494456,-3.476343845759669,1.7940709196570577,BabyLM 125M — final layer,11.44819449971294,12.287503429744204
-0.1562409894004102,-2.5428356329067325,11.86708978502393,6.870264856271882,1.868835490494456,-3.476343845759669,1.7940709196570577,BabyLM 125M — final layer,11.432529191616744,12.296761096489236
-0.00272373441317075,-2.5428356329067325,11.866027699960153,6.870264856271882,1.868835490494456,-3.476343845759669,1.7940709196570577,BabyLM 125M — final layer,11.409122018410223,12.316923114250928
0.1507935205740687,-2.5428356329067325,11.864965614896377,6.870264856271882,1.868835490494456,-3.476343845759669,1.7940709196570577,BabyLM 125M — final layer,11.377544063830506,12.350200501078369
0.3043107755613079,-2.5428356329067325,11.8639035298326,6.870264856271882,1.868835490494456,-3.476343845759669,1.7940709196570577,BabyLM 125M — final layer,11.336083176789769,12.385364145503594
0.4578280305485471,-2.5428356329067325,11.862841444768822,6.870264856271882,1.868835490494456,-3.476343845759669,1.7940709196570577,BabyLM 125M — final layer,11.285703411458252,12.425542526111926
0.6113452855357864,-2.5428356329067325,11.861779359705045,6.870264856271882,1.868835490494456,-3.476343845759669,1.7940709196570577,BabyLM 125M — final layer,11.232300808104972,12.475334745278744
0.7648625405230256,-2.5428356329067325,11.860717274641267,6.870264856271882,1.868835490494456,-3.476343845759669,1.7940709196570577,BabyLM 125M — final layer,11.172928986217324,12.521881146083395
0.9183797955102652,-2.5428356329067325,11.85965518957749,6.870264856271882,1.868835490494456,-3.476343845759669,1.7940709196570577,BabyLM 125M — final layer,11.114742687040478,12.580645030214098
1.0718970504975045,-2.5428356329067325,11.858593104513712,6.870264856271882,1.868835490494456,-3.476343845759669,1.7940709196570577,BabyLM 125M — final layer,11.049671981929619,12.639711164544538
1.2254143054847435,-2.5428356329067325,11.857531019449937,6.870264856271882,1.868835490494456,-3.476343845759669,1.7940709196570577,BabyLM 125M — final layer,10.98184505321895,12.700988059497355
1.378931560471983,-2.5428356329067325,11.85646893438616,6.870264856271882,1.868835490494456,-3.476343845759669,1.7940709196570577,BabyLM 125M — final layer,10.916021456415221,12.75945943552319
1.5324488154592222,-2.5428356329067325,11.855406849322382,6.870264856271882,1.868835490494456,-3.476343845759669,1.7940709196570577,BabyLM 125M — final layer,10.847081527504537,12.819530640880116
1.6859660704464614,-2.5428356329067325,11.854344764258604,6.870264856271882,1.868835490494456,-3.476343845759669,1.7940709196570577,BabyLM 125M — final layer,10.780111162326222,12.88666880466191
1.839483325433701,-2.5428356329067325,11.853282679194827,6.870264856271882,1.868835490494456,-3.476343845759669,1.7940709196570577,BabyLM 125M — final layer,10.705340820826025,12.951171388029783
1.9930005804209403,-2.5428356329067325,11.85222059413105,6.870264856271882,1.868835490494456,-3.476343845759669,1.7940709196570577,BabyLM 125M — final layer,10.63372061115205,13.020868516037764
2.14651783540818,-2.5428356329067325,11.851158509067272,6.870264856271882,1.868835490494456,-3.476343845759669,1.7940709196570577,BabyLM 125M — final layer,10.560514024653564,13.09001559078685
2.300035090395419,-2.5428356329067325,11.850096424003496,6.870264856271882,1.868835490494456,-3.476343845759669,1.7940709196570577,BabyLM 125M — final layer,10.486870036156844,13.158499251255733
2.453552345382658,-2.5428356329067325,11.849034338939719,6.870264856271882,1.868835490494456,-3.476343845759669,1.7940709196570577,BabyLM 125M — final layer,10.41590852071544,13.226704897195527
-1.9984480492472816,-2.3752511308739064,11.963287452046591,6.870264856271882,1.868835490494456,-3.476343845759669,1.7940709196570577,BabyLM 125M — final layer,11.127014294001913,12.800629717630233
-1.8449307942600424,-2.3752511308739064,11.954629462867608,6.870264856271882,1.868835490494456,-3.476343845759669,1.7940709196570577,BabyLM 125M — final layer,11.180143426308925,12.732600163366834
-1.6914135392728031,-2.3752511308739064,11.945971473688624,6.870264856271882,1.868835490494456,-3.476343845759669,1.7940709196570577,BabyLM 125M — final layer,11.230447791561275,12.666343936893297
-1.537896284285564,-2.3752511308739064,11.937313484509641,6.870264856271882,1.868835490494456,-3.476343845759669,1.7940709196570577,BabyLM 125M — final layer,11.277327587581304,12.600103718566011
-1.384379029298325,-2.3752511308739064,11.92865549533066,6.870264856271882,1.868835490494456,-3.476343845759669,1.7940709196570577,BabyLM 125M — final layer,11.321989243278045,12.535063375364537
-1.2308617743110852,-2.3752511308739064,11.919997506151676,6.870264856271882,1.868835490494456,-3.476343845759669,1.7940709196570577,BabyLM 125M — final layer,11.365700543166545,12.475077511878922
-1.077344519323846,-2.3752511308739064,11.911339516972692,6.870264856271882,1.868835490494456,-3.476343845759669,1.7940709196570577,BabyLM 125M — final layer,11.402129713614492,12.420855399706042
-0.9238272643366066,-2.3752511308739064,11.902681527793709,6.870264856271882,1.868835490494456,-3.476343845759669,1.7940709196570577,BabyLM 125M — final layer,11.43688098068046,12.367795339127298
-0.7703100093493673,-2.3752511308739064,11.894023538614725,6.870264856271882,1.868835490494456,-3.476343845759669,1.7940709196570577,BabyLM 125M — final layer,11.466844415519398,12.32602543237591
-0.6167927543621281,-2.3752511308739064,11.885365549435742,6.870264856271882,1.868835490494456,-3.476343845759669,1.7940709196570577,BabyLM 125M — final layer,11.477270038650104,12.297329577213462
-0.46327549937488866,-2.3752511308739064,11.87670756025676,6.870264856271882,1.868835490494456,-3.476343845759669,1.7940709196570577,BabyLM 125M — final layer,11.478981513861516,12.27722762434156
-0.30975824438764943,-2.3752511308739064,11.868049571077776,6.870264856271882,1.868835490494456,-3.476343845759669,1.7940709196570577,BabyLM 125M — final layer,11.472243625860013,12.26260416577562
-0.1562409894004102,-2.3752511308739064,11.859391581898793,6.870264856271882,1.868835490494456,-3.476343845759669,1.7940709196570577,BabyLM 125M — final layer,11.448173383568701,12.265751781358158
-0.00272373441317075,-2.3752511308739064,11.85073359271981,6.870264856271882,1.868835490494456,-3.476343845759669,1.7940709196570577,BabyLM 125M — final layer,11.419927773394281,12.27652719487631
0.1507935205740687,-2.3752511308739064,11.842075603540826,6.870264856271882,1.868835490494456,-3.476343845759669,1.7940709196570577,BabyLM 125M — final layer,11.381837854512373,12.299534937082774
0.3043107755613079,-2.3752511308739064,11.833417614361842,6.870264856271882,1.868835490494456,-3.476343845759669,1.7940709196570577,BabyLM 125M — final layer,11.333136766660282,12.325418385553666
0.4578280305485471,-2.3752511308739064,11.82475962518286,6.870264856271882,1.868835490494456,-3.476343845759669,1.7940709196570577,BabyLM 125M — final layer,11.277387791656267,12.358224120256658
0.6113452855357864,-2.3752511308739064,11.816101636003877,6.870264856271882,1.868835490494456,-3.476343845759669,1.7940709196570577,BabyLM 125M — final layer,11.220052296297668,12.395822929980291
0.7648625405230256,-2.3752511308739064,11.807443646824893,6.870264856271882,1.868835490494456,-3.476343845759669,1.7940709196570577,BabyLM 125M — final layer,11.156882534356066,12.43253668412569
0.9183797955102652,-2.3752511308739064,11.79878565764591,6.870264856271882,1.868835490494456,-3.476343845759669,1.7940709196570577,BabyLM 125M — final layer,11.092502009223168,12.479971318821217
1.0718970504975045,-2.3752511308739064,11.790127668466926,6.870264856271882,1.868835490494456,-3.476343845759669,1.7940709196570577,BabyLM 125M — final layer,11.02453249773351,12.53142103746693
1.2254143054847435,-2.3752511308739064,11.781469679287945,6.870264856271882,1.868835490494456,-3.476343845759669,1.7940709196570577,BabyLM 125M — final layer,10.950768188031915,12.579067503353686
1.378931560471983,-2.3752511308739064,11.772811690108961,6.870264856271882,1.868835490494456,-3.476343845759669,1.7940709196570577,BabyLM 125M — final layer,10.880335913121996,12.625839312738412
1.5324488154592222,-2.3752511308739064,11.764153700929977,6.870264856271882,1.868835490494456,-3.476343845759669,1.7940709196570577,BabyLM 125M — final layer,10.80785240231442,12.679799015469785
1.6859660704464614,-2.3752511308739064,11.755495711750994,6.870264856271882,1.868835490494456,-3.476343845759669,1.7940709196570577,BabyLM 125M — final layer,10.735185265933127,12.732348420007382
1.839483325433701,-2.3752511308739064,11.74683772257201,6.870264856271882,1.868835490494456,-3.476343845759669,1.7940709196570577,BabyLM 125M — final layer,10.659218698124016,12.786736853596542
1.9930005804209403,-2.3752511308739064,11.738179733393027,6.870264856271882,1.868835490494456,-3.476343845759669,1.7940709196570577,BabyLM 125M — final layer,10.584251105986748,12.844925748140104
2.14651783540818,-2.3752511308739064,11.729521744214045,6.870264856271882,1.868835490494456,-3.476343845759669,1.7940709196570577,BabyLM 125M — final layer,10.506669786310542,12.901387626653719
2.300035090395419,-2.3752511308739064,11.720863755035062,6.870264856271882,1.868835490494456,-3.476343845759669,1.7940709196570577,BabyLM 125M — final layer,10.43271534395508,12.960752157907779
2.453552345382658,-2.3752511308739064,11.712205765856078,6.870264856271882,1.868835490494456,-3.476343845759669,1.7940709196570577,BabyLM 125M — final layer,10.354723752879362,13.017295593060066
-1.9984480492472816,-2.20766662884108,12.046740098303925,6.870264856271882,1.868835490494456,-3.476343845759669,1.7940709196570577,BabyLM 125M — final layer,11.259448899117805,12.83474486002266
-1.8449307942600424,-2.20766662884108,12.030486205009737,6.870264856271882,1.868835490494456,-3.476343845759669,1.7940709196570577,BabyLM 125M — final layer,11.300504771076007,12.761080886658338
-1.6914135392728031,-2.20766662884108,12.014232311715547,6.870264856271882,1.868835490494456,-3.476343845759669,1.7940709196570577,BabyLM 125M — final layer,11.33999061093794,12.69256781211462
-1.537896284285564,-2.20766662884108,11.997978418421358,6.870264856271882,1.868835490494456,-3.476343845759669,1.7940709196570577,BabyLM 125M — final layer,11.377459362018557,12.6171536546833
-1.384379029298325,-2.20766662884108,11.981724525127168,6.870264856271882,1.868835490494456,-3.476343845759669,1.7940709196570577,BabyLM 125M — final layer,11.411777472008245,12.551936091551196
-1.2308617743110852,-2.20766662884108,11.965470631832979,6.870264856271882,1.868835490494456,-3.476343845759669,1.7940709196570577,BabyLM 125M — final layer,11.442578151498617,12.488797006522855
-1.077344519323846,-2.20766662884108,11.949216738538789,6.870264856271882,1.868835490494456,-3.476343845759669,1.7940709196570577,BabyLM 125M — final layer,11.471998487273183,12.427255662503665
-0.9238272643366066,-2.20766662884108,11.932962845244601,6.870264856271882,1.868835490494456,-3.476343845759669,1.7940709196570577,BabyLM 125M — final layer,11.494757839867626,12.368557404788826
-0.7703100093493673,-2.20766662884108,11.916708951950412,6.870264856271882,1.868835490494456,-3.476343845759669,1.7940709196570577,BabyLM 125M — final layer,11.515697855550568,12.322031830297828
-0.6167927543621281,-2.20766662884108,11.900455058656222,6.870264856271882,1.868835490494456,-3.476343845759669,1.7940709196570577,BabyLM 125M — final layer,11.516895255692429,12.285528973004535
-0.46327549937488866,-2.20766662884108,11.884201165362033,6.870264856271882,1.868835490494456,-3.476343845759669,1.7940709196570577,BabyLM 125M — final layer,11.51022676342008,12.25893915582742
-0.30975824438764943,-2.20766662884108,11.867947272067843,6.870264856271882,1.868835490494456,-3.476343845759669,1.7940709196570577,BabyLM 125M — final layer,11.495358907268585,12.237050171425555
-0.1562409894004102,-2.20766662884108,11.851693378773655,6.870264856271882,1.868835490494456,-3.476343845759669,1.7940709196570577,BabyLM 125M — final layer,11.465590179913209,12.234139776832698
-0.00272373441317075,-2.20766662884108,11.835439485479466,6.870264856271882,1.868835490494456,-3.476343845759669,1.7940709196570577,BabyLM 125M — final layer,11.429418786939278,12.236876103146171
0.1507935205740687,-2.20766662884108,11.819185592185276,6.870264856271882,1.868835490494456,-3.476343845759669,1.7940709196570577,BabyLM 125M — final layer,11.386297964789257,12.251500472013323
0.3043107755613079,-2.20766662884108,11.802931698891086,6.870264856271882,1.868835490494456,-3.476343845759669,1.7940709196570577,BabyLM 125M — final layer,11.331122136342344,12.265195562177675
0.4578280305485471,-2.20766662884108,11.786677805596897,6.870264856271882,1.868835490494456,-3.476343845759669,1.7940709196570577,BabyLM 125M — final layer,11.271381468479749,12.29130816349754
0.6113452855357864,-2.20766662884108,11.770423912302709,6.870264856271882,1.868835490494456,-3.476343845759669,1.7940709196570577,BabyLM 125M — final layer,11.20827846437302,12.31512723489023
0.7648625405230256,-2.20766662884108,11.75417001900852,6.870264856271882,1.868835490494456,-3.476343845759669,1.7940709196570577,BabyLM 125M — final layer,11.139326565755479,12.34672443991997
0.9183797955102652,-2.20766662884108,11.73791612571433,6.870264856271882,1.868835490494456,-3.476343845759669,1.7940709196570577,BabyLM 125M — final layer,11.071886771193544,12.380021223974147
1.0718970504975045,-2.20766662884108,11.72166223242014,6.870264856271882,1.868835490494456,-3.476343845759669,1.7940709196570577,BabyLM 125M — final layer,10.999280541948508,12.422063561804132
1.2254143054847435,-2.20766662884108,11.70540833912595,6.870264856271882,1.868835490494456,-3.476343845759669,1.7940709196570577,BabyLM 125M — final layer,10.92225768617919,12.457119834387846
1.378931560471983,-2.20766662884108,11.689154445831763,6.870264856271882,1.868835490494456,-3.476343845759669,1.7940709196570577,BabyLM 125M — final layer,10.844815996162811,12.498395586676665
1.5324488154592222,-2.20766662884108,11.672900552537573,6.870264856271882,1.868835490494456,-3.476343845759669,1.7940709196570577,BabyLM 125M — final layer,10.768889623019353,12.535158080820798
1.6859660704464614,-2.20766662884108,11.656646659243384,6.870264856271882,1.868835490494456,-3.476343845759669,1.7940709196570577,BabyLM 125M — final layer,10.692799410441811,12.578096006746977
1.839483325433701,-2.20766662884108,11.640392765949194,6.870264856271882,1.868835490494456,-3.476343845759669,1.7940709196570577,BabyLM 125M — final layer,10.616151410126854,12.624569148326053
1.9930005804209403,-2.20766662884108,11.624138872655005,6.870264856271882,1.868835490494456,-3.476343845759669,1.7940709196570577,BabyLM 125M — final layer,10.536230464876027,12.670233835480206
2.14651783540818,-2.20766662884108,11.607884979360815,6.870264856271882,1.868835490494456,-3.476343845759669,1.7940709196570577,BabyLM 125M — final layer,10.453938309376614,12.718360969969984
2.300035090395419,-2.20766662884108,11.591631086066627,6.870264856271882,1.868835490494456,-3.476343845759669,1.7940709196570577,BabyLM 125M — final layer,10.37899084878131,12.765159671195836
2.453552345382658,-2.20766662884108,11.575377192772438,6.870264856271882,1.868835490494456,-3.476343845759669,1.7940709196570577,BabyLM 125M — final layer,10.297283419960708,12.811970991571446
-1.9984480492472816,-2.0400821268082536,12.13019274456126,6.870264856271882,1.868835490494456,-3.476343845759669,1.7940709196570577,BabyLM 125M — final layer,11.394234568557925,12.868694530546472
-1.8449307942600424,-2.0400821268082536,12.106342947151864,6.870264856271882,1.868835490494456,-3.476343845759669,1.7940709196570577,BabyLM 125M — final layer,11.419876206117971,12.79136498585875
-1.6914135392728031,-2.0400821268082536,12.082493149742469,6.870264856271882,1.868835490494456,-3.476343845759669,1.7940709196570577,BabyLM 125M — final layer,11.449160316479663,12.715869532331075
-1.537896284285564,-2.0400821268082536,12.058643352333073,6.870264856271882,1.868835490494456,-3.476343845759669,1.7940709196570577,BabyLM 125M — final layer,11.47446524946262,12.640643924357716
-1.384379029298325,-2.0400821268082536,12.034793554923679,6.870264856271882,1.868835490494456,-3.476343845759669,1.7940709196570577,BabyLM 125M — final layer,11.500775150440788,12.569498916677675
-1.2308617743110852,-2.0400821268082536,12.010943757514283,6.870264856271882,1.868835490494456,-3.476343845759669,1.7940709196570577,BabyLM 125M — final layer,11.520801545845861,12.499498895765875
-1.077344519323846,-2.0400821268082536,11.987093960104888,6.870264856271882,1.868835490494456,-3.476343845759669,1.7940709196570577,BabyLM 125M — final layer,11.54101236200342,12.432744341116742
-0.9238272643366066,-2.0400821268082536,11.963244162695492,6.870264856271882,1.868835490494456,-3.476343845759669,1.7940709196570577,BabyLM 125M — final layer,11.554365433078145,12.370925846799702
-0.7703100093493673,-2.0400821268082536,11.939394365286097,6.870264856271882,1.868835490494456,-3.476343845759669,1.7940709196570577,BabyLM 125M — final layer,11.563509355524221,12.31831388737035
-0.6167927543621281,-2.0400821268082536,11.915544567876703,6.870264856271882,1.868835490494456,-3.476343845759669,1.7940709196570577,BabyLM 125M — final layer,11.557110075275068,12.277800534986584
-0.46327549937488866,-2.0400821268082536,11.891694770467307,6.870264856271882,1.868835490494456,-3.476343845759669,1.7940709196570577,BabyLM 125M — final layer,11.540899308645654,12.242805777816617
-0.30975824438764943,-2.0400821268082536,11.867844973057911,6.870264856271882,1.868835490494456,-3.476343845759669,1.7940709196570577,BabyLM 125M — final layer,11.516867856177676,12.212662281516977
-0.1562409894004102,-2.0400821268082536,11.843995175648516,6.870264856271882,1.868835490494456,-3.476343845759669,1.7940709196570577,BabyLM 125M — final layer,11.48269752066496,12.200651640789768
-0.00272373441317075,-2.0400821268082536,11.820145378239122,6.870264856271882,1.868835490494456,-3.476343845759669,1.7940709196570577,BabyLM 125M — final layer,11.438537152534598,12.197659725411828
0.1507935205740687,-2.0400821268082536,11.796295580829726,6.870264856271882,1.868835490494456,-3.476343845759669,1.7940709196570577,BabyLM 125M — final layer,11.391205289004073,12.20232747928329
0.3043107755613079,-2.0400821268082536,11.77244578342033,6.870264856271882,1.868835490494456,-3.476343845759669,1.7940709196570577,BabyLM 125M — final layer,11.32901564255886,12.207914712053121
0.4578280305485471,-2.0400821268082536,11.748595986010935,6.870264856271882,1.868835490494456,-3.476343845759669,1.7940709196570577,BabyLM 125M — final layer,11.265544361998717,12.221273314889395
0.6113452855357864,-2.0400821268082536,11.72474618860154,6.870264856271882,1.868835490494456,-3.476343845759669,1.7940709196570577,BabyLM 125M — final layer,11.195125907826679,12.237416804636599
0.7648625405230256,-2.0400821268082536,11.700896391192146,6.870264856271882,1.868835490494456,-3.476343845759669,1.7940709196570577,BabyLM 125M — final layer,11.123632816352218,12.259862453454343
0.9183797955102652,-2.0400821268082536,11.67704659378275,6.870264856271882,1.868835490494456,-3.476343845759669,1.7940709196570577,BabyLM 125M — final layer,11.04923895083742,12.280572335359262
1.0718970504975045,-2.0400821268082536,11.653196796373354,6.870264856271882,1.868835490494456,-3.476343845759669,1.7940709196570577,BabyLM 125M — final layer,10.973265118113847,12.311956281326204
1.2254143054847435,-2.0400821268082536,11.629346998963959,6.870264856271882,1.868835490494456,-3.476343845759669,1.7940709196570577,BabyLM 125M — final layer,10.894412779422826,12.339342425615088
1.378931560471983,-2.0400821268082536,11.605497201554563,6.870264856271882,1.868835490494456,-3.476343845759669,1.7940709196570577,BabyLM 125M — final layer,10.810926520622795,12.365667061529058
1.5324488154592222,-2.0400821268082536,11.58164740414517,6.870264856271882,1.868835490494456,-3.476343845759669,1.7940709196570577,BabyLM 125M — final layer,10.728713861067206,12.396116160724636
1.6859660704464614,-2.0400821268082536,11.557797606735773,6.870264856271882,1.868835490494456,-3.476343845759669,1.7940709196570577,BabyLM 125M — final layer,10.649139589533613,12.428004604726116
1.839483325433701,-2.0400821268082536,11.533947809326378,6.870264856271882,1.868835490494456,-3.476343845759669,1.7940709196570577,BabyLM 125M — final layer,10.569269940593355,12.465401356269481
1.9930005804209403,-2.0400821268082536,11.510098011916982,6.870264856271882,1.868835490494456,-3.476343845759669,1.7940709196570577,BabyLM 125M — final layer,10.486736830049674,12.499860210280092
2.14651783540818,-2.0400821268082536,11.486248214507587,6.870264856271882,1.868835490494456,-3.476343845759669,1.7940709196570577,BabyLM 125M — final layer,10.40305608785208,12.531329035963811
2.300035090395419,-2.0400821268082536,11.462398417098193,6.870264856271882,1.868835490494456,-3.476343845759669,1.7940709196570577,BabyLM 125M — final layer,10.319943384300752,12.567930120498065
2.453552345382658,-2.0400821268082536,11.438548619688797,6.870264856271882,1.868835490494456,-3.476343845759669,1.7940709196570577,BabyLM 125M — final layer,10.23739654470649,12.604894381563694
-1.9984480492472816,-1.8724976247754277,12.213645390818593,6.870264856271882,1.868835490494456,-3.476343845759669,1.7940709196570577,BabyLM 125M — final layer,11.52215990649036,12.907212091863551
-1.8449307942600424,-1.8724976247754277,12.182199689293991,6.870264856271882,1.868835490494456,-3.476343845759669,1.7940709196570577,BabyLM 125M — final layer,11.542605856672301,12.825937301238167
-1.6914135392728031,-1.8724976247754277,12.150753987769392,6.870264856271882,1.868835490494456,-3.476343845759669,1.7940709196570577,BabyLM 125M — final layer,11.558318636139724,12.74165078320106
-1.537896284285564,-1.8724976247754277,12.11930828624479,6.870264856271882,1.868835490494456,-3.476343845759669,1.7940709196570577,BabyLM 125M — final layer,11.57117677560049,12.663660865638148
-1.384379029298325,-1.8724976247754277,12.087862584720188,6.870264856271882,1.868835490494456,-3.476343845759669,1.7940709196570577,BabyLM 125M — final layer,11.588171265017495,12.58496198193887
-1.2308617743110852,-1.8724976247754277,12.056416883195586,6.870264856271882,1.868835490494456,-3.476343845759669,1.7940709196570577,BabyLM 125M — final layer,11.600441290117312,12.512157316464666
-1.077344519323846,-1.8724976247754277,12.024971181670987,6.870264856271882,1.868835490494456,-3.476343845759669,1.7940709196570577,BabyLM 125M — final layer,11.608256510764017,12.439919526198935
-0.9238272643366066,-1.8724976247754277,11.993525480146385,6.870264856271882,1.868835490494456,-3.476343845759669,1.7940709196570577,BabyLM 125M — final layer,11.614348581058811,12.373388151857972
-0.7703100093493673,-1.8724976247754277,11.962079778621783,6.870264856271882,1.868835490494456,-3.476343845759669,1.7940709196570577,BabyLM 125M — final layer,11.610527607187,12.317167763960251
-0.6167927543621281,-1.8724976247754277,11.930634077097181,6.870264856271882,1.868835490494456,-3.476343845759669,1.7940709196570577,BabyLM 125M — final layer,11.596939860294347,12.268990146012417
-0.46327549937488866,-1.8724976247754277,11.89918837557258,6.870264856271882,1.868835490494456,-3.476343845759669,1.7940709196570577,BabyLM 125M — final layer,11.572189468431702,12.226359461201143
-0.30975824438764943,-1.8724976247754277,11.86774267404798,6.870264856271882,1.868835490494456,-3.476343845759669,1.7940709196570577,BabyLM 125M — final layer,11.538357507631064,12.18878791154439
-0.1562409894004102,-1.8724976247754277,11.836296972523378,6.870264856271882,1.868835490494456,-3.476343845759669,1.7940709196570577,BabyLM 125M — final layer,11.499886494555719,12.16836156847548
-0.00272373441317075,-1.8724976247754277,11.804851270998777,6.870264856271882,1.868835490494456,-3.476343845759669,1.7940709196570577,BabyLM 125M — final layer,11.4470848410605,12.158179431924918
0.1507935205740687,-1.8724976247754277,11.773405569474175,6.870264856271882,1.868835490494456,-3.476343845759669,1.7940709196570577,BabyLM 125M — final layer,11.393840116412177,12.153121135472512
0.3043107755613079,-1.8724976247754277,11.741959867949575,6.870264856271882,1.868835490494456,-3.476343845759669,1.7940709196570577,BabyLM 125M — final layer,11.327980385009473,12.151887095190137
0.4578280305485471,-1.8724976247754277,11.710514166424973,6.870264856271882,1.868835490494456,-3.476343845759669,1.7940709196570577,BabyLM 125M — final layer,11.259308866371871,12.153551004353996
0.6113452855357864,-1.8724976247754277,11.679068464900372,6.870264856271882,1.868835490494456,-3.476343845759669,1.7940709196570577,BabyLM 125M — final layer,11.181656007148213,12.161513984759083
0.7648625405230256,-1.8724976247754277,11.64762276337577,6.870264856271882,1.868835490494456,-3.476343845759669,1.7940709196570577,BabyLM 125M — final layer,11.105017445637534,12.172805907524438
0.9183797955102652,-1.8724976247754277,11.61617706185117,6.870264856271882,1.868835490494456,-3.476343845759669,1.7940709196570577,BabyLM 125M — final layer,11.028337136459715,12.184181015626525
1.0718970504975045,-1.8724976247754277,11.584731360326568,6.870264856271882,1.868835490494456,-3.476343845759669,1.7940709196570577,BabyLM 125M — final layer,10.94730289557701,12.202765879344962
1.2254143054847435,-1.8724976247754277,11.553285658801967,6.870264856271882,1.868835490494456,-3.476343845759669,1.7940709196570577,BabyLM 125M — final layer,10.864663350909323,12.219769513236658
1.378931560471983,-1.8724976247754277,11.521839957277365,6.870264856271882,1.868835490494456,-3.476343845759669,1.7940709196570577,BabyLM 125M — final layer,10.777292156979849,12.238881453258642
1.5324488154592222,-1.8724976247754277,11.490394255752765,6.870264856271882,1.868835490494456,-3.476343845759669,1.7940709196570577,BabyLM 125M — final layer,10.69154414689508,12.255296644455802
1.6859660704464614,-1.8724976247754277,11.458948554228163,6.870264856271882,1.868835490494456,-3.476343845759669,1.7940709196570577,BabyLM 125M — final layer,10.607039087763525,12.279137549220115
1.839483325433701,-1.8724976247754277,11.427502852703562,6.870264856271882,1.868835490494456,-3.476343845759669,1.7940709196570577,BabyLM 125M — final layer,10.521901978243617,12.302048833459395
1.9930005804209403,-1.8724976247754277,11.39605715117896,6.870264856271882,1.868835490494456,-3.476343845759669,1.7940709196570577,BabyLM 125M — final layer,10.436498069772115,12.32172910029581
2.14651783540818,-1.8724976247754277,11.36461144965436,6.870264856271882,1.868835490494456,-3.476343845759669,1.7940709196570577,BabyLM 125M — final layer,10.350490826826713,12.346713708582834
2.300035090395419,-1.8724976247754277,11.333165748129758,6.870264856271882,1.868835490494456,-3.476343845759669,1.7940709196570577,BabyLM 125M — final layer,10.26327464934879,12.372164854501934
2.453552345382658,-1.8724976247754277,11.301720046605157,6.870264856271882,1.868835490494456,-3.476343845759669,1.7940709196570577,BabyLM 125M — final layer,10.180294097525435,12.396218254697883
-1.9984480492472816,-1.7049131227426015,12.297098037075926,6.870264856271882,1.868835490494456,-3.476343845759669,1.7940709196570577,BabyLM 125M — final layer,11.651556165854293,12.943491510856296
-1.8449307942600424,-1.7049131227426015,12.25805643143612,6.870264856271882,1.868835490494456,-3.476343845759669,1.7940709196570577,BabyLM 125M — final layer,11.657525400983735,12.858809179472058
-1.6914135392728031,-1.7049131227426015,12.219014825796313,6.870264856271882,1.868835490494456,-3.476343845759669,1.7940709196570577,BabyLM 125M — final layer,11.666456102065066,12.770453227861907
-1.537896284285564,-1.7049131227426015,12.179973220156505,6.870264856271882,1.868835490494456,-3.476343845759669,1.7940709196570577,BabyLM 125M — final layer,11.67088627409444,12.687137136476638
-1.384379029298325,-1.7049131227426015,12.140931614516699,6.870264856271882,1.868835490494456,-3.476343845759669,1.7940709196570577,BabyLM 125M — final layer,11.676580591857713,12.605193046940176
-1.2308617743110852,-1.7049131227426015,12.101890008876891,6.870264856271882,1.868835490494456,-3.476343845759669,1.7940709196570577,BabyLM 125M — final layer,11.674156868391636,12.524171164643244
-1.077344519323846,-1.7049131227426015,12.062848403237084,6.870264856271882,1.868835490494456,-3.476343845759669,1.7940709196570577,BabyLM 125M — final layer,11.675064364775142,12.447763053881815
-0.9238272643366066,-1.7049131227426015,12.023806797597276,6.870264856271882,1.868835490494456,-3.476343845759669,1.7940709196570577,BabyLM 125M — final layer,11.670990323714124,12.37823653268837
-0.7703100093493673,-1.7049131227426015,11.98476519195747,6.870264856271882,1.868835490494456,-3.476343845759669,1.7940709196570577,BabyLM 125M — final layer,11.658121897866875,12.315179930285604
-0.6167927543621281,-1.7049131227426015,11.945723586317662,6.870264856271882,1.868835490494456,-3.476343845759669,1.7940709196570577,BabyLM 125M — final layer,11.634675546593318,12.25856703123955
-0.46327549937488866,-1.7049131227426015,11.906681980677854,6.870264856271882,1.868835490494456,-3.476343845759669,1.7940709196570577,BabyLM 125M — final layer,11.603390508847442,12.212007404130302
-0.30975824438764943,-1.7049131227426015,11.867640375038047,6.870264856271882,1.868835490494456,-3.476343845759669,1.7940709196570577,BabyLM 125M — final layer,11.562986193423628,12.16739615471146
-0.1562409894004102,-1.7049131227426015,11.82859876939824,6.870264856271882,1.868835490494456,-3.476343845759669,1.7940709196570577,BabyLM 125M — final layer,11.513683944036043,12.13689795675938
-0.00272373441317075,-1.7049131227426015,11.789557163758433,6.870264856271882,1.868835490494456,-3.476343845759669,1.7940709196570577,BabyLM 125M — final layer,11.456832258429298,12.1189802542331
0.1507935205740687,-1.7049131227426015,11.750515558118625,6.870264856271882,1.868835490494456,-3.476343845759669,1.7940709196570577,BabyLM 125M — final layer,11.396826195825918,12.102517500244721
0.3043107755613079,-1.7049131227426015,11.711473952478817,6.870264856271882,1.868835490494456,-3.476343845759669,1.7940709196570577,BabyLM 125M — final layer,11.325445566210652,12.093785136401427
0.4578280305485471,-1.7049131227426015,11.672432346839011,6.870264856271882,1.868835490494456,-3.476343845759669,1.7940709196570577,BabyLM 125M — final layer,11.249538964452933,12.087091392089196
0.6113452855357864,-1.7049131227426015,11.633390741199204,6.870264856271882,1.868835490494456,-3.476343845759669,1.7940709196570577,BabyLM 125M — final layer,11.169269908371975,12.084471513764218
0.7648625405230256,-1.7049131227426015,11.594349135559396,6.870264856271882,1.868835490494456,-3.476343845759669,1.7940709196570577,BabyLM 125M — final layer,11.089347160056883,12.085605965724667
0.9183797955102652,-1.7049131227426015,11.55530752991959,6.870264856271882,1.868835490494456,-3.476343845759669,1.7940709196570577,BabyLM 125M — final layer,11.008079378794733,12.089356330477944
1.0718970504975045,-1.7049131227426015,11.516265924279782,6.870264856271882,1.868835490494456,-3.476343845759669,1.7940709196570577,BabyLM 125M — final layer,10.92084945920719,12.09544047157547
1.2254143054847435,-1.7049131227426015,11.477224318639974,6.870264856271882,1.868835490494456,-3.476343845759669,1.7940709196570577,BabyLM 125M — final layer,10.833592330931236,12.101477118080247
1.378931560471983,-1.7049131227426015,11.438182713000167,6.870264856271882,1.868835490494456,-3.476343845759669,1.7940709196570577,BabyLM 125M — final layer,10.744139875195899,12.109016662096433
1.5324488154592222,-1.7049131227426015,11.39914110736036,6.870264856271882,1.868835490494456,-3.476343845759669,1.7940709196570577,BabyLM 125M — final layer,10.654561651888107,12.117937184073824
1.6859660704464614,-1.7049131227426015,11.360099501720553,6.870264856271882,1.868835490494456,-3.476343845759669,1.7940709196570577,BabyLM 125M — final layer,10.564244755003179,12.128364597526357
1.839483325433701,-1.7049131227426015,11.321057896080745,6.870264856271882,1.868835490494456,-3.476343845759669,1.7940709196570577,BabyLM 125M — final layer,10.475858689947579,12.13860891374842
1.9930005804209403,-1.7049131227426015,11.282016290440938,6.870264856271882,1.868835490494456,-3.476343845759669,1.7940709196570577,BabyLM 125M — final layer,10.385770241357426,12.150725239822734
2.14651783540818,-1.7049131227426015,11.242974684801132,6.870264856271882,1.868835490494456,-3.476343845759669,1.7940709196570577,BabyLM 125M — final layer,10.297439657542975,12.166091914475464
2.300035090395419,-1.7049131227426015,11.203933079161324,6.870264856271882,1.868835490494456,-3.476343845759669,1.7940709196570577,BabyLM 125M — final layer,10.204919513196005,12.174818711640183
2.453552345382658,-1.7049131227426015,11.164891473521516,6.870264856271882,1.868835490494456,-3.476343845759669,1.7940709196570577,BabyLM 125M — final layer,10.112587393456788,12.189541544424728
-1.9984480492472816,-1.5373286207097752,12.380550683333261,6.870264856271882,1.868835490494456,-3.476343845759669,1.7940709196570577,BabyLM 125M — final layer,11.778062465087547,12.9783284398062
-1.8449307942600424,-1.5373286207097752,12.333913173578248,6.870264856271882,1.868835490494456,-3.476343845759669,1.7940709196570577,BabyLM 125M — final layer,11.777423460264995,12.886253468098237
-1.6914135392728031,-1.5373286207097752,12.287275663823234,6.870264856271882,1.868835490494456,-3.476343845759669,1.7940709196570577,BabyLM 125M — final layer,11.77131982007483,12.797101887409386
-1.537896284285564,-1.5373286207097752,12.240638154068222,6.870264856271882,1.868835490494456,-3.476343845759669,1.7940709196570577,BabyLM 125M — final layer,11.769138847842493,12.712596028739501
-1.384379029298325,-1.5373286207097752,12.194000644313208,6.870264856271882,1.868835490494456,-3.476343845759669,1.7940709196570577,BabyLM 125M — final layer,11.761728007138458,12.624796410846313
-1.2308617743110852,-1.5373286207097752,12.147363134558194,6.870264856271882,1.868835490494456,-3.476343845759669,1.7940709196570577,BabyLM 125M — final layer,11.75056490881293,12.541622904630358
-1.077344519323846,-1.5373286207097752,12.100725624803182,6.870264856271882,1.868835490494456,-3.476343845759669,1.7940709196570577,BabyLM 125M — final layer,11.739510982357382,12.461842035481391
-0.9238272643366066,-1.5373286207097752,12.054088115048168,6.870264856271882,1.868835490494456,-3.476343845759669,1.7940709196570577,BabyLM 125M — final layer,11.727846289796252,12.384678078032433
-0.7703100093493673,-1.5373286207097752,12.007450605293155,6.870264856271882,1.868835490494456,-3.476343845759669,1.7940709196570577,BabyLM 125M — final layer,11.704837786444253,12.314277556340857
-0.6167927543621281,-1.5373286207097752,11.960813095538143,6.870264856271882,1.868835490494456,-3.476343845759669,1.7940709196570577,BabyLM 125M — final layer,11.672491347979365,12.251074097089647
-0.46327549937488866,-1.5373286207097752,11.914175585783129,6.870264856271882,1.868835490494456,-3.476343845759669,1.7940709196570577,BabyLM 125M — final layer,11.63490694087345,12.19640632405347
-0.30975824438764943,-1.5373286207097752,11.867538076028115,6.870264856271882,1.868835490494456,-3.476343845759669,1.7940709196570577,BabyLM 125M — final layer,11.586411263437538,12.14571890302919
-0.1562409894004102,-1.5373286207097752,11.820900566273101,6.870264856271882,1.868835490494456,-3.476343845759669,1.7940709196570577,BabyLM 125M — final layer,11.530057267699755,12.107916657897054
-0.00272373441317075,-1.5373286207097752,11.77426305651809,6.870264856271882,1.868835490494456,-3.476343845759669,1.7940709196570577,BabyLM 125M — final layer,11.465884884520916,12.079190587368831
0.1507935205740687,-1.5373286207097752,11.727625546763075,6.870264856271882,1.868835490494456,-3.476343845759669,1.7940709196570577,BabyLM 125M — final layer,11.399774957405603,12.054178492753383
0.3043107755613079,-1.5373286207097752,11.680988037008062,6.870264856271882,1.868835490494456,-3.476343845759669,1.7940709196570577,BabyLM 125M — final layer,11.322672416386828,12.03633707193877
0.4578280305485471,-1.5373286207097752,11.63435052725305,6.870264856271882,1.868835490494456,-3.476343845759669,1.7940709196570577,BabyLM 125M — final layer,11.240953723882946,12.021298326789644
0.6113452855357864,-1.5373286207097752,11.587713017498036,6.870264856271882,1.868835490494456,-3.476343845759669,1.7940709196570577,BabyLM 125M — final layer,11.157004914408455,12.007061808017111
0.7648625405230256,-1.5373286207097752,11.541075507743022,6.870264856271882,1.868835490494456,-3.476343845759669,1.7940709196570577,BabyLM 125M — final layer,11.0710927496164,11.997320307684168
0.9183797955102652,-1.5373286207097752,11.494437997988008,6.870264856271882,1.868835490494456,-3.476343845759669,1.7940709196570577,BabyLM 125M — final layer,10.984580950925825,11.992132526366403
1.0718970504975045,-1.5373286207097752,11.447800488232996,6.870264856271882,1.868835490494456,-3.476343845759669,1.7940709196570577,BabyLM 125M — final layer,10.894593627963683,11.985963734757986
1.2254143054847435,-1.5373286207097752,11.401162978477982,6.870264856271882,1.868835490494456,-3.476343845759669,1.7940709196570577,BabyLM 125M — final layer,10.800866167741477,11.98368147829422
1.378931560471983,-1.5373286207097752,11.354525468722969,6.870264856271882,1.868835490494456,-3.476343845759669,1.7940709196570577,BabyLM 125M — final layer,10.708996670118573,11.98130062652846
1.5324488154592222,-1.5373286207097752,11.307887958967957,6.870264856271882,1.868835490494456,-3.476343845759669,1.7940709196570577,BabyLM 125M — final layer,10.616956376690558,11.979311387647037
1.6859660704464614,-1.5373286207097752,11.261250449212943,6.870264856271882,1.868835490494456,-3.476343845759669,1.7940709196570577,BabyLM 125M — final layer,10.524363615291827,11.977682656168406
1.839483325433701,-1.5373286207097752,11.214612939457929,6.870264856271882,1.868835490494456,-3.476343845759669,1.7940709196570577,BabyLM 125M — final layer,10.43016007679427,11.976267080229084
1.9930005804209403,-1.5373286207097752,11.167975429702915,6.870264856271882,1.868835490494456,-3.476343845759669,1.7940709196570577,BabyLM 125M — final layer,10.334472799997851,11.977037687524149
2.14651783540818,-1.5373286207097752,11.121337919947903,6.870264856271882,1.868835490494456,-3.476343845759669,1.7940709196570577,BabyLM 125M — final layer,10.242242602700019,11.976362796672118
2.300035090395419,-1.5373286207097752,11.07470041019289,6.870264856271882,1.868835490494456,-3.476343845759669,1.7940709196570577,BabyLM 125M — final layer,10.146780623908928,11.977632830210343
2.453552345382658,-1.5373286207097752,11.028062900437876,6.870264856271882,1.868835490494456,-3.476343845759669,1.7940709196570577,BabyLM 125M — final layer,10.047534384104095,11.981840747806858
-1.9984480492472816,-1.369744118676949,12.464003329590595,6.870264856271882,1.868835490494456,-3.476343845759669,1.7940709196570577,BabyLM 125M — final layer,11.905888025807403,13.020106068279292
-1.8449307942600424,-1.369744118676949,12.409769915720377,6.870264856271882,1.868835490494456,-3.476343845759669,1.7940709196570577,BabyLM 125M — final layer,11.894312843198565,12.926131834610924
-1.6914135392728031,-1.369744118676949,12.355536501850157,6.870264856271882,1.868835490494456,-3.476343845759669,1.7940709196570577,BabyLM 125M — final layer,11.878330380410839,12.831919527261142
-1.537896284285564,-1.369744118676949,12.301303087979937,6.870264856271882,1.868835490494456,-3.476343845759669,1.7940709196570577,BabyLM 125M — final layer,11.862896449205552,12.74034989770538
-1.384379029298325,-1.369744118676949,12.247069674109719,6.870264856271882,1.868835490494456,-3.476343845759669,1.7940709196570577,BabyLM 125M — final layer,11.844893526149889,12.64880722372257
-1.2308617743110852,-1.369744118676949,12.192836260239499,6.870264856271882,1.868835490494456,-3.476343845759669,1.7940709196570577,BabyLM 125M — final layer,11.824691561148853,12.558947488110018
-1.077344519323846,-1.369744118676949,12.13860284636928,6.870264856271882,1.868835490494456,-3.476343845759669,1.7940709196570577,BabyLM 125M — final layer,11.803759253971585,12.474531439255369
-0.9238272643366066,-1.369744118676949,12.08436943249906,6.870264856271882,1.868835490494456,-3.476343845759669,1.7940709196570577,BabyLM 125M — final layer,11.781372054986521,12.392069934324699
-0.7703100093493673,-1.369744118676949,12.030136018628841,6.870264856271882,1.868835490494456,-3.476343845759669,1.7940709196570577,BabyLM 125M — final layer,11.747797304848497,12.313507512469155
-0.6167927543621281,-1.369744118676949,11.975902604758621,6.870264856271882,1.868835490494456,-3.476343845759669,1.7940709196570577,BabyLM 125M — final layer,11.710011555516928,12.24404061737938
-0.46327549937488866,-1.369744118676949,11.921669190888402,6.870264856271882,1.868835490494456,-3.476343845759669,1.7940709196570577,BabyLM 125M — final layer,11.663592508621985,12.181236358069945
-0.30975824438764943,-1.369744118676949,11.867435777018184,6.870264856271882,1.868835490494456,-3.476343845759669,1.7940709196570577,BabyLM 125M — final layer,11.608173971516656,12.125267920435766
-0.1562409894004102,-1.369744118676949,11.813202363147964,6.870264856271882,1.868835490494456,-3.476343845759669,1.7940709196570577,BabyLM 125M — final layer,11.545554209786328,12.078143283591347
-0.00272373441317075,-1.369744118676949,11.758968949277744,6.870264856271882,1.868835490494456,-3.476343845759669,1.7940709196570577,BabyLM 125M — final layer,11.474011776933342,12.040343164078426
0.1507935205740687,-1.369744118676949,11.704735535407526,6.870264856271882,1.868835490494456,-3.476343845759669,1.7940709196570577,BabyLM 125M — final layer,11.39955013147708,12.00694453528445
0.3043107755613079,-1.369744118676949,11.650502121537306,6.870264856271882,1.868835490494456,-3.476343845759669,1.7940709196570577,BabyLM 125M — final layer,11.317549265901597,11.977492518162169
0.4578280305485471,-1.369744118676949,11.596268707667086,6.870264856271882,1.868835490494456,-3.476343845759669,1.7940709196570577,BabyLM 125M — final layer,11.232834313071372,11.954085019776942
0.6113452855357864,-1.369744118676949,11.542035293796868,6.870264856271882,1.868835490494456,-3.476343845759669,1.7940709196570577,BabyLM 125M — final layer,11.144002513653522,11.932777913965392
0.7648625405230256,-1.369744118676949,11.487801879926648,6.870264856271882,1.868835490494456,-3.476343845759669,1.7940709196570577,BabyLM 125M — final layer,11.050892586404919,11.910622703662815
0.9183797955102652,-1.369744118676949,11.433568466056428,6.870264856271882,1.868835490494456,-3.476343845759669,1.7940709196570577,BabyLM 125M — final layer,10.95825826711314,11.895342464798524
1.0718970504975045,-1.369744118676949,11.37933505218621,6.870264856271882,1.868835490494456,-3.476343845759669,1.7940709196570577,BabyLM 125M — final layer,10.865474386590261,11.881329417282595
1.2254143054847435,-1.369744118676949,11.32510163831599,6.870264856271882,1.868835490494456,-3.476343845759669,1.7940709196570577,BabyLM 125M — final layer,10.772341680192362,11.866718694913887
1.378931560471983,-1.369744118676949,11.27086822444577,6.870264856271882,1.868835490494456,-3.476343845759669,1.7940709196570577,BabyLM 125M — final layer,10.676036242436512,11.854134530814566
1.5324488154592222,-1.369744118676949,11.216634810575552,6.870264856271882,1.868835490494456,-3.476343845759669,1.7940709196570577,BabyLM 125M — final layer,10.57884124375934,11.840603699063635
1.6859660704464614,-1.369744118676949,11.162401396705333,6.870264856271882,1.868835490494456,-3.476343845759669,1.7940709196570577,BabyLM 125M — final layer,10.478619616802021,11.828987647121311
1.839483325433701,-1.369744118676949,11.108167982835113,6.870264856271882,1.868835490494456,-3.476343845759669,1.7940709196570577,BabyLM 125M — final layer,10.380656081043506,11.816001883719792
1.9930005804209403,-1.369744118676949,11.053934568964893,6.870264856271882,1.868835490494456,-3.476343845759669,1.7940709196570577,BabyLM 125M — final layer,10.280019832617233,11.808138800744967
2.14651783540818,-1.369744118676949,10.999701155094675,6.870264856271882,1.868835490494456,-3.476343845759669,1.7940709196570577,BabyLM 125M — final layer,10.183230969398222,11.796598194815765
2.300035090395419,-1.369744118676949,10.945467741224455,6.870264856271882,1.868835490494456,-3.476343845759669,1.7940709196570577,BabyLM 125M — final layer,10.086503663004622,11.783044384408276
2.453552345382658,-1.369744118676949,10.891234327354235,6.870264856271882,1.868835490494456,-3.476343845759669,1.7940709196570577,BabyLM 125M — final layer,9.986159286799483,11.771463076643332
-1.9984480492472816,-1.2021596166441229,12.54745597584793,6.870264856271882,1.868835490494456,-3.476343845759669,1.7940709196570577,BabyLM 125M — final layer,12.02954463059843,13.063803066490056
-1.8449307942600424,-1.2021596166441229,12.485626657862504,6.870264856271882,1.868835490494456,-3.476343845759669,1.7940709196570577,BabyLM 125M — final layer,12.005965457710547,12.963540760841614
-1.6914135392728031,-1.2021596166441229,12.423797339877078,6.870264856271882,1.868835490494456,-3.476343845759669,1.7940709196570577,BabyLM 125M — final layer,11.984504701094838,12.864772550740009
-1.537896284285564,-1.2021596166441229,12.361968021891654,6.870264856271882,1.868835490494456,-3.476343845759669,1.7940709196570577,BabyLM 125M — final layer,11.956950005522975,12.767124669946817
-1.384379029298325,-1.2021596166441229,12.300138703906228,6.870264856271882,1.868835490494456,-3.476343845759669,1.7940709196570577,BabyLM 125M — final layer,11.929061070391016,12.671451726923568
-1.2308617743110852,-1.2021596166441229,12.238309385920802,6.870264856271882,1.868835490494456,-3.476343845759669,1.7940709196570577,BabyLM 125M — final layer,11.897203607877884,12.581844926064884
-1.077344519323846,-1.2021596166441229,12.176480067935378,6.870264856271882,1.868835490494456,-3.476343845759669,1.7940709196570577,BabyLM 125M — final layer,11.86660826264951,12.487554347241149
-0.9238272643366066,-1.2021596166441229,12.114650749949952,6.870264856271882,1.868835490494456,-3.476343845759669,1.7940709196570577,BabyLM 125M — final layer,11.833593704603459,12.400422079256506
-0.7703100093493673,-1.2021596166441229,12.052821431964526,6.870264856271882,1.868835490494456,-3.476343845759669,1.7940709196570577,BabyLM 125M — final layer,11.793252164237952,12.317573363845888
-0.6167927543621281,-1.2021596166441229,11.990992113979102,6.870264856271882,1.868835490494456,-3.476343845759669,1.7940709196570577,BabyLM 125M — final layer,11.747115040008795,12.238685021101933
-0.46327549937488866,-1.2021596166441229,11.929162795993676,6.870264856271882,1.868835490494456,-3.476343845759669,1.7940709196570577,BabyLM 125M — final layer,11.692127889559506,12.168234322045993
-0.30975824438764943,-1.2021596166441229,11.86733347800825,6.870264856271882,1.868835490494456,-3.476343845759669,1.7940709196570577,BabyLM 125M — final layer,11.628023476858607,12.1061339426202
-0.1562409894004102,-1.2021596166441229,11.805504160022826,6.870264856271882,1.868835490494456,-3.476343845759669,1.7940709196570577,BabyLM 125M — final layer,11.557258802694088,12.049227200833403
-0.00272373441317075,-1.2021596166441229,11.7436748420374,6.870264856271882,1.868835490494456,-3.476343845759669,1.7940709196570577,BabyLM 125M — final layer,11.48111817970394,12.002066029827326
0.1507935205740687,-1.2021596166441229,11.681845524051974,6.870264856271882,1.868835490494456,-3.476343845759669,1.7940709196570577,BabyLM 125M — final layer,11.400113189718667,11.958989513095233
0.3043107755613079,-1.2021596166441229,11.62001620606655,6.870264856271882,1.868835490494456,-3.476343845759669,1.7940709196570577,BabyLM 125M — final layer,11.314666290201027,11.922475684323082
0.4578280305485471,-1.2021596166441229,11.558186888081124,6.870264856271882,1.868835490494456,-3.476343845759669,1.7940709196570577,BabyLM 125M — final layer,11.222065533788108,11.889742829334402
0.6113452855357864,-1.2021596166441229,11.496357570095698,6.870264856271882,1.868835490494456,-3.476343845759669,1.7940709196570577,BabyLM 125M — final layer,11.12958744757434,11.858888641464436
0.7648625405230256,-1.2021596166441229,11.434528252110274,6.870264856271882,1.868835490494456,-3.476343845759669,1.7940709196570577,BabyLM 125M — final layer,11.03199956423051,11.828784757253862
0.9183797955102652,-1.2021596166441229,11.372698934124848,6.870264856271882,1.868835490494456,-3.476343845759669,1.7940709196570577,BabyLM 125M — final layer,10.933442343298921,11.801342216106434
1.0718970504975045,-1.2021596166441229,11.310869616139422,6.870264856271882,1.868835490494456,-3.476343845759669,1.7940709196570577,BabyLM 125M — final layer,10.839405070584537,11.77817954933589
1.2254143054847435,-1.2021596166441229,11.249040298153998,6.870264856271882,1.868835490494456,-3.476343845759669,1.7940709196570577,BabyLM 125M — final layer,10.73912036645547,11.75133763562978
1.378931560471983,-1.2021596166441229,11.187210980168572,6.870264856271882,1.868835490494456,-3.476343845759669,1.7940709196570577,BabyLM 125M — final layer,10.638253951531638,11.725057880743252
1.5324488154592222,-1.2021596166441229,11.125381662183147,6.870264856271882,1.868835490494456,-3.476343845759669,1.7940709196570577,BabyLM 125M — final layer,10.53665604679559,11.701957836796671
1.6859660704464614,-1.2021596166441229,11.063552344197722,6.870264856271882,1.868835490494456,-3.476343845759669,1.7940709196570577,BabyLM 125M — final layer,10.433155050151724,11.680837447792749
1.839483325433701,-1.2021596166441229,11.001723026212296,6.870264856271882,1.868835490494456,-3.476343845759669,1.7940709196570577,BabyLM 125M — final layer,10.331540474495027,11.658237699292746
1.9930005804209403,-1.2021596166441229,10.93989370822687,6.870264856271882,1.868835490494456,-3.476343845759669,1.7940709196570577,BabyLM 125M — final layer,10.22968752748509,11.635122437986949
2.14651783540818,-1.2021596166441229,10.878064390241446,6.870264856271882,1.868835490494456,-3.476343845759669,1.7940709196570577,BabyLM 125M — final layer,10.124202587469762,11.612198577808574
2.300035090395419,-1.2021596166441229,10.81623507225602,6.870264856271882,1.868835490494456,-3.476343845759669,1.7940709196570577,BabyLM 125M — final layer,10.021610911155308,11.591348973218054
2.453552345382658,-1.2021596166441229,10.754405754270595,6.870264856271882,1.868835490494456,-3.476343845759669,1.7940709196570577,BabyLM 125M — final layer,9.917854337034369,11.571484540110783
-1.9984480492472816,-1.0345751146112967,12.630908622105263,6.870264856271882,1.868835490494456,-3.476343845759669,1.7940709196570577,BabyLM 125M — final layer,12.153229892920427,13.111171080896977
-1.8449307942600424,-1.0345751146112967,12.561483400004631,6.870264856271882,1.868835490494456,-3.476343845759669,1.7940709196570577,BabyLM 125M — final layer,12.119775445057625,13.00480973215823
-1.6914135392728031,-1.0345751146112967,12.492058177904001,6.870264856271882,1.868835490494456,-3.476343845759669,1.7940709196570577,BabyLM 125M — final layer,12.083434168643322,12.900699458248301
-1.537896284285564,-1.0345751146112967,12.422632955803369,6.870264856271882,1.868835490494456,-3.476343845759669,1.7940709196570577,BabyLM 125M — final layer,12.047801357916965,12.80015886088059
-1.384379029298325,-1.0345751146112967,12.353207733702739,6.870264856271882,1.868835490494456,-3.476343845759669,1.7940709196570577,BabyLM 125M — final layer,12.011718500777635,12.699967464028294
-1.2308617743110852,-1.0345751146112967,12.283782511602107,6.870264856271882,1.868835490494456,-3.476343845759669,1.7940709196570577,BabyLM 125M — final layer,11.970308336917975,12.601665724461144
-1.077344519323846,-1.0345751146112967,12.214357289501475,6.870264856271882,1.868835490494456,-3.476343845759669,1.7940709196570577,BabyLM 125M — final layer,11.929954792072827,12.503714942263967
-0.9238272643366066,-1.0345751146112967,12.144932067400845,6.870264856271882,1.868835490494456,-3.476343845759669,1.7940709196570577,BabyLM 125M — final layer,11.885611406681148,12.409574485088468
-0.7703100093493673,-1.0345751146112967,12.075506845300213,6.870264856271882,1.868835490494456,-3.476343845759669,1.7940709196570577,BabyLM 125M — final layer,11.8331611442098,12.319916745836592
-0.6167927543621281,-1.0345751146112967,12.00608162319958,6.870264856271882,1.868835490494456,-3.476343845759669,1.7940709196570577,BabyLM 125M — final layer,11.781155530207116,12.234774539562611
-0.46327549937488866,-1.0345751146112967,11.93665640109895,6.870264856271882,1.868835490494456,-3.476343845759669,1.7940709196570577,BabyLM 125M — final layer,11.717757237780194,12.156443226426878
-0.30975824438764943,-1.0345751146112967,11.867231178998319,6.870264856271882,1.868835490494456,-3.476343845759669,1.7940709196570577,BabyLM 125M — final layer,11.646784451861862,12.087866646443455
-0.1562409894004102,-1.0345751146112967,11.797805956897687,6.870264856271882,1.868835490494456,-3.476343845759669,1.7940709196570577,BabyLM 125M — final layer,11.570071956976143,12.022747681395614
-0.00272373441317075,-1.0345751146112967,11.728380734797057,6.870264856271882,1.868835490494456,-3.476343845759669,1.7940709196570577,BabyLM 125M — final layer,11.486789061231544,11.966656517084516
0.1507935205740687,-1.0345751146112967,11.658955512696425,6.870264856271882,1.868835490494456,-3.476343845759669,1.7940709196570577,BabyLM 125M — final layer,11.398645407919501,11.913563460544694
0.3043107755613079,-1.0345751146112967,11.589530290595793,6.870264856271882,1.868835490494456,-3.476343845759669,1.7940709196570577,BabyLM 125M — final layer,11.30888167613416,11.8676075450469
0.4578280305485471,-1.0345751146112967,11.520105068495162,6.870264856271882,1.868835490494456,-3.476343845759669,1.7940709196570577,BabyLM 125M — final layer,11.212891382318878,11.82404028046248
0.6113452855357864,-1.0345751146112967,11.45067984639453,6.870264856271882,1.868835490494456,-3.476343845759669,1.7940709196570577,BabyLM 125M — final layer,11.114843695052778,11.784921371284703
0.7648625405230256,-1.0345751146112967,11.3812546242939,6.870264856271882,1.868835490494456,-3.476343845759669,1.7940709196570577,BabyLM 125M — final layer,11.012980954808334,11.744078841502983
0.9183797955102652,-1.0345751146112967,11.311829402193268,6.870264856271882,1.868835490494456,-3.476343845759669,1.7940709196570577,BabyLM 125M — final layer,10.91324878864102,11.708174217178659
1.0718970504975045,-1.0345751146112967,11.242404180092636,6.870264856271882,1.868835490494456,-3.476343845759669,1.7940709196570577,BabyLM 125M — final layer,10.810486136371885,11.671936475651602
1.2254143054847435,-1.0345751146112967,11.172978957992006,6.870264856271882,1.868835490494456,-3.476343845759669,1.7940709196570577,BabyLM 125M — final layer,10.706681816933596,11.634605854182164
1.378931560471983,-1.0345751146112967,11.103553735891374,6.870264856271882,1.868835490494456,-3.476343845759669,1.7940709196570577,BabyLM 125M — final layer,10.602446121130946,11.600486534440227
1.5324488154592222,-1.0345751146112967,11.034128513790742,6.870264856271882,1.868835490494456,-3.476343845759669,1.7940709196570577,BabyLM 125M — final layer,10.494662313778328,11.568174528949449
1.6859660704464614,-1.0345751146112967,10.964703291690112,6.870264856271882,1.868835490494456,-3.476343845759669,1.7940709196570577,BabyLM 125M — final layer,10.388512812498325,11.53439894730971
1.839483325433701,-1.0345751146112967,10.89527806958948,6.870264856271882,1.868835490494456,-3.476343845759669,1.7940709196570577,BabyLM 125M — final layer,10.28331601930858,11.501879473975178
1.9930005804209403,-1.0345751146112967,10.82585284748885,6.870264856271882,1.868835490494456,-3.476343845759669,1.7940709196570577,BabyLM 125M — final layer,10.174490496633378,11.467845121369798
2.14651783540818,-1.0345751146112967,10.756427625388218,6.870264856271882,1.868835490494456,-3.476343845759669,1.7940709196570577,BabyLM 125M — final layer,10.065578492740245,11.436613300896562
2.300035090395419,-1.0345751146112967,10.687002403287586,6.870264856271882,1.868835490494456,-3.476343845759669,1.7940709196570577,BabyLM 125M — final layer,9.957628774070212,11.404025676138964
2.453552345382658,-1.0345751146112967,10.617577181186956,6.870264856271882,1.868835490494456,-3.476343845759669,1.7940709196570577,BabyLM 125M — final layer,9.850834799617585,11.372791901577749
-1.9984480492472816,-0.8669906125784705,12.714361268362596,6.870264856271882,1.868835490494456,-3.476343845759669,1.7940709196570577,BabyLM 125M — final layer,12.271250860188477,13.15862797906097
-1.8449307942600424,-0.8669906125784705,12.63734014214676,6.870264856271882,1.868835490494456,-3.476343845759669,1.7940709196570577,BabyLM 125M — final layer,12.226083330988358,13.05041065539466
-1.6914135392728031,-0.8669906125784705,12.560319015930922,6.870264856271882,1.868835490494456,-3.476343845759669,1.7940709196570577,BabyLM 125M — final layer,12.182586153503681,12.942636675775793
-1.537896284285564,-0.8669906125784705,12.483297889715086,6.870264856271882,1.868835490494456,-3.476343845759669,1.7940709196570577,BabyLM 125M — final layer,12.134960300925712,12.834711663489244
-1.384379029298325,-0.8669906125784705,12.406276763499248,6.870264856271882,1.868835490494456,-3.476343845759669,1.7940709196570577,BabyLM 125M — final layer,12.089305462110108,12.730090725120167
-1.2308617743110852,-0.8669906125784705,12.32925563728341,6.870264856271882,1.868835490494456,-3.476343845759669,1.7940709196570577,BabyLM 125M — final layer,12.042263721942767,12.624868999062688
-1.077344519323846,-0.8669906125784705,12.252234511067574,6.870264856271882,1.868835490494456,-3.476343845759669,1.7940709196570577,BabyLM 125M — final layer,11.988502125403594,12.520885590518322
-0.9238272643366066,-0.8669906125784705,12.175213384851736,6.870264856271882,1.868835490494456,-3.476343845759669,1.7940709196570577,BabyLM 125M — final layer,11.933253049280669,12.421176026690047
-0.7703100093493673,-0.8669906125784705,12.0981922586359,6.870264856271882,1.868835490494456,-3.476343845759669,1.7940709196570577,BabyLM 125M — final layer,11.873666126088493,12.323942177436399
-0.6167927543621281,-0.8669906125784705,12.021171132420061,6.870264856271882,1.868835490494456,-3.476343845759669,1.7940709196570577,BabyLM 125M — final layer,11.81310599839991,12.231412319189412
-0.46327549937488866,-0.8669906125784705,11.944150006204223,6.870264856271882,1.868835490494456,-3.476343845759669,1.7940709196570577,BabyLM 125M — final layer,11.740840380009796,12.147659131353901
-0.30975824438764943,-0.8669906125784705,11.867128879988387,6.870264856271882,1.868835490494456,-3.476343845759669,1.7940709196570577,BabyLM 125M — final layer,11.664062371141865,12.070198315368895
-0.1562409894004102,-0.8669906125784705,11.79010775377255,6.870264856271882,1.868835490494456,-3.476343845759669,1.7940709196570577,BabyLM 125M — final layer,11.580684207759006,11.99637706421748
-0.00272373441317075,-0.8669906125784705,11.713086627556711,6.870264856271882,1.868835490494456,-3.476343845759669,1.7940709196570577,BabyLM 125M — final layer,11.4909217038314,11.930102809564177
0.1507935205740687,-0.8669906125784705,11.636065501340875,6.870264856271882,1.868835490494456,-3.476343845759669,1.7940709196570577,BabyLM 125M — final layer,11.396701782060209,11.870644732074338
0.3043107755613079,-0.8669906125784705,11.559044375125037,6.870264856271882,1.868835490494456,-3.476343845759669,1.7940709196570577,BabyLM 125M — final layer,11.301667341708182,11.813295780799729
0.4578280305485471,-0.8669906125784705,11.4820232489092,6.870264856271882,1.868835490494456,-3.476343845759669,1.7940709196570577,BabyLM 125M — final layer,11.200295587281245,11.760433670610558
0.6113452855357864,-0.8669906125784705,11.405002122693363,6.870264856271882,1.868835490494456,-3.476343845759669,1.7940709196570577,BabyLM 125M — final layer,11.097798317961308,11.709525463551483
0.7648625405230256,-0.8669906125784705,11.327980996477525,6.870264856271882,1.868835490494456,-3.476343845759669,1.7940709196570577,BabyLM 125M — final layer,10.9942673247813,11.662631766564335
0.9183797955102652,-0.8669906125784705,11.250959870261688,6.870264856271882,1.868835490494456,-3.476343845759669,1.7940709196570577,BabyLM 125M — final layer,10.886837528386234,11.613691719134176
1.0718970504975045,-0.8669906125784705,11.17393874404585,6.870264856271882,1.868835490494456,-3.476343845759669,1.7940709196570577,BabyLM 125M — final layer,10.780324319943775,11.567029486114542
1.2254143054847435,-0.8669906125784705,11.096917617830014,6.870264856271882,1.868835490494456,-3.476343845759669,1.7940709196570577,BabyLM 125M — final layer,10.671806561843242,11.522305567511165
1.378931560471983,-0.8669906125784705,11.019896491614176,6.870264856271882,1.868835490494456,-3.476343845759669,1.7940709196570577,BabyLM 125M — final layer,10.561352553524324,11.475235811580758
1.5324488154592222,-0.8669906125784705,10.942875365398338,6.870264856271882,1.868835490494456,-3.476343845759669,1.7940709196570577,BabyLM 125M — final layer,10.45227590009342,11.43248764646541
1.6859660704464614,-0.8669906125784705,10.865854239182502,6.870264856271882,1.868835490494456,-3.476343845759669,1.7940709196570577,BabyLM 125M — final layer,10.340454908548546,11.38898757232578
1.839483325433701,-0.8669906125784705,10.788833112966664,6.870264856271882,1.868835490494456,-3.476343845759669,1.7940709196570577,BabyLM 125M — final layer,10.227580055789037,11.344460690520423
1.9930005804209403,-0.8669906125784705,10.711811986750828,6.870264856271882,1.868835490494456,-3.476343845759669,1.7940709196570577,BabyLM 125M — final layer,10.117677380139027,11.30154890632922
2.14651783540818,-0.8669906125784705,10.63479086053499,6.870264856271882,1.868835490494456,-3.476343845759669,1.7940709196570577,BabyLM 125M — final layer,10.006854380974287,11.262241580245844
2.300035090395419,-0.8669906125784705,10.557769734319152,6.870264856271882,1.868835490494456,-3.476343845759669,1.7940709196570577,BabyLM 125M — final layer,9.894140112279304,11.218518147398212
2.453552345382658,-0.8669906125784705,10.480748608103315,6.870264856271882,1.868835490494456,-3.476343845759669,1.7940709196570577,BabyLM 125M — final layer,9.780537252825258,11.175233886132217
-1.9984480492472816,-0.6994061105456442,12.797813914619931,6.870264856271882,1.868835490494456,-3.476343845759669,1.7940709196570577,BabyLM 125M — final layer,12.387747864990645,13.212341561055563
-1.8449307942600424,-0.6994061105456442,12.713196884288887,6.870264856271882,1.868835490494456,-3.476343845759669,1.7940709196570577,BabyLM 125M — final layer,12.33157502954526,13.099272283731391
-1.6914135392728031,-0.6994061105456442,12.628579853957845,6.870264856271882,1.868835490494456,-3.476343845759669,1.7940709196570577,BabyLM 125M — final layer,12.275408565295663,12.98542159185067
-1.537896284285564,-0.6994061105456442,12.543962823626801,6.870264856271882,1.868835490494456,-3.476343845759669,1.7940709196570577,BabyLM 125M — final layer,12.218522644758187,12.874257842981967
-1.384379029298325,-0.6994061105456442,12.459345793295759,6.870264856271882,1.868835490494456,-3.476343845759669,1.7940709196570577,BabyLM 125M — final layer,12.162082706073416,12.763852076382458
-1.2308617743110852,-0.6994061105456442,12.374728762964715,6.870264856271882,1.868835490494456,-3.476343845759669,1.7940709196570577,BabyLM 125M — final layer,12.106651342183737,12.654056742611324
-1.077344519323846,-0.6994061105456442,12.29011173263367,6.870264856271882,1.868835490494456,-3.476343845759669,1.7940709196570577,BabyLM 125M — final layer,12.044778430536974,12.544561593186026
-0.9238272643366066,-0.6994061105456442,12.205494702302628,6.870264856271882,1.868835490494456,-3.476343845759669,1.7940709196570577,BabyLM 125M — final layer,11.980547167278758,12.436402332898565
-0.7703100093493673,-0.6994061105456442,12.120877671971584,6.870264856271882,1.868835490494456,-3.476343845759669,1.7940709196570577,BabyLM 125M — final layer,11.911870866269133,12.33183182843744
-0.6167927543621281,-0.6994061105456442,12.036260641640542,6.870264856271882,1.868835490494456,-3.476343845759669,1.7940709196570577,BabyLM 125M — final layer,11.841041495340233,12.234509920901841
-0.46327549937488866,-0.6994061105456442,11.951643611309498,6.870264856271882,1.868835490494456,-3.476343845759669,1.7940709196570577,BabyLM 125M — final layer,11.764970705239465,12.141389970617848
-0.30975824438764943,-0.6994061105456442,11.867026580978454,6.870264856271882,1.868835490494456,-3.476343845759669,1.7940709196570577,BabyLM 125M — final layer,11.68000170772286,12.054228623503416
-0.1562409894004102,-0.6994061105456442,11.782409550647412,6.870264856271882,1.868835490494456,-3.476343845759669,1.7940709196570577,BabyLM 125M — final layer,11.589590461190726,11.971910986155514
-0.00272373441317075,-0.6994061105456442,11.697792520316368,6.870264856271882,1.868835490494456,-3.476343845759669,1.7940709196570577,BabyLM 125M — final layer,11.494395634006837,11.897118313053
0.1507935205740687,-0.6994061105456442,11.613175489985325,6.870264856271882,1.868835490494456,-3.476343845759669,1.7940709196570577,BabyLM 125M — final layer,11.395599997152571,11.827478400134495
0.3043107755613079,-0.6994061105456442,11.528558459654281,6.870264856271882,1.868835490494456,-3.476343845759669,1.7940709196570577,BabyLM 125M — final layer,11.293611465088917,11.760420931268614
0.4578280305485471,-0.6994061105456442,11.443941429323237,6.870264856271882,1.868835490494456,-3.476343845759669,1.7940709196570577,BabyLM 125M — final layer,11.187909223523798,11.698738384134975
0.6113452855357864,-0.6994061105456442,11.359324398992195,6.870264856271882,1.868835490494456,-3.476343845759669,1.7940709196570577,BabyLM 125M — final layer,11.081935545880782,11.637324808777581
0.7648625405230256,-0.6994061105456442,11.27470736866115,6.870264856271882,1.868835490494456,-3.476343845759669,1.7940709196570577,BabyLM 125M — final layer,10.972709930309309,11.577953558043953
0.9183797955102652,-0.6994061105456442,11.190090338330108,6.870264856271882,1.868835490494456,-3.476343845759669,1.7940709196570577,BabyLM 125M — final layer,10.86071256455095,11.520405512559538
1.0718970504975045,-0.6994061105456442,11.105473307999064,6.870264856271882,1.868835490494456,-3.476343845759669,1.7940709196570577,BabyLM 125M — final layer,10.747935722962747,11.464000522562875
1.2254143054847435,-0.6994061105456442,11.020856277668022,6.870264856271882,1.868835490494456,-3.476343845759669,1.7940709196570577,BabyLM 125M — final layer,10.635042943678474,11.410379888237316
1.378931560471983,-0.6994061105456442,10.936239247336978,6.870264856271882,1.868835490494456,-3.476343845759669,1.7940709196570577,BabyLM 125M — final layer,10.522135236098524,11.355156161209454
1.5324488154592222,-0.6994061105456442,10.851622217005934,6.870264856271882,1.868835490494456,-3.476343845759669,1.7940709196570577,BabyLM 125M — final layer,10.408098852632348,11.299011224812872
1.6859660704464614,-0.6994061105456442,10.767005186674892,6.870264856271882,1.868835490494456,-3.476343845759669,1.7940709196570577,BabyLM 125M — final layer,10.293795903430993,11.24326409918648
1.839483325433701,-0.6994061105456442,10.682388156343848,6.870264856271882,1.868835490494456,-3.476343845759669,1.7940709196570577,BabyLM 125M — final layer,10.177152694978188,11.190590420108222
1.9930005804209403,-0.6994061105456442,10.597771126012804,6.870264856271882,1.868835490494456,-3.476343845759669,1.7940709196570577,BabyLM 125M — final layer,10.05859474743198,11.137489152369445
2.14651783540818,-0.6994061105456442,10.513154095681761,6.870264856271882,1.868835490494456,-3.476343845759669,1.7940709196570577,BabyLM 125M — final layer,9.940449194500468,11.086507075663944
2.300035090395419,-0.6994061105456442,10.428537065350717,6.870264856271882,1.868835490494456,-3.476343845759669,1.7940709196570577,BabyLM 125M — final layer,9.823834845003486,11.034583845291083
2.453552345382658,-0.6994061105456442,10.343920035019675,6.870264856271882,1.868835490494456,-3.476343845759669,1.7940709196570577,BabyLM 125M — final layer,9.706282626260135,10.98176859825446
-1.9984480492472816,-0.5318216085128178,12.881266560877265,6.870264856271882,1.868835490494456,-3.476343845759669,1.7940709196570577,BabyLM 125M — final layer,12.494610203654767,13.271096060081783
-1.8449307942600424,-0.5318216085128178,12.789053626431016,6.870264856271882,1.868835490494456,-3.476343845759669,1.7940709196570577,BabyLM 125M — final layer,12.430395834742857,13.15520565910872
-1.6914135392728031,-0.5318216085128178,12.696840691984766,6.870264856271882,1.868835490494456,-3.476343845759669,1.7940709196570577,BabyLM 125M — final layer,12.364453499156228,13.035489512488578
-1.537896284285564,-0.5318216085128178,12.604627757538518,6.870264856271882,1.868835490494456,-3.476343845759669,1.7940709196570577,BabyLM 125M — final layer,12.300396774030762,12.917052328908008
-1.384379029298325,-0.5318216085128178,12.512414823092268,6.870264856271882,1.868835490494456,-3.476343845759669,1.7940709196570577,BabyLM 125M — final layer,12.235550647222924,12.798422442532376
-1.2308617743110852,-0.5318216085128178,12.420201888646018,6.870264856271882,1.868835490494456,-3.476343845759669,1.7940709196570577,BabyLM 125M — final layer,12.165933240696893,12.682027315225302
-1.077344519323846,-0.5318216085128178,12.32798895419977,6.870264856271882,1.868835490494456,-3.476343845759669,1.7940709196570577,BabyLM 125M — final layer,12.096540889778446,12.566517550505415
-0.9238272643366066,-0.5318216085128178,12.23577601975352,6.870264856271882,1.868835490494456,-3.476343845759669,1.7940709196570577,BabyLM 125M — final layer,12.021951936778532,12.454621272317695
-0.7703100093493673,-0.5318216085128178,12.143563085307271,6.870264856271882,1.868835490494456,-3.476343845759669,1.7940709196570577,BabyLM 125M — final layer,11.945787632055088,12.344476381833106
-0.6167927543621281,-0.5318216085128178,12.05135015086102,6.870264856271882,1.868835490494456,-3.476343845759669,1.7940709196570577,BabyLM 125M — final layer,11.868356557630003,12.24073831450413
-0.46327549937488866,-0.5318216085128178,11.959137216414772,6.870264856271882,1.868835490494456,-3.476343845759669,1.7940709196570577,BabyLM 125M — final layer,11.783024484894538,12.138167129168504
-0.30975824438764943,-0.5318216085128178,11.866924281968522,6.870264856271882,1.868835490494456,-3.476343845759669,1.7940709196570577,BabyLM 125M — final layer,11.691426891848739,12.042063863687753
-0.1562409894004102,-0.5318216085128178,11.774711347522274,6.870264856271882,1.868835490494456,-3.476343845759669,1.7940709196570577,BabyLM 125M — final layer,11.595553603047344,11.952444883943182
-0.00272373441317075,-0.5318216085128178,11.682498413076024,6.870264856271882,1.868835490494456,-3.476343845759669,1.7940709196570577,BabyLM 125M — final layer,11.495576697829058,11.866683346224336
0.1507935205740687,-0.5318216085128178,11.590285478629774,6.870264856271882,1.868835490494456,-3.476343845759669,1.7940709196570577,BabyLM 125M — final layer,11.39227320746468,11.78566487562829
0.3043107755613079,-0.5318216085128178,11.498072544183525,6.870264856271882,1.868835490494456,-3.476343845759669,1.7940709196570577,BabyLM 125M — final layer,11.283116457621107,11.709939987131666
0.4578280305485471,-0.5318216085128178,11.405859609737275,6.870264856271882,1.868835490494456,-3.476343845759669,1.7940709196570577,BabyLM 125M — final layer,11.174245148507069,11.636927833063366
0.6113452855357864,-0.5318216085128178,11.313646675291027,6.870264856271882,1.868835490494456,-3.476343845759669,1.7940709196570577,BabyLM 125M — final layer,11.062725609009444,11.565014621760156
0.7648625405230256,-0.5318216085128178,11.221433740844777,6.870264856271882,1.868835490494456,-3.476343845759669,1.7940709196570577,BabyLM 125M — final layer,10.947948810424734,11.495737712809014
0.9183797955102652,-0.5318216085128178,11.129220806398527,6.870264856271882,1.868835490494456,-3.476343845759669,1.7940709196570577,BabyLM 125M — final layer,10.831732793660825,11.430114244423189
1.0718970504975045,-0.5318216085128178,11.037007871952278,6.870264856271882,1.868835490494456,-3.476343845759669,1.7940709196570577,BabyLM 125M — final layer,10.714246059235727,11.363866467317795
1.2254143054847435,-0.5318216085128178,10.944794937506028,6.870264856271882,1.868835490494456,-3.476343845759669,1.7940709196570577,BabyLM 125M — final layer,10.598125119690009,11.297716494271004
1.378931560471983,-0.5318216085128178,10.85258200305978,6.870264856271882,1.868835490494456,-3.476343845759669,1.7940709196570577,BabyLM 125M — final layer,10.480229068591647,11.232607627732737
1.5324488154592222,-0.5318216085128178,10.76036906861353,6.870264856271882,1.868835490494456,-3.476343845759669,1.7940709196570577,BabyLM 125M — final layer,10.361133444936101,11.166840627545396
1.6859660704464614,-0.5318216085128178,10.668156134167281,6.870264856271882,1.868835490494456,-3.476343845759669,1.7940709196570577,BabyLM 125M — final layer,10.24059599750194,11.103312221987128
1.839483325433701,-0.5318216085128178,10.575943199721031,6.870264856271882,1.868835490494456,-3.476343845759669,1.7940709196570577,BabyLM 125M — final layer,10.11966870417425,11.037347520985726
1.9930005804209403,-0.5318216085128178,10.483730265274781,6.870264856271882,1.868835490494456,-3.476343845759669,1.7940709196570577,BabyLM 125M — final layer,9.997989737508576,10.976376451601213
2.14651783540818,-0.5318216085128178,10.391517330828533,6.870264856271882,1.868835490494456,-3.476343845759669,1.7940709196570577,BabyLM 125M — final layer,9.875508899299142,10.914653507169403
2.300035090395419,-0.5318216085128178,10.299304396382283,6.870264856271882,1.868835490494456,-3.476343845759669,1.7940709196570577,BabyLM 125M — final layer,9.753318755141642,10.849814477042623
2.453552345382658,-0.5318216085128178,10.207091461936034,6.870264856271882,1.868835490494456,-3.476343845759669,1.7940709196570577,BabyLM 125M — final layer,9.63320331988947,10.78767597784274
-1.9984480492472816,-0.3642371064799916,12.9647192071346,6.870264856271882,1.868835490494456,-3.476343845759669,1.7940709196570577,BabyLM 125M — final layer,12.595919175695874,13.335471690327617
-1.8449307942600424,-0.3642371064799916,12.864910368573144,6.870264856271882,1.868835490494456,-3.476343845759669,1.7940709196570577,BabyLM 125M — final layer,12.521095299483871,13.21099039834455
-1.6914135392728031,-0.3642371064799916,12.76510153001169,6.870264856271882,1.868835490494456,-3.476343845759669,1.7940709196570577,BabyLM 125M — final layer,12.447184141567536,13.087157404627382
-1.537896284285564,-0.3642371064799916,12.665292691450233,6.870264856271882,1.868835490494456,-3.476343845759669,1.7940709196570577,BabyLM 125M — final layer,12.372712665391331,12.963145961932103
-1.384379029298325,-0.3642371064799916,12.565483852888779,6.870264856271882,1.868835490494456,-3.476343845759669,1.7940709196570577,BabyLM 125M — final layer,12.297602875962735,12.840494974609648
-1.2308617743110852,-0.3642371064799916,12.465675014327323,6.870264856271882,1.868835490494456,-3.476343845759669,1.7940709196570577,BabyLM 125M — final layer,12.221132295201633,12.71757002529467
-1.077344519323846,-0.3642371064799916,12.365866175765866,6.870264856271882,1.868835490494456,-3.476343845759669,1.7940709196570577,BabyLM 125M — final layer,12.140984919630998,12.597003340163859
-0.9238272643366066,-0.3642371064799916,12.266057337204412,6.870264856271882,1.868835490494456,-3.476343845759669,1.7940709196570577,BabyLM 125M — final layer,12.059572219329581,12.479697540675483
-0.7703100093493673,-0.3642371064799916,12.166248498642956,6.870264856271882,1.868835490494456,-3.476343845759669,1.7940709196570577,BabyLM 125M — final layer,11.976446324399053,12.361890852541757
-0.6167927543621281,-0.3642371064799916,12.066439660081501,6.870264856271882,1.868835490494456,-3.476343845759669,1.7940709196570577,BabyLM 125M — final layer,11.891203676687997,12.249456890758102
-0.46327549937488866,-0.3642371064799916,11.966630821520045,6.870264856271882,1.868835490494456,-3.476343845759669,1.7940709196570577,BabyLM 125M — final layer,11.79851982792968,12.139905383005672
-0.30975824438764943,-0.3642371064799916,11.86682198295859,6.870264856271882,1.868835490494456,-3.476343845759669,1.7940709196570577,BabyLM 125M — final layer,11.701239258352418,12.035070119998327
-0.1562409894004102,-0.3642371064799916,11.767013144397135,6.870264856271882,1.868835490494456,-3.476343845759669,1.7940709196570577,BabyLM 125M — final layer,11.599342634246504,11.934519556390722
-0.00272373441317075,-0.3642371064799916,11.66720430583568,6.870264856271882,1.868835490494456,-3.476343845759669,1.7940709196570577,BabyLM 125M — final layer,11.492765330125264,11.840561328634875
0.1507935205740687,-0.3642371064799916,11.567395467274224,6.870264856271882,1.868835490494456,-3.476343845759669,1.7940709196570577,BabyLM 125M — final layer,11.38489586840255,11.749532108410587
0.3043107755613079,-0.3642371064799916,11.467586628712768,6.870264856271882,1.868835490494456,-3.476343845759669,1.7940709196570577,BabyLM 125M — final layer,11.271465587418692,11.662526532879527
0.4578280305485471,-0.3642371064799916,11.367777790151314,6.870264856271882,1.868835490494456,-3.476343845759669,1.7940709196570577,BabyLM 125M — final layer,11.156981616719898,11.579827419344953
0.6113452855357864,-0.3642371064799916,11.267968951589857,6.870264856271882,1.868835490494456,-3.476343845759669,1.7940709196570577,BabyLM 125M — final layer,11.040485186494077,11.498545036343442
0.7648625405230256,-0.3642371064799916,11.168160113028403,6.870264856271882,1.868835490494456,-3.476343845759669,1.7940709196570577,BabyLM 125M — final layer,10.921178926971455,11.418932548855944
0.9183797955102652,-0.3642371064799916,11.068351274466947,6.870264856271882,1.868835490494456,-3.476343845759669,1.7940709196570577,BabyLM 125M — final layer,10.79998677869649,11.342247941649855
1.0718970504975045,-0.3642371064799916,10.968542435905492,6.870264856271882,1.868835490494456,-3.476343845759669,1.7940709196570577,BabyLM 125M — final layer,10.678652381604072,11.266772491977735
1.2254143054847435,-0.3642371064799916,10.868733597344036,6.870264856271882,1.868835490494456,-3.476343845759669,1.7940709196570577,BabyLM 125M — final layer,10.55617994567483,11.191662775116438
1.378931560471983,-0.3642371064799916,10.768924758782582,6.870264856271882,1.868835490494456,-3.476343845759669,1.7940709196570577,BabyLM 125M — final layer,10.433281005805943,11.116214086994674
1.5324488154592222,-0.3642371064799916,10.669115920221126,6.870264856271882,1.868835490494456,-3.476343845759669,1.7940709196570577,BabyLM 125M — final layer,10.309158644507143,11.041727899671129
1.6859660704464614,-0.3642371064799916,10.569307081659671,6.870264856271882,1.868835490494456,-3.476343845759669,1.7940709196570577,BabyLM 125M — final layer,10.18471599376267,10.965584194125078
1.839483325433701,-0.3642371064799916,10.469498243098215,6.870264856271882,1.868835490494456,-3.476343845759669,1.7940709196570577,BabyLM 125M — final layer,10.05868822525667,10.891717202499724
1.9930005804209403,-0.3642371064799916,10.369689404536759,6.870264856271882,1.868835490494456,-3.476343845759669,1.7940709196570577,BabyLM 125M — final layer,9.930640200264598,10.819852658955401
2.14651783540818,-0.3642371064799916,10.269880565975305,6.870264856271882,1.868835490494456,-3.476343845759669,1.7940709196570577,BabyLM 125M — final layer,9.802924650588926,10.746668578946904
2.300035090395419,-0.3642371064799916,10.170071727413848,6.870264856271882,1.868835490494456,-3.476343845759669,1.7940709196570577,BabyLM 125M — final layer,9.675684862940427,10.6749335129622
2.453552345382658,-0.3642371064799916,10.070262888852394,6.870264856271882,1.868835490494456,-3.476343845759669,1.7940709196570577,BabyLM 125M — final layer,9.54801692599943,10.602256486960723
-1.9984480492472816,-0.19665260444716548,13.048171853391933,6.870264856271882,1.868835490494456,-3.476343845759669,1.7940709196570577,BabyLM 125M — final layer,12.694906409683833,13.40365555285122
-1.8449307942600424,-0.19665260444716548,12.940767110715273,6.870264856271882,1.868835490494456,-3.476343845759669,1.7940709196570577,BabyLM 125M — final layer,12.610077915851596,13.273443605121832
-1.6914135392728031,-0.19665260444716548,12.83336236803861,6.870264856271882,1.868835490494456,-3.476343845759669,1.7940709196570577,BabyLM 125M — final layer,12.528135798791673,13.14365992135251
-1.537896284285564,-0.19665260444716548,12.72595762536195,6.870264856271882,1.868835490494456,-3.476343845759669,1.7940709196570577,BabyLM 125M — final layer,12.443022755104307,13.013436729095389
-1.384379029298325,-0.19665260444716548,12.618552882685288,6.870264856271882,1.868835490494456,-3.476343845759669,1.7940709196570577,BabyLM 125M — final layer,12.357973549283649,12.886211798582028
-1.2308617743110852,-0.19665260444716548,12.511148140008627,6.870264856271882,1.868835490494456,-3.476343845759669,1.7940709196570577,BabyLM 125M — final layer,12.272053406889384,12.757738866502121
-1.077344519323846,-0.19665260444716548,12.403743397331965,6.870264856271882,1.868835490494456,-3.476343845759669,1.7940709196570577,BabyLM 125M — final layer,12.183514309596426,12.63033720828208
-0.9238272643366066,-0.19665260444716548,12.296338654655303,6.870264856271882,1.868835490494456,-3.476343845759669,1.7940709196570577,BabyLM 125M — final layer,12.094114382253876,12.507309985680267
-0.7703100093493673,-0.19665260444716548,12.188933911978642,6.870264856271882,1.868835490494456,-3.476343845759669,1.7940709196570577,BabyLM 125M — final layer,12.002953162281893,12.382407128019377
-0.6167927543621281,-0.19665260444716548,12.08152916930198,6.870264856271882,1.868835490494456,-3.476343845759669,1.7940709196570577,BabyLM 125M — final layer,11.907965960342738,12.260349585313147
-0.46327549937488866,-0.19665260444716548,11.97412442662532,6.870264856271882,1.868835490494456,-3.476343845759669,1.7940709196570577,BabyLM 125M — final layer,11.808871930645482,12.143137872012833
-0.30975824438764943,-0.19665260444716548,11.866719683948658,6.870264856271882,1.868835490494456,-3.476343845759669,1.7940709196570577,BabyLM 125M — final layer,11.705728889327373,12.03069001931543
-0.1562409894004102,-0.19665260444716548,11.759314941271997,6.870264856271882,1.868835490494456,-3.476343845759669,1.7940709196570577,BabyLM 125M — final layer,11.598369465782783,11.92103800661595
-0.00272373441317075,-0.19665260444716548,11.651910198595335,6.870264856271882,1.868835490494456,-3.476343845759669,1.7940709196570577,BabyLM 125M — final layer,11.487386000418715,11.816523056610311
0.1507935205740687,-0.19665260444716548,11.544505455918674,6.870264856271882,1.868835490494456,-3.476343845759669,1.7940709196570577,BabyLM 125M — final layer,11.373598178181235,11.715743645145938
0.3043107755613079,-0.19665260444716548,11.437100713242012,6.870264856271882,1.868835490494456,-3.476343845759669,1.7940709196570577,BabyLM 125M — final layer,11.255736472649396,11.619546920795058
0.4578280305485471,-0.19665260444716548,11.329695970565352,6.870264856271882,1.868835490494456,-3.476343845759669,1.7940709196570577,BabyLM 125M — final layer,11.13671834046754,11.527968745206522
0.6113452855357864,-0.19665260444716548,11.22229122788869,6.870264856271882,1.868835490494456,-3.476343845759669,1.7940709196570577,BabyLM 125M — final layer,11.014146208767373,11.435042743408342
0.7648625405230256,-0.19665260444716548,11.114886485212029,6.870264856271882,1.868835490494456,-3.476343845759669,1.7940709196570577,BabyLM 125M — final layer,10.889810196486385,11.34498878791208
0.9183797955102652,-0.19665260444716548,11.007481742535367,6.870264856271882,1.868835490494456,-3.476343845759669,1.7940709196570577,BabyLM 125M — final layer,10.764128985905295,11.257010324909997
1.0718970504975045,-0.19665260444716548,10.900076999858706,6.870264856271882,1.868835490494456,-3.476343845759669,1.7940709196570577,BabyLM 125M — final layer,10.636776367418207,11.171153625525523
1.2254143054847435,-0.19665260444716548,10.792672257182044,6.870264856271882,1.868835490494456,-3.476343845759669,1.7940709196570577,BabyLM 125M — final layer,10.510119518045764,11.086731333599312
1.378931560471983,-0.19665260444716548,10.685267514505384,6.870264856271882,1.868835490494456,-3.476343845759669,1.7940709196570577,BabyLM 125M — final layer,10.380012052369773,11.00184999618418
1.5324488154592222,-0.19665260444716548,10.577862771828721,6.870264856271882,1.868835490494456,-3.476343845759669,1.7940709196570577,BabyLM 125M — final layer,10.24885329755831,10.918443936218946
1.6859660704464614,-0.19665260444716548,10.470458029152061,6.870264856271882,1.868835490494456,-3.476343845759669,1.7940709196570577,BabyLM 125M — final layer,10.118543677251152,10.834771522957652
1.839483325433701,-0.19665260444716548,10.363053286475399,6.870264856271882,1.868835490494456,-3.476343845759669,1.7940709196570577,BabyLM 125M — final layer,9.987383361834782,10.754325470181122
1.9930005804209403,-0.19665260444716548,10.255648543798737,6.870264856271882,1.868835490494456,-3.476343845759669,1.7940709196570577,BabyLM 125M — final layer,9.855765315924202,10.670451912826143
2.14651783540818,-0.19665260444716548,10.148243801122076,6.870264856271882,1.868835490494456,-3.476343845759669,1.7940709196570577,BabyLM 125M — final layer,9.724808096298487,10.58712956472267
2.300035090395419,-0.19665260444716548,10.040839058445414,6.870264856271882,1.868835490494456,-3.476343845759669,1.7940709196570577,BabyLM 125M — final layer,9.590724804489819,10.50667526907091
2.453552345382658,-0.19665260444716548,9.933434315768753,6.870264856271882,1.868835490494456,-3.476343845759669,1.7940709196570577,BabyLM 125M — final layer,9.45880479130821,10.425438371244445
-1.9984480492472816,-0.02906810241433932,13.131624499649266,6.870264856271882,1.868835490494456,-3.476343845759669,1.7940709196570577,BabyLM 125M — final layer,12.782623540736058,13.48043335403343
-1.8449307942600424,-0.02906810241433932,13.0166238528574,6.870264856271882,1.868835490494456,-3.476343845759669,1.7940709196570577,BabyLM 125M — final layer,12.694140395462039,13.343324056253005
-1.6914135392728031,-0.02906810241433932,12.901623206065533,6.870264856271882,1.868835490494456,-3.476343845759669,1.7940709196570577,BabyLM 125M — final layer,12.601525473568856,13.206612368993783
-1.537896284285564,-0.02906810241433932,12.786622559273665,6.870264856271882,1.868835490494456,-3.476343845759669,1.7940709196570577,BabyLM 125M — final layer,12.507266719458897,13.07100278792656
-1.384379029298325,-0.02906810241433932,12.671621912481799,6.870264856271882,1.868835490494456,-3.476343845759669,1.7940709196570577,BabyLM 125M — final layer,12.412773963092839,12.936409192855791
-1.2308617743110852,-0.02906810241433932,12.55662126568993,6.870264856271882,1.868835490494456,-3.476343845759669,1.7940709196570577,BabyLM 125M — final layer,12.316797652110987,12.802697559305667
-1.077344519323846,-0.02906810241433932,12.441620618898064,6.870264856271882,1.868835490494456,-3.476343845759669,1.7940709196570577,BabyLM 125M — final layer,12.220094154258307,12.670601218001202
-0.9238272643366066,-0.02906810241433932,12.326619972106196,6.870264856271882,1.868835490494456,-3.476343845759669,1.7940709196570577,BabyLM 125M — final layer,12.123169901015883,12.536732588618882
-0.7703100093493673,-0.02906810241433932,12.211619325314329,6.870264856271882,1.868835490494456,-3.476343845759669,1.7940709196570577,BabyLM 125M — final layer,12.023634659640102,12.40471021727221
-0.6167927543621281,-0.02906810241433932,12.09661867852246,6.870264856271882,1.868835490494456,-3.476343845759669,1.7940709196570577,BabyLM 125M — final layer,11.921847870580992,12.27596836209003
-0.46327549937488866,-0.02906810241433932,11.981618031730594,6.870264856271882,1.868835490494456,-3.476343845759669,1.7940709196570577,BabyLM 125M — final layer,11.815690270407973,12.15061213310824
-0.30975824438764943,-0.02906810241433932,11.866617384938726,6.870264856271882,1.868835490494456,-3.476343845759669,1.7940709196570577,BabyLM 125M — final layer,11.707462197040055,12.028119195091858
-0.1562409894004102,-0.02906810241433932,11.75161673814686,6.870264856271882,1.868835490494456,-3.476343845759669,1.7940709196570577,BabyLM 125M — final layer,11.5948273190027,11.91022066614123
-0.00272373441317075,-0.02906810241433932,11.636616091354991,6.870264856271882,1.868835490494456,-3.476343845759669,1.7940709196570577,BabyLM 125M — final layer,11.478035777216736,11.796033145655036
0.1507935205740687,-0.02906810241433932,11.521615444563123,6.870264856271882,1.868835490494456,-3.476343845759669,1.7940709196570577,BabyLM 125M — final layer,11.3589556731917,11.686291250229097
0.3043107755613079,-0.02906810241433932,11.406614797771256,6.870264856271882,1.868835490494456,-3.476343845759669,1.7940709196570577,BabyLM 125M — final layer,11.235502363803514,11.579180010405944
0.4578280305485471,-0.02906810241433932,11.29161415097939,6.870264856271882,1.868835490494456,-3.476343845759669,1.7940709196570577,BabyLM 125M — final layer,11.10885068096147,11.47621268526674
0.6113452855357864,-0.02906810241433932,11.176613504187522,6.870264856271882,1.868835490494456,-3.476343845759669,1.7940709196570577,BabyLM 125M — final layer,10.981114774843885,11.373749508662005
0.7648625405230256,-0.02906810241433932,11.061612857395655,6.870264856271882,1.868835490494456,-3.476343845759669,1.7940709196570577,BabyLM 125M — final layer,10.852904220461246,11.274831451982449
0.9183797955102652,-0.02906810241433932,10.946612210603787,6.870264856271882,1.868835490494456,-3.476343845759669,1.7940709196570577,BabyLM 125M — final layer,10.723323407460276,11.17704784594137
1.0718970504975045,-0.02906810241433932,10.831611563811919,6.870264856271882,1.868835490494456,-3.476343845759669,1.7940709196570577,BabyLM 125M — final layer,10.588493823354385,11.082138265060264
1.2254143054847435,-0.02906810241433932,10.716610917020052,6.870264856271882,1.868835490494456,-3.476343845759669,1.7940709196570577,BabyLM 125M — final layer,10.455129225088532,10.98806722780205
1.378931560471983,-0.02906810241433932,10.601610270228186,6.870264856271882,1.868835490494456,-3.476343845759669,1.7940709196570577,BabyLM 125M — final layer,10.319504182631377,10.894495355774017
1.5324488154592222,-0.02906810241433932,10.486609623436317,6.870264856271882,1.868835490494456,-3.476343845759669,1.7940709196570577,BabyLM 125M — final layer,10.183423208380642,10.802076201746955
1.6859660704464614,-0.02906810241433932,10.37160897664445,6.870264856271882,1.868835490494456,-3.476343845759669,1.7940709196570577,BabyLM 125M — final layer,10.048065839063153,10.709053895960354
1.839483325433701,-0.02906810241433932,10.256608329852583,6.870264856271882,1.868835490494456,-3.476343845759669,1.7940709196570577,BabyLM 125M — final layer,9.911989825733254,10.617374087496884
1.9930005804209403,-0.02906810241433932,10.141607683060714,6.870264856271882,1.868835490494456,-3.476343845759669,1.7940709196570577,BabyLM 125M — final layer,9.774443678818997,10.525300050296936
2.14651783540818,-0.02906810241433932,10.026607036268848,6.870264856271882,1.868835490494456,-3.476343845759669,1.7940709196570577,BabyLM 125M — final layer,9.637081955398145,10.432987748095773
2.300035090395419,-0.02906810241433932,9.91160638947698,6.870264856271882,1.868835490494456,-3.476343845759669,1.7940709196570577,BabyLM 125M — final layer,9.499313093344194,10.34184108788858
2.453552345382658,-0.02906810241433932,9.796605742685113,6.870264856271882,1.868835490494456,-3.476343845759669,1.7940709196570577,BabyLM 125M — final layer,9.360753311491269,10.249729450059512
-1.9984480492472816,0.13851639961848683,13.215077145906601,6.870264856271882,1.868835490494456,-3.476343845759669,1.7940709196570577,BabyLM 125M — final layer,12.865094901337795,13.564122450818278
-1.8449307942600424,0.13851639961848683,13.092480594999527,6.870264856271882,1.868835490494456,-3.476343845759669,1.7940709196570577,BabyLM 125M — final layer,12.766094200371231,13.419797614170257
-1.6914135392728031,0.13851639961848683,12.969884044092455,6.870264856271882,1.868835490494456,-3.476343845759669,1.7940709196570577,BabyLM 125M — final layer,12.665389057526825,13.275931360817994
-1.537896284285564,0.13851639961848683,12.847287493185382,6.870264856271882,1.868835490494456,-3.476343845759669,1.7940709196570577,BabyLM 125M — final layer,12.563021770921695,13.133602041908143
-1.384379029298325,0.13851639961848683,12.724690942278308,6.870264856271882,1.868835490494456,-3.476343845759669,1.7940709196570577,BabyLM 125M — final layer,12.460670391864461,12.9918516309086
-1.2308617743110852,0.13851639961848683,12.602094391371235,6.870264856271882,1.868835490494456,-3.476343845759669,1.7940709196570577,BabyLM 125M — final layer,12.35652712531515,12.850989704066276
-1.077344519323846,0.13851639961848683,12.47949784046416,6.870264856271882,1.868835490494456,-3.476343845759669,1.7940709196570577,BabyLM 125M — final layer,12.252847953384016,12.712381727152506
-0.9238272643366066,0.13851639961848683,12.356901289557088,6.870264856271882,1.868835490494456,-3.476343845759669,1.7940709196570577,BabyLM 125M — final layer,12.14724393121681,12.572424680818088
-0.7703100093493673,0.13851639961848683,12.234304738650014,6.870264856271882,1.868835490494456,-3.476343845759669,1.7940709196570577,BabyLM 125M — final layer,12.04045224781422,12.433489591598365
-0.6167927543621281,0.13851639961848683,12.111708187742941,6.870264856271882,1.868835490494456,-3.476343845759669,1.7940709196570577,BabyLM 125M — final layer,11.932371525690561,12.297482306633729
-0.46327549937488866,0.13851639961848683,11.989111636835867,6.870264856271882,1.868835490494456,-3.476343845759669,1.7940709196570577,BabyLM 125M — final layer,11.820206690900113,12.161097757756817
-0.30975824438764943,0.13851639961848683,11.866515085928794,6.870264856271882,1.868835490494456,-3.476343845759669,1.7940709196570577,BabyLM 125M — final layer,11.704701216913467,12.030205088440322
-0.1562409894004102,0.13851639961848683,11.74391853502172,6.870264856271882,1.868835490494456,-3.476343845759669,1.7940709196570577,BabyLM 125M — final layer,11.587969715950514,11.903957191637756
-0.00272373441317075,0.13851639961848683,11.621321984114648,6.870264856271882,1.868835490494456,-3.476343845759669,1.7940709196570577,BabyLM 125M — final layer,11.465269850165667,11.779774943318749
0.1507935205740687,0.13851639961848683,11.498725433207573,6.870264856271882,1.868835490494456,-3.476343845759669,1.7940709196570577,BabyLM 125M — final layer,11.34000803641514,11.658343774796814
0.3043107755613079,0.13851639961848683,11.3761288823005,6.870264856271882,1.868835490494456,-3.476343845759669,1.7940709196570577,BabyLM 125M — final layer,11.210946595506876,11.541372828342272
0.4578280305485471,0.13851639961848683,11.253532331393426,6.870264856271882,1.868835490494456,-3.476343845759669,1.7940709196570577,BabyLM 125M — final layer,11.080415985681189,11.42863429184404
0.6113452855357864,0.13851639961848683,11.130935780486354,6.870264856271882,1.868835490494456,-3.476343845759669,1.7940709196570577,BabyLM 125M — final layer,10.946706022725099,11.317060201148477
0.7648625405230256,0.13851639961848683,11.00833922957928,6.870264856271882,1.868835490494456,-3.476343845759669,1.7940709196570577,BabyLM 125M — final layer,10.809276353514035,11.207777075797182
0.9183797955102652,0.13851639961848683,10.885742678672207,6.870264856271882,1.868835490494456,-3.476343845759669,1.7940709196570577,BabyLM 125M — final layer,10.672967361755505,11.101375234922278
1.0718970504975045,0.13851639961848683,10.763146127765133,6.870264856271882,1.868835490494456,-3.476343845759669,1.7940709196570577,BabyLM 125M — final layer,10.535472839170815,10.997017590399023
1.2254143054847435,0.13851639961848683,10.64054957685806,6.870264856271882,1.868835490494456,-3.476343845759669,1.7940709196570577,BabyLM 125M — final layer,10.394708080629403,10.893414022718343
1.378931560471983,0.13851639961848683,10.517953025950986,6.870264856271882,1.868835490494456,-3.476343845759669,1.7940709196570577,BabyLM 125M — final layer,10.25489950016804,10.792862649940538
1.5324488154592222,0.13851639961848683,10.395356475043913,6.870264856271882,1.868835490494456,-3.476343845759669,1.7940709196570577,BabyLM 125M — final layer,10.115579499396459,10.690515375938372
1.6859660704464614,0.13851639961848683,10.27275992413684,6.870264856271882,1.868835490494456,-3.476343845759669,1.7940709196570577,BabyLM 125M — final layer,9.973171853300169,10.588355532179186
1.839483325433701,0.13851639961848683,10.150163373229766,6.870264856271882,1.868835490494456,-3.476343845759669,1.7940709196570577,BabyLM 125M — final layer,9.829579627952182,10.485594244841346
1.9930005804209403,0.13851639961848683,10.027566822322694,6.870264856271882,1.868835490494456,-3.476343845759669,1.7940709196570577,BabyLM 125M — final layer,9.686919857128055,10.385314447899182
2.14651783540818,0.13851639961848683,9.90497027141562,6.870264856271882,1.868835490494456,-3.476343845759669,1.7940709196570577,BabyLM 125M — final layer,9.542305810976439,10.285503102998632
2.300035090395419,0.13851639961848683,9.782373720508547,6.870264856271882,1.868835490494456,-3.476343845759669,1.7940709196570577,BabyLM 125M — final layer,9.39791797141912,10.18518174529923
2.453552345382658,0.13851639961848683,9.659777169601472,6.870264856271882,1.868835490494456,-3.476343845759669,1.7940709196570577,BabyLM 125M — final layer,9.254343416052434,10.087059115415677
-1.9984480492472816,0.306100901651313,13.298529792163935,6.870264856271882,1.868835490494456,-3.476343845759669,1.7940709196570577,BabyLM 125M — final layer,12.93995303035729,13.656553008923106
-1.8449307942600424,0.306100901651313,13.168337337141656,6.870264856271882,1.868835490494456,-3.476343845759669,1.7940709196570577,BabyLM 125M — final layer,12.831012320242113,13.505524494983858
-1.6914135392728031,0.306100901651313,13.038144882119376,6.870264856271882,1.868835490494456,-3.476343845759669,1.7940709196570577,BabyLM 125M — final layer,12.72307715400918,13.355230545272097
-1.537896284285564,0.306100901651313,12.907952427097097,6.870264856271882,1.868835490494456,-3.476343845759669,1.7940709196570577,BabyLM 125M — final layer,12.612611991261252,13.20532863302984
-1.384379029298325,0.306100901651313,12.777759972074819,6.870264856271882,1.868835490494456,-3.476343845759669,1.7940709196570577,BabyLM 125M — final layer,12.50293028677948,13.057020503279558
-1.2308617743110852,0.306100901651313,12.647567517052538,6.870264856271882,1.868835490494456,-3.476343845759669,1.7940709196570577,BabyLM 125M — final layer,12.392396194643993,12.907987772237453
-1.077344519323846,0.306100901651313,12.51737506203026,6.870264856271882,1.868835490494456,-3.476343845759669,1.7940709196570577,BabyLM 125M — final layer,12.279992888803271,12.759227128475185
-0.9238272643366066,0.306100901651313,12.38718260700798,6.870264856271882,1.868835490494456,-3.476343845759669,1.7940709196570577,BabyLM 125M — final layer,12.168749982244561,12.611897347377946
-0.7703100093493673,0.306100901651313,12.2569901519857,6.870264856271882,1.868835490494456,-3.476343845759669,1.7940709196570577,BabyLM 125M — final layer,12.053385560456796,12.46476664471698
-0.6167927543621281,0.306100901651313,12.12679769696342,6.870264856271882,1.868835490494456,-3.476343845759669,1.7940709196570577,BabyLM 125M — final layer,11.937350432172256,12.321591818389246
-0.46327549937488866,0.306100901651313,11.996605241941142,6.870264856271882,1.868835490494456,-3.476343845759669,1.7940709196570577,BabyLM 125M — final layer,11.819361159065311,12.178407504830464
-0.30975824438764943,0.306100901651313,11.866412786918861,6.870264856271882,1.868835490494456,-3.476343845759669,1.7940709196570577,BabyLM 125M — final layer,11.698323626023786,12.037314312334765
-0.1562409894004102,0.306100901651313,11.736220331896583,6.870264856271882,1.868835490494456,-3.476343845759669,1.7940709196570577,BabyLM 125M — final layer,11.57469064815627,11.900941416173616
-0.00272373441317075,0.306100901651313,11.606027876874302,6.870264856271882,1.868835490494456,-3.476343845759669,1.7940709196570577,BabyLM 125M — final layer,11.447105134157484,11.767744324349598
0.1507935205740687,0.306100901651313,11.475835421852024,6.870264856271882,1.868835490494456,-3.476343845759669,1.7940709196570577,BabyLM 125M — final layer,11.316510330772832,11.63561684869967
0.3043107755613079,0.306100901651313,11.345642966829745,6.870264856271882,1.868835490494456,-3.476343845759669,1.7940709196570577,BabyLM 125M — final layer,11.180698977776222,11.50762248290043
0.4578280305485471,0.306100901651313,11.215450511807465,6.870264856271882,1.868835490494456,-3.476343845759669,1.7940709196570577,BabyLM 125M — final layer,11.043957754421724,11.386410209952322
0.6113452855357864,0.306100901651313,11.085258056785186,6.870264856271882,1.868835490494456,-3.476343845759669,1.7940709196570577,BabyLM 125M — final layer,10.905620084722045,11.26670223445949
0.7648625405230256,0.306100901651313,10.955065601762906,6.870264856271882,1.868835490494456,-3.476343845759669,1.7940709196570577,BabyLM 125M — final layer,10.761694789878083,11.148504438158325
0.9183797955102652,0.306100901651313,10.824873146740627,6.870264856271882,1.868835490494456,-3.476343845759669,1.7940709196570577,BabyLM 125M — final layer,10.618711573215055,11.034049775918124
1.0718970504975045,0.306100901651313,10.694680691718347,6.870264856271882,1.868835490494456,-3.476343845759669,1.7940709196570577,BabyLM 125M — final layer,10.475074450762646,10.919692840650507
1.2254143054847435,0.306100901651313,10.564488236696068,6.870264856271882,1.868835490494456,-3.476343845759669,1.7940709196570577,BabyLM 125M — final layer,10.327117757988345,10.807596631093439
1.378931560471983,0.306100901651313,10.434295781673788,6.870264856271882,1.868835490494456,-3.476343845759669,1.7940709196570577,BabyLM 125M — final layer,10.1812428363754,10.696358486548798
1.5324488154592222,0.306100901651313,10.304103326651509,6.870264856271882,1.868835490494456,-3.476343845759669,1.7940709196570577,BabyLM 125M — final layer,10.033744493990978,10.58635684462011
1.6859660704464614,0.306100901651313,10.17391087162923,6.870264856271882,1.868835490494456,-3.476343845759669,1.7940709196570577,BabyLM 125M — final layer,9.883630653848662,10.476498437784745
1.839483325433701,0.306100901651313,10.04371841660695,6.870264856271882,1.868835490494456,-3.476343845759669,1.7940709196570577,BabyLM 125M — final layer,9.732645271575853,10.36742587433609
1.9930005804209403,0.306100901651313,9.913525961584671,6.870264856271882,1.868835490494456,-3.476343845759669,1.7940709196570577,BabyLM 125M — final layer,9.581976323760516,10.258106501715448
2.14651783540818,0.306100901651313,9.783333506562391,6.870264856271882,1.868835490494456,-3.476343845759669,1.7940709196570577,BabyLM 125M — final layer,9.428896450281773,10.150644186838344
2.300035090395419,0.306100901651313,9.653141051540112,6.870264856271882,1.868835490494456,-3.476343845759669,1.7940709196570577,BabyLM 125M — final layer,9.277512934349977,10.041138149375062
2.453552345382658,0.306100901651313,9.522948596517832,6.870264856271882,1.868835490494456,-3.476343845759669,1.7940709196570577,BabyLM 125M — final layer,9.125581667094897,9.932717980090503
-1.9984480492472816,0.47368540368413914,13.38198243842127,6.870264856271882,1.868835490494456,-3.476343845759669,1.7940709196570577,BabyLM 125M — final layer,13.00569784294643,13.760745800021791
-1.8449307942600424,0.47368540368413914,13.244194079283783,6.870264856271882,1.868835490494456,-3.476343845759669,1.7940709196570577,BabyLM 125M — final layer,12.890556426527459,13.60140784292306
-1.6914135392728031,0.47368540368413914,13.106405720146299,6.870264856271882,1.868835490494456,-3.476343845759669,1.7940709196570577,BabyLM 125M — final layer,12.775011690270711,13.441263128918024
-1.537896284285564,0.47368540368413914,12.968617361008812,6.870264856271882,1.868835490494456,-3.476343845759669,1.7940709196570577,BabyLM 125M — final layer,12.657993558173816,13.284430010372247
-1.384379029298325,0.47368540368413914,12.830829001871328,6.870264856271882,1.868835490494456,-3.476343845759669,1.7940709196570577,BabyLM 125M — final layer,12.541652755899216,13.12647011658471
-1.2308617743110852,0.47368540368413914,12.693040642733843,6.870264856271882,1.868835490494456,-3.476343845759669,1.7940709196570577,BabyLM 125M — final layer,12.421665060645678,12.96823209316294
-1.077344519323846,0.47368540368413914,12.555252283596356,6.870264856271882,1.868835490494456,-3.476343845759669,1.7940709196570577,BabyLM 125M — final layer,12.303792762101384,12.813418134644477
-0.9238272643366066,0.47368540368413914,12.417463924458872,6.870264856271882,1.868835490494456,-3.476343845759669,1.7940709196570577,BabyLM 125M — final layer,12.184073152625933,12.656478099291682
-0.7703100093493673,0.47368540368413914,12.279675565321385,6.870264856271882,1.868835490494456,-3.476343845759669,1.7940709196570577,BabyLM 125M — final layer,12.062904285724205,12.50119299241152
-0.6167927543621281,0.47368540368413914,12.1418872061839,6.870264856271882,1.868835490494456,-3.476343845759669,1.7940709196570577,BabyLM 125M — final layer,11.938780306237431,12.34789065870874
-0.46327549937488866,0.47368540368413914,12.004098847046414,6.870264856271882,1.868835490494456,-3.476343845759669,1.7940709196570577,BabyLM 125M — final layer,11.814250296836237,12.197037751577684
-0.30975824438764943,0.47368540368413914,11.86631048790893,6.870264856271882,1.868835490494456,-3.476343845759669,1.7940709196570577,BabyLM 125M — final layer,11.687102594477846,12.048006137002966
-0.1562409894004102,0.47368540368413914,11.728522128771445,6.870264856271882,1.868835490494456,-3.476343845759669,1.7940709196570577,BabyLM 125M — final layer,11.556483500862758,11.903261701902325
-0.00272373441317075,0.47368540368413914,11.590733769633959,6.870264856271882,1.868835490494456,-3.476343845759669,1.7940709196570577,BabyLM 125M — final layer,11.42308577627757,11.758193247993795
0.1507935205740687,0.47368540368413914,11.452945410496474,6.870264856271882,1.868835490494456,-3.476343845759669,1.7940709196570577,BabyLM 125M — final layer,11.287728396291936,11.618251381401151
0.3043107755613079,0.47368540368413914,11.315157051358987,6.870264856271882,1.868835490494456,-3.476343845759669,1.7940709196570577,BabyLM 125M — final layer,11.146429391865118,11.482911943167828
0.4578280305485471,0.47368540368413914,11.177368692221503,6.870264856271882,1.868835490494456,-3.476343845759669,1.7940709196570577,BabyLM 125M — final layer,11.002452331941676,11.352380145077346
0.6113452855357864,0.47368540368413914,11.039580333084018,6.870264856271882,1.868835490494456,-3.476343845759669,1.7940709196570577,BabyLM 125M — final layer,10.857283510006061,11.224357819422206
0.7648625405230256,0.47368540368413914,10.901791973946532,6.870264856271882,1.868835490494456,-3.476343845759669,1.7940709196570577,BabyLM 125M — final layer,10.709649202214163,11.097953639887985
0.9183797955102652,0.47368540368413914,10.764003614809047,6.870264856271882,1.868835490494456,-3.476343845759669,1.7940709196570577,BabyLM 125M — final layer,10.559621689312305,10.974436190160855
1.0718970504975045,0.47368540368413914,10.62621525567156,6.870264856271882,1.868835490494456,-3.476343845759669,1.7940709196570577,BabyLM 125M — final layer,10.406646322660722,10.852640974554166
1.2254143054847435,0.47368540368413914,10.488426896534076,6.870264856271882,1.868835490494456,-3.476343845759669,1.7940709196570577,BabyLM 125M — final layer,10.252998448579039,10.732860142223299
1.378931560471983,0.47368540368413914,10.35063853739659,6.870264856271882,1.868835490494456,-3.476343845759669,1.7940709196570577,BabyLM 125M — final layer,10.098127983770842,10.61582827858649
1.5324488154592222,0.47368540368413914,10.212850178259105,6.870264856271882,1.868835490494456,-3.476343845759669,1.7940709196570577,BabyLM 125M — final layer,9.94277539259996,10.495835409252079
1.6859660704464614,0.47368540368413914,10.07506181912162,6.870264856271882,1.868835490494456,-3.476343845759669,1.7940709196570577,BabyLM 125M — final layer,9.7828298588908,10.37865185553525
1.839483325433701,0.47368540368413914,9.937273459984134,6.870264856271882,1.868835490494456,-3.476343845759669,1.7940709196570577,BabyLM 125M — final layer,9.624423560886196,10.26094047988065
1.9930005804209403,0.47368540368413914,9.799485100846649,6.870264856271882,1.868835490494456,-3.476343845759669,1.7940709196570577,BabyLM 125M — final layer,9.467493146199214,10.143669945725915
2.14651783540818,0.47368540368413914,9.661696741709163,6.870264856271882,1.868835490494456,-3.476343845759669,1.7940709196570577,BabyLM 125M — final layer,9.30691849821379,10.028121148660055
2.300035090395419,0.47368540368413914,9.523908382571678,6.870264856271882,1.868835490494456,-3.476343845759669,1.7940709196570577,BabyLM 125M — final layer,9.146309495811801,9.913879345941435
2.453552345382658,0.47368540368413914,9.386120023434191,6.870264856271882,1.868835490494456,-3.476343845759669,1.7940709196570577,BabyLM 125M — final layer,8.986912742041243,9.797806439070456
-1.9984480492472816,0.6412699057169653,13.465435084678603,6.870264856271882,1.868835490494456,-3.476343845759669,1.7940709196570577,BabyLM 125M — final layer,13.064040158055757,13.867498410446526
-1.8449307942600424,0.6412699057169653,13.320050821425912,6.870264856271882,1.868835490494456,-3.476343845759669,1.7940709196570577,BabyLM 125M — final layer,12.940677768485456,13.698626573844368
-1.6914135392728031,0.6412699057169653,13.17466655817322,6.870264856271882,1.868835490494456,-3.476343845759669,1.7940709196570577,BabyLM 125M — final layer,12.819903961405714,13.532365170016451
-1.537896284285564,0.6412699057169653,13.02928229492053,6.870264856271882,1.868835490494456,-3.476343845759669,1.7940709196570577,BabyLM 125M — final layer,12.697662594336414,13.365193286565399
-1.384379029298325,0.6412699057169653,12.883898031667838,6.870264856271882,1.868835490494456,-3.476343845759669,1.7940709196570577,BabyLM 125M — final layer,12.57538441673957,13.197659209757209
-1.2308617743110852,0.6412699057169653,12.738513768415146,6.870264856271882,1.868835490494456,-3.476343845759669,1.7940709196570577,BabyLM 125M — final layer,12.449452293585408,13.030798413005812
-1.077344519323846,0.6412699057169653,12.593129505162455,6.870264856271882,1.868835490494456,-3.476343845759669,1.7940709196570577,BabyLM 125M — final layer,12.323405277547277,12.866920774481013
-0.9238272643366066,0.6412699057169653,12.447745241909763,6.870264856271882,1.868835490494456,-3.476343845759669,1.7940709196570577,BabyLM 125M — final layer,12.195669076222103,12.702306104470523
-0.7703100093493673,0.6412699057169653,12.302360978657072,6.870264856271882,1.868835490494456,-3.476343845759669,1.7940709196570577,BabyLM 125M — final layer,12.065758351899238,12.539821953409918
-0.6167927543621281,0.6412699057169653,12.156976715404381,6.870264856271882,1.868835490494456,-3.476343845759669,1.7940709196570577,BabyLM 125M — final layer,11.939016198524499,12.379750389317921
-0.46327549937488866,0.6412699057169653,12.011592452151689,6.870264856271882,1.868835490494456,-3.476343845759669,1.7940709196570577,BabyLM 125M — final layer,11.808277787475198,12.22069978046668
-0.30975824438764943,0.6412699057169653,11.866208188898998,6.870264856271882,1.868835490494456,-3.476343845759669,1.7940709196570577,BabyLM 125M — final layer,11.674227017020296,12.061351459097683
-0.1562409894004102,0.6412699057169653,11.720823925646306,6.870264856271882,1.868835490494456,-3.476343845759669,1.7940709196570577,BabyLM 125M — final layer,11.537241894338255,11.906936720618315
-0.00272373441317075,0.6412699057169653,11.575439662393615,6.870264856271882,1.868835490494456,-3.476343845759669,1.7940709196570577,BabyLM 125M — final layer,11.396003494949612,11.755320517480168
0.1507935205740687,0.6412699057169653,11.430055399140922,6.870264856271882,1.868835490494456,-3.476343845759669,1.7940709196570577,BabyLM 125M — final layer,11.253006943834482,11.6081345323999
0.3043107755613079,0.6412699057169653,11.284671135888232,6.870264856271882,1.868835490494456,-3.476343845759669,1.7940709196570577,BabyLM 125M — final layer,11.105140751442322,11.463718198936936
0.4578280305485471,0.6412699057169653,11.139286872635541,6.870264856271882,1.868835490494456,-3.476343845759669,1.7940709196570577,BabyLM 125M — final layer,10.956162672224362,11.324568508890987
0.6113452855357864,0.6412699057169653,10.993902609382848,6.870264856271882,1.868835490494456,-3.476343845759669,1.7940709196570577,BabyLM 125M — final layer,10.802512747664704,11.188406968508197
0.7648625405230256,0.6412699057169653,10.848518346130158,6.870264856271882,1.868835490494456,-3.476343845759669,1.7940709196570577,BabyLM 125M — final layer,10.647930154328451,11.05441989884813
0.9183797955102652,0.6412699057169653,10.703134082877465,6.870264856271882,1.868835490494456,-3.476343845759669,1.7940709196570577,BabyLM 125M — final layer,10.490330127354948,10.924558670301696
1.0718970504975045,0.6412699057169653,10.557749819624775,6.870264856271882,1.868835490494456,-3.476343845759669,1.7940709196570577,BabyLM 125M — final layer,10.329498100102878,10.794331539105507
1.2254143054847435,0.6412699057169653,10.412365556372084,6.870264856271882,1.868835490494456,-3.476343845759669,1.7940709196570577,BabyLM 125M — final layer,10.167170913114571,10.667565060399482
1.378931560471983,0.6412699057169653,10.266981293119391,6.870264856271882,1.868835490494456,-3.476343845759669,1.7940709196570577,BabyLM 125M — final layer,10.002406879429113,10.541604413551505
1.5324488154592222,0.6412699057169653,10.1215970298667,6.870264856271882,1.868835490494456,-3.476343845759669,1.7940709196570577,BabyLM 125M — final layer,9.83666109283456,10.416061220590619
1.6859660704464614,0.6412699057169653,9.97621276661401,6.870264856271882,1.868835490494456,-3.476343845759669,1.7940709196570577,BabyLM 125M — final layer,9.672000194055325,10.292405703313422
1.839483325433701,0.6412699057169653,9.830828503361317,6.870264856271882,1.868835490494456,-3.476343845759669,1.7940709196570577,BabyLM 125M — final layer,9.506279405643204,10.168980614599679
1.9930005804209403,0.6412699057169653,9.685444240108627,6.870264856271882,1.868835490494456,-3.476343845759669,1.7940709196570577,BabyLM 125M — final layer,9.340899397237838,10.046186959449303
2.14651783540818,0.6412699057169653,9.540059976855934,6.870264856271882,1.868835490494456,-3.476343845759669,1.7940709196570577,BabyLM 125M — final layer,9.17140073182249,9.923577104473791
2.300035090395419,0.6412699057169653,9.394675713603243,6.870264856271882,1.868835490494456,-3.476343845759669,1.7940709196570577,BabyLM 125M — final layer,9.003549938252728,9.801300769100733
2.453552345382658,0.6412699057169653,9.249291450350551,6.870264856271882,1.868835490494456,-3.476343845759669,1.7940709196570577,BabyLM 125M — final layer,8.835630753618565,9.676852784505325
-1.9984480492472816,0.8088544077497914,13.548887730935936,6.870264856271882,1.868835490494456,-3.476343845759669,1.7940709196570577,BabyLM 125M — final layer,13.115381957609538,13.982082632343381
-1.8449307942600424,0.8088544077497914,13.39590756356804,6.870264856271882,1.868835490494456,-3.476343845759669,1.7940709196570577,BabyLM 125M — final layer,12.989912622074105,13.802672933560876
-1.6914135392728031,0.8088544077497914,13.242927396200143,6.870264856271882,1.868835490494456,-3.476343845759669,1.7940709196570577,BabyLM 125M — final layer,12.86088990944784,13.625701827636998
-1.537896284285564,0.8088544077497914,13.089947228832244,6.870264856271882,1.868835490494456,-3.476343845759669,1.7940709196570577,BabyLM 125M — final layer,12.732148883204733,13.44817885957104
-1.384379029298325,0.8088544077497914,12.936967061464347,6.870264856271882,1.868835490494456,-3.476343845759669,1.7940709196570577,BabyLM 125M — final layer,12.60341619130271,13.273073327910332
-1.2308617743110852,0.8088544077497914,12.78398689409645,6.870264856271882,1.868835490494456,-3.476343845759669,1.7940709196570577,BabyLM 125M — final layer,12.471256348359285,13.099707516667916
-1.077344519323846,0.8088544077497914,12.631006726728552,6.870264856271882,1.868835490494456,-3.476343845759669,1.7940709196570577,BabyLM 125M — final layer,12.338377721444695,12.925850574295417
-0.9238272643366066,0.8088544077497914,12.478026559360655,6.870264856271882,1.868835490494456,-3.476343845759669,1.7940709196570577,BabyLM 125M — final layer,12.205467443143217,12.752841378825714
-0.7703100093493673,0.8088544077497914,12.325046391992757,6.870264856271882,1.868835490494456,-3.476343845759669,1.7940709196570577,BabyLM 125M — final layer,12.069552213652237,12.58065788504355
-0.6167927543621281,0.8088544077497914,12.17206622462486,6.870264856271882,1.868835490494456,-3.476343845759669,1.7940709196570577,BabyLM 125M — final layer,11.934889672757059,12.411638536625354
-0.46327549937488866,0.8088544077497914,12.019086057256963,6.870264856271882,1.868835490494456,-3.476343845759669,1.7940709196570577,BabyLM 125M — final layer,11.797121233217085,12.242864652076703
-0.30975824438764943,0.8088544077497914,11.866105889889065,6.870264856271882,1.868835490494456,-3.476343845759669,1.7940709196570577,BabyLM 125M — final layer,11.657824383289627,12.07808333295968
-0.1562409894004102,0.8088544077497914,11.713125722521168,6.870264856271882,1.868835490494456,-3.476343845759669,1.7940709196570577,BabyLM 125M — final layer,11.514396447936118,11.914543329223932
-0.00272373441317075,0.8088544077497914,11.560145555153271,6.870264856271882,1.868835490494456,-3.476343845759669,1.7940709196570577,BabyLM 125M — final layer,11.365706997857725,11.753574393875265
0.1507935205740687,0.8088544077497914,11.407165387785373,6.870264856271882,1.868835490494456,-3.476343845759669,1.7940709196570577,BabyLM 125M — final layer,11.21415818615551,11.599410526326494
0.3043107755613079,0.8088544077497914,11.254185220417476,6.870264856271882,1.868835490494456,-3.476343845759669,1.7940709196570577,BabyLM 125M — final layer,11.059464310174258,11.44749612424032
0.4578280305485471,0.8088544077497914,11.10120505304958,6.870264856271882,1.868835490494456,-3.476343845759669,1.7940709196570577,BabyLM 125M — final layer,10.902472819095768,11.300713466508103
0.6113452855357864,0.8088544077497914,10.94822488568168,6.870264856271882,1.868835490494456,-3.476343845759669,1.7940709196570577,BabyLM 125M — final layer,10.740885174843479,11.157254175085072
0.7648625405230256,0.8088544077497914,10.795244718313784,6.870264856271882,1.868835490494456,-3.476343845759669,1.7940709196570577,BabyLM 125M — final layer,10.578375688225773,11.01709008977972
0.9183797955102652,0.8088544077497914,10.642264550945885,6.870264856271882,1.868835490494456,-3.476343845759669,1.7940709196570577,BabyLM 125M — final layer,10.412854771949757,10.878240647395392
1.0718970504975045,0.8088544077497914,10.489284383577989,6.870264856271882,1.868835490494456,-3.476343845759669,1.7940709196570577,BabyLM 125M — final layer,10.244884263937461,10.743700997274104
1.2254143054847435,0.8088544077497914,10.336304216210092,6.870264856271882,1.868835490494456,-3.476343845759669,1.7940709196570577,BabyLM 125M — final layer,10.074582794503165,10.611493215978243
1.378931560471983,0.8088544077497914,10.183324048842193,6.870264856271882,1.868835490494456,-3.476343845759669,1.7940709196570577,BabyLM 125M — final layer,9.901765405547948,10.480210955536567
1.5324488154592222,0.8088544077497914,10.030343881474296,6.870264856271882,1.868835490494456,-3.476343845759669,1.7940709196570577,BabyLM 125M — final layer,9.72709275126261,10.348313005169206
1.6859660704464614,0.8088544077497914,9.8773637141064,6.870264856271882,1.868835490494456,-3.476343845759669,1.7940709196570577,BabyLM 125M — final layer,9.552198986585122,10.215432737117636
1.839483325433701,0.8088544077497914,9.724383546738501,6.870264856271882,1.868835490494456,-3.476343845759669,1.7940709196570577,BabyLM 125M — final layer,9.376162804034704,10.085242695044283
1.9930005804209403,0.8088544077497914,9.571403379370604,6.870264856271882,1.868835490494456,-3.476343845759669,1.7940709196570577,BabyLM 125M — final layer,9.199182280834753,9.957067619342771
2.14651783540818,0.8088544077497914,9.418423212002706,6.870264856271882,1.868835490494456,-3.476343845759669,1.7940709196570577,BabyLM 125M — final layer,9.023287012612347,9.825928128918552
2.300035090395419,0.8088544077497914,9.265443044634809,6.870264856271882,1.868835490494456,-3.476343845759669,1.7940709196570577,BabyLM 125M — final layer,8.845476539041428,9.694224961214083
2.453552345382658,0.8088544077497914,9.112462877266912,6.870264856271882,1.868835490494456,-3.476343845759669,1.7940709196570577,BabyLM 125M — final layer,8.670063299138162,9.565570654978037
-1.9984480492472816,0.976438909782618,13.632340377193271,6.870264856271882,1.868835490494456,-3.476343845759669,1.7940709196570577,BabyLM 125M — final layer,13.163232516778452,14.101612643376125
-1.8449307942600424,0.976438909782618,13.471764305710169,6.870264856271882,1.868835490494456,-3.476343845759669,1.7940709196570577,BabyLM 125M — final layer,13.027687470512538,13.91336593349108
-1.6914135392728031,0.976438909782618,13.311188234227064,6.870264856271882,1.868835490494456,-3.476343845759669,1.7940709196570577,BabyLM 125M — final layer,12.89428692571842,13.7249156928756
-1.537896284285564,0.976438909782618,13.150612162743961,6.870264856271882,1.868835490494456,-3.476343845759669,1.7940709196570577,BabyLM 125M — final layer,12.760302980193536,13.539536739028723
-1.384379029298325,0.976438909782618,12.990036091260858,6.870264856271882,1.868835490494456,-3.476343845759669,1.7940709196570577,BabyLM 125M — final layer,12.626203839072863,13.353773781873318
-1.2308617743110852,0.976438909782618,12.829460019777754,6.870264856271882,1.868835490494456,-3.476343845759669,1.7940709196570577,BabyLM 125M — final layer,12.489182849481347,13.171759572962582
-1.077344519323846,0.976438909782618,12.668883948294651,6.870264856271882,1.868835490494456,-3.476343845759669,1.7940709196570577,BabyLM 125M — final layer,12.352422722904613,12.986820551829059
-0.9238272643366066,0.976438909782618,12.508307876811546,6.870264856271882,1.868835490494456,-3.476343845759669,1.7940709196570577,BabyLM 125M — final layer,12.213942416040856,12.804611234593507
-0.7703100093493673,0.976438909782618,12.347731805328443,6.870264856271882,1.868835490494456,-3.476343845759669,1.7940709196570577,BabyLM 125M — final layer,12.071393825758724,12.624937817282364
-0.6167927543621281,0.976438909782618,12.18715573384534,6.870264856271882,1.868835490494456,-3.476343845759669,1.7940709196570577,BabyLM 125M — final layer,11.928152333411404,12.447032229365707
-0.46327549937488866,0.976438909782618,12.026579662362236,6.870264856271882,1.868835490494456,-3.476343845759669,1.7940709196570577,BabyLM 125M — final layer,11.785130689191895,12.271308726754691
-0.30975824438764943,0.976438909782618,11.866003590879133,6.870264856271882,1.868835490494456,-3.476343845759669,1.7940709196570577,BabyLM 125M — final layer,11.63751983979384,12.096774261948688
-0.1562409894004102,0.976438909782618,11.70542751939603,6.870264856271882,1.868835490494456,-3.476343845759669,1.7940709196570577,BabyLM 125M — final layer,11.487445242006867,11.925679197965719
-0.00272373441317075,0.976438909782618,11.544851447912926,6.870264856271882,1.868835490494456,-3.476343845759669,1.7940709196570577,BabyLM 125M — final layer,11.3341979760526,11.758770659947357
0.1507935205740687,0.976438909782618,11.384275376429823,6.870264856271882,1.868835490494456,-3.476343845759669,1.7940709196570577,BabyLM 125M — final layer,11.174432270506818,11.594421035526459
0.3043107755613079,0.976438909782618,11.22369930494672,6.870264856271882,1.868835490494456,-3.476343845759669,1.7940709196570577,BabyLM 125M — final layer,11.01039153881764,11.433775555121612
0.4578280305485471,0.976438909782618,11.063123233463616,6.870264856271882,1.868835490494456,-3.476343845759669,1.7940709196570577,BabyLM 125M — final layer,10.844265213100943,11.28239591437044
0.6113452855357864,0.976438909782618,10.902547161980513,6.870264856271882,1.868835490494456,-3.476343845759669,1.7940709196570577,BabyLM 125M — final layer,10.675308522104379,11.132721347670381
0.7648625405230256,0.976438909782618,10.74197109049741,6.870264856271882,1.868835490494456,-3.476343845759669,1.7940709196570577,BabyLM 125M — final layer,10.504317250422163,10.983344574514016
0.9183797955102652,0.976438909782618,10.581395019014305,6.870264856271882,1.868835490494456,-3.476343845759669,1.7940709196570577,BabyLM 125M — final layer,10.327360253345471,10.839486128131474
1.0718970504975045,0.976438909782618,10.420818947531203,6.870264856271882,1.868835490494456,-3.476343845759669,1.7940709196570577,BabyLM 125M — final layer,10.15053514805777,10.69592638114243
1.2254143054847435,0.976438909782618,10.2602428760481,6.870264856271882,1.868835490494456,-3.476343845759669,1.7940709196570577,BabyLM 125M — final layer,9.972224264328455,10.556388703044089
1.378931560471983,0.976438909782618,10.099666804564995,6.870264856271882,1.868835490494456,-3.476343845759669,1.7940709196570577,BabyLM 125M — final layer,9.789034929649924,10.418801955104254
1.5324488154592222,0.976438909782618,9.939090733081892,6.870264856271882,1.868835490494456,-3.476343845759669,1.7940709196570577,BabyLM 125M — final layer,9.60946643206755,10.28185265740757
1.6859660704464614,0.976438909782618,9.778514661598788,6.870264856271882,1.868835490494456,-3.476343845759669,1.7940709196570577,BabyLM 125M — final layer,9.426325715999978,10.14266873856463
1.839483325433701,0.976438909782618,9.617938590115685,6.870264856271882,1.868835490494456,-3.476343845759669,1.7940709196570577,BabyLM 125M — final layer,9.241441283496881,10.007175307474597
1.9930005804209403,0.976438909782618,9.457362518632582,6.870264856271882,1.868835490494456,-3.476343845759669,1.7940709196570577,BabyLM 125M — final layer,9.052955586085528,9.872160497354068
2.14651783540818,0.976438909782618,9.296786447149477,6.870264856271882,1.868835490494456,-3.476343845759669,1.7940709196570577,BabyLM 125M — final layer,8.866911412028166,9.738743116398043
2.300035090395419,0.976438909782618,9.136210375666375,6.870264856271882,1.868835490494456,-3.476343845759669,1.7940709196570577,BabyLM 125M — final layer,8.680428235460283,9.602327819674484
2.453552345382658,0.976438909782618,8.97563430418327,6.870264856271882,1.868835490494456,-3.476343845759669,1.7940709196570577,BabyLM 125M — final layer,8.49379118097819,9.464325654936951
-1.9984480492472816,1.1440234118154442,13.715793023450605,6.870264856271882,1.868835490494456,-3.476343845759669,1.7940709196570577,BabyLM 125M — final layer,13.20928327349587,14.223239029133763
-1.8449307942600424,1.1440234118154442,13.547621047852296,6.870264856271882,1.868835490494456,-3.476343845759669,1.7940709196570577,BabyLM 125M — final layer,13.069133370139259,14.026265830146277
-1.6914135392728031,1.1440234118154442,13.379449072253987,6.870264856271882,1.868835490494456,-3.476343845759669,1.7940709196570577,BabyLM 125M — final layer,12.928038279579615,13.827523094311239
-1.537896284285564,1.1440234118154442,13.211277096655676,6.870264856271882,1.868835490494456,-3.476343845759669,1.7940709196570577,BabyLM 125M — final layer,12.787061878030709,13.631859910569286
-1.384379029298325,1.1440234118154442,13.043105121057367,6.870264856271882,1.868835490494456,-3.476343845759669,1.7940709196570577,BabyLM 125M — final layer,12.649352609213906,13.43714287317816
-1.2308617743110852,1.1440234118154442,12.874933145459059,6.870264856271882,1.868835490494456,-3.476343845759669,1.7940709196570577,BabyLM 125M — final layer,12.507917621607923,13.24426719940477
-1.077344519323846,1.1440234118154442,12.706761169860748,6.870264856271882,1.868835490494456,-3.476343845759669,1.7940709196570577,BabyLM 125M — final layer,12.36244198801155,13.050551613580359
-0.9238272643366066,1.1440234118154442,12.538589194262439,6.870264856271882,1.868835490494456,-3.476343845759669,1.7940709196570577,BabyLM 125M — final layer,12.218772263255032,12.858913142316535
-0.7703100093493673,1.1440234118154442,12.37041721866413,6.870264856271882,1.868835490494456,-3.476343845759669,1.7940709196570577,BabyLM 125M — final layer,12.071307421834401,12.669774200379559
-0.6167927543621281,1.1440234118154442,12.20224524306582,6.870264856271882,1.868835490494456,-3.476343845759669,1.7940709196570577,BabyLM 125M — final layer,11.922199678402919,12.48253981166363
-0.46327549937488866,1.1440234118154442,12.03407326746751,6.870264856271882,1.868835490494456,-3.476343845759669,1.7940709196570577,BabyLM 125M — final layer,11.770646429456438,12.298596335979653
-0.30975824438764943,1.1440234118154442,11.865901291869202,6.870264856271882,1.868835490494456,-3.476343845759669,1.7940709196570577,BabyLM 125M — final layer,11.61710103577341,12.117248307899434
-0.1562409894004102,1.1440234118154442,11.697729316270891,6.870264856271882,1.868835490494456,-3.476343845759669,1.7940709196570577,BabyLM 125M — final layer,11.4595762973416,11.937023441045348
-0.00272373441317075,1.1440234118154442,11.529557340672582,6.870264856271882,1.868835490494456,-3.476343845759669,1.7940709196570577,BabyLM 125M — final layer,11.297411708975748,11.762723739597046
0.1507935205740687,1.1440234118154442,11.361385365074273,6.870264856271882,1.868835490494456,-3.476343845759669,1.7940709196570577,BabyLM 125M — final layer,11.130510048562906,11.592245424724931
0.3043107755613079,1.1440234118154442,11.193213389475963,6.870264856271882,1.868835490494456,-3.476343845759669,1.7940709196570577,BabyLM 125M — final layer,10.958975459940854,11.426484408936696
0.4578280305485471,1.1440234118154442,11.025041413877654,6.870264856271882,1.868835490494456,-3.476343845759669,1.7940709196570577,BabyLM 125M — final layer,10.784541390136436,11.26595366811195
0.6113452855357864,1.1440234118154442,10.856869438279345,6.870264856271882,1.868835490494456,-3.476343845759669,1.7940709196570577,BabyLM 125M — final layer,10.606616405092941,11.109240352969591
0.7648625405230256,1.1440234118154442,10.688697462681034,6.870264856271882,1.868835490494456,-3.476343845759669,1.7940709196570577,BabyLM 125M — final layer,10.425149615468756,10.95540401354322
0.9183797955102652,1.1440234118154442,10.520525487082725,6.870264856271882,1.868835490494456,-3.476343845759669,1.7940709196570577,BabyLM 125M — final layer,10.241345922731963,10.804992783954422
1.0718970504975045,1.1440234118154442,10.352353511484417,6.870264856271882,1.868835490494456,-3.476343845759669,1.7940709196570577,BabyLM 125M — final layer,10.054840160405549,10.65627508608367
1.2254143054847435,1.1440234118154442,10.184181535886106,6.870264856271882,1.868835490494456,-3.476343845759669,1.7940709196570577,BabyLM 125M — final layer,9.865747660243766,10.511629966012226
1.378931560471983,1.1440234118154442,10.016009560287797,6.870264856271882,1.868835490494456,-3.476343845759669,1.7940709196570577,BabyLM 125M — final layer,9.676759137747107,10.367578945551505
1.5324488154592222,1.1440234118154442,9.847837584689488,6.870264856271882,1.868835490494456,-3.476343845759669,1.7940709196570577,BabyLM 125M — final layer,9.482990393878852,10.222522482429353
1.6859660704464614,1.1440234118154442,9.679665609091177,6.870264856271882,1.868835490494456,-3.476343845759669,1.7940709196570577,BabyLM 125M — final layer,9.289708834493641,10.079934383437422
1.839483325433701,1.1440234118154442,9.511493633492869,6.870264856271882,1.868835490494456,-3.476343845759669,1.7940709196570577,BabyLM 125M — final layer,9.09575675933288,9.936424355998536
1.9930005804209403,1.1440234118154442,9.34332165789456,6.870264856271882,1.868835490494456,-3.476343845759669,1.7940709196570577,BabyLM 125M — final layer,8.901244527100598,9.796804539938385
2.14651783540818,1.1440234118154442,9.175149682296249,6.870264856271882,1.868835490494456,-3.476343845759669,1.7940709196570577,BabyLM 125M — final layer,8.704307558261501,9.655852905084421
2.300035090395419,1.1440234118154442,9.00697770669794,6.870264856271882,1.868835490494456,-3.476343845759669,1.7940709196570577,BabyLM 125M — final layer,8.505734830522528,9.515535513008814
2.453552345382658,1.1440234118154442,8.838805731099631,6.870264856271882,1.868835490494456,-3.476343845759669,1.7940709196570577,BabyLM 125M — final layer,8.313119329742735,9.376886056981649
-1.9984480492472816,1.3116079138482704,13.79924566970794,6.870264856271882,1.868835490494456,-3.476343845759669,1.7940709196570577,BabyLM 125M — final layer,13.252937804507576,14.345681673070718
-1.8449307942600424,1.3116079138482704,13.623477789994423,6.870264856271882,1.868835490494456,-3.476343845759669,1.7940709196570577,BabyLM 125M — final layer,13.107656648320637,14.137409568635418
-1.6914135392728031,1.3116079138482704,13.447709910280908,6.870264856271882,1.868835490494456,-3.476343845759669,1.7940709196570577,BabyLM 125M — final layer,12.963912752565232,13.932971418311046
-1.537896284285564,1.3116079138482704,13.271942030567393,6.870264856271882,1.868835490494456,-3.476343845759669,1.7940709196570577,BabyLM 125M — final layer,12.818983848628367,13.726798853725866
-1.384379029298325,1.3116079138482704,13.096174150853878,6.870264856271882,1.868835490494456,-3.476343845759669,1.7940709196570577,BabyLM 125M — final layer,12.670242373191886,13.520747918610946
-1.2308617743110852,1.3116079138482704,12.920406271140362,6.870264856271882,1.868835490494456,-3.476343845759669,1.7940709196570577,BabyLM 125M — final layer,12.52122779268814,13.317206473432295
-1.077344519323846,1.3116079138482704,12.744638391426847,6.870264856271882,1.868835490494456,-3.476343845759669,1.7940709196570577,BabyLM 125M — final layer,12.372438909495013,13.115666654333333
-0.9238272643366066,1.3116079138482704,12.568870511713332,6.870264856271882,1.868835490494456,-3.476343845759669,1.7940709196570577,BabyLM 125M — final layer,12.223657942820967,12.91522326816183
-0.7703100093493673,1.3116079138482704,12.393102631999815,6.870264856271882,1.868835490494456,-3.476343845759669,1.7940709196570577,BabyLM 125M — final layer,12.071449447764072,12.717666510438614
-0.6167927543621281,1.3116079138482704,12.2173347522863,6.870264856271882,1.868835490494456,-3.476343845759669,1.7940709196570577,BabyLM 125M — final layer,11.913639633110812,12.520239085606237
-0.46327549937488866,1.3116079138482704,12.041566872572785,6.870264856271882,1.868835490494456,-3.476343845759669,1.7940709196570577,BabyLM 125M — final layer,11.755267035812176,12.32715032139679
-0.30975824438764943,1.3116079138482704,11.865798992859268,6.870264856271882,1.868835490494456,-3.476343845759669,1.7940709196570577,BabyLM 125M — final layer,11.595548380698947,12.13706924787413
-0.1562409894004102,1.3116079138482704,11.690031113145753,6.870264856271882,1.868835490494456,-3.476343845759669,1.7940709196570577,BabyLM 125M — final layer,11.429544485157235,11.948704262381238
-0.00272373441317075,1.3116079138482704,11.514263233432239,6.870264856271882,1.868835490494456,-3.476343845759669,1.7940709196570577,BabyLM 125M — final layer,11.260870024667573,11.76658498140456
0.1507935205740687,1.3116079138482704,11.338495353718722,6.870264856271882,1.868835490494456,-3.476343845759669,1.7940709196570577,BabyLM 125M — final layer,11.085939237235255,11.590145782887351
0.3043107755613079,1.3116079138482704,11.162727474005207,6.870264856271882,1.868835490494456,-3.476343845759669,1.7940709196570577,BabyLM 125M — final layer,10.9074520401814,11.418276803363781
0.4578280305485471,1.3116079138482704,10.986959594291692,6.870264856271882,1.868835490494456,-3.476343845759669,1.7940709196570577,BabyLM 125M — final layer,10.724134167001957,11.251548742588806
0.6113452855357864,1.3116079138482704,10.811191714578177,6.870264856271882,1.868835490494456,-3.476343845759669,1.7940709196570577,BabyLM 125M — final layer,10.534189791869448,11.090347928348471
0.7648625405230256,1.3116079138482704,10.63542383486466,6.870264856271882,1.868835490494456,-3.476343845759669,1.7940709196570577,BabyLM 125M — final layer,10.346636996950208,10.931865016508555
0.9183797955102652,1.3116079138482704,10.459655955151145,6.870264856271882,1.868835490494456,-3.476343845759669,1.7940709196570577,BabyLM 125M — final layer,10.151511531392245,10.773616695449057
1.0718970504975045,1.3116079138482704,10.283888075437629,6.870264856271882,1.868835490494456,-3.476343845759669,1.7940709196570577,BabyLM 125M — final layer,9.956593383887114,10.620493737800254
1.2254143054847435,1.3116079138482704,10.108120195724114,6.870264856271882,1.868835490494456,-3.476343845759669,1.7940709196570577,BabyLM 125M — final layer,9.757168839741167,10.470908254895772
1.378931560471983,1.3116079138482704,9.932352316010599,6.870264856271882,1.868835490494456,-3.476343845759669,1.7940709196570577,BabyLM 125M — final layer,9.555692040704038,10.319410687123726
1.5324488154592222,1.3116079138482704,9.756584436297084,6.870264856271882,1.868835490494456,-3.476343845759669,1.7940709196570577,BabyLM 125M — final layer,9.353972288434443,10.16930593362002
1.6859660704464614,1.3116079138482704,9.580816556583567,6.870264856271882,1.868835490494456,-3.476343845759669,1.7940709196570577,BabyLM 125M — final layer,9.152091197353023,10.021171474322712
1.839483325433701,1.3116079138482704,9.405048676870052,6.870264856271882,1.868835490494456,-3.476343845759669,1.7940709196570577,BabyLM 125M — final layer,8.94631708243857,9.874476321087087
1.9930005804209403,1.3116079138482704,9.229280797156537,6.870264856271882,1.868835490494456,-3.476343845759669,1.7940709196570577,BabyLM 125M — final layer,8.743341629485666,9.731483196939072
2.14651783540818,1.3116079138482704,9.05351291744302,6.870264856271882,1.868835490494456,-3.476343845759669,1.7940709196570577,BabyLM 125M — final layer,8.537576946876184,9.583343946175852
2.300035090395419,1.3116079138482704,8.877745037729506,6.870264856271882,1.868835490494456,-3.476343845759669,1.7940709196570577,BabyLM 125M — final layer,8.33215379577549,9.43733878399443
2.453552345382658,1.3116079138482704,8.70197715801599,6.870264856271882,1.868835490494456,-3.476343845759669,1.7940709196570577,BabyLM 125M — final layer,8.123505744717965,9.291385752322867
-1.9984480492472816,1.479192415881097,13.882698315965273,6.870264856271882,1.868835490494456,-3.476343845759669,1.7940709196570577,BabyLM 125M — final layer,13.294076255284084,14.472076462403534
-1.8449307942600424,1.479192415881097,13.699334532136552,6.870264856271882,1.868835490494456,-3.476343845759669,1.7940709196570577,BabyLM 125M — final layer,13.144523131559124,14.254012073280386
-1.6914135392728031,1.479192415881097,13.515970748307831,6.870264856271882,1.868835490494456,-3.476343845759669,1.7940709196570577,BabyLM 125M — final layer,12.995963495761075,14.036801857328951
-1.537896284285564,1.479192415881097,13.332606964479108,6.870264856271882,1.868835490494456,-3.476343845759669,1.7940709196570577,BabyLM 125M — final layer,12.84606600151782,13.82240770801656
-1.384379029298325,1.479192415881097,13.149243180650387,6.870264856271882,1.868835490494456,-3.476343845759669,1.7940709196570577,BabyLM 125M — final layer,12.691892866161636,13.609605227271661
-1.2308617743110852,1.479192415881097,12.965879396821666,6.870264856271882,1.868835490494456,-3.476343845759669,1.7940709196570577,BabyLM 125M — final layer,12.53953292139435,13.393307866472385
-1.077344519323846,1.479192415881097,12.782515612992945,6.870264856271882,1.868835490494456,-3.476343845759669,1.7940709196570577,BabyLM 125M — final layer,12.381526007798586,13.178872219763344
-0.9238272643366066,1.479192415881097,12.599151829164223,6.870264856271882,1.868835490494456,-3.476343845759669,1.7940709196570577,BabyLM 125M — final layer,12.227732212419557,12.970367149644638
-0.7703100093493673,1.479192415881097,12.415788045335502,6.870264856271882,1.868835490494456,-3.476343845759669,1.7940709196570577,BabyLM 125M — final layer,12.069459184154233,12.762087844568608
-0.6167927543621281,1.479192415881097,12.23242426150678,6.870264856271882,1.868835490494456,-3.476343845759669,1.7940709196570577,BabyLM 125M — final layer,11.905695148791404,12.557740001395882
-0.46327549937488866,1.479192415881097,12.049060477678058,6.870264856271882,1.868835490494456,-3.476343845759669,1.7940709196570577,BabyLM 125M — final layer,11.739800014652694,12.356066030565872
-0.30975824438764943,1.479192415881097,11.865696693849337,6.870264856271882,1.868835490494456,-3.476343845759669,1.7940709196570577,BabyLM 125M — final layer,11.570298800812099,12.157175850399236
-0.1562409894004102,1.479192415881097,11.682332910020616,6.870264856271882,1.868835490494456,-3.476343845759669,1.7940709196570577,BabyLM 125M — final layer,11.399160592836614,11.962260166076364
-0.00272373441317075,1.479192415881097,11.498969126191893,6.870264856271882,1.868835490494456,-3.476343845759669,1.7940709196570577,BabyLM 125M — final layer,11.221520411738405,11.772789934480857
0.1507935205740687,1.479192415881097,11.315605342363172,6.870264856271882,1.868835490494456,-3.476343845759669,1.7940709196570577,BabyLM 125M — final layer,11.040111738683054,11.588847324555486
0.3043107755613079,1.479192415881097,11.132241558534451,6.870264856271882,1.868835490494456,-3.476343845759669,1.7940709196570577,BabyLM 125M — final layer,10.854244431209,11.411552076299207
0.4578280305485471,1.479192415881097,10.94887777470573,6.870264856271882,1.868835490494456,-3.476343845759669,1.7940709196570577,BabyLM 125M — final layer,10.658724901924693,11.24142197784071
0.6113452855357864,1.479192415881097,10.765513990877007,6.870264856271882,1.868835490494456,-3.476343845759669,1.7940709196570577,BabyLM 125M — final layer,10.461970078216343,11.070186359643678
0.7648625405230256,1.479192415881097,10.582150207048286,6.870264856271882,1.868835490494456,-3.476343845759669,1.7940709196570577,BabyLM 125M — final layer,10.263174662111567,10.909014718870635
0.9183797955102652,1.479192415881097,10.398786423219565,6.870264856271882,1.868835490494456,-3.476343845759669,1.7940709196570577,BabyLM 125M — final layer,10.062231731536906,10.746466059766625
1.0718970504975045,1.479192415881097,10.215422639390843,6.870264856271882,1.868835490494456,-3.476343845759669,1.7940709196570577,BabyLM 125M — final layer,9.854773653461445,10.586898760020532
1.2254143054847435,1.479192415881097,10.032058855562122,6.870264856271882,1.868835490494456,-3.476343845759669,1.7940709196570577,BabyLM 125M — final layer,9.647282324240978,10.428798068434215
1.378931560471983,1.479192415881097,9.8486950717334,6.870264856271882,1.868835490494456,-3.476343845759669,1.7940709196570577,BabyLM 125M — final layer,9.435456079274765,10.272457811109534
1.5324488154592222,1.479192415881097,9.665331287904678,6.870264856271882,1.868835490494456,-3.476343845759669,1.7940709196570577,BabyLM 125M — final layer,9.221600075783655,10.118862602230484
1.6859660704464614,1.479192415881097,9.481967504075957,6.870264856271882,1.868835490494456,-3.476343845759669,1.7940709196570577,BabyLM 125M — final layer,9.008179400109388,9.968432116221416
1.839483325433701,1.479192415881097,9.298603720247236,6.870264856271882,1.868835490494456,-3.476343845759669,1.7940709196570577,BabyLM 125M — final layer,8.792450147552735,9.816661904867418
1.9930005804209403,1.479192415881097,9.115239936418513,6.870264856271882,1.868835490494456,-3.476343845759669,1.7940709196570577,BabyLM 125M — final layer,8.577192021709068,9.665000133554203
2.14651783540818,1.479192415881097,8.931876152589792,6.870264856271882,1.868835490494456,-3.476343845759669,1.7940709196570577,BabyLM 125M — final layer,8.362899691289513,9.513650565645817
2.300035090395419,1.479192415881097,8.748512368761071,6.870264856271882,1.868835490494456,-3.476343845759669,1.7940709196570577,BabyLM 125M — final layer,8.146569078518938,9.364829759976962
2.453552345382658,1.479192415881097,8.56514858493235,6.870264856271882,1.868835490494456,-3.476343845759669,1.7940709196570577,BabyLM 125M — final layer,7.928937929695634,9.213653736058578
-1.9984480492472816,1.6467769179139229,13.966150962222608,6.870264856271882,1.868835490494456,-3.476343845759669,1.7940709196570577,BabyLM 125M — final layer,13.335315059961065,14.59827553044965
-1.8449307942600424,1.6467769179139229,13.77519127427868,6.870264856271882,1.868835490494456,-3.476343845759669,1.7940709196570577,BabyLM 125M — final layer,13.18028722889716,14.369904374646932
-1.6914135392728031,1.6467769179139229,13.584231586334752,6.870264856271882,1.868835490494456,-3.476343845759669,1.7940709196570577,BabyLM 125M — final layer,13.027531400470084,14.144590900169637
-1.537896284285564,1.6467769179139229,13.393271898390825,6.870264856271882,1.868835490494456,-3.476343845759669,1.7940709196570577,BabyLM 125M — final layer,12.872563451941174,13.918908101150075
-1.384379029298325,1.6467769179139229,13.202312210446898,6.870264856271882,1.868835490494456,-3.476343845759669,1.7940709196570577,BabyLM 125M — final layer,12.712472747876532,13.694461204527085
-1.2308617743110852,1.6467769179139229,13.01135252250297,6.870264856271882,1.868835490494456,-3.476343845759669,1.7940709196570577,BabyLM 125M — final layer,12.552579332559956,13.47111536351995
-1.077344519323846,1.6467769179139229,12.820392834559042,6.870264856271882,1.868835490494456,-3.476343845759669,1.7940709196570577,BabyLM 125M — final layer,12.393681664172416,13.247294939254783
-0.9238272643366066,1.6467769179139229,12.629433146615115,6.870264856271882,1.868835490494456,-3.476343845759669,1.7940709196570577,BabyLM 125M — final layer,12.23142858116428,13.027302843009288
-0.7703100093493673,1.6467769179139229,12.438473458671186,6.870264856271882,1.868835490494456,-3.476343845759669,1.7940709196570577,BabyLM 125M — final layer,12.066720062437577,12.80867988488659
-0.6167927543621281,1.6467769179139229,12.24751377072726,6.870264856271882,1.868835490494456,-3.476343845759669,1.7940709196570577,BabyLM 125M — final layer,11.897340132801663,12.595294355910779
-0.46327549937488866,1.6467769179139229,12.056554082783332,6.870264856271882,1.868835490494456,-3.476343845759669,1.7940709196570577,BabyLM 125M — final layer,11.724698678104032,12.384434582542596
-0.30975824438764943,1.6467769179139229,11.865594394839405,6.870264856271882,1.868835490494456,-3.476343845759669,1.7940709196570577,BabyLM 125M — final layer,11.547869388401235,12.179101183773584
-0.1562409894004102,1.6467769179139229,11.674634706895477,6.870264856271882,1.868835490494456,-3.476343845759669,1.7940709196570577,BabyLM 125M — final layer,11.370387777620888,11.977103433648614
-0.00272373441317075,1.6467769179139229,11.48367501895155,6.870264856271882,1.868835490494456,-3.476343845759669,1.7940709196570577,BabyLM 125M — final layer,11.182461734783093,11.779108840872661
0.1507935205740687,1.6467769179139229,11.292715331007622,6.870264856271882,1.868835490494456,-3.476343845759669,1.7940709196570577,BabyLM 125M — final layer,10.995385649632402,11.588220054226388
0.3043107755613079,1.6467769179139229,11.101755643063695,6.870264856271882,1.868835490494456,-3.476343845759669,1.7940709196570577,BabyLM 125M — final layer,10.80063991591525,11.406272451301536
0.4578280305485471,1.6467769179139229,10.910795955119767,6.870264856271882,1.868835490494456,-3.476343845759669,1.7940709196570577,BabyLM 125M — final layer,10.595558174044411,11.22782703293695
0.6113452855357864,1.6467769179139229,10.71983626717584,6.870264856271882,1.868835490494456,-3.476343845759669,1.7940709196570577,BabyLM 125M — final layer,10.386709652032177,11.053274390930824
0.7648625405230256,1.6467769179139229,10.528876579231913,6.870264856271882,1.868835490494456,-3.476343845759669,1.7940709196570577,BabyLM 125M — final layer,10.180547822961515,10.88678495564564
0.9183797955102652,1.6467769179139229,10.337916891287984,6.870264856271882,1.868835490494456,-3.476343845759669,1.7940709196570577,BabyLM 125M — final layer,9.969562579812132,10.718188093992966
1.0718970504975045,1.6467769179139229,10.146957203344057,6.870264856271882,1.868835490494456,-3.476343845759669,1.7940709196570577,BabyLM 125M — final layer,9.753520663118312,10.55281729001348
1.2254143054847435,1.6467769179139229,9.95599751540013,6.870264856271882,1.868835490494456,-3.476343845759669,1.7940709196570577,BabyLM 125M — final layer,9.533078831227177,10.390650822060747
1.378931560471983,1.6467769179139229,9.765037827456203,6.870264856271882,1.868835490494456,-3.476343845759669,1.7940709196570577,BabyLM 125M — final layer,9.312008746849157,10.232529785688573
1.5324488154592222,1.6467769179139229,9.574078139512276,6.870264856271882,1.868835490494456,-3.476343845759669,1.7940709196570577,BabyLM 125M — final layer,9.087007404872534,10.07406704291497
1.6859660704464614,1.6467769179139229,9.383118451568347,6.870264856271882,1.868835490494456,-3.476343845759669,1.7940709196570577,BabyLM 125M — final layer,8.859767886256385,9.91713254994308
1.839483325433701,1.6467769179139229,9.19215876362442,6.870264856271882,1.868835490494456,-3.476343845759669,1.7940709196570577,BabyLM 125M — final layer,8.63778668710366,9.760975463116434
1.9930005804209403,1.6467769179139229,9.001199075680493,6.870264856271882,1.868835490494456,-3.476343845759669,1.7940709196570577,BabyLM 125M — final layer,8.409986452334927,9.602874108050347
2.14651783540818,1.6467769179139229,8.810239387736564,6.870264856271882,1.868835490494456,-3.476343845759669,1.7940709196570577,BabyLM 125M — final layer,8.1834619602302,9.447764202081446
2.300035090395419,1.6467769179139229,8.619279699792637,6.870264856271882,1.868835490494456,-3.476343845759669,1.7940709196570577,BabyLM 125M — final layer,7.953565013435103,9.29016367413842
2.453552345382658,1.6467769179139229,8.42832001184871,6.870264856271882,1.868835490494456,-3.476343845759669,1.7940709196570577,BabyLM 125M — final layer,7.728069567677165,9.135681792834603
-1.9984480492472816,1.8143614199467493,14.049603608479941,6.870264856271882,1.868835490494456,-3.476343845759669,1.7940709196570577,BabyLM 125M — final layer,13.374282046484101,14.72757459907946
-1.8449307942600424,1.8143614199467493,13.851048016420808,6.870264856271882,1.868835490494456,-3.476343845759669,1.7940709196570577,BabyLM 125M — final layer,13.214325269111622,14.489203695015286
-1.6914135392728031,1.8143614199467493,13.652492424361675,6.870264856271882,1.868835490494456,-3.476343845759669,1.7940709196570577,BabyLM 125M — final layer,13.055415003808907,14.25561800702401
-1.537896284285564,1.8143614199467493,13.45393683230254,6.870264856271882,1.868835490494456,-3.476343845759669,1.7940709196570577,BabyLM 125M — final layer,12.895262329528208,14.01823328509225
-1.384379029298325,1.8143614199467493,13.255381240243407,6.870264856271882,1.868835490494456,-3.476343845759669,1.7940709196570577,BabyLM 125M — final layer,12.731564435748263,13.783979749830175
-1.2308617743110852,1.8143614199467493,13.056825648184274,6.870264856271882,1.868835490494456,-3.476343845759669,1.7940709196570577,BabyLM 125M — final layer,12.566526494590217,13.548699067957243
-1.077344519323846,1.8143614199467493,12.858270056125141,6.870264856271882,1.868835490494456,-3.476343845759669,1.7940709196570577,BabyLM 125M — final layer,12.40039738256578,13.315917667582596
-0.9238272643366066,1.8143614199467493,12.659714464066006,6.870264856271882,1.868835490494456,-3.476343845759669,1.7940709196570577,BabyLM 125M — final layer,12.233192998780103,13.084218164477218
-0.7703100093493673,1.8143614199467493,12.461158872006873,6.870264856271882,1.868835490494456,-3.476343845759669,1.7940709196570577,BabyLM 125M — final layer,12.061834484571305,12.857456083139805
-0.6167927543621281,1.8143614199467493,12.26260327994774,6.870264856271882,1.868835490494456,-3.476343845759669,1.7940709196570577,BabyLM 125M — final layer,11.888910247740178,12.634332613673914
-0.46327549937488866,1.8143614199467493,12.064047687888607,6.870264856271882,1.868835490494456,-3.476343845759669,1.7940709196570577,BabyLM 125M — final layer,11.708769034539412,12.415539099822475
-0.30975824438764943,1.8143614199467493,11.865492095829472,6.870264856271882,1.868835490494456,-3.476343845759669,1.7940709196570577,BabyLM 125M — final layer,11.524733246851275,12.200291203995933
-0.1562409894004102,1.8143614199467493,11.666936503770339,6.870264856271882,1.868835490494456,-3.476343845759669,1.7940709196570577,BabyLM 125M — final layer,11.339149823070738,11.990731316830642
-0.00272373441317075,1.8143614199467493,11.468380911711206,6.870264856271882,1.868835490494456,-3.476343845759669,1.7940709196570577,BabyLM 125M — final layer,11.145308780325145,11.784900704891243
0.1507935205740687,1.8143614199467493,11.269825319652071,6.870264856271882,1.868835490494456,-3.476343845759669,1.7940709196570577,BabyLM 125M — final layer,10.948648432660121,11.590471778536575
0.3043107755613079,1.8143614199467493,11.071269727592938,6.870264856271882,1.868835490494456,-3.476343845759669,1.7940709196570577,BabyLM 125M — final layer,10.745564338407021,11.401912133801524
0.4578280305485471,1.8143614199467493,10.872714135533805,6.870264856271882,1.868835490494456,-3.476343845759669,1.7940709196570577,BabyLM 125M — final layer,10.529938225781903,11.218983867695652
0.6113452855357864,1.8143614199467493,10.674158543474672,6.870264856271882,1.868835490494456,-3.476343845759669,1.7940709196570577,BabyLM 125M — final layer,10.312093555164065,11.039605651874556
0.7648625405230256,1.8143614199467493,10.475602951415539,6.870264856271882,1.868835490494456,-3.476343845759669,1.7940709196570577,BabyLM 125M — final layer,10.095263891650259,10.86509748041782
0.9183797955102652,1.8143614199467493,10.277047359356404,6.870264856271882,1.868835490494456,-3.476343845759669,1.7940709196570577,BabyLM 125M — final layer,9.876103535670602,10.69341463570097
1.0718970504975045,1.8143614199467493,10.07849176729727,6.870264856271882,1.868835490494456,-3.476343845759669,1.7940709196570577,BabyLM 125M — final layer,9.65085640749998,10.523716683930012
1.2254143054847435,1.8143614199467493,9.879936175238138,6.870264856271882,1.868835490494456,-3.476343845759669,1.7940709196570577,BabyLM 125M — final layer,9.418271372446284,10.35861787083947
1.378931560471983,1.8143614199467493,9.681380583179005,6.870264856271882,1.868835490494456,-3.476343845759669,1.7940709196570577,BabyLM 125M — final layer,9.184196160005783,10.195266752136508
1.5324488154592222,1.8143614199467493,9.48282499111987,6.870264856271882,1.868835490494456,-3.476343845759669,1.7940709196570577,BabyLM 125M — final layer,8.946455829607501,10.029759214023514
1.6859660704464614,1.8143614199467493,9.284269399060737,6.870264856271882,1.868835490494456,-3.476343845759669,1.7940709196570577,BabyLM 125M — final layer,8.714784763190393,9.867165288457594
1.839483325433701,1.8143614199467493,9.085713807001603,6.870264856271882,1.868835490494456,-3.476343845759669,1.7940709196570577,BabyLM 125M — final layer,8.475174901947698,9.7081943798802115
1.9930005804209403,1.8143614199467493,8.88715821494247,6.870264856271882,1.868835490494456,-3.476343845759669,1.7940709196570577,BabyLM 125M — final layer,8.239873974202597,9.54464251877921
2.14651783540818,1.8143614199467493,8.688602622883336,6.870264856271882,1.868835490494456,-3.476343845759669,1.7940709196570577,BabyLM 125M — final layer,8.004574313911194,9.385975961836001
2.300035090395419,1.8143614199467493,8.490047030824202,6.870264856271882,1.868835490494456,-3.476343845759669,1.7940709196570577,BabyLM 125M — final layer,7.765472845709045,9.226722208710523
2.453552345382658,1.8143614199467493,8.29149143876507,6.870264856271882,1.868835490494456,-3.476343845759669,1.7940709196570577,BabyLM 125M — final layer,7.528827378374187,9.066819726259396
-1.9984480492472816,1.981945921979575,14.133056254737275,6.870264856271882,1.868835490494456,-3.476343845759669,1.7940709196570577,BabyLM 125M — final layer,13.409216764758533,14.857273930202302
-1.8449307942600424,1.981945921979575,13.926904758562936,6.870264856271882,1.868835490494456,-3.476343845759669,1.7940709196570577,BabyLM 125M — final layer,13.247347684139067,14.610074814044964
-1.6914135392728031,1.981945921979575,13.720753262388596,6.870264856271882,1.868835490494456,-3.476343845759669,1.7940709196570577,BabyLM 125M — final layer,13.084686911537808,14.365596214202423
-1.537896284285564,1.981945921979575,13.514601766214257,6.870264856271882,1.868835490494456,-3.476343845759669,1.7940709196570577,BabyLM 125M — final layer,12.91998792664038,14.120059523341249
-1.384379029298325,1.981945921979575,13.308450270039918,6.870264856271882,1.868835490494456,-3.476343845759669,1.7940709196570577,BabyLM 125M — final layer,12.748535656981954,13.873013096965273
-1.2308617743110852,1.981945921979575,13.102298773865577,6.870264856271882,1.868835490494456,-3.476343845759669,1.7940709196570577,BabyLM 125M — final layer,12.582635563078929,13.627992756638374
-1.077344519323846,1.981945921979575,12.896147277691238,6.870264856271882,1.868835490494456,-3.476343845759669,1.7940709196570577,BabyLM 125M — final layer,12.410528061253519,13.382662389553857
-0.9238272643366066,1.981945921979575,12.689995781516899,6.870264856271882,1.868835490494456,-3.476343845759669,1.7940709196570577,BabyLM 125M — final layer,12.234739005909434,13.143183268075674
-0.7703100093493673,1.981945921979575,12.48384428534256,6.870264856271882,1.868835490494456,-3.476343845759669,1.7940709196570577,BabyLM 125M — final layer,12.056131442919972,12.907186323275022
-0.6167927543621281,1.981945921979575,12.277692789168219,6.870264856271882,1.868835490494456,-3.476343845759669,1.7940709196570577,BabyLM 125M — final layer,11.878397762355721,12.672427438374621
-0.46327549937488866,1.981945921979575,12.07154129299388,6.870264856271882,1.868835490494456,-3.476343845759669,1.7940709196570577,BabyLM 125M — final layer,11.693023476711934,12.446292725981307
-0.30975824438764943,1.981945921979575,11.86538979681954,6.870264856271882,1.868835490494456,-3.476343845759669,1.7940709196570577,BabyLM 125M — final layer,11.502337170237192,12.224695914097452
-0.1562409894004102,1.981945921979575,11.659238300645201,6.870264856271882,1.868835490494456,-3.476343845759669,1.7940709196570577,BabyLM 125M — final layer,11.307415811938672,12.004643474296389
-0.00272373441317075,1.981945921979575,11.453086804470862,6.870264856271882,1.868835490494456,-3.476343845759669,1.7940709196570577,BabyLM 125M — final layer,11.10763865852691,11.795756797910965
0.1507935205740687,1.981945921979575,11.246935308296521,6.870264856271882,1.868835490494456,-3.476343845759669,1.7940709196570577,BabyLM 125M — final layer,10.903476533809433,11.593170047249144
0.3043107755613079,1.981945921979575,11.040783812122182,6.870264856271882,1.868835490494456,-3.476343845759669,1.7940709196570577,BabyLM 125M — final layer,10.68873073098521,11.398956352886954
0.4578280305485471,1.981945921979575,10.834632315947843,6.870264856271882,1.868835490494456,-3.476343845759669,1.7940709196570577,BabyLM 125M — final layer,10.46247389099775,11.211223821332512
0.6113452855357864,1.981945921979575,10.628480819773504,6.870264856271882,1.868835490494456,-3.476343845759669,1.7940709196570577,BabyLM 125M — final layer,10.236662935250687,11.024317536203537
0.7648625405230256,1.981945921979575,10.422329323599165,6.870264856271882,1.868835490494456,-3.476343845759669,1.7940709196570577,BabyLM 125M — final layer,10.00970215811616,10.843646700710217
0.9183797955102652,1.981945921979575,10.216177827424824,6.870264856271882,1.868835490494456,-3.476343845759669,1.7940709196570577,BabyLM 125M — final layer,9.77965856295627,10.667866537110237
1.0718970504975045,1.981945921979575,10.010026331250485,6.870264856271882,1.868835490494456,-3.476343845759669,1.7940709196570577,BabyLM 125M — final layer,9.544076201753136,10.494632812224317
1.2254143054847435,1.981945921979575,9.803874835076146,6.870264856271882,1.868835490494456,-3.476343845759669,1.7940709196570577,BabyLM 125M — final layer,9.300313747963905,10.325338180129382
1.378931560471983,1.981945921979575,9.597723338901806,6.870264856271882,1.868835490494456,-3.476343845759669,1.7940709196570577,BabyLM 125M — final layer,9.059323343488096,10.156002255590089
1.5324488154592222,1.981945921979575,9.391571842727465,6.870264856271882,1.868835490494456,-3.476343845759669,1.7940709196570577,BabyLM 125M — final layer,8.808190484792034,9.991989576412193
1.6859660704464614,1.981945921979575,9.185420346553126,6.870264856271882,1.868835490494456,-3.476343845759669,1.7940709196570577,BabyLM 125M — final layer,8.566357030784765,9.822185159745402
1.839483325433701,1.981945921979575,8.979268850378787,6.870264856271882,1.868835490494456,-3.476343845759669,1.7940709196570577,BabyLM 125M — final layer,8.318845061054924,9.655668719344225
1.9930005804209403,1.981945921979575,8.773117354204448,6.870264856271882,1.868835490494456,-3.476343845759669,1.7940709196570577,BabyLM 125M — final layer,8.07077561010186,9.491610590632796
2.14651783540818,1.981945921979575,8.566965858030107,6.870264856271882,1.868835490494456,-3.476343845759669,1.7940709196570577,BabyLM 125M — final layer,7.823848132289995,9.326449223748126
2.300035090395419,1.981945921979575,8.360814361855768,6.870264856271882,1.868835490494456,-3.476343845759669,1.7940709196570577,BabyLM 125M — final layer,7.577780942168259,9.16164453178053
2.453552345382658,1.981945921979575,8.154662865681429,6.870264856271882,1.868835490494456,-3.476343845759669,1.7940709196570577,BabyLM 125M — final layer,7.325766145148394,8.997054186018428
-1.9984480492472816,2.1495304240124016,14.21650890099461,6.870264856271882,1.868835490494456,-3.476343845759669,1.7940709196570577,BabyLM 125M — final layer,13.44786114711988,14.99156131727434
-1.8449307942600424,2.1495304240124016,14.002761500705065,6.870264856271882,1.868835490494456,-3.476343845759669,1.7940709196570577,BabyLM 125M — final layer,13.278206136222297,14.733187303947087
-1.6914135392728031,2.1495304240124016,13.789014100415518,6.870264856271882,1.868835490494456,-3.476343845759669,1.7940709196570577,BabyLM 125M — final layer,13.108434999962503,14.477504541465573
-1.537896284285564,2.1495304240124016,13.575266700125972,6.870264856271882,1.868835490494456,-3.476343845759669,1.7940709196570577,BabyLM 125M — final layer,12.941325482433191,14.217236718571813
-1.384379029298325,2.1495304240124016,13.361519299836427,6.870264856271882,1.868835490494456,-3.476343845759669,1.7940709196570577,BabyLM 125M — final layer,12.767382581302227,13.961533983557814
-1.2308617743110852,2.1495304240124016,13.147771899546882,6.870264856271882,1.868835490494456,-3.476343845759669,1.7940709196570577,BabyLM 125M — final layer,12.592506560367026,13.707710260841477
-1.077344519323846,2.1495304240124016,12.934024499257337,6.870264856271882,1.868835490494456,-3.476343845759669,1.7940709196570577,BabyLM 125M — final layer,12.41684574560836,13.453656451710549
-0.9238272643366066,2.1495304240124016,12.72027709896779,6.870264856271882,1.868835490494456,-3.476343845759669,1.7940709196570577,BabyLM 125M — final layer,12.235475174782446,13.200888819488416
-0.7703100093493673,2.1495304240124016,12.506529698678245,6.870264856271882,1.868835490494456,-3.476343845759669,1.7940709196570577,BabyLM 125M — final layer,12.05215908135722,12.957554487218232
-0.6167927543621281,2.1495304240124016,12.2927822983887,6.870264856271882,1.868835490494456,-3.476343845759669,1.7940709196570577,BabyLM 125M — final layer,11.864852482007908,12.713801918280415
-0.46327549937488866,2.1495304240124016,12.079034898099154,6.870264856271882,1.868835490494456,-3.476343845759669,1.7940709196570577,BabyLM 125M — final layer,11.675714456576506,12.475237270099285
-0.30975824438764943,2.1495304240124016,11.865287497809609,6.870264856271882,1.868835490494456,-3.476343845759669,1.7940709196570577,BabyLM 125M — final layer,11.47944969743943,12.247173652008652
-0.1562409894004102,2.1495304240124016,11.651540097520064,6.870264856271882,1.868835490494456,-3.476343845759669,1.7940709196570577,BabyLM 125M — final layer,11.275698257123254,12.018148485223495
-0.00272373441317075,2.1495304240124016,11.437792697230517,6.870264856271882,1.868835490494456,-3.476343845759669,1.7940709196570577,BabyLM 125M — final layer,11.068840429571953,11.804976461538924
0.1507935205740687,2.1495304240124016,11.224045296940972,6.870264856271882,1.868835490494456,-3.476343845759669,1.7940709196570577,BabyLM 125M — final layer,10.854563856127877,11.596447007834309
0.3043107755613079,2.1495304240124016,11.010297896651426,6.870264856271882,1.868835490494456,-3.476343845759669,1.7940709196570577,BabyLM 125M — final layer,10.630716020953672,11.395764638758475
0.4578280305485471,2.1495304240124016,10.796550496361881,6.870264856271882,1.868835490494456,-3.476343845759669,1.7940709196570577,BabyLM 125M — final layer,10.396943306828652,11.202667782756208
0.6113452855357864,2.1495304240124016,10.582803096072336,6.870264856271882,1.868835490494456,-3.476343845759669,1.7940709196570577,BabyLM 125M — final layer,10.15999259561278,11.01080277156082
0.7648625405230256,2.1495304240124016,10.369055695782789,6.870264856271882,1.868835490494456,-3.476343845759669,1.7940709196570577,BabyLM 125M — final layer,9.923796064913281,10.826794041312851
0.9183797955102652,2.1495304240124016,10.155308295493244,6.870264856271882,1.868835490494456,-3.476343845759669,1.7940709196570577,BabyLM 125M — final layer,9.683233497162757,10.644555284576477
1.0718970504975045,2.1495304240124016,9.941560895203699,6.870264856271882,1.868835490494456,-3.476343845759669,1.7940709196570577,BabyLM 125M — final layer,9.4362732963148,10.465439031194766
1.2254143054847435,2.1495304240124016,9.727813494914153,6.870264856271882,1.868835490494456,-3.476343845759669,1.7940709196570577,BabyLM 125M — final layer,9.182380842045669,10.29008343204694
1.378931560471983,2.1495304240124016,9.514066094624607,6.870264856271882,1.868835490494456,-3.476343845759669,1.7940709196570577,BabyLM 125M — final layer,8.927853475607604,10.120090125215409
1.5324488154592222,2.1495304240124016,9.300318694335061,6.870264856271882,1.868835490494456,-3.476343845759669,1.7940709196570577,BabyLM 125M — final layer,8.669588169132805,9.948999770080723
1.6859660704464614,2.1495304240124016,9.086571294045516,6.870264856271882,1.868835490494456,-3.476343845759669,1.7940709196570577,BabyLM 125M — final layer,8.41564641258693,9.776312795619866
1.839483325433701,2.1495304240124016,8.872823893755971,6.870264856271882,1.868835490494456,-3.476343845759669,1.7940709196570577,BabyLM 125M — final layer,8.159242487356646,9.60486564891962
1.9930005804209403,2.1495304240124016,8.659076493466426,6.870264856271882,1.868835490494456,-3.476343845759669,1.7940709196570577,BabyLM 125M — final layer,7.898186011160197,9.436507292355913
2.14651783540818,2.1495304240124016,8.445329093176879,6.870264856271882,1.868835490494456,-3.476343845759669,1.7940709196570577,BabyLM 125M — final layer,7.641639383943023,9.268424493202703
2.300035090395419,2.1495304240124016,8.231581692887334,6.870264856271882,1.868835490494456,-3.476343845759669,1.7940709196570577,BabyLM 125M — final layer,7.3851515806321935,9.098974993251387
2.453552345382658,2.1495304240124016,8.017834292597788,6.870264856271882,1.868835490494456,-3.476343845759669,1.7940709196570577,BabyLM 125M — final layer,7.125008687390695,8.931475579323534
-1.9984480492472816,2.3171149260452277,14.299961547251943,6.870264856271882,1.868835490494456,-3.476343845759669,1.7940709196570577,BabyLM 125M — final layer,13.482348899531672,15.125922672302162
-1.8449307942600424,2.3171149260452277,14.078618242847192,6.870264856271882,1.868835490494456,-3.476343845759669,1.7940709196570577,BabyLM 125M — final layer,13.309156919406247,14.855643433829302
-1.6914135392728031,2.3171149260452277,13.85727493844244,6.870264856271882,1.868835490494456,-3.476343845759669,1.7940709196570577,BabyLM 125M — final layer,13.135634645465691,14.589219317563938
-1.537896284285564,2.3171149260452277,13.63593163403769,6.870264856271882,1.868835490494456,-3.476343845759669,1.7940709196570577,BabyLM 125M — final layer,12.958177829868012,14.316221136175082
-1.384379029298325,2.3171149260452277,13.414588329632938,6.870264856271882,1.868835490494456,-3.476343845759669,1.7940709196570577,BabyLM 125M — final layer,12.781798051519603,14.048432185816141
-1.2308617743110852,2.3171149260452277,13.193245025228185,6.870264856271882,1.868835490494456,-3.476343845759669,1.7940709196570577,BabyLM 125M — final layer,12.604130021043323,13.785942534628695
-1.077344519323846,2.3171149260452277,12.971901720823434,6.870264856271882,1.868835490494456,-3.476343845759669,1.7940709196570577,BabyLM 125M — final layer,12.421960800951432,13.522846427534924
-0.9238272643366066,2.3171149260452277,12.750558416418682,6.870264856271882,1.868835490494456,-3.476343845759669,1.7940709196570577,BabyLM 125M — final layer,12.232990797527854,13.260570643683753
-0.7703100093493673,2.3171149260452277,12.529215112013931,6.870264856271882,1.868835490494456,-3.476343845759669,1.7940709196570577,BabyLM 125M — final layer,12.04995295023349,13.004652759258443
-0.6167927543621281,2.3171149260452277,12.30787180760918,6.870264856271882,1.868835490494456,-3.476343845759669,1.7940709196570577,BabyLM 125M — final layer,11.851905425103572,12.754739157254273
-0.46327549937488866,2.3171149260452277,12.086528503204427,6.870264856271882,1.868835490494456,-3.476343845759669,1.7940709196570577,BabyLM 125M — final layer,11.660198473222898,12.507808949707202
-0.30975824438764943,2.3171149260452277,11.865185198799676,6.870264856271882,1.868835490494456,-3.476343845759669,1.7940709196570577,BabyLM 125M — final layer,11.453744299171271,12.270325616224351
-0.1562409894004102,2.3171149260452277,11.643841894394924,6.870264856271882,1.868835490494456,-3.476343845759669,1.7940709196570577,BabyLM 125M — final layer,11.243885755727025,12.035202694101532
-0.00272373441317075,2.3171149260452277,11.422498589990173,6.870264856271882,1.868835490494456,-3.476343845759669,1.7940709196570577,BabyLM 125M — final layer,11.02785118214027,11.814938662599598
0.1507935205740687,2.3171149260452277,11.201155285585422,6.870264856271882,1.868835490494456,-3.476343845759669,1.7940709196570577,BabyLM 125M — final layer,10.804659216916843,11.600128049801805
0.3043107755613079,2.3171149260452277,10.97981198118067,6.870264856271882,1.868835490494456,-3.476343845759669,1.7940709196570577,BabyLM 125M — final layer,10.57305210397455,11.394251545765782
0.4578280305485471,2.3171149260452277,10.758468676775918,6.870264856271882,1.868835490494456,-3.476343845759669,1.7940709196570577,BabyLM 125M — final layer,10.331471755931922,11.19492793587508
0.6113452855357864,2.3171149260452277,10.537125372371166,6.870264856271882,1.868835490494456,-3.476343845759669,1.7940709196570577,BabyLM 125M — final layer,10.086429454637042,10.996252350963257
0.7648625405230256,2.3171149260452277,10.315782067966415,6.870264856271882,1.868835490494456,-3.476343845759669,1.7940709196570577,BabyLM 125M — final layer,9.83624858837129,10.808416531091797
0.9183797955102652,2.3171149260452277,10.094438763561664,6.870264856271882,1.868835490494456,-3.476343845759669,1.7940709196570577,BabyLM 125M — final layer,9.585219347756883,10.622179132813311
1.0718970504975045,2.3171149260452277,9.873095459156913,6.870264856271882,1.868835490494456,-3.476343845759669,1.7940709196570577,BabyLM 125M — final layer,9.328633670336025,10.43626688965458
1.2254143054847435,2.3171149260452277,9.651752154752161,6.870264856271882,1.868835490494456,-3.476343845759669,1.7940709196570577,BabyLM 125M — final layer,9.066505498943007,10.25757328785984
1.378931560471983,2.3171149260452277,9.430408850347408,6.870264856271882,1.868835490494456,-3.476343845759669,1.7940709196570577,BabyLM 125M — final layer,8.801536516864054,10.079709233553448
1.5324488154592222,2.3171149260452277,9.209065545942657,6.870264856271882,1.868835490494456,-3.476343845759669,1.7940709196570577,BabyLM 125M — final layer,8.530942440487825,9.908497341325429
1.6859660704464614,2.3171149260452277,8.987722241537906,6.870264856271882,1.868835490494456,-3.476343845759669,1.7940709196570577,BabyLM 125M — final layer,8.26351659742093,9.732714599123957
1.839483325433701,2.3171149260452277,8.766378937133155,6.870264856271882,1.868835490494456,-3.476343845759669,1.7940709196570577,BabyLM 125M — final layer,7.99646866332827,9.557946449131812
1.9930005804209403,2.3171149260452277,8.545035632728403,6.870264856271882,1.868835490494456,-3.476343845759669,1.7940709196570577,BabyLM 125M — final layer,7.727636168397153,9.38072048577686
2.14651783540818,2.3171149260452277,8.32369232832365,6.870264856271882,1.868835490494456,-3.476343845759669,1.7940709196570577,BabyLM 125M — final layer,7.4579667233315785,9.207852097896023
2.300035090395419,2.3171149260452277,8.102349023918899,6.870264856271882,1.868835490494456,-3.476343845759669,1.7940709196570577,BabyLM 125M — final layer,7.188115438102177,9.034688211909778
2.453552345382658,2.3171149260452277,7.881005719514148,6.870264856271882,1.868835490494456,-3.476343845759669,1.7940709196570577,BabyLM 125M — final layer,6.914764242980006,8.864758216578673
-1.9984480492472816,-2.5428356329067325,9.672469008950323,6.870264856271882,1.868835490494456,-3.476343845759669,1.7940709196570577,BabyLM 350M — final layer,8.682630718066932,10.673138243222043
-1.8449307942600424,-2.5428356329067325,9.637646909438718,6.870264856271882,1.868835490494456,-3.476343845759669,1.7940709196570577,BabyLM 350M — final layer,8.716900298015897,10.56827815490041
-1.6914135392728031,-2.5428356329067325,9.602824809927114,6.870264856271882,1.868835490494456,-3.476343845759669,1.7940709196570577,BabyLM 350M — final layer,8.753322663930646,10.461592953884033
-1.537896284285564,-2.5428356329067325,9.56800271041551,6.870264856271882,1.868835490494456,-3.476343845759669,1.7940709196570577,BabyLM 350M — final layer,8.787312081891143,10.361339146669232
-1.384379029298325,-2.5428356329067325,9.533180610903907,6.870264856271882,1.868835490494456,-3.476343845759669,1.7940709196570577,BabyLM 350M — final layer,8.824103076403084,10.262059303646739
-1.2308617743110852,-2.5428356329067325,9.498358511392302,6.870264856271882,1.868835490494456,-3.476343845759669,1.7940709196570577,BabyLM 350M — final layer,8.850778149885715,10.165410800606965
-1.077344519323846,-2.5428356329067325,9.463536411880698,6.870264856271882,1.868835490494456,-3.476343845759669,1.7940709196570577,BabyLM 350M — final layer,8.867100532655673,10.075915025773515
-0.9238272643366066,-2.5428356329067325,9.428714312369094,6.870264856271882,1.868835490494456,-3.476343845759669,1.7940709196570577,BabyLM 350M — final layer,8.880682754689637,9.994068223173771
-0.7703100093493673,-2.5428356329067325,9.393892212857489,6.870264856271882,1.868835490494456,-3.476343845759669,1.7940709196570577,BabyLM 350M — final layer,8.890385328413537,9.916464847238633
-0.6167927543621281,-2.5428356329067325,9.359070113345885,6.870264856271882,1.868835490494456,-3.476343845759669,1.7940709196570577,BabyLM 350M — final layer,8.885179609849128,9.850398219831535
-0.46327549937488866,-2.5428356329067325,9.324248013834282,6.870264856271882,1.868835490494456,-3.476343845759669,1.7940709196570577,BabyLM 350M — final layer,8.863616578921015,9.798154463718154
-0.30975824438764943,-2.5428356329067325,9.289425914322678,6.870264856271882,1.868835490494456,-3.476343845759669,1.7940709196570577,BabyLM 350M — final layer,8.832816798616877,9.764261244901164
-0.1562409894004102,-2.5428356329067325,9.254603814811073,6.870264856271882,1.868835490494456,-3.476343845759669,1.7940709196570577,BabyLM 350M — final layer,8.786876357121145,9.743879110375994
-0.00272373441317075,-2.5428356329067325,9.219781715299469,6.870264856271882,1.868835490494456,-3.476343845759669,1.7940709196570577,BabyLM 350M — final layer,8.721121288366303,9.73612402206886
0.1507935205740687,-2.5428356329067325,9.184959615787864,6.870264856271882,1.868835490494456,-3.476343845759669,1.7940709196570577,BabyLM 350M — final layer,8.647245270351426,9.731091803522428
0.3043107755613079,-2.5428356329067325,9.15013751627626,6.870264856271882,1.868835490494456,-3.476343845759669,1.7940709196570577,BabyLM 350M — final layer,8.571112164109655,9.73580144613943
0.4578280305485471,-2.5428356329067325,9.115315416764657,6.870264856271882,1.868835490494456,-3.476343845759669,1.7940709196570577,BabyLM 350M — final layer,8.485528480135493,9.75322870817333
0.6113452855357864,-2.5428356329067325,9.080493317253053,6.870264856271882,1.868835490494456,-3.476343845759669,1.7940709196570577,BabyLM 350M — final layer,8.392162036044374,9.775674611149313
0.7648625405230256,-2.5428356329067325,9.045671217741448,6.870264856271882,1.868835490494456,-3.476343845759669,1.7940709196570577,BabyLM 350M — final layer,8.295791041133446,9.80539321767396
0.9183797955102652,-2.5428356329067325,9.010849118229844,6.870264856271882,1.868835490494456,-3.476343845759669,1.7940709196570577,BabyLM 350M — final layer,8.198849134434571,9.834512202256661
1.0718970504975045,-2.5428356329067325,8.97602701871824,6.870264856271882,1.868835490494456,-3.476343845759669,1.7940709196570577,BabyLM 350M — final layer,8.09721064620077,9.86551418663056
1.2254143054847435,-2.5428356329067325,8.941204919206637,6.870264856271882,1.868835490494456,-3.476343845759669,1.7940709196570577,BabyLM 350M — final layer,7.989930737225837,9.908478667343163
1.378931560471983,-2.5428356329067325,8.906382819695033,6.870264856271882,1.868835490494456,-3.476343845759669,1.7940709196570577,BabyLM 350M — final layer,7.881907977552657,9.944680415262077
1.5324488154592222,-2.5428356329067325,8.871560720183428,6.870264856271882,1.868835490494456,-3.476343845759669,1.7940709196570577,BabyLM 350M — final layer,7.769649246246977,9.988868784569227
1.6859660704464614,-2.5428356329067325,8.836738620671824,6.870264856271882,1.868835490494456,-3.476343845759669,1.7940709196570577,BabyLM 350M — final layer,7.661143806643221,10.0307831592969
1.839483325433701,-2.5428356329067325,8.80191652116022,6.870264856271882,1.868835490494456,-3.476343845759669,1.7940709196570577,BabyLM 350M — final layer,7.550391503925043,10.073208483674241
1.9930005804209403,-2.5428356329067325,8.767094421648615,6.870264856271882,1.868835490494456,-3.476343845759669,1.7940709196570577,BabyLM 350M — final layer,7.438816853468841,10.110946536013715
2.14651783540818,-2.5428356329067325,8.73227232213701,6.870264856271882,1.868835490494456,-3.476343845759669,1.7940709196570577,BabyLM 350M — final layer,7.324983421103053,10.154027011848651
2.300035090395419,-2.5428356329067325,8.697450222625408,6.870264856271882,1.868835490494456,-3.476343845759669,1.7940709196570577,BabyLM 350M — final layer,7.214483351177648,10.19579929187679
2.453552345382658,-2.5428356329067325,8.662628123113803,6.870264856271882,1.868835490494456,-3.476343845759669,1.7940709196570577,BabyLM 350M — final layer,7.096347892832117,10.242463264193562
-1.9984480492472816,-2.3752511308739064,9.591220645279586,6.870264856271882,1.868835490494456,-3.476343845759669,1.7940709196570577,BabyLM 350M — final layer,8.659033386183681,10.537529491253455
-1.8449307942600424,-2.3752511308739064,9.551469541647727,6.870264856271882,1.868835490494456,-3.476343845759669,1.7940709196570577,BabyLM 350M — final layer,8.68456254949845,10.432475856950262
-1.6914135392728031,-2.3752511308739064,9.511718438015867,6.870264856271882,1.868835490494456,-3.476343845759669,1.7940709196570577,BabyLM 350M — final layer,8.711489922160474,10.325151144826352
-1.537896284285564,-2.3752511308739064,9.471967334384008,6.870264856271882,1.868835490494456,-3.476343845759669,1.7940709196570577,BabyLM 350M — final layer,8.7341637572965,10.22146546806792
-1.384379029298325,-2.3752511308739064,9.432216230752148,6.870264856271882,1.868835490494456,-3.476343845759669,1.7940709196570577,BabyLM 350M — final layer,8.76534217140865,10.121765452912246
-1.2308617743110852,-2.3752511308739064,9.392465127120289,6.870264856271882,1.868835490494456,-3.476343845759669,1.7940709196570577,BabyLM 350M — final layer,8.781085276511646,10.021389954319122
-1.077344519323846,-2.3752511308739064,9.35271402348843,6.870264856271882,1.868835490494456,-3.476343845759669,1.7940709196570577,BabyLM 350M — final layer,8.789935605368955,9.929939904224923
-0.9238272643366066,-2.3752511308739064,9.31296291985657,6.870264856271882,1.868835490494456,-3.476343845759669,1.7940709196570577,BabyLM 350M — final layer,8.79491051961655,9.844875833715626
-0.7703100093493673,-2.3752511308739064,9.27321181622471,6.870264856271882,1.868835490494456,-3.476343845759669,1.7940709196570577,BabyLM 350M — final layer,8.797780024938556,9.765853977954905
-0.6167927543621281,-2.3752511308739064,9.233460712592851,6.870264856271882,1.868835490494456,-3.476343845759669,1.7940709196570577,BabyLM 350M — final layer,8.78749456224404,9.6960245011323
-0.46327549937488866,-2.3752511308739064,9.193709608960994,6.870264856271882,1.868835490494456,-3.476343845759669,1.7940709196570577,BabyLM 350M — final layer,8.763235285679047,9.63979108021414
-0.30975824438764943,-2.3752511308739064,9.153958505329134,6.870264856271882,1.868835490494456,-3.476343845759669,1.7940709196570577,BabyLM 350M — final layer,8.7253395212022955,9.599985207802046
-0.1562409894004102,-2.3752511308739064,9.114207401697275,6.870264856271882,1.868835490494456,-3.476343845759669,1.7940709196570577,BabyLM 350M — final layer,8.674540805934475,9.574206243940457
-0.00272373441317075,-2.3752511308739064,9.074456298065416,6.870264856271882,1.868835490494456,-3.476343845759669,1.7940709196570577,BabyLM 350M — final layer,8.605694262042324,9.561952510272967
0.1507935205740687,-2.3752511308739064,9.034705194433556,6.870264856271882,1.868835490494456,-3.476343845759669,1.7940709196570577,BabyLM 350M — final layer,8.529450412682197,9.550528861886782
0.3043107755613079,-2.3752511308739064,8.994954090801697,6.870264856271882,1.868835490494456,-3.476343845759669,1.7940709196570577,BabyLM 350M — final layer,8.447857644375496,9.55032560023414
0.4578280305485471,-2.3752511308739064,8.955202987169837,6.870264856271882,1.868835490494456,-3.476343845759669,1.7940709196570577,BabyLM 350M — final layer,8.359417347444065,9.558268433905704
0.6113452855357864,-2.3752511308739064,8.915451883537978,6.870264856271882,1.868835490494456,-3.476343845759669,1.7940709196570577,BabyLM 350M — final layer,8.263435351145766,9.57520056571233
0.7648625405230256,-2.3752511308739064,8.875700779906118,6.870264856271882,1.868835490494456,-3.476343845759669,1.7940709196570577,BabyLM 350M — final layer,8.166653151212577,9.594426322983605
0.9183797955102652,-2.3752511308739064,8.835949676274259,6.870264856271882,1.868835490494456,-3.476343845759669,1.7940709196570577,BabyLM 350M — final layer,8.069542807245961,9.619868695253507
1.0718970504975045,-2.3752511308739064,8.7961985726424,6.870264856271882,1.868835490494456,-3.476343845759669,1.7940709196570577,BabyLM 350M — final layer,7.96343772322753,9.641741284174067
1.2254143054847435,-2.3752511308739064,8.75644746901054,6.870264856271882,1.868835490494456,-3.476343845759669,1.7940709196570577,BabyLM 350M — final layer,7.853574509253365,9.671234627029854
1.378931560471983,-2.3752511308739064,8.71669636537868,6.870264856271882,1.868835490494456,-3.476343845759669,1.7940709196570577,BabyLM 350M — final layer,7.743708829257554,9.705592405191974
1.5324488154592222,-2.3752511308739064,8.676945261746821,6.870264856271882,1.868835490494456,-3.476343845759669,1.7940709196570577,BabyLM 350M — final layer,7.6341944156298025,9.734912679661761
1.6859660704464614,-2.3752511308739064,8.637194158114962,6.870264856271882,1.868835490494456,-3.476343845759669,1.7940709196570577,BabyLM 350M — final layer,7.5236886996984245,9.765811929928475
1.839483325433701,-2.3752511308739064,8.597443054483103,6.870264856271882,1.868835490494456,-3.476343845759669,1.7940709196570577,BabyLM 350M — final layer,7.408158051373118,9.79804917314843
1.9930005804209403,-2.3752511308739064,8.557691950851243,6.870264856271882,1.868835490494456,-3.476343845759669,1.7940709196570577,BabyLM 350M — final layer,7.297862327185141,9.830636059969217
2.14651783540818,-2.3752511308739064,8.517940847219384,6.870264856271882,1.868835490494456,-3.476343845759669,1.7940709196570577,BabyLM 350M — final layer,7.179717594311586,9.86381953401517
2.300035090395419,-2.3752511308739064,8.478189743587524,6.870264856271882,1.868835490494456,-3.476343845759669,1.7940709196570577,BabyLM 350M — final layer,7.066616867444333,9.90161141481361
2.453552345382658,-2.3752511308739064,8.438438639955667,6.870264856271882,1.868835490494456,-3.476343845759669,1.7940709196570577,BabyLM 350M — final layer,6.954730432343721,9.93794015305543
-1.9984480492472816,-2.20766662884108,9.50997228160885,6.870264856271882,1.868835490494456,-3.476343845759669,1.7940709196570577,BabyLM 350M — final layer,8.631223880202544,10.399424030985372
-1.8449307942600424,-2.20766662884108,9.465292173856735,6.870264856271882,1.868835490494456,-3.476343845759669,1.7940709196570577,BabyLM 350M — final layer,8.653399579192673,10.294025156591216
-1.6914135392728031,-2.20766662884108,9.42061206610462,6.870264856271882,1.868835490494456,-3.476343845759669,1.7940709196570577,BabyLM 350M — final layer,8.668342882563435,10.187991044741784
-1.537896284285564,-2.20766662884108,9.375931958352506,6.870264856271882,1.868835490494456,-3.476343845759669,1.7940709196570577,BabyLM 350M — final layer,8.682622773213645,10.081087990277597
-1.384379029298325,-2.20766662884108,9.331251850600392,6.870264856271882,1.868835490494456,-3.476343845759669,1.7940709196570577,BabyLM 350M — final layer,8.701941512682842,9.980189653682663
-1.2308617743110852,-2.20766662884108,9.286571742848277,6.870264856271882,1.868835490494456,-3.476343845759669,1.7940709196570577,BabyLM 350M — final layer,8.709600615230828,9.878460683623732
-1.077344519323846,-2.20766662884108,9.241891635096161,6.870264856271882,1.868835490494456,-3.476343845759669,1.7940709196570577,BabyLM 350M — final layer,8.71167432248642,9.785876992433518
-0.9238272643366066,-2.20766662884108,9.197211527344047,6.870264856271882,1.868835490494456,-3.476343845759669,1.7940709196570577,BabyLM 350M — final layer,8.710702583202401,9.698304184423794
-0.7703100093493673,-2.20766662884108,9.152531419591933,6.870264856271882,1.868835490494456,-3.476343845759669,1.7940709196570577,BabyLM 350M — final layer,8.706267427498396,9.616878774770324
-0.6167927543621281,-2.20766662884108,9.107851311839818,6.870264856271882,1.868835490494456,-3.476343845759669,1.7940709196570577,BabyLM 350M — final layer,8.688371651022717,9.542251197311728
-0.46327549937488866,-2.20766662884108,9.063171204087704,6.870264856271882,1.868835490494456,-3.476343845759669,1.7940709196570577,BabyLM 350M — final layer,8.660059554124432,9.483792729826984
-0.30975824438764943,-2.20766662884108,9.01849109633559,6.870264856271882,1.868835490494456,-3.476343845759669,1.7940709196570577,BabyLM 350M — final layer,8.615865968647762,9.438995642142924
-0.1562409894004102,-2.20766662884108,8.973810988583475,6.870264856271882,1.868835490494456,-3.476343845759669,1.7940709196570577,BabyLM 350M — final layer,8.560741238550486,9.406851049091348
-0.00272373441317075,-2.20766662884108,8.92913088083136,6.870264856271882,1.868835490494456,-3.476343845759669,1.7940709196570577,BabyLM 350M — final layer,8.487980676798127,9.385868507031208
0.1507935205740687,-2.20766662884108,8.884450773079246,6.870264856271882,1.868835490494456,-3.476343845759669,1.7940709196570577,BabyLM 350M — final layer,8.408751996773923,9.371299069506469
0.3043107755613079,-2.20766662884108,8.839770665327132,6.870264856271882,1.868835490494456,-3.476343845759669,1.7940709196570577,BabyLM 350M — final layer,8.326503751310577,9.363949377644687
0.4578280305485471,-2.20766662884108,8.795090557575017,6.870264856271882,1.868835490494456,-3.476343845759669,1.7940709196570577,BabyLM 350M — final layer,8.232233594872401,9.365280782773466
0.6113452855357864,-2.20766662884108,8.750410449822903,6.870264856271882,1.868835490494456,-3.476343845759669,1.7940709196570577,BabyLM 350M — final layer,8.138398157095716,9.375925582137617
0.7648625405230256,-2.20766662884108,8.705730342070789,6.870264856271882,1.868835490494456,-3.476343845759669,1.7940709196570577,BabyLM 350M — final layer,8.036215860353376,9.385691245673954
0.9183797955102652,-2.20766662884108,8.661050234318674,6.870264856271882,1.868835490494456,-3.476343845759669,1.7940709196570577,BabyLM 350M — final layer,7.938223407845196,9.400796696352636
1.0718970504975045,-2.20766662884108,8.61637012656656,6.870264856271882,1.868835490494456,-3.476343845759669,1.7940709196570577,BabyLM 350M — final layer,7.828239619880823,9.417531049249272
1.2254143054847435,-2.20766662884108,8.571690018814445,6.870264856271882,1.868835490494456,-3.476343845759669,1.7940709196570577,BabyLM 350M — final layer,7.718008761379983,9.438084658154704
1.378931560471983,-2.20766662884108,8.52700991106233,6.870264856271882,1.868835490494456,-3.476343845759669,1.7940709196570577,BabyLM 350M — final layer,7.6073382473544076,9.466363085788963
1.5324488154592222,-2.20766662884108,8.482329803310215,6.870264856271882,1.868835490494456,-3.476343845759669,1.7940709196570577,BabyLM 350M — final layer,7.496603016624321,9.48250371598299
1.6859660704464614,-2.20766662884108,8.4376496955581,6.870264856271882,1.868835490494456,-3.476343845759669,1.7940709196570577,BabyLM 350M — final layer,7.383303801266081,9.503437688724611
1.839483325433701,-2.20766662884108,8.392969587805986,6.870264856271882,1.868835490494456,-3.476343845759669,1.7940709196570577,BabyLM 350M — final layer,7.266229618839876,9.52872786550624
1.9930005804209403,-2.20766662884108,8.348289480053872,6.870264856271882,1.868835490494456,-3.476343845759669,1.7940709196570577,BabyLM 350M — final layer,7.15314032234785,9.551229043075715
2.14651783540818,-2.20766662884108,8.303609372301757,6.870264856271882,1.868835490494456,-3.476343845759669,1.7940709196570577,BabyLM 350M — final layer,7.040565864060742,9.5779371436794
2.300035090395419,-2.20766662884108,8.258929264549643,6.870264856271882,1.868835490494456,-3.476343845759669,1.7940709196570577,BabyLM 350M — final layer,6.924734665142762,9.604351742339958
2.453552345382658,-2.20766662884108,8.214249156797528,6.870264856271882,1.868835490494456,-3.476343845759669,1.7940709196570577,BabyLM 350M — final layer,6.813963424731495,9.63108127137309
-1.9984480492472816,-2.0400821268082536,9.428723917938113,6.870264856271882,1.868835490494456,-3.476343845759669,1.7940709196570577,BabyLM 350M — final layer,8.603898708010433,10.267568330982181
-1.8449307942600424,-2.0400821268082536,9.379114806065743,6.870264856271882,1.868835490494456,-3.476343845759669,1.7940709196570577,BabyLM 350M — final layer,8.618540106637337,10.159763530930624
-1.6914135392728031,-2.0400821268082536,9.329505694193374,6.870264856271882,1.868835490494456,-3.476343845759669,1.7940709196570577,BabyLM 350M — final layer,8.627439017193574,10.052566046818542
-1.537896284285564,-2.0400821268082536,9.279896582321003,6.870264856271882,1.868835490494456,-3.476343845759669,1.7940709196570577,BabyLM 350M — final layer,8.631067743462122,9.942253527391475
-1.384379029298325,-2.0400821268082536,9.230287470448634,6.870264856271882,1.868835490494456,-3.476343845759669,1.7940709196570577,BabyLM 350M — final layer,8.636607102228488,9.83929729283818
-1.2308617743110852,-2.0400821268082536,9.180678358576264,6.870264856271882,1.868835490494456,-3.476343845759669,1.7940709196570577,BabyLM 350M — final layer,8.639353707193134,9.737810599895695
-1.077344519323846,-2.0400821268082536,9.131069246703895,6.870264856271882,1.868835490494456,-3.476343845759669,1.7940709196570577,BabyLM 350M — final layer,8.633400153517147,9.640366487565379
-0.9238272643366066,-2.0400821268082536,9.081460134831525,6.870264856271882,1.868835490494456,-3.476343845759669,1.7940709196570577,BabyLM 350M — final layer,8.623881901064484,9.551440944757816
-0.7703100093493673,-2.0400821268082536,9.031851022959154,6.870264856271882,1.868835490494456,-3.476343845759669,1.7940709196570577,BabyLM 350M — final layer,8.614524537273878,9.466070002717633
-0.6167927543621281,-2.0400821268082536,8.982241911086785,6.870264856271882,1.868835490494456,-3.476343845759669,1.7940709196570577,BabyLM 350M — final layer,8.589655623208216,9.389690819160174
-0.46327549937488866,-2.0400821268082536,8.932632799214415,6.870264856271882,1.868835490494456,-3.476343845759669,1.7940709196570577,BabyLM 350M — final layer,8.55524927412283,9.326448652293113
-0.30975824438764943,-2.0400821268082536,8.883023687342046,6.870264856271882,1.868835490494456,-3.476343845759669,1.7940709196570577,BabyLM 350M — final layer,8.507422948478341,9.27674789348356
-0.1562409894004102,-2.0400821268082536,8.833414575469677,6.870264856271882,1.868835490494456,-3.476343845759669,1.7940709196570577,BabyLM 350M — final layer,8.446627158862066,9.238864235709423
-0.00272373441317075,-2.0400821268082536,8.783805463597307,6.870264856271882,1.868835490494456,-3.476343845759669,1.7940709196570577,BabyLM 350M — final layer,8.371518882930124,9.210171838099395
0.1507935205740687,-2.0400821268082536,8.734196351724936,6.870264856271882,1.868835490494456,-3.476343845759669,1.7940709196570577,BabyLM 350M — final layer,8.288013420721585,9.189547750628456
0.3043107755613079,-2.0400821268082536,8.684587239852567,6.870264856271882,1.868835490494456,-3.476343845759669,1.7940709196570577,BabyLM 350M — final layer,8.204535264131644,9.177570233692448
0.4578280305485471,-2.0400821268082536,8.634978127980197,6.870264856271882,1.868835490494456,-3.476343845759669,1.7940709196570577,BabyLM 350M — final layer,8.10652473313572,9.171744755645154
0.6113452855357864,-2.0400821268082536,8.585369016107828,6.870264856271882,1.868835490494456,-3.476343845759669,1.7940709196570577,BabyLM 350M — final layer,8.007409777743225,9.171686512509863
0.7648625405230256,-2.0400821268082536,8.535759904235459,6.870264856271882,1.868835490494456,-3.476343845759669,1.7940709196570577,BabyLM 350M — final layer,7.90655467230632,9.176586890669965
0.9183797955102652,-2.0400821268082536,8.486150792363087,6.870264856271882,1.868835490494456,-3.476343845759669,1.7940709196570577,BabyLM 350M — final layer,7.804602433039042,9.186442232338967
1.0718970504975045,-2.0400821268082536,8.436541680490718,6.870264856271882,1.868835490494456,-3.476343845759669,1.7940709196570577,BabyLM 350M — final layer,7.690543687343485,9.192094034128791
1.2254143054847435,-2.0400821268082536,8.386932568618349,6.870264856271882,1.868835490494456,-3.476343845759669,1.7940709196570577,BabyLM 350M — final layer,7.580266517776397,9.20502330490356
1.378931560471983,-2.0400821268082536,8.33732345674598,6.870264856271882,1.868835490494456,-3.476343845759669,1.7940709196570577,BabyLM 350M — final layer,7.470673514503407,9.22123043790342
1.5324488154592222,-2.0400821268082536,8.28771434487361,6.870264856271882,1.868835490494456,-3.476343845759669,1.7940709196570577,BabyLM 350M — final layer,7.354458450153285,9.23096450622984
1.6859660704464614,-2.0400821268082536,8.23810523300124,6.870264856271882,1.868835490494456,-3.476343845759669,1.7940709196570577,BabyLM 350M — final layer,7.242320066873985,9.245019784407596
1.839483325433701,-2.0400821268082536,8.18849612112887,6.870264856271882,1.868835490494456,-3.476343845759669,1.7940709196570577,BabyLM 350M — final layer,7.128859573073651,9.260385366940078
1.9930005804209403,-2.0400821268082536,8.1388870092565,6.870264856271882,1.868835490494456,-3.476343845759669,1.7940709196570577,BabyLM 350M — final layer,7.011458210385908,9.276609345620084
2.14651783540818,-2.0400821268082536,8.08927789738413,6.870264856271882,1.868835490494456,-3.476343845759669,1.7940709196570577,BabyLM 350M — final layer,6.898552865698793,9.293268287501117
2.300035090395419,-2.0400821268082536,8.039668785511761,6.870264856271882,1.868835490494456,-3.476343845759669,1.7940709196570577,BabyLM 350M — final layer,6.7803775698848,9.309043835956219
2.453552345382658,-2.0400821268082536,7.990059673639391,6.870264856271882,1.868835490494456,-3.476343845759669,1.7940709196570577,BabyLM 350M — final layer,6.670329580393715,9.3278077413375
-1.9984480492472816,-1.8724976247754277,9.347475554267376,6.870264856271882,1.868835490494456,-3.476343845759669,1.7940709196570577,BabyLM 350M — final layer,8.57674719208058,10.134352935239544
-1.8449307942600424,-1.8724976247754277,9.292937438274752,6.870264856271882,1.868835490494456,-3.476343845759669,1.7940709196570577,BabyLM 350M — final layer,8.57824861192033,10.023740054700484
-1.6914135392728031,-1.8724976247754277,9.238399322282126,6.870264856271882,1.868835490494456,-3.476343845759669,1.7940709196570577,BabyLM 350M — final layer,8.580690485510651,9.913639343667276
-1.537896284285564,-1.8724976247754277,9.183861206289501,6.870264856271882,1.868835490494456,-3.476343845759669,1.7940709196570577,BabyLM 350M — final layer,8.574225467551909,9.806582121502037
-1.384379029298325,-1.8724976247754277,9.129323090296877,6.870264856271882,1.868835490494456,-3.476343845759669,1.7940709196570577,BabyLM 350M — final layer,8.573784361864693,9.699879202173099
-1.2308617743110852,-1.8724976247754277,9.07478497430425,6.870264856271882,1.868835490494456,-3.476343845759669,1.7940709196570577,BabyLM 350M — final layer,8.567312239652614,9.596933937173864
-1.077344519323846,-1.8724976247754277,9.020246858311626,6.870264856271882,1.868835490494456,-3.476343845759669,1.7940709196570577,BabyLM 350M — final layer,8.554866981354177,9.49719639842262
-0.9238272643366066,-1.8724976247754277,8.965708742319002,6.870264856271882,1.868835490494456,-3.476343845759669,1.7940709196570577,BabyLM 350M — final layer,8.53907089404133,9.405435752325596
-0.7703100093493673,-1.8724976247754277,8.911170626326378,6.870264856271882,1.868835490494456,-3.476343845759669,1.7940709196570577,BabyLM 350M — final layer,8.519591697295219,9.318113714860921
-0.6167927543621281,-1.8724976247754277,8.856632510333752,6.870264856271882,1.868835490494456,-3.476343845759669,1.7940709196570577,BabyLM 350M — final layer,8.490348382158636,9.23699853930507
-0.46327549937488866,-1.8724976247754277,8.802094394341127,6.870264856271882,1.868835490494456,-3.476343845759669,1.7940709196570577,BabyLM 350M — final layer,8.449529182548867,9.169239742864775
-0.30975824438764943,-1.8724976247754277,8.747556278348503,6.870264856271882,1.868835490494456,-3.476343845759669,1.7940709196570577,BabyLM 350M — final layer,8.398929395066423,9.117613101693772
-0.1562409894004102,-1.8724976247754277,8.693018162355877,6.870264856271882,1.868835490494456,-3.476343845759669,1.7940709196570577,BabyLM 350M — final layer,8.332228354179072,9.072959960708848
-0.00272373441317075,-1.8724976247754277,8.638480046363252,6.870264856271882,1.868835490494456,-3.476343845759669,1.7940709196570577,BabyLM 350M — final layer,8.254341137325593,9.035608948638824
0.1507935205740687,-1.8724976247754277,8.583941930370628,6.870264856271882,1.868835490494456,-3.476343845759669,1.7940709196570577,BabyLM 350M — final layer,8.167074327520046,9.00896129517482
0.3043107755613079,-1.8724976247754277,8.529403814378004,6.870264856271882,1.868835490494456,-3.476343845759669,1.7940709196570577,BabyLM 350M — final layer,8.07886717238842,8.99248381475833
0.4578280305485471,-1.8724976247754277,8.474865698385377,6.870264856271882,1.868835490494456,-3.476343845759669,1.7940709196570577,BabyLM 350M — final layer,7.980308031520819,8.978823396064834
0.6113452855357864,-1.8724976247754277,8.420327582392753,6.870264856271882,1.868835490494456,-3.476343845759669,1.7940709196570577,BabyLM 350M — final layer,7.882096134623308,8.972005448246756
0.7648625405230256,-1.8724976247754277,8.365789466400129,6.870264856271882,1.868835490494456,-3.476343845759669,1.7940709196570577,BabyLM 350M — final layer,7.7764146624084844,8.968255188143223
0.9183797955102652,-1.8724976247754277,8.311251350407503,6.870264856271882,1.868835490494456,-3.476343845759669,1.7940709196570577,BabyLM 350M — final layer,7.6727263865726005,8.967737259048715
1.0718970504975045,-1.8724976247754277,8.256713234414878,6.870264856271882,1.868835490494456,-3.476343845759669,1.7940709196570577,BabyLM 350M — final layer,7.559172222452117,8.967469275269744
1.2254143054847435,-1.8724976247754277,8.202175118422254,6.870264856271882,1.868835490494456,-3.476343845759669,1.7940709196570577,BabyLM 350M — final layer,7.444572757998929,8.969427483952643
1.378931560471983,-1.8724976247754277,8.14763700242963,6.870264856271882,1.868835490494456,-3.476343845759669,1.7940709196570577,BabyLM 350M — final layer,7.328958492895884,8.980676048687435
1.5324488154592222,-1.8724976247754277,8.093098886437003,6.870264856271882,1.868835490494456,-3.476343845759669,1.7940709196570577,BabyLM 350M — final layer,7.215707399843788,8.982371230362993
1.6859660704464614,-1.8724976247754277,8.038560770444379,6.870264856271882,1.868835490494456,-3.476343845759669,1.7940709196570577,BabyLM 350M — final layer,7.1015010660371365,8.985434931434357
1.839483325433701,-1.8724976247754277,7.984022654451754,6.870264856271882,1.868835490494456,-3.476343845759669,1.7940709196570577,BabyLM 350M — final layer,6.989046063933922,8.995499600872238
1.9930005804209403,-1.8724976247754277,7.929484538459129,6.870264856271882,1.868835490494456,-3.476343845759669,1.7940709196570577,BabyLM 350M — final layer,6.869366953936616,9.00402511525808
2.14651783540818,-1.8724976247754277,7.874946422466504,6.870264856271882,1.868835490494456,-3.476343845759669,1.7940709196570577,BabyLM 350M — final layer,6.756517690312111,9.006863588790194
2.300035090395419,-1.8724976247754277,7.82040830647388,6.870264856271882,1.868835490494456,-3.476343845759669,1.7940709196570577,BabyLM 350M — final layer,6.639979719781349,9.015004853975267
2.453552345382658,-1.8724976247754277,7.765870190481254,6.870264856271882,1.868835490494456,-3.476343845759669,1.7940709196570577,BabyLM 350M — final layer,6.521806512992137,9.02517841933603
-1.9984480492472816,-1.7049131227426015,9.26622719059664,6.870264856271882,1.868835490494456,-3.476343845759669,1.7940709196570577,BabyLM 350M — final layer,8.544284652955096,10.000652128851227
-1.8449307942600424,-1.7049131227426015,9.20676007048376,6.870264856271882,1.868835490494456,-3.476343845759669,1.7940709196570577,BabyLM 350M — final layer,8.536889556892266,9.886550942894981
-1.6914135392728031,-1.7049131227426015,9.147292950370879,6.870264856271882,1.868835490494456,-3.476343845759669,1.7940709196570577,BabyLM 350M — final layer,8.529584487770913,9.779334819576647
-1.537896284285564,-1.7049131227426015,9.087825830258,6.870264856271882,1.868835490494456,-3.476343845759669,1.7940709196570577,BabyLM 350M — final layer,8.519221725384213,9.669747096781894
-1.384379029298325,-1.7049131227426015,9.028358710145119,6.870264856271882,1.868835490494456,-3.476343845759669,1.7940709196570577,BabyLM 350M — final layer,8.508967754063475,9.563629620799203
-1.2308617743110852,-1.7049131227426015,8.96889159003224,6.870264856271882,1.868835490494456,-3.476343845759669,1.7940709196570577,BabyLM 350M — final layer,8.497142927970797,9.457221535863
-1.077344519323846,-1.7049131227426015,8.90942446991936,6.870264856271882,1.868835490494456,-3.476343845759669,1.7940709196570577,BabyLM 350M — final layer,8.474192424362233,9.355903668320206
-0.9238272643366066,-1.7049131227426015,8.849957349806479,6.870264856271882,1.868835490494456,-3.476343845759669,1.7940709196570577,BabyLM 350M — final layer,8.455253171183488,9.260111293141987
-0.7703100093493673,-1.7049131227426015,8.7904902296936,6.870264856271882,1.868835490494456,-3.476343845759669,1.7940709196570577,BabyLM 350M — final layer,8.427945556662435,9.168791727490712
-0.6167927543621281,-1.7049131227426015,8.731023109580718,6.870264856271882,1.868835490494456,-3.476343845759669,1.7940709196570577,BabyLM 350M — final layer,8.388845596663417,9.086751838736129
-0.46327549937488866,-1.7049131227426015,8.671555989467839,6.870264856271882,1.868835490494456,-3.476343845759669,1.7940709196570577,BabyLM 350M — final layer,8.343416151489976,9.013720299817889
-0.30975824438764943,-1.7049131227426015,8.61208886935496,6.870264856271882,1.868835490494456,-3.476343845759669,1.7940709196570577,BabyLM 350M — final layer,8.287842675340393,8.958087488235167
-0.1562409894004102,-1.7049131227426015,8.552621749242078,6.870264856271882,1.868835490494456,-3.476343845759669,1.7940709196570577,BabyLM 350M — final layer,8.217234633277027,8.903993393627124
-0.00272373441317075,-1.7049131227426015,8.493154629129199,6.870264856271882,1.868835490494456,-3.476343845759669,1.7940709196570577,BabyLM 350M — final layer,8.135973380462234,8.862538901629126
0.1507935205740687,-1.7049131227426015,8.433687509016318,6.870264856271882,1.868835490494456,-3.476343845759669,1.7940709196570577,BabyLM 350M — final layer,8.046742613742364,8.83057921064633
0.3043107755613079,-1.7049131227426015,8.374220388903439,6.870264856271882,1.868835490494456,-3.476343845759669,1.7940709196570577,BabyLM 350M — final layer,7.954745824442845,8.806953158146609
0.4578280305485471,-1.7049131227426015,8.314753268790557,6.870264856271882,1.868835490494456,-3.476343845759669,1.7940709196570577,BabyLM 350M — final layer,7.852750727431362,8.786120005699077
0.6113452855357864,-1.7049131227426015,8.255286148677678,6.870264856271882,1.868835490494456,-3.476343845759669,1.7940709196570577,BabyLM 350M — final layer,7.750688935141889,8.772784961713391
0.7648625405230256,-1.7049131227426015,8.195819028564799,6.870264856271882,1.868835490494456,-3.476343845759669,1.7940709196570577,BabyLM 350M — final layer,7.644994381784584,8.760698272900267
0.9183797955102652,-1.7049131227426015,8.136351908451918,6.870264856271882,1.868835490494456,-3.476343845759669,1.7940709196570577,BabyLM 350M — final layer,7.53814773526185,8.748528405211056
1.0718970504975045,-1.7049131227426015,8.076884788339038,6.870264856271882,1.868835490494456,-3.476343845759669,1.7940709196570577,BabyLM 350M — final layer,7.425131914883542,8.740052260026198
1.2254143054847435,-1.7049131227426015,8.017417668226157,6.870264856271882,1.868835490494456,-3.476343845759669,1.7940709196570577,BabyLM 350M — final layer,7.308396877198532,8.734919397866934
1.378931560471983,-1.7049131227426015,7.957950548113278,6.870264856271882,1.868835490494456,-3.476343845759669,1.7940709196570577,BabyLM 350M — final layer,7.193512432811512,8.736347723143785
1.5324488154592222,-1.7049131227426015,7.8984834280003975,6.870264856271882,1.868835490494456,-3.476343845759669,1.7940709196570577,BabyLM 350M — final layer,7.079296669997578,8.732119520338756
1.6859660704464614,-1.7049131227426015,7.839016307887518,6.870264856271882,1.868835490494456,-3.476343845759669,1.7940709196570577,BabyLM 350M — final layer,6.963489859569603,8.72866395560187
1.839483325433701,-1.7049131227426015,7.779549187774638,6.870264856271882,1.868835490494456,-3.476343845759669,1.7940709196570577,BabyLM 350M — final layer,6.84615126470218,8.727692547390923
1.9930005804209403,-1.7049131227426015,7.720082067661758,6.870264856271882,1.868835490494456,-3.476343845759669,1.7940709196570577,BabyLM 350M — final layer,6.7272758325495685,8.725914316220699
2.14651783540818,-1.7049131227426015,7.660614947548877,6.870264856271882,1.868835490494456,-3.476343845759669,1.7940709196570577,BabyLM 350M — final layer,6.610093512480979,8.72311597470973
2.300035090395419,-1.7049131227426015,7.601147827435997,6.870264856271882,1.868835490494456,-3.476343845759669,1.7940709196570577,BabyLM 350M — final layer,6.492937186296125,8.722724026108367
2.453552345382658,-1.7049131227426015,7.541680707323117,6.870264856271882,1.868835490494456,-3.476343845759669,1.7940709196570577,BabyLM 350M — final layer,6.375951105743378,8.725525692466364
-1.9984480492472816,-1.5373286207097752,9.184978826925903,6.870264856271882,1.868835490494456,-3.476343845759669,1.7940709196570577,BabyLM 350M — final layer,8.512043990104695,9.866170162576207
-1.8449307942600424,-1.5373286207097752,9.120582702692767,6.870264856271882,1.868835490494456,-3.476343845759669,1.7940709196570577,BabyLM 350M — final layer,8.498590859077405,9.75507363287621
-1.6914135392728031,-1.5373286207097752,9.056186578459632,6.870264856271882,1.868835490494456,-3.476343845759669,1.7940709196570577,BabyLM 350M — final layer,8.481329192007028,9.644743246046184
-1.537896284285564,-1.5373286207097752,8.991790454226496,6.870264856271882,1.868835490494456,-3.476343845759669,1.7940709196570577,BabyLM 350M — final layer,8.460909114667531,9.535162025798158
-1.384379029298325,-1.5373286207097752,8.927394329993362,6.870264856271882,1.868835490494456,-3.476343845759669,1.7940709196570577,BabyLM 350M — final layer,8.442136896017306,9.424261105907021
-1.2308617743110852,-1.5373286207097752,8.862998205760226,6.870264856271882,1.868835490494456,-3.476343845759669,1.7940709196570577,BabyLM 350M — final layer,8.422684950467527,9.317586415236716
-1.077344519323846,-1.5373286207097752,8.798602081527092,6.870264856271882,1.868835490494456,-3.476343845759669,1.7940709196570577,BabyLM 350M — final layer,8.39518081860625,9.214704787612114
-0.9238272643366066,-1.5373286207097752,8.734205957293955,6.870264856271882,1.868835490494456,-3.476343845759669,1.7940709196570577,BabyLM 350M — final layer,8.368753835380122,9.116112685513228
-0.7703100093493673,-1.5373286207097752,8.669809833060821,6.870264856271882,1.868835490494456,-3.476343845759669,1.7940709196570577,BabyLM 350M — final layer,8.334485298473894,9.022760020182744
-0.6167927543621281,-1.5373286207097752,8.605413708827685,6.870264856271882,1.868835490494456,-3.476343845759669,1.7940709196570577,BabyLM 350M — final layer,8.288687430804998,8.934453890356506
-0.46327549937488866,-1.5373286207097752,8.54101758459455,6.870264856271882,1.868835490494456,-3.476343845759669,1.7940709196570577,BabyLM 350M — final layer,8.23513844169139,8.859422662470257
-0.30975824438764943,-1.5373286207097752,8.476621460361415,6.870264856271882,1.868835490494456,-3.476343845759669,1.7940709196570577,BabyLM 350M — final layer,8.175621302758568,8.797005849133406
-0.1562409894004102,-1.5373286207097752,8.41222533612828,6.870264856271882,1.868835490494456,-3.476343845759669,1.7940709196570577,BabyLM 350M — final layer,8.101925158504093,8.74119499823982
-0.00272373441317075,-1.5373286207097752,8.347829211895144,6.870264856271882,1.868835490494456,-3.476343845759669,1.7940709196570577,BabyLM 350M — final layer,8.01809146037913,8.693394546884987
0.1507935205740687,-1.5373286207097752,8.28343308766201,6.870264856271882,1.868835490494456,-3.476343845759669,1.7940709196570577,BabyLM 350M — final layer,7.925892200142919,8.65310705562004
0.3043107755613079,-1.5373286207097752,8.219036963428874,6.870264856271882,1.868835490494456,-3.476343845759669,1.7940709196570577,BabyLM 350M — final layer,7.828200217137623,8.621044347686246
0.4578280305485471,-1.5373286207097752,8.15464083919574,6.870264856271882,1.868835490494456,-3.476343845759669,1.7940709196570577,BabyLM 350M — final layer,7.726060362535417,8.59217346025945
0.6113452855357864,-1.5373286207097752,8.090244714962603,6.870264856271882,1.868835490494456,-3.476343845759669,1.7940709196570577,BabyLM 350M — final layer,7.622398527971875,8.57377626027676
0.7648625405230256,-1.5373286207097752,8.025848590729469,6.870264856271882,1.868835490494456,-3.476343845759669,1.7940709196570577,BabyLM 350M — final layer,7.5121547313675245,8.552170620346875
0.9183797955102652,-1.5373286207097752,7.961452466496333,6.870264856271882,1.868835490494456,-3.476343845759669,1.7940709196570577,BabyLM 350M — final layer,7.405469685548674,8.532071734626184
1.0718970504975045,-1.5373286207097752,7.897056342263197,6.870264856271882,1.868835490494456,-3.476343845759669,1.7940709196570577,BabyLM 350M — final layer,7.291311418851713,8.517159501509546
1.2254143054847435,-1.5373286207097752,7.832660218030062,6.870264856271882,1.868835490494456,-3.476343845759669,1.7940709196570577,BabyLM 350M — final layer,7.17413380232133,8.503809746341163
1.378931560471983,-1.5373286207097752,7.768264093796927,6.870264856271882,1.868835490494456,-3.476343845759669,1.7940709196570577,BabyLM 350M — final layer,7.056373933515529,8.491127909738278
1.5324488154592222,-1.5373286207097752,7.703867969563792,6.870264856271882,1.868835490494456,-3.476343845759669,1.7940709196570577,BabyLM 350M — final layer,6.938590786237463,8.478971932102208
1.6859660704464614,-1.5373286207097752,7.6394718453306565,6.870264856271882,1.868835490494456,-3.476343845759669,1.7940709196570577,BabyLM 350M — final layer,6.819422093441919,8.46937049416601
1.839483325433701,-1.5373286207097752,7.575075721097521,6.870264856271882,1.868835490494456,-3.476343845759669,1.7940709196570577,BabyLM 350M — final layer,6.698211181704292,8.458481638845077
1.9930005804209403,-1.5373286207097752,7.510679596864386,6.870264856271882,1.868835490494456,-3.476343845759669,1.7940709196570577,BabyLM 350M — final layer,6.583474639644175,8.450604698131855
2.14651783540818,-1.5373286207097752,7.44628347263125,6.870264856271882,1.868835490494456,-3.476343845759669,1.7940709196570577,BabyLM 350M — final layer,6.465057595243118,8.44006997148004
2.300035090395419,-1.5373286207097752,7.381887348398115,6.870264856271882,1.868835490494456,-3.476343845759669,1.7940709196570577,BabyLM 350M — final layer,6.3497618633801025,8.427917371618983
2.453552345382658,-1.5373286207097752,7.317491224164979,6.870264856271882,1.868835490494456,-3.476343845759669,1.7940709196570577,BabyLM 350M — final layer,6.231693950292929,8.422336559059652
-1.9984480492472816,-1.369744118676949,9.103730463255166,6.870264856271882,1.868835490494456,-3.476343845759669,1.7940709196570577,BabyLM 350M — final layer,8.47999790541354,9.736798024358494
-1.8449307942600424,-1.369744118676949,9.034405334901775,6.870264856271882,1.868835490494456,-3.476343845759669,1.7940709196570577,BabyLM 350M — final layer,8.459770663706035,9.624007994507416
-1.6914135392728031,-1.369744118676949,8.965080206548386,6.870264856271882,1.868835490494456,-3.476343845759669,1.7940709196570577,BabyLM 350M — final layer,8.430467720111684,9.510145747206375
-1.537896284285564,-1.369744118676949,8.895755078194995,6.870264856271882,1.868835490494456,-3.476343845759669,1.7940709196570577,BabyLM 350M — final layer,8.403431251834554,9.398426617950076
-1.384379029298325,-1.369744118676949,8.826429949841605,6.870264856271882,1.868835490494456,-3.476343845759669,1.7940709196570577,BabyLM 350M — final layer,8.37587459774321,9.289608398806571
-1.2308617743110852,-1.369744118676949,8.757104821488214,6.870264856271882,1.868835490494456,-3.476343845759669,1.7940709196570577,BabyLM 350M — final layer,8.347129235947653,9.178948927289309
-1.077344519323846,-1.369744118676949,8.687779693134823,6.870264856271882,1.868835490494456,-3.476343845759669,1.7940709196570577,BabyLM 350M — final layer,8.316235228725077,9.074383974022728
-0.9238272643366066,-1.369744118676949,8.618454564781432,6.870264856271882,1.868835490494456,-3.476343845759669,1.7940709196570577,BabyLM 350M — final layer,8.278159045137926,8.97321405317165
-0.7703100093493673,-1.369744118676949,8.549129436428043,6.870264856271882,1.868835490494456,-3.476343845759669,1.7940709196570577,BabyLM 350M — final layer,8.239880040693496,8.878000535172792
-0.6167927543621281,-1.369744118676949,8.479804308074652,6.870264856271882,1.868835490494456,-3.476343845759669,1.7940709196570577,BabyLM 350M — final layer,8.184701931501571,8.785243203143331
-0.46327549937488866,-1.369744118676949,8.410479179721262,6.870264856271882,1.868835490494456,-3.476343845759669,1.7940709196570577,BabyLM 350M — final layer,8.127997612773594,8.705798019714996
-0.30975824438764943,-1.369744118676949,8.341154051367871,6.870264856271882,1.868835490494456,-3.476343845759669,1.7940709196570577,BabyLM 350M — final layer,8.063282961539507,8.637302905904285
-0.1562409894004102,-1.369744118676949,8.27182892301448,6.870264856271882,1.868835490494456,-3.476343845759669,1.7940709196570577,BabyLM 350M — final layer,7.9834369106873195,8.5743519082034
-0.00272373441317075,-1.369744118676949,8.20250379466109,6.870264856271882,1.868835490494456,-3.476343845759669,1.7940709196570577,BabyLM 350M — final layer,7.898772500172784,8.521166518018585
0.1507935205740687,-1.369744118676949,8.1331786663077,6.870264856271882,1.868835490494456,-3.476343845759669,1.7940709196570577,BabyLM 350M — final layer,7.803073473037864,8.477127568167713
0.3043107755613079,-1.369744118676949,8.063853537954309,6.870264856271882,1.868835490494456,-3.476343845759669,1.7940709196570577,BabyLM 350M — final layer,7.7008952637703585,8.43452872092308
0.4578280305485471,-1.369744118676949,7.994528409600919,6.870264856271882,1.868835490494456,-3.476343845759669,1.7940709196570577,BabyLM 350M — final layer,7.598593227341638,8.402379887359814
0.6113452855357864,-1.369744118676949,7.925203281247528,6.870264856271882,1.868835490494456,-3.476343845759669,1.7940709196570577,BabyLM 350M — final layer,7.492963900697174,8.372337923950706
0.7648625405230256,-1.369744118676949,7.855878152894138,6.870264856271882,1.868835490494456,-3.476343845759669,1.7940709196570577,BabyLM 350M — final layer,7.380480161686772,8.34230657937225
0.9183797955102652,-1.369744118676949,7.786553024540748,6.870264856271882,1.868835490494456,-3.476343845759669,1.7940709196570577,BabyLM 350M — final layer,7.271006483119476,8.317415222523591
1.0718970504975045,-1.369744118676949,7.717227896187357,6.870264856271882,1.868835490494456,-3.476343845759669,1.7940709196570577,BabyLM 350M — final layer,7.154167177407821,8.295578821363996
1.2254143054847435,-1.369744118676949,7.647902767833966,6.870264856271882,1.868835490494456,-3.476343845759669,1.7940709196570577,BabyLM 350M — final layer,7.0377624076441,8.27388025835201
1.378931560471983,-1.369744118676949,7.578577639480576,6.870264856271882,1.868835490494456,-3.476343845759669,1.7940709196570577,BabyLM 350M — final layer,6.919211926785505,8.249619122025958
1.5324488154592222,-1.369744118676949,7.509252511127186,6.870264856271882,1.868835490494456,-3.476343845759669,1.7940709196570577,BabyLM 350M — final layer,6.799681085374389,8.229801520944886
1.6859660704464614,-1.369744118676949,7.439927382773795,6.870264856271882,1.868835490494456,-3.476343845759669,1.7940709196570577,BabyLM 350M — final layer,6.679783671962553,8.211880052423572
1.839483325433701,-1.369744118676949,7.370602254420405,6.870264856271882,1.868835490494456,-3.476343845759669,1.7940709196570577,BabyLM 350M — final layer,6.561002148626886,8.191757190521155
1.9930005804209403,-1.369744118676949,7.301277126067014,6.870264856271882,1.868835490494456,-3.476343845759669,1.7940709196570577,BabyLM 350M — final layer,6.440076295400935,8.171414965437853
2.14651783540818,-1.369744118676949,7.231951997713623,6.870264856271882,1.868835490494456,-3.476343845759669,1.7940709196570577,BabyLM 350M — final layer,6.319918307673119,8.15197449378434
2.300035090395419,-1.369744118676949,7.162626869360233,6.870264856271882,1.868835490494456,-3.476343845759669,1.7940709196570577,BabyLM 350M — final layer,6.200036665908134,8.135553834248869
2.453552345382658,-1.369744118676949,7.093301741006843,6.870264856271882,1.868835490494456,-3.476343845759669,1.7940709196570577,BabyLM 350M — final layer,6.082242688169133,8.119982158878193
-1.9984480492472816,-1.2021596166441229,9.02248209958443,6.870264856271882,1.868835490494456,-3.476343845759669,1.7940709196570577,BabyLM 350M — final layer,8.441088415026817,9.607070211820567
-1.8449307942600424,-1.2021596166441229,8.948227967110784,6.870264856271882,1.868835490494456,-3.476343845759669,1.7940709196570577,BabyLM 350M — final layer,8.411769016227865,9.49087182257081
-1.6914135392728031,-1.2021596166441229,8.873973834637138,6.870264856271882,1.868835490494456,-3.476343845759669,1.7940709196570577,BabyLM 350M — final layer,8.377585305196728,9.380012994738658
-1.537896284285564,-1.2021596166441229,8.799719702163493,6.870264856271882,1.868835490494456,-3.476343845759669,1.7940709196570577,BabyLM 350M — final layer,8.343178677107938,9.265715935423758
-1.384379029298325,-1.2021596166441229,8.725465569689847,6.870264856271882,1.868835490494456,-3.476343845759669,1.7940709196570577,BabyLM 350M — final layer,8.308575568923008,9.154185690192959
-1.2308617743110852,-1.2021596166441229,8.651211437216201,6.870264856271882,1.868835490494456,-3.476343845759669,1.7940709196570577,BabyLM 350M — final layer,8.271750188270923,9.041061524424439
-1.077344519323846,-1.2021596166441229,8.576957304742555,6.870264856271882,1.868835490494456,-3.476343845759669,1.7940709196570577,BabyLM 350M — final layer,8.231696392738815,8.932627948032371
-0.9238272643366066,-1.2021596166441229,8.50270317226891,6.870264856271882,1.868835490494456,-3.476343845759669,1.7940709196570577,BabyLM 350M — final layer,8.18944598389898,8.830529649878908
-0.7703100093493673,-1.2021596166441229,8.428449039795264,6.870264856271882,1.868835490494456,-3.476343845759669,1.7940709196570577,BabyLM 350M — final layer,8.139421730293291,8.731426110628663
-0.6167927543621281,-1.2021596166441229,8.354194907321618,6.870264856271882,1.868835490494456,-3.476343845759669,1.7940709196570577,BabyLM 350M — final layer,8.082570722189216,8.63665390823872
-0.46327549937488866,-1.2021596166441229,8.279940774847972,6.870264856271882,1.868835490494456,-3.476343845759669,1.7940709196570577,BabyLM 350M — final layer,8.020278467397732,8.552074037975357
-0.30975824438764943,-1.2021596166441229,8.205686642374328,6.870264856271882,1.868835490494456,-3.476343845759669,1.7940709196570577,BabyLM 350M — final layer,7.949969691087716,8.478631103466148
-0.1562409894004102,-1.2021596166441229,8.131432509900682,6.870264856271882,1.868835490494456,-3.476343845759669,1.7940709196570577,BabyLM 350M — final layer,7.8671481503702285,8.409519065083872
-0.00272373441317075,-1.2021596166441229,8.057178377427036,6.870264856271882,1.868835490494456,-3.476343845759669,1.7940709196570577,BabyLM 350M — final layer,7.776592745415516,8.351735456262968
0.1507935205740687,-1.2021596166441229,7.982924244953391,6.870264856271882,1.868835490494456,-3.476343845759669,1.7940709196570577,BabyLM 350M — final layer,7.680685440242277,8.300433937658598
0.3043107755613079,-1.2021596166441229,7.9086701124797445,6.870264856271882,1.868835490494456,-3.476343845759669,1.7940709196570577,BabyLM 350M — final layer,7.57493031361831,8.25001850583952
0.4578280305485471,-1.2021596166441229,7.834415980006099,6.870264856271882,1.868835490494456,-3.476343845759669,1.7940709196570577,BabyLM 350M — final layer,7.470362563364694,8.209776635919152
0.6113452855357864,-1.2021596166441229,7.760161847532453,6.870264856271882,1.868835490494456,-3.476343845759669,1.7940709196570577,BabyLM 350M — final layer,7.362160757972945,8.173615185560864
0.7648625405230256,-1.2021596166441229,7.685907715058808,6.870264856271882,1.868835490494456,-3.476343845759669,1.7940709196570577,BabyLM 350M — final layer,7.249762075046808,8.136323172434965
0.9183797955102652,-1.2021596166441229,7.611653582585162,6.870264856271882,1.868835490494456,-3.476343845759669,1.7940709196570577,BabyLM 350M — final layer,7.136045557182341,8.104237112940712
1.0718970504975045,-1.2021596166441229,7.537399450111517,6.870264856271882,1.868835490494456,-3.476343845759669,1.7940709196570577,BabyLM 350M — final layer,7.015722964317288,8.072401693373532
1.2254143054847435,-1.2021596166441229,7.463145317637871,6.870264856271882,1.868835490494456,-3.476343845759669,1.7940709196570577,BabyLM 350M — final layer,6.896762761392409,8.04242807534339
1.378931560471983,-1.2021596166441229,7.388891185164225,6.870264856271882,1.868835490494456,-3.476343845759669,1.7940709196570577,BabyLM 350M — final layer,6.776845207826438,8.011767270157995
1.5324488154592222,-1.2021596166441229,7.314637052690579,6.870264856271882,1.868835490494456,-3.476343845759669,1.7940709196570577,BabyLM 350M — final layer,6.655772203663167,7.981847886806187
1.6859660704464614,-1.2021596166441229,7.240382920216934,6.870264856271882,1.868835490494456,-3.476343845759669,1.7940709196570577,BabyLM 350M — final layer,6.53520598963537,7.953531755158027
1.839483325433701,-1.2021596166441229,7.166128787743288,6.870264856271882,1.868835490494456,-3.476343845759669,1.7940709196570577,BabyLM 350M — final layer,6.4149214472673535,7.926920025891932
1.9930005804209403,-1.2021596166441229,7.091874655269643,6.870264856271882,1.868835490494456,-3.476343845759669,1.7940709196570577,BabyLM 350M — final layer,6.293485985121351,7.896660690763687
2.14651783540818,-1.2021596166441229,7.017620522795997,6.870264856271882,1.868835490494456,-3.476343845759669,1.7940709196570577,BabyLM 350M — final layer,6.170088471307178,7.867742071054864
2.300035090395419,-1.2021596166441229,6.9433663903223515,6.870264856271882,1.868835490494456,-3.476343845759669,1.7940709196570577,BabyLM 350M — final layer,6.052580451284557,7.84204032265026
2.453552345382658,-1.2021596166441229,6.869112257848705,6.870264856271882,1.868835490494456,-3.476343845759669,1.7940709196570577,BabyLM 350M — final layer,5.929530397423528,7.818857288904494
-1.9984480492472816,-1.0345751146112967,8.941233735913693,6.870264856271882,1.868835490494456,-3.476343845759669,1.7940709196570577,BabyLM 350M — final layer,8.396467497994486,9.485275264095533
-1.8449307942600424,-1.0345751146112967,8.862050599319792,6.870264856271882,1.868835490494456,-3.476343845759669,1.7940709196570577,BabyLM 350M — final layer,8.359178722472224,9.364540188166819
-1.6914135392728031,-1.0345751146112967,8.782867462725891,6.870264856271882,1.868835490494456,-3.476343845759669,1.7940709196570577,BabyLM 350M — final layer,8.319809799858039,9.250653435847118
-1.537896284285564,-1.0345751146112967,8.70368432613199,6.870264856271882,1.868835490494456,-3.476343845759669,1.7940709196570577,BabyLM 350M — final layer,8.280827576901054,9.136224378371757
-1.384379029298325,-1.0345751146112967,8.62450118953809,6.870264856271882,1.868835490494456,-3.476343845759669,1.7940709196570577,BabyLM 350M — final layer,8.23998927479896,9.022637287040919
-1.2308617743110852,-1.0345751146112967,8.54531805294419,6.870264856271882,1.868835490494456,-3.476343845759669,1.7940709196570577,BabyLM 350M — final layer,8.195111690004424,8.9074496164566
-1.077344519323846,-1.0345751146112967,8.466134916350288,6.870264856271882,1.868835490494456,-3.476343845759669,1.7940709196570577,BabyLM 350M — final layer,8.148305366808485,8.793954366955429
-0.9238272643366066,-1.0345751146112967,8.386951779756387,6.870264856271882,1.868835490494456,-3.476343845759669,1.7940709196570577,BabyLM 350M — final layer,8.099841124054285,8.68792843530471
-0.7703100093493673,-1.0345751146112967,8.307768643162486,6.870264856271882,1.868835490494456,-3.476343845759669,1.7940709196570577,BabyLM 350M — final layer,8.03957769690137,8.589173903095764
-0.6167927543621281,-1.0345751146112967,8.228585506568585,6.870264856271882,1.868835490494456,-3.476343845759669,1.7940709196570577,BabyLM 350M — final layer,7.978516634875496,8.490083399630178
-0.46327549937488866,-1.0345751146112967,8.149402369974684,6.870264856271882,1.868835490494456,-3.476343845759669,1.7940709196570577,BabyLM 350M — final layer,7.908477614103304,8.400688706384939
-0.30975824438764943,-1.0345751146112967,8.070219233380783,6.870264856271882,1.868835490494456,-3.476343845759669,1.7940709196570577,BabyLM 350M — final layer,7.834240489276679,8.319252200457974
-0.1562409894004102,-1.0345751146112967,7.991036096786883,6.870264856271882,1.868835490494456,-3.476343845759669,1.7940709196570577,BabyLM 350M — final layer,7.745758783871224,8.245670310584904
-0.00272373441317075,-1.0345751146112967,7.911852960192982,6.870264856271882,1.868835490494456,-3.476343845759669,1.7940709196570577,BabyLM 350M — final layer,7.653664322104548,8.18076777779301
0.1507935205740687,-1.0345751146112967,7.8326698235990815,6.870264856271882,1.868835490494456,-3.476343845759669,1.7940709196570577,BabyLM 350M — final layer,7.555679272988956,8.12194684104583
0.3043107755613079,-1.0345751146112967,7.75348668700518,6.870264856271882,1.868835490494456,-3.476343845759669,1.7940709196570577,BabyLM 350M — final layer,7.448020584932328,8.065990059984946
0.4578280305485471,-1.0345751146112967,7.674303550411279,6.870264856271882,1.868835490494456,-3.476343845759669,1.7940709196570577,BabyLM 350M — final layer,7.34108710094382,8.017956687332434
0.6113452855357864,-1.0345751146112967,7.595120413817379,6.870264856271882,1.868835490494456,-3.476343845759669,1.7940709196570577,BabyLM 350M — final layer,7.228765383525028,7.972743498374686
0.7648625405230256,-1.0345751146112967,7.515937277223478,6.870264856271882,1.868835490494456,-3.476343845759669,1.7940709196570577,BabyLM 350M — final layer,7.116167050508238,7.931206340068705
0.9183797955102652,-1.0345751146112967,7.436754140629577,6.870264856271882,1.868835490494456,-3.476343845759669,1.7940709196570577,BabyLM 350M — final layer,6.997590333456889,7.889036258283081
1.0718970504975045,-1.0345751146112967,7.357571004035676,6.870264856271882,1.868835490494456,-3.476343845759669,1.7940709196570577,BabyLM 350M — final layer,6.8780550325320915,7.849650025195849
1.2254143054847435,-1.0345751146112967,7.278387867441776,6.870264856271882,1.868835490494456,-3.476343845759669,1.7940709196570577,BabyLM 350M — final layer,6.758320093509166,7.808276247793318
1.378931560471983,-1.0345751146112967,7.199204730847875,6.870264856271882,1.868835490494456,-3.476343845759669,1.7940709196570577,BabyLM 350M — final layer,6.635230054697021,7.771204680319823
1.5324488154592222,-1.0345751146112967,7.1200215942539735,6.870264856271882,1.868835490494456,-3.476343845759669,1.7940709196570577,BabyLM 350M — final layer,6.514692884604662,7.728805957131415
1.6859660704464614,-1.0345751146112967,7.040838457660072,6.870264856271882,1.868835490494456,-3.476343845759669,1.7940709196570577,BabyLM 350M — final layer,6.395778465824257,7.695816122885699
1.839483325433701,-1.0345751146112967,6.961655321066171,6.870264856271882,1.868835490494456,-3.476343845759669,1.7940709196570577,BabyLM 350M — final layer,6.273864459693843,7.659338231417139
1.9930005804209403,-1.0345751146112967,6.882472184472271,6.870264856271882,1.868835490494456,-3.476343845759669,1.7940709196570577,BabyLM 350M — final layer,6.149471124389494,7.622637833725187
2.14651783540818,-1.0345751146112967,6.80328904787837,6.870264856271882,1.868835490494456,-3.476343845759669,1.7940709196570577,BabyLM 350M — final layer,6.026256166552929,7.5877601877354905
2.300035090395419,-1.0345751146112967,6.724105911284469,6.870264856271882,1.868835490494456,-3.476343845759669,1.7940709196570577,BabyLM 350M — final layer,5.90484007032723,7.550307508221294
2.453552345382658,-1.0345751146112967,6.644922774690569,6.870264856271882,1.868835490494456,-3.476343845759669,1.7940709196570577,BabyLM 350M — final layer,5.785159929630651,7.514435713231945
-1.9984480492472816,-0.8669906125784705,8.859985372242956,6.870264856271882,1.868835490494456,-3.476343845759669,1.7940709196570577,BabyLM 350M — final layer,8.354468197614233,9.367588252519226
-1.8449307942600424,-0.8669906125784705,8.7758732315288,6.870264856271882,1.868835490494456,-3.476343845759669,1.7940709196570577,BabyLM 350M — final layer,8.308395424655032,9.245614729125265
-1.6914135392728031,-0.8669906125784705,8.691761090814644,6.870264856271882,1.868835490494456,-3.476343845759669,1.7940709196570577,BabyLM 350M — final layer,8.262846414604851,9.127228345923847
-1.537896284285564,-0.8669906125784705,8.607648950100488,6.870264856271882,1.868835490494456,-3.476343845759669,1.7940709196570577,BabyLM 350M — final layer,8.215158819713738,9.011127966862533
-1.384379029298325,-0.8669906125784705,8.523536809386332,6.870264856271882,1.868835490494456,-3.476343845759669,1.7940709196570577,BabyLM 350M — final layer,8.165731588306077,8.890783370542058
-1.2308617743110852,-0.8669906125784705,8.439424668672176,6.870264856271882,1.868835490494456,-3.476343845759669,1.7940709196570577,BabyLM 350M — final layer,8.115292408831587,8.775164340868873
-1.077344519323846,-0.8669906125784705,8.35531252795802,6.870264856271882,1.868835490494456,-3.476343845759669,1.7940709196570577,BabyLM 350M — final layer,8.061796579549432,8.661166244031595
-0.9238272643366066,-0.8669906125784705,8.271200387243864,6.870264856271882,1.868835490494456,-3.476343845759669,1.7940709196570577,BabyLM 350M — final layer,8.004776661359392,8.551872945999454
-0.7703100093493673,-0.8669906125784705,8.187088246529708,6.870264856271882,1.868835490494456,-3.476343845759669,1.7940709196570577,BabyLM 350M — final layer,7.9406589071966325,8.449569841395123
-0.6167927543621281,-0.8669906125784705,8.102976105815552,6.870264856271882,1.868835490494456,-3.476343845759669,1.7940709196570577,BabyLM 350M — final layer,7.872869284507763,8.345114062480818
-0.46327549937488866,-0.8669906125784705,8.018863965101396,6.870264856271882,1.868835490494456,-3.476343845759669,1.7940709196570577,BabyLM 350M — final layer,7.796707456338423,8.25100492357246
-0.30975824438764943,-0.8669906125784705,7.93475182438724,6.870264856271882,1.868835490494456,-3.476343845759669,1.7940709196570577,BabyLM 350M — final layer,7.715473595488559,8.164565927320199
-0.1562409894004102,-0.8669906125784705,7.8506396836730845,6.870264856271882,1.868835490494456,-3.476343845759669,1.7940709196570577,BabyLM 350M — final layer,7.625179872178691,8.085049802350671
-0.00272373441317075,-0.8669906125784705,7.7665275429589284,6.870264856271882,1.868835490494456,-3.476343845759669,1.7940709196570577,BabyLM 350M — final layer,7.5282028257985,8.010566162159718
0.1507935205740687,-0.8669906125784705,7.6824154022447715,6.870264856271882,1.868835490494456,-3.476343845759669,1.7940709196570577,BabyLM 350M — final layer,7.427606245704281,7.9460197167751145
0.3043107755613079,-0.8669906125784705,7.598303261530616,6.870264856271882,1.868835490494456,-3.476343845759669,1.7940709196570577,BabyLM 350M — final layer,7.318417751679621,7.883583563114916
0.4578280305485471,-0.8669906125784705,7.51419112081646,6.870264856271882,1.868835490494456,-3.476343845759669,1.7940709196570577,BabyLM 350M — final layer,7.2098997886006355,7.826311883203704
0.6113452855357864,-0.8669906125784705,7.430078980102304,6.870264856271882,1.868835490494456,-3.476343845759669,1.7940709196570577,BabyLM 350M — final layer,7.094366990814806,7.773801150560924
0.7648625405230256,-0.8669906125784705,7.345966839388148,6.870264856271882,1.868835490494456,-3.476343845759669,1.7940709196570577,BabyLM 350M — final layer,6.980674628705518,7.723924417711377
0.9183797955102652,-0.8669906125784705,7.261854698673992,6.870264856271882,1.868835490494456,-3.476343845759669,1.7940709196570577,BabyLM 350M — final layer,6.859515476085424,7.676170885219773
1.0718970504975045,-0.8669906125784705,7.177742557959836,6.870264856271882,1.868835490494456,-3.476343845759669,1.7940709196570577,BabyLM 350M — final layer,6.737908178697972,7.624890493671849
1.2254143054847435,-0.8669906125784705,7.09363041724568,6.870264856271882,1.868835490494456,-3.476343845759669,1.7940709196570577,BabyLM 350M — final layer,6.6171067269769805,7.578235198433231
1.378931560471983,-0.8669906125784705,7.009518276531524,6.870264856271882,1.868835490494456,-3.476343845759669,1.7940709196570577,BabyLM 350M — final layer,6.494702924913238,7.529309673619255
1.5324488154592222,-0.8669906125784705,6.925406135817368,6.870264856271882,1.868835490494456,-3.476343845759669,1.7940709196570577,BabyLM 350M — final layer,6.372988587311864,7.482500082775623
1.6859660704464614,-0.8669906125784705,6.841293995103212,6.870264856271882,1.868835490494456,-3.476343845759669,1.7940709196570577,BabyLM 350M — final layer,6.249692976633888,7.435692961571401
1.839483325433701,-0.8669906125784705,6.757181854389056,6.870264856271882,1.868835490494456,-3.476343845759669,1.7940709196570577,BabyLM 350M — final layer,6.125649291502401,7.390279625422396
1.9930005804209403,-0.8669906125784705,6.6730697136748995,6.870264856271882,1.868835490494456,-3.476343845759669,1.7940709196570577,BabyLM 350M — final layer,6.002436597997399,7.350274499373147
2.14651783540818,-0.8669906125784705,6.5889575729607435,6.870264856271882,1.868835490494456,-3.476343845759669,1.7940709196570577,BabyLM 350M — final layer,5.878130099581946,7.3056631120519695
2.300035090395419,-0.8669906125784705,6.504845432246587,6.870264856271882,1.868835490494456,-3.476343845759669,1.7940709196570577,BabyLM 350M — final layer,5.7563964429176915,7.265692080045392
2.453552345382658,-0.8669906125784705,6.420733291532431,6.870264856271882,1.868835490494456,-3.476343845759669,1.7940709196570577,BabyLM 350M — final layer,5.634946062782029,7.223664378295659
-1.9984480492472816,-0.6994061105456442,8.77873700857222,6.870264856271882,1.868835490494456,-3.476343845759669,1.7940709196570577,BabyLM 350M — final layer,8.311240997609486,9.24747983480773
-1.8449307942600424,-0.6994061105456442,8.689695863737809,6.870264856271882,1.868835490494456,-3.476343845759669,1.7940709196570577,BabyLM 350M — final layer,8.256506941467327,9.127135952486249
-1.6914135392728031,-0.6994061105456442,8.600654718903398,6.870264856271882,1.868835490494456,-3.476343845759669,1.7940709196570577,BabyLM 350M — final layer,8.2009010365249,9.008316714197843
-1.537896284285564,-0.6994061105456442,8.511613574068987,6.870264856271882,1.868835490494456,-3.476343845759669,1.7940709196570577,BabyLM 350M — final layer,8.142621077751198,8.88797084256849
-1.384379029298325,-0.6994061105456442,8.422572429234576,6.870264856271882,1.868835490494456,-3.476343845759669,1.7940709196570577,BabyLM 350M — final layer,8.08616089779097,8.765344132382145
-1.2308617743110852,-0.6994061105456442,8.333531284400165,6.870264856271882,1.868835490494456,-3.476343845759669,1.7940709196570577,BabyLM 350M — final layer,8.032263714957292,8.648371497120916
-1.077344519323846,-0.6994061105456442,8.244490139565752,6.870264856271882,1.868835490494456,-3.476343845759669,1.7940709196570577,BabyLM 350M — final layer,7.970928130222856,8.530974430681544
-0.9238272643366066,-0.6994061105456442,8.15544899473134,6.870264856271882,1.868835490494456,-3.476343845759669,1.7940709196570577,BabyLM 350M — final layer,7.906648624651485,8.418998430974836
-0.7703100093493673,-0.6994061105456442,8.06640784989693,6.870264856271882,1.868835490494456,-3.476343845759669,1.7940709196570577,BabyLM 350M — final layer,7.8369250841986835,8.308756418625041
-0.6167927543621281,-0.6994061105456442,7.9773667050625185,6.870264856271882,1.868835490494456,-3.476343845759669,1.7940709196570577,BabyLM 350M — final layer,7.761905156164433,8.20220075295699
-0.46327549937488866,-0.6994061105456442,7.8883255602281075,6.870264856271882,1.868835490494456,-3.476343845759669,1.7940709196570577,BabyLM 350M — final layer,7.683404000932419,8.104253070266253
-0.30975824438764943,-0.6994061105456442,7.799284415393696,6.870264856271882,1.868835490494456,-3.476343845759669,1.7940709196570577,BabyLM 350M — final layer,7.596271959128071,8.011750967257615
-0.1562409894004102,-0.6994061105456442,7.710243270559285,6.870264856271882,1.868835490494456,-3.476343845759669,1.7940709196570577,BabyLM 350M — final layer,7.500408810733919,7.926099805025799
-0.00272373441317075,-0.6994061105456442,7.621202125724873,6.870264856271882,1.868835490494456,-3.476343845759669,1.7940709196570577,BabyLM 350M — final layer,7.401446475081291,7.845340842967037
0.1507935205740687,-0.6994061105456442,7.532160980890462,6.870264856271882,1.868835490494456,-3.476343845759669,1.7940709196570577,BabyLM 350M — final layer,7.297274854325891,7.771075748162793
0.3043107755613079,-0.6994061105456442,7.443119836056051,6.870264856271882,1.868835490494456,-3.476343845759669,1.7940709196570577,BabyLM 350M — final layer,7.188251677230319,7.703684288463683
0.4578280305485471,-0.6994061105456442,7.35407869122164,6.870264856271882,1.868835490494456,-3.476343845759669,1.7940709196570577,BabyLM 350M — final layer,7.0739805604984145,7.639000711512327
0.6113452855357864,-0.6994061105456442,7.265037546387229,6.870264856271882,1.868835490494456,-3.476343845759669,1.7940709196570577,BabyLM 350M — final layer,6.958846316705106,7.5790403104234825
0.7648625405230256,-0.6994061105456442,7.175996401552817,6.870264856271882,1.868835490494456,-3.476343845759669,1.7940709196570577,BabyLM 350M — final layer,6.842710906002935,7.522357728031084
0.9183797955102652,-0.6994061105456442,7.086955256718406,6.870264856271882,1.868835490494456,-3.476343845759669,1.7940709196570577,BabyLM 350M — final layer,6.720740949191555,7.463927766437722
1.0718970504975045,-0.6994061105456442,6.997914111883995,6.870264856271882,1.868835490494456,-3.476343845759669,1.7940709196570577,BabyLM 350M — final layer,6.599973558763458,7.403895408499709
1.2254143054847435,-0.6994061105456442,6.908872967049584,6.870264856271882,1.868835490494456,-3.476343845759669,1.7940709196570577,BabyLM 350M — final layer,6.477701450404678,7.347750253393898
1.378931560471983,-0.6994061105456442,6.819831822215173,6.870264856271882,1.868835490494456,-3.476343845759669,1.7940709196570577,BabyLM 350M — final layer,6.354491476161173,7.29231222115679
1.5324488154592222,-0.6994061105456442,6.730790677380761,6.870264856271882,1.868835490494456,-3.476343845759669,1.7940709196570577,BabyLM 350M — final layer,6.229683876130062,7.238256469956276
1.6859660704464614,-0.6994061105456442,6.64174953254635,6.870264856271882,1.868835490494456,-3.476343845759669,1.7940709196570577,BabyLM 350M — final layer,6.107474522329345,7.186209862025515
1.839483325433701,-0.6994061105456442,6.552708387711939,6.870264856271882,1.868835490494456,-3.476343845759669,1.7940709196570577,BabyLM 350M — final layer,5.982209778441942,7.132747420497382
1.9930005804209403,-0.6994061105456442,6.463667242877528,6.870264856271882,1.868835490494456,-3.476343845759669,1.7940709196570577,BabyLM 350M — final layer,5.85670709122665,7.079874179355659
2.14651783540818,-0.6994061105456442,6.374626098043116,6.870264856271882,1.868835490494456,-3.476343845759669,1.7940709196570577,BabyLM 350M — final layer,5.733403625353151,7.028561264185604
2.300035090395419,-0.6994061105456442,6.285584953208705,6.870264856271882,1.868835490494456,-3.476343845759669,1.7940709196570577,BabyLM 350M — final layer,5.609562708258361,6.9770347392704135
2.453552345382658,-0.6994061105456442,6.196543808374294,6.870264856271882,1.868835490494456,-3.476343845759669,1.7940709196570577,BabyLM 350M — final layer,5.484157586822756,6.926501883829587
-1.9984480492472816,-0.5318216085128178,8.697488644901483,6.870264856271882,1.868835490494456,-3.476343845759669,1.7940709196570577,BabyLM 350M — final layer,8.260625772379363,9.13629443511687
-1.8449307942600424,-0.5318216085128178,8.603518495946817,6.870264856271882,1.868835490494456,-3.476343845759669,1.7940709196570577,BabyLM 350M — final layer,8.1997306337218,9.013994016909216
-1.6914135392728031,-0.5318216085128178,8.509548346992151,6.870264856271882,1.868835490494456,-3.476343845759669,1.7940709196570577,BabyLM 350M — final layer,8.135794869440721,8.891873805750715
-1.537896284285564,-0.5318216085128178,8.415578198037483,6.870264856271882,1.868835490494456,-3.476343845759669,1.7940709196570577,BabyLM 350M — final layer,8.069652982485998,8.768604316247972
-1.384379029298325,-0.5318216085128178,8.321608049082817,6.870264856271882,1.868835490494456,-3.476343845759669,1.7940709196570577,BabyLM 350M — final layer,8.006313713286678,8.646036632711759
-1.2308617743110852,-0.5318216085128178,8.227637900128151,6.870264856271882,1.868835490494456,-3.476343845759669,1.7940709196570577,BabyLM 350M — final layer,7.943555448729851,8.520720685190218
-1.077344519323846,-0.5318216085128178,8.133667751173485,6.870264856271882,1.868835490494456,-3.476343845759669,1.7940709196570577,BabyLM 350M — final layer,7.873480278686457,8.40329868030026
-0.9238272643366066,-0.5318216085128178,8.039697602218817,6.870264856271882,1.868835490494456,-3.476343845759669,1.7940709196570577,BabyLM 350M — final layer,7.804080368887651,8.287879995133892
-0.7703100093493673,-0.5318216085128178,7.945727453264151,6.870264856271882,1.868835490494456,-3.476343845759669,1.7940709196570577,BabyLM 350M — final layer,7.727972488395744,8.174667301670443
-0.6167927543621281,-0.5318216085128178,7.851757304309485,6.870264856271882,1.868835490494456,-3.476343845759669,1.7940709196570577,BabyLM 350M — final layer,7.650703595662079,8.064102019934221
-0.46327549937488866,-0.5318216085128178,7.757787155354819,6.870264856271882,1.868835490494456,-3.476343845759669,1.7940709196570577,BabyLM 350M — final layer,7.563911994559844,7.9607267589150625
-0.30975824438764943,-0.5318216085128178,7.663817006400152,6.870264856271882,1.868835490494456,-3.476343845759669,1.7940709196570577,BabyLM 350M — final layer,7.474698186493216,7.860389556353359
-0.1562409894004102,-0.5318216085128178,7.569846857445486,6.870264856271882,1.868835490494456,-3.476343845759669,1.7940709196570577,BabyLM 350M — final layer,7.3771022417555505,7.767904092401982
-0.00272373441317075,-0.5318216085128178,7.475876708490819,6.870264856271882,1.868835490494456,-3.476343845759669,1.7940709196570577,BabyLM 350M — final layer,7.273611015720865,7.681279438795787
0.1507935205740687,-0.5318216085128178,7.381906559536153,6.870264856271882,1.868835490494456,-3.476343845759669,1.7940709196570577,BabyLM 350M — final layer,7.167050448665326,7.599977294963203
0.3043107755613079,-0.5318216085128178,7.287936410581486,6.870264856271882,1.868835490494456,-3.476343845759669,1.7940709196570577,BabyLM 350M — final layer,7.053790723216594,7.523807846979226
0.4578280305485471,-0.5318216085128178,7.19396626162682,6.870264856271882,1.868835490494456,-3.476343845759669,1.7940709196570577,BabyLM 350M — final layer,6.9387891114117455,7.455054585557995
0.6113452855357864,-0.5318216085128178,7.099996112672153,6.870264856271882,1.868835490494456,-3.476343845759669,1.7940709196570577,BabyLM 350M — final layer,6.81985359513185,7.384625028363636
0.7648625405230256,-0.5318216085128178,7.006025963717487,6.870264856271882,1.868835490494456,-3.476343845759669,1.7940709196570577,BabyLM 350M — final layer,6.7027482012030966,7.317813226460669
0.9183797955102652,-0.5318216085128178,6.91205581476282,6.870264856271882,1.868835490494456,-3.476343845759669,1.7940709196570577,BabyLM 350M — final layer,6.580074615824522,7.251430306735817
1.0718970504975045,-0.5318216085128178,6.818085665808154,6.870264856271882,1.868835490494456,-3.476343845759669,1.7940709196570577,BabyLM 350M — final layer,6.4579102659989935,7.185824985478027
1.2254143054847435,-0.5318216085128178,6.724115516853488,6.870264856271882,1.868835490494456,-3.476343845759669,1.7940709196570577,BabyLM 350M — final layer,6.333745836935702,7.121466901656406
1.378931560471983,-0.5318216085128178,6.630145367898821,6.870264856271882,1.868835490494456,-3.476343845759669,1.7940709196570577,BabyLM 350M — final layer,6.209714904120333,7.058596197197146
1.5324488154592222,-0.5318216085128178,6.536175218944155,6.870264856271882,1.868835490494456,-3.476343845759669,1.7940709196570577,BabyLM 350M — final layer,6.085620603211897,6.996431212503871
1.6859660704464614,-0.5318216085128178,6.442205069989488,6.870264856271882,1.868835490494456,-3.476343845759669,1.7940709196570577,BabyLM 350M — final layer,5.959488486899667,6.936443742193368
1.839483325433701,-0.5318216085128178,6.348234921034822,6.870264856271882,1.868835490494456,-3.476343845759669,1.7940709196570577,BabyLM 350M — final layer,5.835375126567183,6.8731330927282395
1.9930005804209403,-0.5318216085128178,6.254264772080155,6.870264856271882,1.868835490494456,-3.476343845759669,1.7940709196570577,BabyLM 350M — final layer,5.710142815482319,6.812719253773007
2.14651783540818,-0.5318216085128178,6.160294623125489,6.870264856271882,1.868835490494456,-3.476343845759669,1.7940709196570577,BabyLM 350M — final layer,5.584856878087387,6.752262840911887
2.300035090395419,-0.5318216085128178,6.066324474170822,6.870264856271882,1.868835490494456,-3.476343845759669,1.7940709196570577,BabyLM 350M — final layer,5.459378280860078,6.691664342752753
2.453552345382658,-0.5318216085128178,5.972354325216156,6.870264856271882,1.868835490494456,-3.476343845759669,1.7940709196570577,BabyLM 350M — final layer,5.333046906143446,6.630583691391684
-1.9984480492472816,-0.3642371064799916,8.616240281230747,6.870264856271882,1.868835490494456,-3.476343845759669,1.7940709196570577,BabyLM 350M — final layer,8.207116203817705,9.030811970128225
-1.8449307942600424,-0.3642371064799916,8.517341128155826,6.870264856271882,1.868835490494456,-3.476343845759669,1.7940709196570577,BabyLM 350M — final layer,8.135650607766536,8.905522374745823
-1.6914135392728031,-0.3642371064799916,8.418441975080903,6.870264856271882,1.868835490494456,-3.476343845759669,1.7940709196570577,BabyLM 350M — final layer,8.066153939089443,8.778590483883164
-1.537896284285564,-0.3642371064799916,8.319542822005982,6.870264856271882,1.868835490494456,-3.476343845759669,1.7940709196570577,BabyLM 350M — final layer,7.994285043690163,8.653300358740964
-1.384379029298325,-0.3642371064799916,8.22064366893106,6.870264856271882,1.868835490494456,-3.476343845759669,1.7940709196570577,BabyLM 350M — final layer,7.922444760407692,8.527995172021358
-1.2308617743110852,-0.3642371064799916,8.121744515856138,6.870264856271882,1.868835490494456,-3.476343845759669,1.7940709196570577,BabyLM 350M — final layer,7.850448305480629,8.404624812204188
-1.077344519323846,-0.3642371064799916,8.022845362781217,6.870264856271882,1.868835490494456,-3.476343845759669,1.7940709196570577,BabyLM 350M — final layer,7.774159084645313,8.281805612537664
-0.9238272643366066,-0.3642371064799916,7.923946209706295,6.870264856271882,1.868835490494456,-3.476343845759669,1.7940709196570577,BabyLM 350M — final layer,7.697293060298425,8.160503222510794
-0.7703100093493673,-0.3642371064799916,7.825047056631374,6.870264856271882,1.868835490494456,-3.476343845759669,1.7940709196570577,BabyLM 350M — final layer,7.616368392616833,8.041806874339166
-0.6167927543621281,-0.3642371064799916,7.726147903556452,6.870264856271882,1.868835490494456,-3.476343845759669,1.7940709196570577,BabyLM 350M — final layer,7.531028697506841,7.927818597198512
-0.46327549937488866,-0.3642371064799916,7.62724875048153,6.870264856271882,1.868835490494456,-3.476343845759669,1.7940709196570577,BabyLM 350M — final layer,7.441463833414499,7.817884241978812
-0.30975824438764943,-0.3642371064799916,7.528349597406609,6.870264856271882,1.868835490494456,-3.476343845759669,1.7940709196570577,BabyLM 350M — final layer,7.349248885015521,7.714400910532728
-0.1562409894004102,-0.3642371064799916,7.429450444331687,6.870264856271882,1.868835490494456,-3.476343845759669,1.7940709196570577,BabyLM 350M — final layer,7.248336220081063,7.61547927699716
-0.00272373441317075,-0.3642371064799916,7.330551291256765,6.870264856271882,1.868835490494456,-3.476343845759669,1.7940709196570577,BabyLM 350M — final layer,7.143861374916918,7.521447615952354
0.1507935205740687,-0.3642371064799916,7.231652138181843,6.870264856271882,1.868835490494456,-3.476343845759669,1.7940709196570577,BabyLM 350M — final layer,7.032468930102041,7.432098735786386
0.3043107755613079,-0.3642371064799916,7.132752985106922,6.870264856271882,1.868835490494456,-3.476343845759669,1.7940709196570577,BabyLM 350M — final layer,6.918712787708949,7.349276262044579
0.4578280305485471,-0.3642371064799916,7.033853832032,6.870264856271882,1.868835490494456,-3.476343845759669,1.7940709196570577,BabyLM 350M — final layer,6.800072478897375,7.272041333920379
0.6113452855357864,-0.3642371064799916,6.934954678957079,6.870264856271882,1.868835490494456,-3.476343845759669,1.7940709196570577,BabyLM 350M — final layer,6.680223319386878,7.193679823640681
0.7648625405230256,-0.3642371064799916,6.836055525882157,6.870264856271882,1.868835490494456,-3.476343845759669,1.7940709196570577,BabyLM 350M — final layer,6.558468429393887,7.1192373824912565
0.9183797955102652,-0.3642371064799916,6.7371563728072354,6.870264856271882,1.868835490494456,-3.476343845759669,1.7940709196570577,BabyLM 350M — final layer,6.433624897334917,7.045771927536195
1.0718970504975045,-0.3642371064799916,6.6382572197323135,6.870264856271882,1.868835490494456,-3.476343845759669,1.7940709196570577,BabyLM 350M — final layer,6.310476499860437,6.973468183331637
1.2254143054847435,-0.3642371064799916,6.5393580666573925,6.870264856271882,1.868835490494456,-3.476343845759669,1.7940709196570577,BabyLM 350M — final layer,6.185076432949551,6.900636861601956
1.378931560471983,-0.3642371064799916,6.440458913582471,6.870264856271882,1.868835490494456,-3.476343845759669,1.7940709196570577,BabyLM 350M — final layer,6.058151214342773,6.827820359695587
1.5324488154592222,-0.3642371064799916,6.3415597605075495,6.870264856271882,1.868835490494456,-3.476343845759669,1.7940709196570577,BabyLM 350M — final layer,5.932622599415521,6.7585257299271895
1.6859660704464614,-0.3642371064799916,6.242660607432628,6.870264856271882,1.868835490494456,-3.476343845759669,1.7940709196570577,BabyLM 350M — final layer,5.805607341049594,6.689479639338567
1.839483325433701,-0.3642371064799916,6.143761454357706,6.870264856271882,1.868835490494456,-3.476343845759669,1.7940709196570577,BabyLM 350M — final layer,5.67698695853805,6.6201072059125545
1.9930005804209403,-0.3642371064799916,6.044862301282784,6.870264856271882,1.868835490494456,-3.476343845759669,1.7940709196570577,BabyLM 350M — final layer,5.550804396194284,6.550571983525055
2.14651783540818,-0.3642371064799916,5.945963148207862,6.870264856271882,1.868835490494456,-3.476343845759669,1.7940709196570577,BabyLM 350M — final layer,5.422004243469917,6.480557991383843
2.300035090395419,-0.3642371064799916,5.847063995132941,6.870264856271882,1.868835490494456,-3.476343845759669,1.7940709196570577,BabyLM 350M — final layer,5.292006446392573,6.414883338449121
2.453552345382658,-0.3642371064799916,5.748164842058019,6.870264856271882,1.868835490494456,-3.476343845759669,1.7940709196570577,BabyLM 350M — final layer,5.165319709365261,6.347336581373089
-1.9984480492472816,-0.19665260444716548,8.53499191756001,6.870264856271882,1.868835490494456,-3.476343845759669,1.7940709196570577,BabyLM 350M — final layer,8.140105310730647,8.928532119640494
-1.8449307942600424,-0.19665260444716548,8.431163760364834,6.870264856271882,1.868835490494456,-3.476343845759669,1.7940709196570577,BabyLM 350M — final layer,8.063578184613508,8.797546787740082
-1.6914135392728031,-0.19665260444716548,8.327335603169656,6.870264856271882,1.868835490494456,-3.476343845759669,1.7940709196570577,BabyLM 350M — final layer,7.986757830785824,8.669258598331417
-1.537896284285564,-0.19665260444716548,8.22350744597448,6.870264856271882,1.868835490494456,-3.476343845759669,1.7940709196570577,BabyLM 350M — final layer,7.908187711233128,8.541866651353079
-1.384379029298325,-0.19665260444716548,8.119679288779302,6.870264856271882,1.868835490494456,-3.476343845759669,1.7940709196570577,BabyLM 350M — final layer,7.830117794639218,8.414366708578912
-1.2308617743110852,-0.19665260444716548,8.015851131584126,6.870264856271882,1.868835490494456,-3.476343845759669,1.7940709196570577,BabyLM 350M — final layer,7.74971395640389,8.288123303565234
-1.077344519323846,-0.19665260444716548,7.912022974388949,6.870264856271882,1.868835490494456,-3.476343845759669,1.7940709196570577,BabyLM 350M — final layer,7.668780808324459,8.162951769831134
-0.9238272643366066,-0.19665260444716548,7.8081948171937725,6.870264856271882,1.868835490494456,-3.476343845759669,1.7940709196570577,BabyLM 350M — final layer,7.585767024960795,8.037785206462754
-0.7703100093493673,-0.19665260444716548,7.704366659998596,6.870264856271882,1.868835490494456,-3.476343845759669,1.7940709196570577,BabyLM 350M — final layer,7.4999442490708095,7.91690935036835
-0.6167927543621281,-0.19665260444716548,7.600538502803419,6.870264856271882,1.868835490494456,-3.476343845759669,1.7940709196570577,BabyLM 350M — final layer,7.409290911404616,7.796475373803669
-0.46327549937488866,-0.19665260444716548,7.496710345608242,6.870264856271882,1.868835490494456,-3.476343845759669,1.7940709196570577,BabyLM 350M — final layer,7.314122204611715,7.681736124673899
-0.30975824438764943,-0.19665260444716548,7.392882188413065,6.870264856271882,1.868835490494456,-3.476343845759669,1.7940709196570577,BabyLM 350M — final layer,7.216709091822571,7.571993525106814
-0.1562409894004102,-0.19665260444716548,7.289054031217888,6.870264856271882,1.868835490494456,-3.476343845759669,1.7940709196570577,BabyLM 350M — final layer,7.114643735795774,7.466346917797644
-0.00272373441317075,-0.19665260444716548,7.185225874022711,6.870264856271882,1.868835490494456,-3.476343845759669,1.7940709196570577,BabyLM 350M — final layer,7.008366722609697,7.367054346125411
0.1507935205740687,-0.19665260444716548,7.081397716827534,6.870264856271882,1.868835490494456,-3.476343845759669,1.7940709196570577,BabyLM 350M — final layer,6.895567868190389,7.271508748512959
0.3043107755613079,-0.19665260444716548,6.977569559632357,6.870264856271882,1.868835490494456,-3.476343845759669,1.7940709196570577,BabyLM 350M — final layer,6.778254586031785,7.179632769970617
0.4578280305485471,-0.19665260444716548,6.873741402437181,6.870264856271882,1.868835490494456,-3.476343845759669,1.7940709196570577,BabyLM 350M — final layer,6.6575738386639065,7.092977232415353
0.6113452855357864,-0.19665260444716548,6.769913245242004,6.870264856271882,1.868835490494456,-3.476343845759669,1.7940709196570577,BabyLM 350M — final layer,6.535292394098408,7.008276848135654
0.7648625405230256,-0.19665260444716548,6.666085088046827,6.870264856271882,1.868835490494456,-3.476343845759669,1.7940709196570577,BabyLM 350M — final layer,6.41274280407765,6.925813279896821
0.9183797955102652,-0.19665260444716548,6.5622569308516505,6.870264856271882,1.868835490494456,-3.476343845759669,1.7940709196570577,BabyLM 350M — final layer,6.286633954783164,6.846619043921983
1.0718970504975045,-0.19665260444716548,6.458428773656474,6.870264856271882,1.868835490494456,-3.476343845759669,1.7940709196570577,BabyLM 350M — final layer,6.158399241836011,6.76831483448565
1.2254143054847435,-0.19665260444716548,6.354600616461297,6.870264856271882,1.868835490494456,-3.476343845759669,1.7940709196570577,BabyLM 350M — final layer,6.030795802079566,6.687594557602572
1.378931560471983,-0.19665260444716548,6.25077245926612,6.870264856271882,1.868835490494456,-3.476343845759669,1.7940709196570577,BabyLM 350M — final layer,5.902530795747285,6.608861693445835
1.5324488154592222,-0.19665260444716548,6.146944302070943,6.870264856271882,1.868835490494456,-3.476343845759669,1.7940709196570577,BabyLM 350M — final layer,5.772474620707037,6.531395459022689
1.6859660704464614,-0.19665260444716548,6.043116144875767,6.870264856271882,1.868835490494456,-3.476343845759669,1.7940709196570577,BabyLM 350M — final layer,5.643133070548364,6.452960103505165
1.839483325433701,-0.19665260444716548,5.939287987680589,6.870264856271882,1.868835490494456,-3.476343845759669,1.7940709196570577,BabyLM 350M — final layer,5.5136295505429,6.375302456835192
1.9930005804209403,-0.19665260444716548,5.835459830485413,6.870264856271882,1.868835490494456,-3.476343845759669,1.7940709196570577,BabyLM 350M — final layer,5.383979280305606,6.30038686175545
2.14651783540818,-0.19665260444716548,5.731631673290235,6.870264856271882,1.868835490494456,-3.476343845759669,1.7940709196570577,BabyLM 350M — final layer,5.251976522061182,6.226173095092596
2.300035090395419,-0.19665260444716548,5.627803516095059,6.870264856271882,1.868835490494456,-3.476343845759669,1.7940709196570577,BabyLM 350M — final layer,5.1214978428088145,6.150430755916539
2.453552345382658,-0.19665260444716548,5.523975358899882,6.870264856271882,1.868835490494456,-3.476343845759669,1.7940709196570577,BabyLM 350M — final layer,4.991398256924086,6.072833908298926
-1.9984480492472816,-0.02906810241433932,8.453743553889273,6.870264856271882,1.868835490494456,-3.476343845759669,1.7940709196570577,BabyLM 350M — final layer,8.065553156963393,8.832664394091424
-1.8449307942600424,-0.02906810241433932,8.34498639257384,6.870264856271882,1.868835490494456,-3.476343845759669,1.7940709196570577,BabyLM 350M — final layer,7.980548982764557,8.700258797920585
-1.6914135392728031,-0.02906810241433932,8.23622923125841,6.870264856271882,1.868835490494456,-3.476343845759669,1.7940709196570577,BabyLM 350M — final layer,7.898089336185595,8.5677481624919
-1.537896284285564,-0.02906810241433932,8.127472069942977,6.870264856271882,1.868835490494456,-3.476343845759669,1.7940709196570577,BabyLM 350M — final layer,7.814426831266534,8.437789789341988
-1.384379029298325,-0.02906810241433932,8.018714908627546,6.870264856271882,1.868835490494456,-3.476343845759669,1.7940709196570577,BabyLM 350M — final layer,7.729654950966499,8.30742647592225
-1.2308617743110852,-0.02906810241433932,7.909957747312113,6.870264856271882,1.868835490494456,-3.476343845759669,1.7940709196570577,BabyLM 350M — final layer,7.642768208000598,8.177254639074508
-1.077344519323846,-0.02906810241433932,7.801200585996681,6.870264856271882,1.868835490494456,-3.476343845759669,1.7940709196570577,BabyLM 350M — final layer,7.556264200246869,8.048363405339112
-0.9238272643366066,-0.02906810241433932,7.692443424681249,6.870264856271882,1.868835490494456,-3.476343845759669,1.7940709196570577,BabyLM 350M — final layer,7.4654963964381675,7.920501589780717
-0.7703100093493673,-0.02906810241433932,7.583686263365817,6.870264856271882,1.868835490494456,-3.476343845759669,1.7940709196570577,BabyLM 350M — final layer,7.375416644686784,7.796087414892996
-0.6167927543621281,-0.02906810241433932,7.474929102050385,6.870264856271882,1.868835490494456,-3.476343845759669,1.7940709196570577,BabyLM 350M — final layer,7.281743295385355,7.674118207165609
-0.46327549937488866,-0.02906810241433932,7.3661719407349535,6.870264856271882,1.868835490494456,-3.476343845759669,1.7940709196570577,BabyLM 350M — final layer,7.183134064621168,7.552369307500117
-0.30975824438764943,-0.02906810241433932,7.257414779419522,6.870264856271882,1.868835490494456,-3.476343845759669,1.7940709196570577,BabyLM 350M — final layer,7.080647822062215,7.434537225269449
-0.1562409894004102,-0.02906810241433932,7.14865761810409,6.870264856271882,1.868835490494456,-3.476343845759669,1.7940709196570577,BabyLM 350M — final layer,6.976370241930804,7.323676577395238
-0.00272373441317075,-0.02906810241433932,7.039900456788657,6.870264856271882,1.868835490494456,-3.476343845759669,1.7940709196570577,BabyLM 350M — final layer,6.866628509234451,7.2149837890461885
0.1507935205740687,-0.02906810241433932,6.931143295473225,6.870264856271882,1.868835490494456,-3.476343845759669,1.7940709196570577,BabyLM 350M — final layer,6.7528396580714976,7.114150191444276
0.3043107755613079,-0.02906810241433932,6.822386134157793,6.870264856271882,1.868835490494456,-3.476343845759669,1.7940709196570577,BabyLM 350M — final layer,6.634187653133892,7.01451679005778
0.4578280305485471,-0.02906810241433932,6.713628972842361,6.870264856271882,1.868835490494456,-3.476343845759669,1.7940709196570577,BabyLM 350M — final layer,6.5116281291976454,6.9180542016513105
0.6113452855357864,-0.02906810241433932,6.604871811526929,6.870264856271882,1.868835490494456,-3.476343845759669,1.7940709196570577,BabyLM 350M — final layer,6.3875467388071625,6.825634302792675
0.7648625405230256,-0.02906810241433932,6.4961146502114975,6.870264856271882,1.868835490494456,-3.476343845759669,1.7940709196570577,BabyLM 350M — final layer,6.263579716995029,6.736076139036432
0.9183797955102652,-0.02906810241433932,6.387357488896066,6.870264856271882,1.868835490494456,-3.476343845759669,1.7940709196570577,BabyLM 350M — final layer,6.1344862457811375,6.649770673904584
1.0718970504975045,-0.02906810241433932,6.278600327580633,6.870264856271882,1.868835490494456,-3.476343845759669,1.7940709196570577,BabyLM 350M — final layer,6.0056642057269345,6.563461814728955
1.2254143054847435,-0.02906810241433932,6.169843166265201,6.870264856271882,1.868835490494456,-3.476343845759669,1.7940709196570577,BabyLM 350M — final layer,5.87737803643498,6.47824002661225
1.378931560471983,-0.02906810241433932,6.061086004949769,6.870264856271882,1.868835490494456,-3.476343845759669,1.7940709196570577,BabyLM 350M — final layer,5.744323080805087,6.391166877523741
1.5324488154592222,-0.02906810241433932,5.952328843634337,6.870264856271882,1.868835490494456,-3.476343845759669,1.7940709196570577,BabyLM 350M — final layer,5.612102911087709,6.3043748784957465
1.6859660704464614,-0.02906810241433932,5.843571682318905,6.870264856271882,1.868835490494456,-3.476343845759669,1.7940709196570577,BabyLM 350M — final layer,5.47846323530408,6.222167496596987
1.839483325433701,-0.02906810241433932,5.734814521003473,6.870264856271882,1.868835490494456,-3.476343845759669,1.7940709196570577,BabyLM 350M — final layer,5.344426537014709,6.138070511913294
1.9930005804209403,-0.02906810241433932,5.626057359688041,6.870264856271882,1.868835490494456,-3.476343845759669,1.7940709196570577,BabyLM 350M — final layer,5.210136030514447,6.054794808484654
2.14651783540818,-0.02906810241433932,5.517300198372609,6.870264856271882,1.868835490494456,-3.476343845759669,1.7940709196570577,BabyLM 350M — final layer,5.077207519814678,5.971700015145388
2.300035090395419,-0.02906810241433932,5.408543037057177,6.870264856271882,1.868835490494456,-3.476343845759669,1.7940709196570577,BabyLM 350M — final layer,4.943299738351626,5.887877667659584
2.453552345382658,-0.02906810241433932,5.299785875741745,6.870264856271882,1.868835490494456,-3.476343845759669,1.7940709196570577,BabyLM 350M — final layer,4.810054313108929,5.8043053713441255
-1.9984480492472816,0.13851639961848683,8.372495190218537,6.870264856271882,1.868835490494456,-3.476343845759669,1.7940709196570577,BabyLM 350M — final layer,7.983928193474713,8.750942068745628
-1.8449307942600424,0.13851639961848683,8.258809024782849,6.870264856271882,1.868835490494456,-3.476343845759669,1.7940709196570577,BabyLM 350M — final layer,7.893264586165845,8.6136165249342
-1.6914135392728031,0.13851639961848683,8.145122859347163,6.870264856271882,1.868835490494456,-3.476343845759669,1.7940709196570577,BabyLM 350M — final layer,7.803854983606648,8.480074055832779
-1.537896284285564,0.13851639961848683,8.031436693911475,6.870264856271882,1.868835490494456,-3.476343845759669,1.7940709196570577,BabyLM 350M — final layer,7.714566328932357,8.343472630812657
-1.384379029298325,0.13851639961848683,7.917750528475788,6.870264856271882,1.868835490494456,-3.476343845759669,1.7940709196570577,BabyLM 350M — final layer,7.622106023318921,8.208950404851274
-1.2308617743110852,0.13851639961848683,7.8040643630401005,6.870264856271882,1.868835490494456,-3.476343845759669,1.7940709196570577,BabyLM 350M — final layer,7.528604277896494,8.074563283390024
-1.077344519323846,0.13851639961848683,7.690378197604414,6.870264856271882,1.868835490494456,-3.476343845759669,1.7940709196570577,BabyLM 350M — final layer,7.436454101309083,7.941900751242337
-0.9238272643366066,0.13851639961848683,7.576692032168727,6.870264856271882,1.868835490494456,-3.476343845759669,1.7940709196570577,BabyLM 350M — final layer,7.343962867926406,7.809878496634284
-0.7703100093493673,0.13851639961848683,7.463005866733039,6.870264856271882,1.868835490494456,-3.476343845759669,1.7940709196570577,BabyLM 350M — final layer,7.2482862472349066,7.680212766912808
-0.6167927543621281,0.13851639961848683,7.349319701297352,6.870264856271882,1.868835490494456,-3.476343845759669,1.7940709196570577,BabyLM 350M — final layer,7.149496715378435,7.5529242610503
-0.46327549937488866,0.13851639961848683,7.235633535861665,6.870264856271882,1.868835490494456,-3.476343845759669,1.7940709196570577,BabyLM 350M — final layer,7.047132577472259,7.425309305750487
-0.30975824438764943,0.13851639961848683,7.1219473704259775,6.870264856271882,1.868835490494456,-3.476343845759669,1.7940709196570577,BabyLM 350M — final layer,6.941783848392747,7.302812011292441
-0.1562409894004102,0.13851639961848683,7.008261204990291,6.870264856271882,1.868835490494456,-3.476343845759669,1.7940709196570577,BabyLM 350M — final layer,6.833251776402404,7.182707232665909
-0.00272373441317075,0.13851639961848683,6.894575039554603,6.870264856271882,1.868835490494456,-3.476343845759669,1.7940709196570577,BabyLM 350M — final layer,6.721991522687131,7.070740036282948
0.1507935205740687,0.13851639961848683,6.780888874118916,6.870264856271882,1.868835490494456,-3.476343845759669,1.7940709196570577,BabyLM 350M — final layer,6.606322845675755,6.96231880143863
0.3043107755613079,0.13851639961848683,6.667202708683229,6.870264856271882,1.868835490494456,-3.476343845759669,1.7940709196570577,BabyLM 350M — final layer,6.483331146500912,6.854563024351801
0.4578280305485471,0.13851639961848683,6.553516543247541,6.870264856271882,1.868835490494456,-3.476343845759669,1.7940709196570577,BabyLM 350M — final layer,6.359031906010152,6.749732706240321
0.6113452855357864,0.13851639961848683,6.439830377811854,6.870264856271882,1.868835490494456,-3.476343845759669,1.7940709196570577,BabyLM 350M — final layer,6.2336590125261315,6.648364351993083
0.7648625405230256,0.13851639961848683,6.3261442123761675,6.870264856271882,1.868835490494456,-3.476343845759669,1.7940709196570577,BabyLM 350M — final layer,6.105026545379972,6.551051054072679
0.9183797955102652,0.13851639961848683,6.21245804694048,6.870264856271882,1.868835490494456,-3.476343845759669,1.7940709196570577,BabyLM 350M — final layer,5.974230155739529,6.457071479272488
1.0718970504975045,0.13851639961848683,6.098771881504793,6.870264856271882,1.868835490494456,-3.476343845759669,1.7940709196570577,BabyLM 350M — final layer,5.843055028497979,6.362790569913955
1.2254143054847435,0.13851639961848683,5.985085716069106,6.870264856271882,1.868835490494456,-3.476343845759669,1.7940709196570577,BabyLM 350M — final layer,5.709672662544664,6.269058817225203
1.378931560471983,0.13851639961848683,5.871399550633418,6.870264856271882,1.868835490494456,-3.476343845759669,1.7940709196570577,BabyLM 350M — final layer,5.575037249947838,6.1780856879584665
1.5324488154592222,0.13851639961848683,5.757713385197731,6.870264856271882,1.868835490494456,-3.476343845759669,1.7940709196570577,BabyLM 350M — final layer,5.441571903647441,6.088709838008514
1.6859660704464614,0.13851639961848683,5.6440272197620445,6.870264856271882,1.868835490494456,-3.476343845759669,1.7940709196570577,BabyLM 350M — final layer,5.305703718002861,5.996893555183875
1.839483325433701,0.13851639961848683,5.530341054326357,6.870264856271882,1.868835490494456,-3.476343845759669,1.7940709196570577,BabyLM 350M — final layer,5.1684046971078175,5.905413632541596
1.9930005804209403,0.13851639961848683,5.41665488889067,6.870264856271882,1.868835490494456,-3.476343845759669,1.7940709196570577,BabyLM 350M — final layer,5.029802897083882,5.815101352832842
2.14651783540818,0.13851639961848683,5.302968723454982,6.870264856271882,1.868835490494456,-3.476343845759669,1.7940709196570577,BabyLM 350M — final layer,4.8910061177467785,5.724040849428354
2.300035090395419,0.13851639961848683,5.189282558019295,6.870264856271882,1.868835490494456,-3.476343845759669,1.7940709196570577,BabyLM 350M — final layer,4.75502535961932,5.635209278331412
2.453552345382658,0.13851639961848683,5.075596392583608,6.870264856271882,1.868835490494456,-3.476343845759669,1.7940709196570577,BabyLM 350M — final layer,4.6164545819527225,5.546486565340502
-1.9984480492472816,0.306100901651313,8.2912468265478,6.870264856271882,1.868835490494456,-3.476343845759669,1.7940709196570577,BabyLM 350M — final layer,7.891603561933899,8.679642433167256
-1.8449307942600424,0.306100901651313,8.172631656991857,6.870264856271882,1.868835490494456,-3.476343845759669,1.7940709196570577,BabyLM 350M — final layer,7.797182575429938,8.539262372190933
-1.6914135392728031,0.306100901651313,8.054016487435916,6.870264856271882,1.868835490494456,-3.476343845759669,1.7940709196570577,BabyLM 350M — final layer,7.702543209197533,8.397462786892019
-1.537896284285564,0.306100901651313,7.935401317879974,6.870264856271882,1.868835490494456,-3.476343845759669,1.7940709196570577,BabyLM 350M — final layer,7.606114875049073,8.258838438523501
-1.384379029298325,0.306100901651313,7.816786148324031,6.870264856271882,1.868835490494456,-3.476343845759669,1.7940709196570577,BabyLM 350M — final layer,7.507365968951811,8.1198678958387
-1.2308617743110852,0.306100901651313,7.698170978768088,6.870264856271882,1.868835490494456,-3.476343845759669,1.7940709196570577,BabyLM 350M — final layer,7.410584554619604,7.981288205187115
-1.077344519323846,0.306100901651313,7.579555809212146,6.870264856271882,1.868835490494456,-3.476343845759669,1.7940709196570577,BabyLM 350M — final layer,7.314908151063327,7.8422680228713215
-0.9238272643366066,0.306100901651313,7.4609406396562035,6.870264856271882,1.868835490494456,-3.476343845759669,1.7940709196570577,BabyLM 350M — final layer,7.216721916817594,7.706615504303405
-0.7703100093493673,0.306100901651313,7.342325470100262,6.870264856271882,1.868835490494456,-3.476343845759669,1.7940709196570577,BabyLM 350M — final layer,7.114945294668123,7.5715728246855765
-0.6167927543621281,0.306100901651313,7.223710300544319,6.870264856271882,1.868835490494456,-3.476343845759669,1.7940709196570577,BabyLM 350M — final layer,7.0140410936912145,7.437847112887994
-0.46327549937488866,0.306100901651313,7.105095130988376,6.870264856271882,1.868835490494456,-3.476343845759669,1.7940709196570577,BabyLM 350M — final layer,6.908616080404603,7.305865994146202
-0.30975824438764943,0.306100901651313,6.986479961432434,6.870264856271882,1.868835490494456,-3.476343845759669,1.7940709196570577,BabyLM 350M — final layer,6.798570927414743,7.175563805781239
-0.1562409894004102,0.306100901651313,6.8678647918764915,6.870264856271882,1.868835490494456,-3.476343845759669,1.7940709196570577,BabyLM 350M — final layer,6.687429964668696,7.0518850625224205
-0.00272373441317075,0.306100901651313,6.74924962232055,6.870264856271882,1.868835490494456,-3.476343845759669,1.7940709196570577,BabyLM 350M — final layer,6.570695525445551,6.931884772804786
0.1507935205740687,0.306100901651313,6.630634452764607,6.870264856271882,1.868835490494456,-3.476343845759669,1.7940709196570577,BabyLM 350M — final layer,6.453556242264976,6.814166610534488
0.3043107755613079,0.306100901651313,6.512019283208664,6.870264856271882,1.868835490494456,-3.476343845759669,1.7940709196570577,BabyLM 350M — final layer,6.330576268815735,6.701491698610739
0.4578280305485471,0.306100901651313,6.393404113652722,6.870264856271882,1.868835490494456,-3.476343845759669,1.7940709196570577,BabyLM 350M — final layer,6.202875587173859,6.589345193984202
0.6113452855357864,0.306100901651313,6.2747889440967795,6.870264856271882,1.868835490494456,-3.476343845759669,1.7940709196570577,BabyLM 350M — final layer,6.072203785193251,6.481136310921496
0.7648625405230256,0.306100901651313,6.156173774540838,6.870264856271882,1.868835490494456,-3.476343845759669,1.7940709196570577,BabyLM 350M — final layer,5.939655733338202,6.3756756840862545
0.9183797955102652,0.306100901651313,6.037558604984895,6.870264856271882,1.868835490494456,-3.476343845759669,1.7940709196570577,BabyLM 350M — final layer,5.807125980857265,6.272749232962187
1.0718970504975045,0.306100901651313,5.918943435428952,6.870264856271882,1.868835490494456,-3.476343845759669,1.7940709196570577,BabyLM 350M — final layer,5.672417354059906,6.171554870329904
1.2254143054847435,0.306100901651313,5.80032826587301,6.870264856271882,1.868835490494456,-3.476343845759669,1.7940709196570577,BabyLM 350M — final layer,5.534281592568089,6.071188769682458
1.378931560471983,0.306100901651313,5.6817130963170674,6.870264856271882,1.868835490494456,-3.476343845759669,1.7940709196570577,BabyLM 350M — final layer,5.397444418470306,5.973229316415438
1.5324488154592222,0.306100901651313,5.563097926761126,6.870264856271882,1.868835490494456,-3.476343845759669,1.7940709196570577,BabyLM 350M — final layer,5.2557125424128,5.87597241933272
1.6859660704464614,0.306100901651313,5.444482757205183,6.870264856271882,1.868835490494456,-3.476343845759669,1.7940709196570577,BabyLM 350M — final layer,5.1154523520915145,5.778864577757261
1.839483325433701,0.306100901651313,5.32586758764924,6.870264856271882,1.868835490494456,-3.476343845759669,1.7940709196570577,BabyLM 350M — final layer,4.974116448120069,5.684444115919662
1.9930005804209403,0.306100901651313,5.207252418093298,6.870264856271882,1.868835490494456,-3.476343845759669,1.7940709196570577,BabyLM 350M — final layer,4.834994912801131,5.590141518894975
2.14651783540818,0.306100901651313,5.088637248537355,6.870264856271882,1.868835490494456,-3.476343845759669,1.7940709196570577,BabyLM 350M — final layer,4.693116580252213,5.496409370192296
2.300035090395419,0.306100901651313,4.970022078981414,6.870264856271882,1.868835490494456,-3.476343845759669,1.7940709196570577,BabyLM 350M — final layer,4.551849785332787,5.401181725111519
2.453552345382658,0.306100901651313,4.851406909425471,6.870264856271882,1.868835490494456,-3.476343845759669,1.7940709196570577,BabyLM 350M — final layer,4.410778458269101,5.3056680889329515
-1.9984480492472816,0.47368540368413914,8.209998462877063,6.870264856271882,1.868835490494456,-3.476343845759669,1.7940709196570577,BabyLM 350M — final layer,7.796706660327977,8.613382245394135
-1.8449307942600424,0.47368540368413914,8.086454289200866,6.870264856271882,1.868835490494456,-3.476343845759669,1.7940709196570577,BabyLM 350M — final layer,7.697627862436564,8.467582182706595
-1.6914135392728031,0.47368540368413914,7.962910115524669,6.870264856271882,1.868835490494456,-3.476343845759669,1.7940709196570577,BabyLM 350M — final layer,7.596291429905251,8.322904275598189
-1.537896284285564,0.47368540368413914,7.839365941848471,6.870264856271882,1.868835490494456,-3.476343845759669,1.7940709196570577,BabyLM 350M — final layer,7.4953291429308075,8.178483913532641
-1.384379029298325,0.47368540368413914,7.715821768172273,6.870264856271882,1.868835490494456,-3.476343845759669,1.7940709196570577,BabyLM 350M — final layer,7.392508411638987,8.03423318863099
-1.2308617743110852,0.47368540368413914,7.592277594496076,6.870264856271882,1.868835490494456,-3.476343845759669,1.7940709196570577,BabyLM 350M — final layer,7.2924502034103815,7.890100138102346
-1.077344519323846,0.47368540368413914,7.468733420819878,6.870264856271882,1.868835490494456,-3.476343845759669,1.7940709196570577,BabyLM 350M — final layer,7.190043884940156,7.747918009430701
-0.9238272643366066,0.47368540368413914,7.34518924714368,6.870264856271882,1.868835490494456,-3.476343845759669,1.7940709196570577,BabyLM 350M — final layer,7.086449307382205,7.608033401409177
-0.7703100093493673,0.47368540368413914,7.221645073467483,6.870264856271882,1.868835490494456,-3.476343845759669,1.7940709196570577,BabyLM 350M — final layer,6.981519091915662,7.466503487659036
-0.6167927543621281,0.47368540368413914,7.0981008997912856,6.870264856271882,1.868835490494456,-3.476343845759669,1.7940709196570577,BabyLM 350M — final layer,6.872743200534534,7.326558124618935
-0.46327549937488866,0.47368540368413914,6.974556726115088,6.870264856271882,1.868835490494456,-3.476343845759669,1.7940709196570577,BabyLM 350M — final layer,6.764836219211495,7.188468514224957
-0.30975824438764943,0.47368540368413914,6.85101255243889,6.870264856271882,1.868835490494456,-3.476343845759669,1.7940709196570577,BabyLM 350M — final layer,6.651575396037598,7.052573064189228
-0.1562409894004102,0.47368540368413914,6.727468378762693,6.870264856271882,1.868835490494456,-3.476343845759669,1.7940709196570577,BabyLM 350M — final layer,6.536491349082121,6.923760468344346
-0.00272373441317075,0.47368540368413914,6.6039242050864955,6.870264856271882,1.868835490494456,-3.476343845759669,1.7940709196570577,BabyLM 350M — final layer,6.4172449972237295,6.795382314788279
0.1507935205740687,0.47368540368413914,6.480380031410298,6.870264856271882,1.868835490494456,-3.476343845759669,1.7940709196570577,BabyLM 350M — final layer,6.295986779734919,6.671053557602366
0.3043107755613079,0.47368540368413914,6.3568358577341,6.870264856271882,1.868835490494456,-3.476343845759669,1.7940709196570577,BabyLM 350M — final layer,6.169284578333443,6.552453661690575
0.4578280305485471,0.47368540368413914,6.233291684057902,6.870264856271882,1.868835490494456,-3.476343845759669,1.7940709196570577,BabyLM 350M — final layer,6.0389568694353155,6.433592417221131
0.6113452855357864,0.47368540368413914,6.1097475103817045,6.870264856271882,1.868835490494456,-3.476343845759669,1.7940709196570577,BabyLM 350M — final layer,5.906619090839105,6.317777555931214
0.7648625405230256,0.47368540368413914,5.986203336705508,6.870264856271882,1.868835490494456,-3.476343845759669,1.7940709196570577,BabyLM 350M — final layer,5.7689804017968775,6.206618941702633
0.9183797955102652,0.47368540368413914,5.86265916302931,6.870264856271882,1.868835490494456,-3.476343845759669,1.7940709196570577,BabyLM 350M — final layer,5.632647485218719,6.098522531828282
1.0718970504975045,0.47368540368413914,5.739114989353112,6.870264856271882,1.868835490494456,-3.476343845759669,1.7940709196570577,BabyLM 350M — final layer,5.492127585236247,5.9913787736462805
1.2254143054847435,0.47368540368413914,5.615570815676914,6.870264856271882,1.868835490494456,-3.476343845759669,1.7940709196570577,BabyLM 350M — final layer,5.351543533068832,5.886424894215561
1.378931560471983,0.47368540368413914,5.492026642000717,6.870264856271882,1.868835490494456,-3.476343845759669,1.7940709196570577,BabyLM 350M — final layer,5.2082248268560765,5.779751597389702
1.5324488154592222,0.47368540368413914,5.36848246832452,6.870264856271882,1.868835490494456,-3.476343845759669,1.7940709196570577,BabyLM 350M — final layer,5.065047517912554,5.6794166885385575
1.6859660704464614,0.47368540368413914,5.244938294648322,6.870264856271882,1.868835490494456,-3.476343845759669,1.7940709196570577,BabyLM 350M — final layer,4.918630369768041,5.577986766041079
1.839483325433701,0.47368540368413914,5.121394120972124,6.870264856271882,1.868835490494456,-3.476343845759669,1.7940709196570577,BabyLM 350M — final layer,4.771845631415929,5.478897478988458
1.9930005804209403,0.47368540368413914,4.997849947295927,6.870264856271882,1.868835490494456,-3.476343845759669,1.7940709196570577,BabyLM 350M — final layer,4.6261906448960275,5.379139198052837
2.14651783540818,0.47368540368413914,4.874305773619728,6.870264856271882,1.868835490494456,-3.476343845759669,1.7940709196570577,BabyLM 350M — final layer,4.481892719938049,5.278895470444794
2.300035090395419,0.47368540368413914,4.750761599943531,6.870264856271882,1.868835490494456,-3.476343845759669,1.7940709196570577,BabyLM 350M — final layer,4.333926624247708,5.179331056036137
2.453552345382658,0.47368540368413914,4.627217426267333,6.870264856271882,1.868835490494456,-3.476343845759669,1.7940709196570577,BabyLM 350M — final layer,4.189175359339245,5.080865415319121
-1.9984480492472816,0.6412699057169653,8.128750099206327,6.870264856271882,1.868835490494456,-3.476343845759669,1.7940709196570577,BabyLM 350M — final layer,7.692126682651349,8.555172111595622
-1.8449307942600424,0.6412699057169653,8.000276921409874,6.870264856271882,1.868835490494456,-3.476343845759669,1.7940709196570577,BabyLM 350M — final layer,7.588383094144157,8.403852028205543
-1.6914135392728031,0.6412699057169653,7.871803743613421,6.870264856271882,1.868835490494456,-3.476343845759669,1.7940709196570577,BabyLM 350M — final layer,7.4829586846066745,8.253719834866919
-1.537896284285564,0.6412699057169653,7.743330565816969,6.870264856271882,1.868835490494456,-3.476343845759669,1.7940709196570577,BabyLM 350M — final layer,7.378592106208765,8.103529766869713
-1.384379029298325,0.6412699057169653,7.614857388020516,6.870264856271882,1.868835490494456,-3.476343845759669,1.7940709196570577,BabyLM 350M — final layer,7.271831843283342,7.953834097692375
-1.2308617743110852,0.6412699057169653,7.486384210224063,6.870264856271882,1.868835490494456,-3.476343845759669,1.7940709196570577,BabyLM 350M — final layer,7.168097564419222,7.805941598136704
-1.077344519323846,0.6412699057169653,7.3579110324276105,6.870264856271882,1.868835490494456,-3.476343845759669,1.7940709196570577,BabyLM 350M — final layer,7.05928715418532,7.657521479811532
-0.9238272643366066,0.6412699057169653,7.229437854631158,6.870264856271882,1.868835490494456,-3.476343845759669,1.7940709196570577,BabyLM 350M — final layer,6.950659730830407,7.510136518654111
-0.7703100093493673,0.6412699057169653,7.100964676834705,6.870264856271882,1.868835490494456,-3.476343845759669,1.7940709196570577,BabyLM 350M — final layer,6.842170771346975,7.364351499213049
-0.6167927543621281,0.6412699057169653,6.972491499038252,6.870264856271882,1.868835490494456,-3.476343845759669,1.7940709196570577,BabyLM 350M — final layer,6.729771440016393,7.217915302344933
-0.46327549937488866,0.6412699057169653,6.8440183212417995,6.870264856271882,1.868835490494456,-3.476343845759669,1.7940709196570577,BabyLM 350M — final layer,6.6196326713381275,7.074790645742385
-0.30975824438764943,0.6412699057169653,6.715545143445347,6.870264856271882,1.868835490494456,-3.476343845759669,1.7940709196570577,BabyLM 350M — final layer,6.502014355684013,6.935508086610383
-0.1562409894004102,0.6412699057169653,6.587071965648894,6.870264856271882,1.868835490494456,-3.476343845759669,1.7940709196570577,BabyLM 350M — final layer,6.381676450293895,6.800399983759432
-0.00272373441317075,0.6412699057169653,6.458598787852441,6.870264856271882,1.868835490494456,-3.476343845759669,1.7940709196570577,BabyLM 350M — final layer,6.258351347822232,6.666291562617602
0.1507935205740687,0.6412699057169653,6.330125610055988,6.870264856271882,1.868835490494456,-3.476343845759669,1.7940709196570577,BabyLM 350M — final layer,6.132043273341006,6.535059244298812
0.3043107755613079,0.6412699057169653,6.201652432259535,6.870264856271882,1.868835490494456,-3.476343845759669,1.7940709196570577,BabyLM 350M — final layer,6.000775612159601,6.406595114236033
0.4578280305485471,0.6412699057169653,6.073179254463083,6.870264856271882,1.868835490494456,-3.476343845759669,1.7940709196570577,BabyLM 350M — final layer,5.868268199529272,6.280440059054197
0.6113452855357864,0.6412699057169653,5.94470607666663,6.870264856271882,1.868835490494456,-3.476343845759669,1.7940709196570577,BabyLM 350M — final layer,5.730606483467256,6.163083743992533
0.7648625405230256,0.6412699057169653,5.816232898870178,6.870264856271882,1.868835490494456,-3.476343845759669,1.7940709196570577,BabyLM 350M — final layer,5.59133276221723,6.0479062377150266
0.9183797955102652,0.6412699057169653,5.687759721073724,6.870264856271882,1.868835490494456,-3.476343845759669,1.7940709196570577,BabyLM 350M — final layer,5.449099604841048,5.932370945974902
1.0718970504975045,0.6412699057169653,5.559286543277271,6.870264856271882,1.868835490494456,-3.476343845759669,1.7940709196570577,BabyLM 350M — final layer,5.303028271028349,5.821700387963346
1.2254143054847435,0.6412699057169653,5.430813365480819,6.870264856271882,1.868835490494456,-3.476343845759669,1.7940709196570577,BabyLM 350M — final layer,5.155999229431562,5.71229375878951
1.378931560471983,0.6412699057169653,5.302340187684366,6.870264856271882,1.868835490494456,-3.476343845759669,1.7940709196570577,BabyLM 350M — final layer,5.0073840649611325,5.602009745848919
1.5324488154592222,0.6412699057169653,5.173867009887913,6.870264856271882,1.868835490494456,-3.476343845759669,1.7940709196570577,BabyLM 350M — final layer,4.860503166403735,5.492477105480097
1.6859660704464614,0.6412699057169653,5.04539383209146,6.870264856271882,1.868835490494456,-3.476343845759669,1.7940709196570577,BabyLM 350M — final layer,4.71050889137369,5.386998273628168
1.839483325433701,0.6412699057169653,4.916920654295008,6.870264856271882,1.868835490494456,-3.476343845759669,1.7940709196570577,BabyLM 350M — final layer,4.557765031881692,5.281878865346591
1.9930005804209403,0.6412699057169653,4.788447476498555,6.870264856271882,1.868835490494456,-3.476343845759669,1.7940709196570577,BabyLM 350M — final layer,4.405877104797384,5.178217316088041
2.14651783540818,0.6412699057169653,4.659974298702101,6.870264856271882,1.868835490494456,-3.476343845759669,1.7940709196570577,BabyLM 350M — final layer,4.25434408789462,5.074260572116243
2.300035090395419,0.6412699057169653,4.5315011209056495,6.870264856271882,1.868835490494456,-3.476343845759669,1.7940709196570577,BabyLM 350M — final layer,4.100662430357381,4.971081040945546
2.453552345382658,0.6412699057169653,4.403027943109197,6.870264856271882,1.868835490494456,-3.476343845759669,1.7940709196570577,BabyLM 350M — final layer,3.947305186870642,4.8671463399709625
-1.9984480492472816,0.8088544077497914,8.04750173553559,6.870264856271882,1.868835490494456,-3.476343845759669,1.7940709196570577,BabyLM 350M — final layer,7.57978906996178,8.505850805592209
-1.8449307942600424,0.8088544077497914,7.9140995536188825,6.870264856271882,1.868835490494456,-3.476343845759669,1.7940709196570577,BabyLM 350M — final layer,7.4723161576079224,8.347855147357079
-1.6914135392728031,0.8088544077497914,7.780697371702175,6.870264856271882,1.868835490494456,-3.476343845759669,1.7940709196570577,BabyLM 350M — final layer,7.364980694958781,8.189445279632722
-1.537896284285564,0.8088544077497914,7.647295189785467,6.870264856271882,1.868835490494456,-3.476343845759669,1.7940709196570577,BabyLM 350M — final layer,7.2572344092758865,8.033021035521209
-1.384379029298325,0.8088544077497914,7.513893007868759,6.870264856271882,1.868835490494456,-3.476343845759669,1.7940709196570577,BabyLM 350M — final layer,7.149048447188741,7.87753647447569
-1.2308617743110852,0.8088544077497914,7.380490825952051,6.870264856271882,1.868835490494456,-3.476343845759669,1.7940709196570577,BabyLM 350M — final layer,7.037058849526124,7.722021238559093
-1.077344519323846,0.8088544077497914,7.247088644035343,6.870264856271882,1.868835490494456,-3.476343845759669,1.7940709196570577,BabyLM 350M — final layer,6.925598003873385,7.569398535294937
-0.9238272643366066,0.8088544077497914,7.113686462118634,6.870264856271882,1.868835490494456,-3.476343845759669,1.7940709196570577,BabyLM 350M — final layer,6.812438050829309,7.415203951556499
-0.7703100093493673,0.8088544077497914,6.980284280201927,6.870264856271882,1.868835490494456,-3.476343845759669,1.7940709196570577,BabyLM 350M — final layer,6.699621563941593,7.261759750994444
-0.6167927543621281,0.8088544077497914,6.846882098285219,6.870264856271882,1.868835490494456,-3.476343845759669,1.7940709196570577,BabyLM 350M — final layer,6.583314677155159,7.1116260251166965
-0.46327549937488866,0.8088544077497914,6.713479916368511,6.870264856271882,1.868835490494456,-3.476343845759669,1.7940709196570577,BabyLM 350M — final layer,6.4676438138740915,6.9643461292678195
-0.30975824438764943,0.8088544077497914,6.580077734451803,6.870264856271882,1.868835490494456,-3.476343845759669,1.7940709196570577,BabyLM 350M — final layer,6.347182503066837,6.820691749944276
-0.1562409894004102,0.8088544077497914,6.446675552535095,6.870264856271882,1.868835490494456,-3.476343845759669,1.7940709196570577,BabyLM 350M — final layer,6.223271685094834,6.680831502945018
-0.00272373441317075,0.8088544077497914,6.313273370618387,6.870264856271882,1.868835490494456,-3.476343845759669,1.7940709196570577,BabyLM 350M — final layer,6.092944760145361,6.539671739825975
0.1507935205740687,0.8088544077497914,6.179871188701679,6.870264856271882,1.868835490494456,-3.476343845759669,1.7940709196570577,BabyLM 350M — final layer,5.964645426229474,6.401407182457307
0.3043107755613079,0.8088544077497914,6.046469006784971,6.870264856271882,1.868835490494456,-3.476343845759669,1.7940709196570577,BabyLM 350M — final layer,5.8302187633340505,6.267997050611466
0.4578280305485471,0.8088544077497914,5.913066824868263,6.870264856271882,1.868835490494456,-3.476343845759669,1.7940709196570577,BabyLM 350M — final layer,5.692593658326506,6.138340692209718
0.6113452855357864,0.8088544077497914,5.7796646429515555,6.870264856271882,1.868835490494456,-3.476343845759669,1.7940709196570577,BabyLM 350M — final layer,5.547411684593576,6.012419320288799
0.7648625405230256,0.8088544077497914,5.646262461034847,6.870264856271882,1.868835490494456,-3.476343845759669,1.7940709196570577,BabyLM 350M — final layer,5.401616996285441,5.8908064543783265
0.9183797955102652,0.8088544077497914,5.512860279118139,6.870264856271882,1.868835490494456,-3.476343845759669,1.7940709196570577,BabyLM 350M — final layer,5.2530881255855135,5.775226215557596
1.0718970504975045,0.8088544077497914,5.379458097201431,6.870264856271882,1.868835490494456,-3.476343845759669,1.7940709196570577,BabyLM 350M — final layer,5.102486398079657,5.661178560740677
1.2254143054847435,0.8088544077497914,5.246055915284724,6.870264856271882,1.868835490494456,-3.476343845759669,1.7940709196570577,BabyLM 350M — final layer,4.952564890354053,5.545611987377035
1.378931560471983,0.8088544077497914,5.112653733368015,6.870264856271882,1.868835490494456,-3.476343845759669,1.7940709196570577,BabyLM 350M — final layer,4.798965309950303,5.433409024204534
1.5324488154592222,0.8088544077497914,4.979251551451307,6.870264856271882,1.868835490494456,-3.476343845759669,1.7940709196570577,BabyLM 350M — final layer,4.643673255897534,5.324015309074587
1.6859660704464614,0.8088544077497914,4.8458493695346,6.870264856271882,1.868835490494456,-3.476343845759669,1.7940709196570577,BabyLM 350M — final layer,4.4835019303199095,5.210651558061969
1.839483325433701,0.8088544077497914,4.712447187617891,6.870264856271882,1.868835490494456,-3.476343845759669,1.7940709196570577,BabyLM 350M — final layer,4.326564699874265,5.102065684556599
1.9930005804209403,0.8088544077497914,4.579045005701183,6.870264856271882,1.868835490494456,-3.476343845759669,1.7940709196570577,BabyLM 350M — final layer,4.168488704202933,4.99531067789317
2.14651783540818,0.8088544077497914,4.445642823784475,6.870264856271882,1.868835490494456,-3.476343845759669,1.7940709196570577,BabyLM 350M — final layer,4.010610390949701,4.889720433181654
2.300035090395419,0.8088544077497914,4.312240641867767,6.870264856271882,1.868835490494456,-3.476343845759669,1.7940709196570577,BabyLM 350M — final layer,3.852897783404453,4.78389233485244
2.453552345382658,0.8088544077497914,4.178838459951059,6.870264856271882,1.868835490494456,-3.476343845759669,1.7940709196570577,BabyLM 350M — final layer,3.6934354835037326,4.674082050210107
-1.9984480492472816,0.976438909782618,7.966253371864854,6.870264856271882,1.868835490494456,-3.476343845759669,1.7940709196570577,BabyLM 350M — final layer,7.464246877683613,8.457607347688246
-1.8449307942600424,0.976438909782618,7.827922185827891,6.870264856271882,1.868835490494456,-3.476343845759669,1.7940709196570577,BabyLM 350M — final layer,7.355055503243408,8.296676519863102
-1.6914135392728031,0.976438909782618,7.689590999790927,6.870264856271882,1.868835490494456,-3.476343845759669,1.7940709196570577,BabyLM 350M — final layer,7.24419254909128,8.129974387937969
-1.537896284285564,0.976438909782618,7.551259813753965,6.870264856271882,1.868835490494456,-3.476343845759669,1.7940709196570577,BabyLM 350M — final layer,7.131171577563557,7.963921209247796
-1.384379029298325,0.976438909782618,7.412928627717001,6.870264856271882,1.868835490494456,-3.476343845759669,1.7940709196570577,BabyLM 350M — final layer,7.019485147852027,7.802737987675986
-1.2308617743110852,0.976438909782618,7.274597441680038,6.870264856271882,1.868835490494456,-3.476343845759669,1.7940709196570577,BabyLM 350M — final layer,6.905411241735264,7.644501957279936
-1.077344519323846,0.976438909782618,7.136266255643075,6.870264856271882,1.868835490494456,-3.476343845759669,1.7940709196570577,BabyLM 350M — final layer,6.789239181685477,7.483570975655967
-0.9238272643366066,0.976438909782618,6.997935069606111,6.870264856271882,1.868835490494456,-3.476343845759669,1.7940709196570577,BabyLM 350M — final layer,6.673435097760866,7.323815189296861
-0.7703100093493673,0.976438909782618,6.859603883569148,6.870264856271882,1.868835490494456,-3.476343845759669,1.7940709196570577,BabyLM 350M — final layer,6.556623850425745,7.165566299895289
-0.6167927543621281,0.976438909782618,6.721272697532186,6.870264856271882,1.868835490494456,-3.476343845759669,1.7940709196570577,BabyLM 350M — final layer,6.4382472016223335,7.009204439069858
-0.46327549937488866,0.976438909782618,6.582941511495222,6.870264856271882,1.868835490494456,-3.476343845759669,1.7940709196570577,BabyLM 350M — final layer,6.317349950044385,6.854637765673949
-0.30975824438764943,0.976438909782618,6.4446103254582585,6.870264856271882,1.868835490494456,-3.476343845759669,1.7940709196570577,BabyLM 350M — final layer,6.1908894769882314,6.705581355208516
-0.1562409894004102,0.976438909782618,6.306279139421296,6.870264856271882,1.868835490494456,-3.476343845759669,1.7940709196570577,BabyLM 350M — final layer,6.063045190732648,6.556731460984369
-0.00272373441317075,0.976438909782618,6.167947953384332,6.870264856271882,1.868835490494456,-3.476343845759669,1.7940709196570577,BabyLM 350M — final layer,5.931553890098547,6.412853759495875
0.1507935205740687,0.976438909782618,6.0296167673473695,6.870264856271882,1.868835490494456,-3.476343845759669,1.7940709196570577,BabyLM 350M — final layer,5.793765884582978,6.272032136900098
0.3043107755613079,0.976438909782618,5.891285581310406,6.870264856271882,1.868835490494456,-3.476343845759669,1.7940709196570577,BabyLM 350M — final layer,5.655130020440957,6.134126085499864
0.4578280305485471,0.976438909782618,5.752954395273443,6.870264856271882,1.868835490494456,-3.476343845759669,1.7940709196570577,BabyLM 350M — final layer,5.509865545900925,5.998308213150682
0.6113452855357864,0.976438909782618,5.61462320923648,6.870264856271882,1.868835490494456,-3.476343845759669,1.7940709196570577,BabyLM 350M — final layer,5.361033549990823,5.871223397062401
0.7648625405230256,0.976438909782618,5.476292023199517,6.870264856271882,1.868835490494456,-3.476343845759669,1.7940709196570577,BabyLM 350M — final layer,5.208907090614348,5.745231364513268
0.9183797955102652,0.976438909782618,5.337960837162553,6.870264856271882,1.868835490494456,-3.476343845759669,1.7940709196570577,BabyLM 350M — final layer,5.054653118198545,5.623354226673632
1.0718970504975045,0.976438909782618,5.199629651125591,6.870264856271882,1.868835490494456,-3.476343845759669,1.7940709196570577,BabyLM 350M — final layer,4.897857397007497,5.503846887017673
1.2254143054847435,0.976438909782618,5.061298465088627,6.870264856271882,1.868835490494456,-3.476343845759669,1.7940709196570577,BabyLM 350M — final layer,4.737075215985538,5.388654221602092
1.378931560471983,0.976438909782618,4.922967279051664,6.870264856271882,1.868835490494456,-3.476343845759669,1.7940709196570577,BabyLM 350M — final layer,4.57794934894515,5.27141553035682
1.5324488154592222,0.976438909782618,4.784636093014701,6.870264856271882,1.868835490494456,-3.476343845759669,1.7940709196570577,BabyLM 350M — final layer,4.41380031184012,5.157378623193437
1.6859660704464614,0.976438909782618,4.646304906977738,6.870264856271882,1.868835490494456,-3.476343845759669,1.7940709196570577,BabyLM 350M — final layer,4.250754278908749,5.045354260340141
1.839483325433701,0.976438909782618,4.507973720940774,6.870264856271882,1.868835490494456,-3.476343845759669,1.7940709196570577,BabyLM 350M — final layer,4.086467565188349,4.933521881916265
1.9930005804209403,0.976438909782618,4.369642534903811,6.870264856271882,1.868835490494456,-3.476343845759669,1.7940709196570577,BabyLM 350M — final layer,3.9220395197979463,4.822010888922626
2.14651783540818,0.976438909782618,4.231311348866847,6.870264856271882,1.868835490494456,-3.476343845759669,1.7940709196570577,BabyLM 350M — final layer,3.755347676065051,4.711844732453929
2.300035090395419,0.976438909782618,4.0929801628298845,6.870264856271882,1.868835490494456,-3.476343845759669,1.7940709196570577,BabyLM 350M — final layer,3.5892954623321214,4.604614457657162
2.453552345382658,0.976438909782618,3.954648976792922,6.870264856271882,1.868835490494456,-3.476343845759669,1.7940709196570577,BabyLM 350M — final layer,3.4227525863113413,4.4934374918215285
-1.9984480492472816,1.1440234118154442,7.885005008194117,6.870264856271882,1.868835490494456,-3.476343845759669,1.7940709196570577,BabyLM 350M — final layer,7.347921981425371,8.415342503989253
-1.8449307942600424,1.1440234118154442,7.741744818036898,6.870264856271882,1.868835490494456,-3.476343845759669,1.7940709196570577,BabyLM 350M — final layer,7.232865105411022,8.244804873156975
-1.6914135392728031,1.1440234118154442,7.598484627879681,6.870264856271882,1.868835490494456,-3.476343845759669,1.7940709196570577,BabyLM 350M — final layer,7.119660625305296,8.072872312779616
-1.537896284285564,1.1440234118154442,7.455224437722462,6.870264856271882,1.868835490494456,-3.476343845759669,1.7940709196570577,BabyLM 350M — final layer,7.0038911225494065,7.89808752522085
-1.384379029298325,1.1440234118154442,7.311964247565244,6.870264856271882,1.868835490494456,-3.476343845759669,1.7940709196570577,BabyLM 350M — final layer,6.887333193103822,7.7291092382029545
-1.2308617743110852,1.1440234118154442,7.168704057408026,6.870264856271882,1.868835490494456,-3.476343845759669,1.7940709196570577,BabyLM 350M — final layer,6.771584681563117,7.564026780771221
-1.077344519323846,1.1440234118154442,7.025443867250807,6.870264856271882,1.868835490494456,-3.476343845759669,1.7940709196570577,BabyLM 350M — final layer,6.654413297314052,7.398444587465693
-0.9238272643366066,1.1440234118154442,6.882183677093589,6.870264856271882,1.868835490494456,-3.476343845759669,1.7940709196570577,BabyLM 350M — final layer,6.53353163998563,7.233889990735418
-0.7703100093493673,1.1440234118154442,6.73892348693637,6.870264856271882,1.868835490494456,-3.476343845759669,1.7940709196570577,BabyLM 350M — final layer,6.411688495906247,7.070923799213742
-0.6167927543621281,1.1440234118154442,6.595663296779152,6.870264856271882,1.868835490494456,-3.476343845759669,1.7940709196570577,BabyLM 350M — final layer,6.289715523788449,6.905956245090225
-0.46327549937488866,1.1440234118154442,6.452403106621934,6.870264856271882,1.868835490494456,-3.476343845759669,1.7940709196570577,BabyLM 350M — final layer,6.164765269096057,6.747833452439133
-0.30975824438764943,1.1440234118154442,6.309142916464715,6.870264856271882,1.868835490494456,-3.476343845759669,1.7940709196570577,BabyLM 350M — final layer,6.0349056207361,6.59027575259166
-0.1562409894004102,1.1440234118154442,6.165882726307497,6.870264856271882,1.868835490494456,-3.476343845759669,1.7940709196570577,BabyLM 350M — final layer,5.901959811992148,6.437327991069911
-0.00272373441317075,1.1440234118154442,6.022622536150278,6.870264856271882,1.868835490494456,-3.476343845759669,1.7940709196570577,BabyLM 350M — final layer,5.7662061622135585,6.287302784723073
0.1507935205740687,1.1440234118154442,5.87936234599306,6.870264856271882,1.868835490494456,-3.476343845759669,1.7940709196570577,BabyLM 350M — final layer,5.623103173812534,6.1438207166881105
0.3043107755613079,1.1440234118154442,5.736102155835842,6.870264856271882,1.868835490494456,-3.476343845759669,1.7940709196570577,BabyLM 350M — final layer,5.47871710646042,6.002939708596737
0.4578280305485471,1.1440234118154442,5.592841965678623,6.870264856271882,1.868835490494456,-3.476343845759669,1.7940709196570577,BabyLM 350M — final layer,5.323544395589578,5.865913286015517
0.6113452855357864,1.1440234118154442,5.449581775521405,6.870264856271882,1.868835490494456,-3.476343845759669,1.7940709196570577,BabyLM 350M — final layer,5.169598182263939,5.729192901351066
0.7648625405230256,1.1440234118154442,5.306321585364187,6.870264856271882,1.868835490494456,-3.476343845759669,1.7940709196570577,BabyLM 350M — final layer,5.01239970870942,5.603267938495249
0.9183797955102652,1.1440234118154442,5.163061395206968,6.870264856271882,1.868835490494456,-3.476343845759669,1.7940709196570577,BabyLM 350M — final layer,4.850097181434668,5.477741245785314
1.0718970504975045,1.1440234118154442,5.01980120504975,6.870264856271882,1.868835490494456,-3.476343845759669,1.7940709196570577,BabyLM 350M — final layer,4.686377766994718,5.354843709617637
1.2254143054847435,1.1440234118154442,4.876541014892532,6.870264856271882,1.868835490494456,-3.476343845759669,1.7940709196570577,BabyLM 350M — final layer,4.520193561687075,5.235462054806701
1.378931560471983,1.1440234118154442,4.7332808247353135,6.870264856271882,1.868835490494456,-3.476343845759669,1.7940709196570577,BabyLM 350M — final layer,4.352700527849655,5.1160493381522025
1.5324488154592222,1.1440234118154442,4.590020634578095,6.870264856271882,1.868835490494456,-3.476343845759669,1.7940709196570577,BabyLM 350M — final layer,4.184709557187058,5.001620715996663
1.6859660704464614,1.1440234118154442,4.446760444420876,6.870264856271882,1.868835490494456,-3.476343845759669,1.7940709196570577,BabyLM 350M — final layer,4.013428787230646,4.885998323022875
1.839483325433701,1.1440234118154442,4.303500254263658,6.870264856271882,1.868835490494456,-3.476343845759669,1.7940709196570577,BabyLM 350M — final layer,3.84196872742014,4.770342836224777
1.9930005804209403,1.1440234118154442,4.16024006410644,6.870264856271882,1.868835490494456,-3.476343845759669,1.7940709196570577,BabyLM 350M — final layer,3.668254083560749,4.656513530071125
2.14651783540818,1.1440234118154442,4.016979873949221,6.870264856271882,1.868835490494456,-3.476343845759669,1.7940709196570577,BabyLM 350M — final layer,3.4922156097806196,4.542204918119739
2.300035090395419,1.1440234118154442,3.873719683792003,6.870264856271882,1.868835490494456,-3.476343845759669,1.7940709196570577,BabyLM 350M — final layer,3.322106035816373,4.4315871244895355
2.453552345382658,1.1440234118154442,3.730459493634785,6.870264856271882,1.868835490494456,-3.476343845759669,1.7940709196570577,BabyLM 350M — final layer,3.147575297569861,4.322304937407391
-1.9984480492472816,1.3116079138482704,7.80375664452338,6.870264856271882,1.868835490494456,-3.476343845759669,1.7940709196570577,BabyLM 350M — final layer,7.217026722069216,8.377747094536828
-1.8449307942600424,1.3116079138482704,7.655567450245907,6.870264856271882,1.868835490494456,-3.476343845759669,1.7940709196570577,BabyLM 350M — final layer,7.106479189816337,8.19558801385821
-1.6914135392728031,1.3116079138482704,7.507378255968433,6.870264856271882,1.868835490494456,-3.476343845759669,1.7940709196570577,BabyLM 350M — final layer,6.991129731586201,8.016726424950024
-1.537896284285564,1.3116079138482704,7.35918906169096,6.870264856271882,1.868835490494456,-3.476343845759669,1.7940709196570577,BabyLM 350M — final layer,6.8730493724894774,7.839050524616155
-1.384379029298325,1.3116079138482704,7.210999867413487,6.870264856271882,1.868835490494456,-3.476343845759669,1.7940709196570577,BabyLM 350M — final layer,6.752248479816213,7.660188639835843
-1.2308617743110852,1.3116079138482704,7.0628106731360125,6.870264856271882,1.868835490494456,-3.476343845759669,1.7940709196570577,BabyLM 350M — final layer,6.633850519923371,7.487891463593942
-1.077344519323846,1.3116079138482704,6.91462147885854,6.870264856271882,1.868835490494456,-3.476343845759669,1.7940709196570577,BabyLM 350M — final layer,6.514510655712892,7.317044347275663
-0.9238272643366066,1.3116079138482704,6.766432284581065,6.870264856271882,1.868835490494456,-3.476343845759669,1.7940709196570577,BabyLM 350M — final layer,6.389813897258151,7.14384760987627
-0.7703100093493673,1.3116079138482704,6.618243090303592,6.870264856271882,1.868835490494456,-3.476343845759669,1.7940709196570577,BabyLM 350M — final layer,6.264761204051532,6.976460254125094
-0.6167927543621281,1.3116079138482704,6.470053896026119,6.870264856271882,1.868835490494456,-3.476343845759669,1.7940709196570577,BabyLM 350M — final layer,6.1411483913317335,6.807435505248466
-0.46327549937488866,1.3116079138482704,6.321864701748645,6.870264856271882,1.868835490494456,-3.476343845759669,1.7940709196570577,BabyLM 350M — final layer,6.008770386622317,6.641113588694829
-0.30975824438764943,1.3116079138482704,6.173675507471172,6.870264856271882,1.868835490494456,-3.476343845759669,1.7940709196570577,BabyLM 350M — final layer,5.876237731272773,6.47851332103534
-0.1562409894004102,1.3116079138482704,6.025486313193698,6.870264856271882,1.868835490494456,-3.476343845759669,1.7940709196570577,BabyLM 350M — final layer,5.741374195388914,6.318792715437638
-0.00272373441317075,1.3116079138482704,5.877297118916224,6.870264856271882,1.868835490494456,-3.476343845759669,1.7940709196570577,BabyLM 350M — final layer,5.598364987712563,6.16527260721519
0.1507935205740687,1.3116079138482704,5.72910792463875,6.870264856271882,1.868835490494456,-3.476343845759669,1.7940709196570577,BabyLM 350M — final layer,5.450466042434881,6.015410353880454
0.3043107755613079,1.3116079138482704,5.580918730361277,6.870264856271882,1.868835490494456,-3.476343845759669,1.7940709196570577,BabyLM 350M — final layer,5.296211218697565,5.872438711985239
0.4578280305485471,1.3116079138482704,5.432729536083804,6.870264856271882,1.868835490494456,-3.476343845759669,1.7940709196570577,BabyLM 350M — final layer,5.137621506872649,5.733977408508242
0.6113452855357864,1.3116079138482704,5.284540341806331,6.870264856271882,1.868835490494456,-3.476343845759669,1.7940709196570577,BabyLM 350M — final layer,4.976590639243767,5.594998959127628
0.7648625405230256,1.3116079138482704,5.136351147528857,6.870264856271882,1.868835490494456,-3.476343845759669,1.7940709196570577,BabyLM 350M — final layer,4.812070822583055,5.464962413228645
0.9183797955102652,1.3116079138482704,4.988161953251383,6.870264856271882,1.868835490494456,-3.476343845759669,1.7940709196570577,BabyLM 350M — final layer,4.644466506381175,5.336134737234245
1.0718970504975045,1.3116079138482704,4.839972758973909,6.870264856271882,1.868835490494456,-3.476343845759669,1.7940709196570577,BabyLM 350M — final layer,4.472520034299591,5.208752324769311
1.2254143054847435,1.3116079138482704,4.691783564696436,6.870264856271882,1.868835490494456,-3.476343845759669,1.7940709196570577,BabyLM 350M — final layer,4.298038284402088,5.084961884811024
1.378931560471983,1.3116079138482704,4.543594370418963,6.870264856271882,1.868835490494456,-3.476343845759669,1.7940709196570577,BabyLM 350M — final layer,4.124945601529155,4.965532272690092
1.5324488154592222,1.3116079138482704,4.395405176141489,6.870264856271882,1.868835490494456,-3.476343845759669,1.7940709196570577,BabyLM 350M — final layer,3.949409667963675,4.84677457810752
1.6859660704464614,1.3116079138482704,4.247215981864016,6.870264856271882,1.868835490494456,-3.476343845759669,1.7940709196570577,BabyLM 350M — final layer,3.770442868756589,4.7315267387576485
1.839483325433701,1.3116079138482704,4.099026787586541,6.870264856271882,1.868835490494456,-3.476343845759669,1.7940709196570577,BabyLM 350M — final layer,3.5907170662330117,4.614441805532333
1.9930005804209403,1.3116079138482704,3.950837593309068,6.870264856271882,1.868835490494456,-3.476343845759669,1.7940709196570577,BabyLM 350M — final layer,3.4106177744048582,4.501061756818473
2.14651783540818,1.3116079138482704,3.802648399031594,6.870264856271882,1.868835490494456,-3.476343845759669,1.7940709196570577,BabyLM 350M — final layer,3.229204884246924,4.384651156863594
2.300035090395419,1.3116079138482704,3.654459204754121,6.870264856271882,1.868835490494456,-3.476343845759669,1.7940709196570577,BabyLM 350M — final layer,3.0478326339566357,4.269090892695426
2.453552345382658,1.3116079138482704,3.5062700104766473,6.870264856271882,1.868835490494456,-3.476343845759669,1.7940709196570577,BabyLM 350M — final layer,2.864918003882918,4.152419130437264
-1.9984480492472816,1.479192415881097,7.722508280852644,6.870264856271882,1.868835490494456,-3.476343845759669,1.7940709196570577,BabyLM 350M — final layer,7.094941430851766,8.339898027508292
-1.8449307942600424,1.479192415881097,7.569390082454915,6.870264856271882,1.868835490494456,-3.476343845759669,1.7940709196570577,BabyLM 350M — final layer,6.974182212005757,8.151945744003829
-1.6914135392728031,1.479192415881097,7.416271884057187,6.870264856271882,1.868835490494456,-3.476343845759669,1.7940709196570577,BabyLM 350M — final layer,6.858478571188009,7.965546438589609
-1.537896284285564,1.479192415881097,7.263153685659457,6.870264856271882,1.868835490494456,-3.476343845759669,1.7940709196570577,BabyLM 350M — final layer,6.739959018024806,7.780789609271992
-1.384379029298325,1.479192415881097,7.1100354872617295,6.870264856271882,1.868835490494456,-3.476343845759669,1.7940709196570577,BabyLM 350M — final layer,6.620030807231423,7.597517571789964
-1.2308617743110852,1.479192415881097,6.956917288864,6.870264856271882,1.868835490494456,-3.476343845759669,1.7940709196570577,BabyLM 350M — final layer,6.49780921316196,7.414881055166541
-1.077344519323846,1.479192415881097,6.8037990904662715,6.870264856271882,1.868835490494456,-3.476343845759669,1.7940709196570577,BabyLM 350M — final layer,6.373202852289242,7.232214926959545
-0.9238272643366066,1.479192415881097,6.650680892068542,6.870264856271882,1.868835490494456,-3.476343845759669,1.7940709196570577,BabyLM 350M — final layer,6.246006346245095,7.057027058152695
-0.7703100093493673,1.479192415881097,6.4975626936708135,6.870264856271882,1.868835490494456,-3.476343845759669,1.7940709196570577,BabyLM 350M — final layer,6.118161187915119,6.879838110744621
-0.6167927543621281,1.479192415881097,6.344444495273085,6.870264856271882,1.868835490494456,-3.476343845759669,1.7940709196570577,BabyLM 350M — final layer,5.989441885776452,6.706381658945836
-0.46327549937488866,1.479192415881097,6.191326296875356,6.870264856271882,1.868835490494456,-3.476343845759669,1.7940709196570577,BabyLM 350M — final layer,5.8561343068794764,6.534856228424642
-0.30975824438764943,1.479192415881097,6.038208098477628,6.870264856271882,1.868835490494456,-3.476343845759669,1.7940709196570577,BabyLM 350M — final layer,5.719839042985017,6.36795189471827
-0.1562409894004102,1.479192415881097,5.885089900079899,6.870264856271882,1.868835490494456,-3.476343845759669,1.7940709196570577,BabyLM 350M — final layer,5.577505875289901,6.203625953751834
-0.00272373441317075,1.479192415881097,5.73197170168217,6.870264856271882,1.868835490494456,-3.476343845759669,1.7940709196570577,BabyLM 350M — final layer,5.429751014125435,6.043125467032031
0.1507935205740687,1.479192415881097,5.578853503284441,6.870264856271882,1.868835490494456,-3.476343845759669,1.7940709196570577,BabyLM 350M — final layer,5.275745617845993,5.889542135176148
0.3043107755613079,1.479192415881097,5.425735304886713,6.870264856271882,1.868835490494456,-3.476343845759669,1.7940709196570577,BabyLM 350M — final layer,5.114608005680004,5.743524226852899
0.4578280305485471,1.479192415881097,5.272617106488984,6.870264856271882,1.868835490494456,-3.476343845759669,1.7940709196570577,BabyLM 350M — final layer,4.9496596147261975,5.601829720539152
0.6113452855357864,1.479192415881097,5.119498908091255,6.870264856271882,1.868835490494456,-3.476343845759669,1.7940709196570577,BabyLM 350M — final layer,4.781091509241636,5.459723961680324
0.7648625405230256,1.479192415881097,4.966380709693526,6.870264856271882,1.868835490494456,-3.476343845759669,1.7940709196570577,BabyLM 350M — final layer,4.609176184242843,5.325559953470335
0.9183797955102652,1.479192415881097,4.813262511295798,6.870264856271882,1.868835490494456,-3.476343845759669,1.7940709196570577,BabyLM 350M — final layer,4.436261182144136,5.19530139818073
1.0718970504975045,1.479192415881097,4.660144312898068,6.870264856271882,1.868835490494456,-3.476343845759669,1.7940709196570577,BabyLM 350M — final layer,4.258062061859682,5.064680083270073
1.2254143054847435,1.479192415881097,4.5070261145003405,6.870264856271882,1.868835490494456,-3.476343845759669,1.7940709196570577,BabyLM 350M — final layer,4.074513291186187,4.941192147556922
1.378931560471983,1.479192415881097,4.353907916102611,6.870264856271882,1.868835490494456,-3.476343845759669,1.7940709196570577,BabyLM 350M — final layer,3.893899565331061,4.819457689830635
1.5324488154592222,1.479192415881097,4.2007897177048825,6.870264856271882,1.868835490494456,-3.476343845759669,1.7940709196570577,BabyLM 350M — final layer,3.7109447321709306,4.700849365805475
1.6859660704464614,1.479192415881097,4.047671519307154,6.870264856271882,1.868835490494456,-3.476343845759669,1.7940709196570577,BabyLM 350M — final layer,3.5262395224110428,4.580962530837125
1.839483325433701,1.479192415881097,3.8945533209094245,6.870264856271882,1.868835490494456,-3.476343845759669,1.7940709196570577,BabyLM 350M — final layer,3.3398841292121846,4.460411429143672
1.9930005804209403,1.479192415881097,3.741435122511696,6.870264856271882,1.868835490494456,-3.476343845759669,1.7940709196570577,BabyLM 350M — final layer,3.151313970773386,4.343219294817299
2.14651783540818,1.479192415881097,3.5883169241139665,6.870264856271882,1.868835490494456,-3.476343845759669,1.7940709196570577,BabyLM 350M — final layer,2.9634382585485892,4.22875503949618
2.300035090395419,1.479192415881097,3.4351987257162384,6.870264856271882,1.868835490494456,-3.476343845759669,1.7940709196570577,BabyLM 350M — final layer,2.7755766308881067,4.112850595348073
2.453552345382658,1.479192415881097,3.28208052731851,6.870264856271882,1.868835490494456,-3.476343845759669,1.7940709196570577,BabyLM 350M — final layer,2.5852256972459564,3.9938956240519423
-1.9984480492472816,1.6467769179139229,7.641259917181907,6.870264856271882,1.868835490494456,-3.476343845759669,1.7940709196570577,BabyLM 350M — final layer,6.967569337881459,8.30555584730434
-1.8449307942600424,1.6467769179139229,7.483212714663924,6.870264856271882,1.868835490494456,-3.476343845759669,1.7940709196570577,BabyLM 350M — final layer,6.842981466661413,8.111926281249074
-1.6914135392728031,1.6467769179139229,7.325165512145939,6.870264856271882,1.868835490494456,-3.476343845759669,1.7940709196570577,BabyLM 350M — final layer,6.725340441202458,7.917352398589692
-1.537896284285564,1.6467769179139229,7.167118309627956,6.870264856271882,1.868835490494456,-3.476343845759669,1.7940709196570577,BabyLM 350M — final layer,6.606606033138168,7.722975771044776
-1.384379029298325,1.6467769179139229,7.009071107109972,6.870264856271882,1.868835490494456,-3.476343845759669,1.7940709196570577,BabyLM 350M — final layer,6.480984938584013,7.533673931999457
-1.2308617743110852,1.6467769179139229,6.851023904591988,6.870264856271882,1.868835490494456,-3.476343845759669,1.7940709196570577,BabyLM 350M — final layer,6.358818441981925,7.342705722668265
-1.077344519323846,1.6467769179139229,6.692976702074004,6.870264856271882,1.868835490494456,-3.476343845759669,1.7940709196570577,BabyLM 350M — final layer,6.230237998321517,7.153094389875759
-0.9238272643366066,1.6467769179139229,6.53492949955602,6.870264856271882,1.868835490494456,-3.476343845759669,1.7940709196570577,BabyLM 350M — final layer,6.10276933670954,6.968095226564974
-0.7703100093493673,1.6467769179139229,6.376882297038036,6.870264856271882,1.868835490494456,-3.476343845759669,1.7940709196570577,BabyLM 350M — final layer,5.972506815208563,6.786628247720979
-0.6167927543621281,1.6467769179139229,6.218835094520052,6.870264856271882,1.868835490494456,-3.476343845759669,1.7940709196570577,BabyLM 350M — final layer,5.838004324660428,6.607780242571207
-0.46327549937488866,1.6467769179139229,6.060787892002068,6.870264856271882,1.868835490494456,-3.476343845759669,1.7940709196570577,BabyLM 350M — final layer,5.701688204358125,6.430145800508321
-0.30975824438764943,1.6467769179139229,5.902740689484084,6.870264856271882,1.868835490494456,-3.476343845759669,1.7940709196570577,BabyLM 350M — final layer,5.560098935407713,6.257093502746355
-0.1562409894004102,1.6467769179139229,5.7446934869661,6.870264856271882,1.868835490494456,-3.476343845759669,1.7940709196570577,BabyLM 350M — final layer,5.414026308207769,6.08569902419438
-0.00272373441317075,1.6467769179139229,5.586646284448116,6.870264856271882,1.868835490494456,-3.476343845759669,1.7940709196570577,BabyLM 350M — final layer,5.258578173612504,5.922554347368153
0.1507935205740687,1.6467769179139229,5.428599081930132,6.870264856271882,1.868835490494456,-3.476343845759669,1.7940709196570577,BabyLM 350M — final layer,5.099152556284678,5.766773246813791
0.3043107755613079,1.6467769179139229,5.270551879412148,6.870264856271882,1.868835490494456,-3.476343845759669,1.7940709196570577,BabyLM 350M — final layer,4.930064859991929,5.616450590380058
0.4578280305485471,1.6467769179139229,5.112504676894164,6.870264856271882,1.868835490494456,-3.476343845759669,1.7940709196570577,BabyLM 350M — final layer,4.760381623258625,5.4707279346778295
0.6113452855357864,1.6467769179139229,4.954457474376181,6.870264856271882,1.868835490494456,-3.476343845759669,1.7940709196570577,BabyLM 350M — final layer,4.584518633866434,5.326825018512728
0.7648625405230256,1.6467769179139229,4.796410271858196,6.870264856271882,1.868835490494456,-3.476343845759669,1.7940709196570577,BabyLM 350M — final layer,4.407782782648116,5.188892760083153
0.9183797955102652,1.6467769179139229,4.638363069340213,6.870264856271882,1.868835490494456,-3.476343845759669,1.7940709196570577,BabyLM 350M — final layer,4.223701015354781,5.054689181169673
1.0718970504975045,1.6467769179139229,4.480315866822228,6.870264856271882,1.868835490494456,-3.476343845759669,1.7940709196570577,BabyLM 350M — final layer,4.037478596674506,4.923746981365221
1.2254143054847435,1.6467769179139229,4.322268664304245,6.870264856271882,1.868835490494456,-3.476343845759669,1.7940709196570577,BabyLM 350M — final layer,3.8477071835239673,4.798025531740879
1.378931560471983,1.6467769179139229,4.16422146178626,6.870264856271882,1.868835490494456,-3.476343845759669,1.7940709196570577,BabyLM 350M — final layer,3.6593605362639083,4.6728924927643964
1.5324488154592222,1.6467769179139229,4.006174259268277,6.870264856271882,1.868835490494456,-3.476343845759669,1.7940709196570577,BabyLM 350M — final layer,3.470662700459232,4.552022680561698
1.6859660704464614,1.6467769179139229,3.8481270567502928,6.870264856271882,1.868835490494456,-3.476343845759669,1.7940709196570577,BabyLM 350M — final layer,3.2784853046122246,4.433586823732802
1.839483325433701,1.6467769179139229,3.6900798542323088,6.870264856271882,1.868835490494456,-3.476343845759669,1.7940709196570577,BabyLM 350M — final layer,3.084076953669611,4.310399145099715
1.9930005804209403,1.6467769179139229,3.532032651714325,6.870264856271882,1.868835490494456,-3.476343845759669,1.7940709196570577,BabyLM 350M — final layer,2.8874861971178105,4.19101783257589
2.14651783540818,1.6467769179139229,3.3739854491963404,6.870264856271882,1.868835490494456,-3.476343845759669,1.7940709196570577,BabyLM 350M — final layer,2.691820013944443,4.075805036881904
2.300035090395419,1.6467769179139229,3.215938246678357,6.870264856271882,1.868835490494456,-3.476343845759669,1.7940709196570577,BabyLM 350M — final layer,2.495208023388339,3.9574808455059425
2.453552345382658,1.6467769179139229,3.057891044160373,6.870264856271882,1.868835490494456,-3.476343845759669,1.7940709196570577,BabyLM 350M — final layer,2.2950495422963453,3.8403321909876635
-1.9984480492472816,1.8143614199467493,7.5600115535111705,6.870264856271882,1.868835490494456,-3.476343845759669,1.7940709196570577,BabyLM 350M — final layer,6.835355420777953,8.272692518052082
-1.8449307942600424,1.8143614199467493,7.397035346872931,6.870264856271882,1.868835490494456,-3.476343845759669,1.7940709196570577,BabyLM 350M — final layer,6.712015901240407,8.070064903914453
-1.6914135392728031,1.8143614199467493,7.2340591402346925,6.870264856271882,1.868835490494456,-3.476343845759669,1.7940709196570577,BabyLM 350M — final layer,6.59318523503448,7.867252494833067
-1.537896284285564,1.8143614199467493,7.071082933596453,6.870264856271882,1.868835490494456,-3.476343845759669,1.7940709196570577,BabyLM 350M — final layer,6.469135425057634,7.6660631489124
-1.384379029298325,1.8143614199467493,6.908106726958215,6.870264856271882,1.868835490494456,-3.476343845759669,1.7940709196570577,BabyLM 350M — final layer,6.347195313688799,7.464912113574275
-1.2308617743110852,1.8143614199467493,6.745130520319975,6.870264856271882,1.868835490494456,-3.476343845759669,1.7940709196570577,BabyLM 350M — final layer,6.219641214457089,7.268187146027339
-1.077344519323846,1.8143614199467493,6.582154313681736,6.870264856271882,1.868835490494456,-3.476343845759669,1.7940709196570577,BabyLM 350M — final layer,6.086184782643351,7.0739670643634565
-0.9238272643366066,1.8143614199467493,6.419178107043496,6.870264856271882,1.868835490494456,-3.476343845759669,1.7940709196570577,BabyLM 350M — final layer,5.958665771602645,6.8819918465365815
-0.7703100093493673,1.8143614199467493,6.256201900405258,6.870264856271882,1.868835490494456,-3.476343845759669,1.7940709196570577,BabyLM 350M — final layer,5.824997005955806,6.693690439136468
-0.6167927543621281,1.8143614199467493,6.093225693767018,6.870264856271882,1.868835490494456,-3.476343845759669,1.7940709196570577,BabyLM 350M — final layer,5.687478157238904,6.507575717878709
-0.46327549937488866,1.8143614199467493,5.930249487128779,6.870264856271882,1.868835490494456,-3.476343845759669,1.7940709196570577,BabyLM 350M — final layer,5.545539091882906,6.327124427581451
-0.30975824438764943,1.8143614199467493,5.7672732804905404,6.870264856271882,1.868835490494456,-3.476343845759669,1.7940709196570577,BabyLM 350M — final layer,5.401344984709174,6.146074012841645
-0.1562409894004102,1.8143614199467493,5.604297073852301,6.870264856271882,1.868835490494456,-3.476343845759669,1.7940709196570577,BabyLM 350M — final layer,5.25016626848459,5.969197720529153
-0.00272373441317075,1.8143614199467493,5.441320867214062,6.870264856271882,1.868835490494456,-3.476343845759669,1.7940709196570577,BabyLM 350M — final layer,5.088387013677124,5.804730253529873
0.1507935205740687,1.8143614199467493,5.278344660575822,6.870264856271882,1.868835490494456,-3.476343845759669,1.7940709196570577,BabyLM 350M — final layer,4.920302193419042,5.644730431667102
0.3043107755613079,1.8143614199467493,5.115368453937584,6.870264856271882,1.868835490494456,-3.476343845759669,1.7940709196570577,BabyLM 350M — final layer,4.747530519974388,5.49094435550513
0.4578280305485471,1.8143614199467493,4.952392247299344,6.870264856271882,1.868835490494456,-3.476343845759669,1.7940709196570577,BabyLM 350M — final layer,4.570912924561268,5.342046904914186
0.6113452855357864,1.8143614199467493,4.789416040661106,6.870264856271882,1.868835490494456,-3.476343845759669,1.7940709196570577,BabyLM 350M — final layer,4.385764259641819,5.189989745530608
0.7648625405230256,1.8143614199467493,4.626439834022866,6.870264856271882,1.868835490494456,-3.476343845759669,1.7940709196570577,BabyLM 350M — final layer,4.2035332404337415,5.053480011754758
0.9183797955102652,1.8143614199467493,4.463463627384627,6.870264856271882,1.868835490494456,-3.476343845759669,1.7940709196570577,BabyLM 350M — final layer,4.011791770425847,4.915506344439208
1.0718970504975045,1.8143614199467493,4.3004874207463875,6.870264856271882,1.868835490494456,-3.476343845759669,1.7940709196570577,BabyLM 350M — final layer,3.8181755968691826,4.785579865509976
1.2254143054847435,1.8143614199467493,4.137511214108149,6.870264856271882,1.868835490494456,-3.476343845759669,1.7940709196570577,BabyLM 350M — final layer,3.6192284315014556,4.658286393576555
1.378931560471983,1.8143614199467493,3.9745350074699095,6.870264856271882,1.868835490494456,-3.476343845759669,1.7940709196570577,BabyLM 350M — final layer,3.4260029196344983,4.5311522478997075
1.5324488154592222,1.8143614199467493,3.8115588008316705,6.870264856271882,1.868835490494456,-3.476343845759669,1.7940709196570577,BabyLM 350M — final layer,3.226758658225634,4.409263452838466
1.6859660704464614,1.8143614199467493,3.6485825941934316,6.870264856271882,1.868835490494456,-3.476343845759669,1.7940709196570577,BabyLM 350M — final layer,3.0274141603623095,4.289013965349493
1.839483325433701,1.8143614199467493,3.485606387555192,6.870264856271882,1.868835490494456,-3.476343845759669,1.7940709196570577,BabyLM 350M — final layer,2.824822605384015,4.1671598298948815
1.9930005804209403,1.8143614199467493,3.3226301809169527,6.870264856271882,1.868835490494456,-3.476343845759669,1.7940709196570577,BabyLM 350M — final layer,2.6171657122836582,4.046802332298733
2.14651783540818,1.8143614199467493,3.1596539742787133,6.870264856271882,1.868835490494456,-3.476343845759669,1.7940709196570577,BabyLM 350M — final layer,2.4135498306655316,3.928331354018057
2.300035090395419,1.8143614199467493,2.9966777676404743,6.870264856271882,1.868835490494456,-3.476343845759669,1.7940709196570577,BabyLM 350M — final layer,2.205308743196624,3.8056905097659635
2.453552345382658,1.8143614199467493,2.8337015610022354,6.870264856271882,1.868835490494456,-3.476343845759669,1.7940709196570577,BabyLM 350M — final layer,1.9993044594294112,3.688098793964628
-1.9984480492472816,1.981945921979575,7.478763189840434,6.870264856271882,1.868835490494456,-3.476343845759669,1.7940709196570577,BabyLM 350M — final layer,6.704576858979731,8.236910936176294
-1.8449307942600424,1.981945921979575,7.3108579790819395,6.870264856271882,1.868835490494456,-3.476343845759669,1.7940709196570577,BabyLM 350M — final layer,6.579132146264228,8.026501748510011
-1.6914135392728031,1.981945921979575,7.142952768323446,6.870264856271882,1.868835490494456,-3.476343845759669,1.7940709196570577,BabyLM 350M — final layer,6.458076173900214,7.819169844849617
-1.537896284285564,1.981945921979575,6.9750475575649515,6.870264856271882,1.868835490494456,-3.476343845759669,1.7940709196570577,BabyLM 350M — final layer,6.3346365165019245,7.611185795979069
-1.384379029298325,1.981945921979575,6.807142346806457,6.870264856271882,1.868835490494456,-3.476343845759669,1.7940709196570577,BabyLM 350M — final layer,6.208880993898533,7.402619120677635
-1.2308617743110852,1.981945921979575,6.639237136047963,6.870264856271882,1.868835490494456,-3.476343845759669,1.7940709196570577,BabyLM 350M — final layer,6.080546043898929,7.197748251714441
-1.077344519323846,1.981945921979575,6.471331925289468,6.870264856271882,1.868835490494456,-3.476343845759669,1.7940709196570577,BabyLM 350M — final layer,5.947013655670069,6.994367962511633
-0.9238272643366066,1.981945921979575,6.303426714530974,6.870264856271882,1.868835490494456,-3.476343845759669,1.7940709196570577,BabyLM 350M — final layer,5.814220669751258,6.79469284968873
-0.7703100093493673,1.981945921979575,6.1355215037724795,6.870264856271882,1.868835490494456,-3.476343845759669,1.7940709196570577,BabyLM 350M — final layer,5.676459775447393,6.599874295269171
-0.6167927543621281,1.981945921979575,5.967616293013986,6.870264856271882,1.868835490494456,-3.476343845759669,1.7940709196570577,BabyLM 350M — final layer,5.533860612991805,6.409403413194392
-0.46327549937488866,1.981945921979575,5.799711082255491,6.870264856271882,1.868835490494456,-3.476343845759669,1.7940709196570577,BabyLM 350M — final layer,5.391739841708366,6.2213598978393
-0.30975824438764943,1.981945921979575,5.631805871496997,6.870264856271882,1.868835490494456,-3.476343845759669,1.7940709196570577,BabyLM 350M — final layer,5.240987070964188,6.036253814977406
-0.1562409894004102,1.981945921979575,5.463900660738503,6.870264856271882,1.868835490494456,-3.476343845759669,1.7940709196570577,BabyLM 350M — final layer,5.082686884016463,5.855643938049925
-0.00272373441317075,1.981945921979575,5.295995449980008,6.870264856271882,1.868835490494456,-3.476343845759669,1.7940709196570577,BabyLM 350M — final layer,4.9154125695935305,5.685524207687381
0.1507935205740687,1.981945921979575,5.128090239221514,6.870264856271882,1.868835490494456,-3.476343845759669,1.7940709196570577,BabyLM 350M — final layer,4.743233583877042,5.520288603793223
0.3043107755613079,1.981945921979575,4.96018502846302,6.870264856271882,1.868835490494456,-3.476343845759669,1.7940709196570577,BabyLM 350M — final layer,4.563525926115696,5.3662114825340606
0.4578280305485471,1.981945921979575,4.792279817704525,6.870264856271882,1.868835490494456,-3.476343845759669,1.7940709196570577,BabyLM 350M — final layer,4.3768501579510035,5.2122729476046565
0.6113452855357864,1.981945921979575,4.624374606946031,6.870264856271882,1.868835490494456,-3.476343845759669,1.7940709196570577,BabyLM 350M — final layer,4.189910041392401,5.060374563000563
0.7648625405230256,1.981945921979575,4.456469396187536,6.870264856271882,1.868835490494456,-3.476343845759669,1.7940709196570577,BabyLM 350M — final layer,3.996602973941983,4.918102692147198
0.9183797955102652,1.981945921979575,4.288564185429042,6.870264856271882,1.868835490494456,-3.476343845759669,1.7940709196570577,BabyLM 350M — final layer,3.7971353069264007,4.778663882834308
1.0718970504975045,1.981945921979575,4.1206589746705475,6.870264856271882,1.868835490494456,-3.476343845759669,1.7940709196570577,BabyLM 350M — final layer,3.5953745154300947,4.647436514048479
1.2254143054847435,1.981945921979575,3.952753763912054,6.870264856271882,1.868835490494456,-3.476343845759669,1.7940709196570577,BabyLM 350M — final layer,3.3911575223281916,4.519843840159209
1.378931560471983,1.981945921979575,3.784848553153559,6.870264856271882,1.868835490494456,-3.476343845759669,1.7940709196570577,BabyLM 350M — final layer,3.184067857055663,4.394014969631249
1.5324488154592222,1.981945921979575,3.616943342395065,6.870264856271882,1.868835490494456,-3.476343845759669,1.7940709196570577,BabyLM 350M — final layer,2.980272206738076,4.270799195076154
1.6859660704464614,1.981945921979575,3.449038131636571,6.870264856271882,1.868835490494456,-3.476343845759669,1.7940709196570577,BabyLM 350M — final layer,2.7724059176650795,4.1456585126796774
1.839483325433701,1.981945921979575,3.281132920878076,6.870264856271882,1.868835490494456,-3.476343845759669,1.7940709196570577,BabyLM 350M — final layer,2.561292600046048,4.025172819692979
1.9930005804209403,1.981945921979575,3.113227710119582,6.870264856271882,1.868835490494456,-3.476343845759669,1.7940709196570577,BabyLM 350M — final layer,2.346690554187181,3.902327935426509
2.14651783540818,1.981945921979575,2.945322499361087,6.870264856271882,1.868835490494456,-3.476343845759669,1.7940709196570577,BabyLM 350M — final layer,2.1334973779204938,3.786698678627115
2.300035090395419,1.981945921979575,2.777417288602593,6.870264856271882,1.868835490494456,-3.476343845759669,1.7940709196570577,BabyLM 350M — final layer,1.9217376649411724,3.6638945486796324
2.453552345382658,1.981945921979575,2.6095120778440988,6.870264856271882,1.868835490494456,-3.476343845759669,1.7940709196570577,BabyLM 350M — final layer,1.70524063750744,3.5395440425767184
-1.9984480492472816,2.1495304240124016,7.397514826169697,6.870264856271882,1.868835490494456,-3.476343845759669,1.7940709196570577,BabyLM 350M — final layer,6.5692944605949215,8.20515157265548
-1.8449307942600424,2.1495304240124016,7.224680611290948,6.870264856271882,1.868835490494456,-3.476343845759669,1.7940709196570577,BabyLM 350M — final layer,6.444517218912828,7.987308947400538
-1.6914135392728031,2.1495304240124016,7.0518463964121985,6.870264856271882,1.868835490494456,-3.476343845759669,1.7940709196570577,BabyLM 350M — final layer,6.32225145452058,7.770343881378531
-1.537896284285564,2.1495304240124016,6.879012181533449,6.870264856271882,1.868835490494456,-3.476343845759669,1.7940709196570577,BabyLM 350M — final layer,6.196730881817205,7.556442545194834
-1.384379029298325,2.1495304240124016,6.7061779666547,6.870264856271882,1.868835490494456,-3.476343845759669,1.7940709196570577,BabyLM 350M — final layer,6.070196356624665,7.340852026067716
-1.2308617743110852,2.1495304240124016,6.53334375177595,6.870264856271882,1.868835490494456,-3.476343845759669,1.7940709196570577,BabyLM 350M — final layer,5.941445655214911,7.124479431980858
-1.077344519323846,2.1495304240124016,6.360509536897201,6.870264856271882,1.868835490494456,-3.476343845759669,1.7940709196570577,BabyLM 350M — final layer,5.806308033010011,6.915919241203666
-0.9238272643366066,2.1495304240124016,6.187675322018451,6.870264856271882,1.868835490494456,-3.476343845759669,1.7940709196570577,BabyLM 350M — final layer,5.669176927490104,6.71141119131535
-0.7703100093493673,2.1495304240124016,6.014841107139701,6.870264856271882,1.868835490494456,-3.476343845759669,1.7940709196570577,BabyLM 350M — final layer,5.52912223593513,6.505882313287089
-0.6167927543621281,2.1495304240124016,5.842006892260952,6.870264856271882,1.868835490494456,-3.476343845759669,1.7940709196570577,BabyLM 350M — final layer,5.382033047581756,6.310338506822304
-0.46327549937488866,2.1495304240124016,5.669172677382202,6.870264856271882,1.868835490494456,-3.476343845759669,1.7940709196570577,BabyLM 350M — final layer,5.235077950700835,6.1173298294698455
-0.30975824438764943,2.1495304240124016,5.496338462503453,6.870264856271882,1.868835490494456,-3.476343845759669,1.7940709196570577,BabyLM 350M — final layer,5.080412394692714,5.927682455504199
-0.1562409894004102,2.1495304240124016,5.323504247624704,6.870264856271882,1.868835490494456,-3.476343845759669,1.7940709196570577,BabyLM 350M — final layer,4.919510685333879,5.742727458991853
-0.00272373441317075,2.1495304240124016,5.150670032745953,6.870264856271882,1.868835490494456,-3.476343845759669,1.7940709196570577,BabyLM 350M — final layer,4.744130254674823,5.5679610054618784
0.1507935205740687,2.1495304240124016,4.977835817867204,6.870264856271882,1.868835490494456,-3.476343845759669,1.7940709196570577,BabyLM 350M — final layer,4.566020072091333,5.398817768170353
0.3043107755613079,2.1495304240124016,4.805001602988455,6.870264856271882,1.868835490494456,-3.476343845759669,1.7940709196570577,BabyLM 350M — final layer,4.378990553927525,5.238439724381044
0.4578280305485471,2.1495304240124016,4.632167388109705,6.870264856271882,1.868835490494456,-3.476343845759669,1.7940709196570577,BabyLM 350M — final layer,4.183514094472488,5.083308575442608
0.6113452855357864,2.1495304240124016,4.459333173230956,6.870264856271882,1.868835490494456,-3.476343845759669,1.7940709196570577,BabyLM 350M — final layer,3.989459278659166,4.931348703368387
0.7648625405230256,2.1495304240124016,4.286498958352206,6.870264856271882,1.868835490494456,-3.476343845759669,1.7940709196570577,BabyLM 350M — final layer,3.7891483412029032,4.784118715523969
0.9183797955102652,2.1495304240124016,4.113664743473456,6.870264856271882,1.868835490494456,-3.476343845759669,1.7940709196570577,BabyLM 350M — final layer,3.5853218711222263,4.64641360404047
1.0718970504975045,2.1495304240124016,3.9408305285947067,6.870264856271882,1.868835490494456,-3.476343845759669,1.7940709196570577,BabyLM 350M — final layer,3.374293116645386,4.514068952343601
1.2254143054847435,2.1495304240124016,3.767996313715958,6.870264856271882,1.868835490494456,-3.476343845759669,1.7940709196570577,BabyLM 350M — final layer,3.161347995882092,4.3857325197589505
1.378931560471983,2.1495304240124016,3.595162098837208,6.870264856271882,1.868835490494456,-3.476343845759669,1.7940709196570577,BabyLM 350M — final layer,2.948671703534379,4.25735375752437
1.5324488154592222,2.1495304240124016,3.4223278839584585,6.870264856271882,1.868835490494456,-3.476343845759669,1.7940709196570577,BabyLM 350M — final layer,2.730414994968054,4.1272395477082915
1.6859660704464614,2.1495304240124016,3.249493669079709,6.870264856271882,1.868835490494456,-3.476343845759669,1.7940709196570577,BabyLM 350M — final layer,2.5173870171367536,4.004717249382808
1.839483325433701,2.1495304240124016,3.0766594542009593,6.870264856271882,1.868835490494456,-3.476343845759669,1.7940709196570577,BabyLM 350M — final layer,2.2994062656477734,3.8816522472467265
1.9930005804209403,2.1495304240124016,2.90382523932221,6.870264856271882,1.868835490494456,-3.476343845759669,1.7940709196570577,BabyLM 350M — final layer,2.077488515370069,3.758747192238073
2.14651783540818,2.1495304240124016,2.7309910244434596,6.870264856271882,1.868835490494456,-3.476343845759669,1.7940709196570577,BabyLM 350M — final layer,1.85321328374939,3.637497675054448
2.300035090395419,2.1495304240124016,2.5581568095647107,6.870264856271882,1.868835490494456,-3.476343845759669,1.7940709196570577,BabyLM 350M — final layer,1.6331902465131216,3.5158925471332476
2.453552345382658,2.1495304240124016,2.3853225946859613,6.870264856271882,1.868835490494456,-3.476343845759669,1.7940709196570577,BabyLM 350M — final layer,1.4061275735642975,3.394920166556529
-1.9984480492472816,2.3171149260452277,7.316266462498961,6.870264856271882,1.868835490494456,-3.476343845759669,1.7940709196570577,BabyLM 350M — final layer,6.432776559956668,8.175619715268482
-1.8449307942600424,2.3171149260452277,7.138503243499956,6.870264856271882,1.868835490494456,-3.476343845759669,1.7940709196570577,BabyLM 350M — final layer,6.307197590503382,7.946054790623929
-1.6914135392728031,2.3171149260452277,6.960740024500952,6.870264856271882,1.868835490494456,-3.476343845759669,1.7940709196570577,BabyLM 350M — final layer,6.185211313066917,7.72434252291729
-1.537896284285564,2.3171149260452277,6.782976805501947,6.870264856271882,1.868835490494456,-3.476343845759669,1.7940709196570577,BabyLM 350M — final layer,6.059442048739029,7.503248597724464
-1.384379029298325,2.3171149260452277,6.605213586502942,6.870264856271882,1.868835490494456,-3.476343845759669,1.7940709196570577,BabyLM 350M — final layer,5.931013770114828,7.277003153693319
-1.2308617743110852,2.3171149260452277,6.427450367503938,6.870264856271882,1.868835490494456,-3.476343845759669,1.7940709196570577,BabyLM 350M — final layer,5.798543719940795,7.0592377162608635
-1.077344519323846,2.3171149260452277,6.249687148504933,6.870264856271882,1.868835490494456,-3.476343845759669,1.7940709196570577,BabyLM 350M — final layer,5.661591880481944,6.83969357958298
-0.9238272643366066,2.3171149260452277,6.071923929505928,6.870264856271882,1.868835490494456,-3.476343845759669,1.7940709196570577,BabyLM 350M — final layer,5.524317545327578,6.625929583179983
-0.7703100093493673,2.3171149260452277,5.894160710506923,6.870264856271882,1.868835490494456,-3.476343845759669,1.7940709196570577,BabyLM 350M — final layer,5.377927301795686,6.415979248798752
-0.6167927543621281,2.3171149260452277,5.7163974915079185,6.870264856271882,1.868835490494456,-3.476343845759669,1.7940709196570577,BabyLM 350M — final layer,5.232403068947136,6.214274054533971
-0.46327549937488866,2.3171149260452277,5.538634272508914,6.870264856271882,1.868835490494456,-3.476343845759669,1.7940709196570577,BabyLM 350M — final layer,5.07885816720564,6.0149434276062665
-0.30975824438764943,2.3171149260452277,5.360871053509909,6.870264856271882,1.868835490494456,-3.476343845759669,1.7940709196570577,BabyLM 350M — final layer,4.918464276077892,5.817416693530617
-0.1562409894004102,2.3171149260452277,5.1831078345109045,6.870264856271882,1.868835490494456,-3.476343845759669,1.7940709196570577,BabyLM 350M — final layer,4.753739478554354,5.630776098001997
-0.00272373441317075,2.3171149260452277,5.005344615511899,6.870264856271882,1.868835490494456,-3.476343845759669,1.7940709196570577,BabyLM 350M — final layer,4.5713042659813254,5.450796594656648
0.1507935205740687,2.3171149260452277,4.827581396512895,6.870264856271882,1.868835490494456,-3.476343845759669,1.7940709196570577,BabyLM 350M — final layer,4.38586678917998,5.277223957795993
0.3043107755613079,2.3171149260452277,4.6498181775138905,6.870264856271882,1.868835490494456,-3.476343845759669,1.7940709196570577,BabyLM 350M — final layer,4.192844550023428,5.11498147113842
0.4578280305485471,2.3171149260452277,4.472054958514885,6.870264856271882,1.868835490494456,-3.476343845759669,1.7940709196570577,BabyLM 350M — final layer,3.991023358972134,4.954240054212372
0.6113452855357864,2.3171149260452277,4.294291739515881,6.870264856271882,1.868835490494456,-3.476343845759669,1.7940709196570577,BabyLM 350M — final layer,3.7895935192115067,4.799609439596402
0.7648625405230256,2.3171149260452277,4.1165285205168765,6.870264856271882,1.868835490494456,-3.476343845759669,1.7940709196570577,BabyLM 350M — final layer,3.582963008639851,4.654398709812567
0.9183797955102652,2.3171149260452277,3.938765301517871,6.870264856271882,1.868835490494456,-3.476343845759669,1.7940709196570577,BabyLM 350M — final layer,3.370560921956269,4.5132007141019805
1.0718970504975045,2.3171149260452277,3.7610020825188664,6.870264856271882,1.868835490494456,-3.476343845759669,1.7940709196570577,BabyLM 350M — final layer,3.152038212162227,4.379007392579516
1.2254143054847435,2.3171149260452277,3.583238863519862,6.870264856271882,1.868835490494456,-3.476343845759669,1.7940709196570577,BabyLM 350M — final layer,2.9301677129793573,4.24781847719949
1.378931560471983,2.3171149260452277,3.405475644520857,6.870264856271882,1.868835490494456,-3.476343845759669,1.7940709196570577,BabyLM 350M — final layer,2.7050810673152097,4.118342534803509
1.5324488154592222,2.3171149260452277,3.227712425521853,6.870264856271882,1.868835490494456,-3.476343845759669,1.7940709196570577,BabyLM 350M — final layer,2.482940584187483,3.9877363525585485
1.6859660704464614,2.3171149260452277,3.049949206522848,6.870264856271882,1.868835490494456,-3.476343845759669,1.7940709196570577,BabyLM 350M — final layer,2.2591890728261954,3.8620151483253253
1.839483325433701,2.3171149260452277,2.8721859875238427,6.870264856271882,1.868835490494456,-3.476343845759669,1.7940709196570577,BabyLM 350M — final layer,2.032253410068075,3.7364025577915414
1.9930005804209403,2.3171149260452277,2.6944227685248383,6.870264856271882,1.868835490494456,-3.476343845759669,1.7940709196570577,BabyLM 350M — final layer,1.8014333640740616,3.612314859121668
2.14651783540818,2.3171149260452277,2.5166595495258326,6.870264856271882,1.868835490494456,-3.476343845759669,1.7940709196570577,BabyLM 350M — final layer,1.5727177067828597,3.488153494351138
2.300035090395419,2.3171149260452277,2.3388963305268287,6.870264856271882,1.868835490494456,-3.476343845759669,1.7940709196570577,BabyLM 350M — final layer,1.3348112208701572,3.3686129390051045
2.453552345382658,2.3171149260452277,2.1611331115278243,6.870264856271882,1.868835490494456,-3.476343845759669,1.7940709196570577,BabyLM 350M — final layer,1.1041158654952075,3.2418049065333845
-1.9984480492472816,-2.5428356329067325,11.32536598675981,6.870264856271882,1.868835490494456,-3.476343845759669,1.7940709196570577,BabyLM 1.3B — final layer,10.743422004585085,11.906740802275202
-1.8449307942600424,-2.5428356329067325,11.207020234588006,6.870264856271882,1.868835490494456,-3.476343845759669,1.7940709196570577,BabyLM 1.3B — final layer,10.665308605008498,11.745453257881117
-1.6914135392728031,-2.5428356329067325,11.088674482416202,6.870264856271882,1.868835490494456,-3.476343845759669,1.7940709196570577,BabyLM 1.3B — final layer,10.587027693504227,11.58563925928235
-1.537896284285564,-2.5428356329067325,10.970328730244399,6.870264856271882,1.868835490494456,-3.476343845759669,1.7940709196570577,BabyLM 1.3B — final layer,10.509876075356969,11.425877400217434
-1.384379029298325,-2.5428356329067325,10.851982978072595,6.870264856271882,1.868835490494456,-3.476343845759669,1.7940709196570577,BabyLM 1.3B — final layer,10.42800315519627,11.269793355221266
-1.2308617743110852,-2.5428356329067325,10.733637225900791,6.870264856271882,1.868835490494456,-3.476343845759669,1.7940709196570577,BabyLM 1.3B — final layer,10.346949706099526,11.118858072327066
-1.077344519323846,-2.5428356329067325,10.615291473728988,6.870264856271882,1.868835490494456,-3.476343845759669,1.7940709196570577,BabyLM 1.3B — final layer,10.26099442191205,10.969656539007072
-0.9238272643366066,-2.5428356329067325,10.496945721557184,6.870264856271882,1.868835490494456,-3.476343845759669,1.7940709196570577,BabyLM 1.3B — final layer,10.168877866377592,10.824312015097286
-0.7703100093493673,-2.5428356329067325,10.37859996938538,6.870264856271882,1.868835490494456,-3.476343845759669,1.7940709196570577,BabyLM 1.3B — final layer,10.073135562455,10.685478514656655
-0.6167927543621281,-2.5428356329067325,10.260254217213577,6.870264856271882,1.868835490494456,-3.476343845759669,1.7940709196570577,BabyLM 1.3B — final layer,9.970790822127057,10.54953280365246
-0.46327549937488866,-2.5428356329067325,10.141908465041771,6.870264856271882,1.868835490494456,-3.476343845759669,1.7940709196570577,BabyLM 1.3B — final layer,9.859691667276294,10.42002358402838
-0.30975824438764943,-2.5428356329067325,10.023562712869968,6.870264856271882,1.868835490494456,-3.476343845759669,1.7940709196570577,BabyLM 1.3B — final layer,9.74174853062708,10.297965343765105
-0.1562409894004102,-2.5428356329067325,9.905216960698164,6.870264856271882,1.868835490494456,-3.476343845759669,1.7940709196570577,BabyLM 1.3B — final layer,9.61786197033162,10.184957582555702
-0.00272373441317075,-2.5428356329067325,9.78687120852636,6.870264856271882,1.868835490494456,-3.476343845759669,1.7940709196570577,BabyLM 1.3B — final layer,9.48670088663675,10.081711285768908
0.1507935205740687,-2.5428356329067325,9.668525456354557,6.870264856271882,1.868835490494456,-3.476343845759669,1.7940709196570577,BabyLM 1.3B — final layer,9.347844729192309,9.984520977191545
0.3043107755613079,-2.5428356329067325,9.550179704182753,6.870264856271882,1.868835490494456,-3.476343845759669,1.7940709196570577,BabyLM 1.3B — final layer,9.202730352777756,9.893715175741296
0.4578280305485471,-2.5428356329067325,9.43183395201095,6.870264856271882,1.868835490494456,-3.476343845759669,1.7940709196570577,BabyLM 1.3B — final layer,9.056200491300098,9.80540842981875
0.6113452855357864,-2.5428356329067325,9.313488199839146,6.870264856271882,1.868835490494456,-3.476343845759669,1.7940709196570577,BabyLM 1.3B — final layer,8.902722816170941,9.71994567196733
0.7648625405230256,-2.5428356329067325,9.195142447667342,6.870264856271882,1.868835490494456,-3.476343845759669,1.7940709196570577,BabyLM 1.3B — final layer,8.749037521421624,9.639975823667923
0.9183797955102652,-2.5428356329067325,9.076796695495538,6.870264856271882,1.868835490494456,-3.476343845759669,1.7940709196570577,BabyLM 1.3B — final layer,8.594818980322373,9.56096873086227
1.0718970504975045,-2.5428356329067325,8.958450943323735,6.870264856271882,1.868835490494456,-3.476343845759669,1.7940709196570577,BabyLM 1.3B — final layer,8.436616599826758,9.481811898209722
1.2254143054847435,-2.5428356329067325,8.840105191151931,6.870264856271882,1.868835490494456,-3.476343845759669,1.7940709196570577,BabyLM 1.3B — final layer,8.280130332159414,9.406566427372576
1.378931560471983,-2.5428356329067325,8.721759438980126,6.870264856271882,1.868835490494456,-3.476343845759669,1.7940709196570577,BabyLM 1.3B — final layer,8.117721169479182,9.328873511930855
1.5324488154592222,-2.5428356329067325,8.603413686808322,6.870264856271882,1.868835490494456,-3.476343845759669,1.7940709196570577,BabyLM 1.3B — final layer,7.955804275087157,9.25512931893849
1.6859660704464614,-2.5428356329067325,8.485067934636518,6.870264856271882,1.868835490494456,-3.476343845759669,1.7940709196570577,BabyLM 1.3B — final layer,7.793465156262244,9.178697968960083
1.839483325433701,-2.5428356329067325,8.366722182464715,6.870264856271882,1.868835490494456,-3.476343845759669,1.7940709196570577,BabyLM 1.3B — final layer,7.632898075189746,9.101939116037517
1.9930005804209403,-2.5428356329067325,8.248376430292911,6.870264856271882,1.868835490494456,-3.476343845759669,1.7940709196570577,BabyLM 1.3B — final layer,7.466014382028922,9.0276244240797
2.14651783540818,-2.5428356329067325,8.130030678121107,6.870264856271882,1.868835490494456,-3.476343845759669,1.7940709196570577,BabyLM 1.3B — final layer,7.303772427705247,8.955942146547414
2.300035090395419,-2.5428356329067325,8.011684925949304,6.870264856271882,1.868835490494456,-3.476343845759669,1.7940709196570577,BabyLM 1.3B — final layer,7.137820165601469,8.884063122887392
2.453552345382658,-2.5428356329067325,7.8933391737775,6.870264856271882,1.868835490494456,-3.476343845759669,1.7940709196570577,BabyLM 1.3B — final layer,6.973574057780162,8.811986038721354
-1.9984480492472816,-2.3752511308739064,11.358503179048423,6.870264856271882,1.868835490494456,-3.476343845759669,1.7940709196570577,BabyLM 1.3B — final layer,10.80894168075033,11.911466219694702
-1.8449307942600424,-2.3752511308739064,11.239451044011698,6.870264856271882,1.868835490494456,-3.476343845759669,1.7940709196570577,BabyLM 1.3B — final layer,10.728510521561297,11.750786911472446
-1.6914135392728031,-2.3752511308739064,11.120398908974973,6.870264856271882,1.868835490494456,-3.476343845759669,1.7940709196570577,BabyLM 1.3B — final layer,10.647745487445597,11.590952284858178
-1.537896284285564,-2.3752511308739064,11.001346773938248,6.870264856271882,1.868835490494456,-3.476343845759669,1.7940709196570577,BabyLM 1.3B — final layer,10.566845585166062,11.4320280240775
-1.384379029298325,-2.3752511308739064,10.882294638901524,6.870264856271882,1.868835490494456,-3.476343845759669,1.7940709196570577,BabyLM 1.3B — final layer,10.48212163633377,11.276176460725601
-1.2308617743110852,-2.3752511308739064,10.763242503864799,6.870264856271882,1.868835490494456,-3.476343845759669,1.7940709196570577,BabyLM 1.3B — final layer,10.399113729675776,11.126260136101358
-1.077344519323846,-2.3752511308739064,10.644190368828074,6.870264856271882,1.868835490494456,-3.476343845759669,1.7940709196570577,BabyLM 1.3B — final layer,10.310391385835706,10.97987264583033
-0.9238272643366066,-2.3752511308739064,10.525138233791349,6.870264856271882,1.868835490494456,-3.476343845759669,1.7940709196570577,BabyLM 1.3B — final layer,10.215063659984084,10.833151531164805
-0.7703100093493673,-2.3752511308739064,10.406086098754624,6.870264856271882,1.868835490494456,-3.476343845759669,1.7940709196570577,BabyLM 1.3B — final layer,10.118330016203297,10.695637343036848
-0.6167927543621281,-2.3752511308739064,10.2870339637179,6.870264856271882,1.868835490494456,-3.476343845759669,1.7940709196570577,BabyLM 1.3B — final layer,10.014681713354369,10.55960003732326
-0.46327549937488866,-2.3752511308739064,10.167981828681175,6.870264856271882,1.868835490494456,-3.476343845759669,1.7940709196570577,BabyLM 1.3B — final layer,9.902465807141306,10.429465147567443
-0.30975824438764943,-2.3752511308739064,10.048929693644451,6.870264856271882,1.868835490494456,-3.476343845759669,1.7940709196570577,BabyLM 1.3B — final layer,9.784294093978053,10.306571558049278
-0.1562409894004102,-2.3752511308739064,9.929877558607727,6.870264856271882,1.868835490494456,-3.476343845759669,1.7940709196570577,BabyLM 1.3B — final layer,9.659978691457628,10.193451086125128
-0.00272373441317075,-2.3752511308739064,9.810825423571002,6.870264856271882,1.868835490494456,-3.476343845759669,1.7940709196570577,BabyLM 1.3B — final layer,9.527334189518829,10.089420591346292
0.1507935205740687,-2.3752511308739064,9.691773288534277,6.870264856271882,1.868835490494456,-3.476343845759669,1.7940709196570577,BabyLM 1.3B — final layer,9.390371991476721,9.989937048714191
0.3043107755613079,-2.3752511308739064,9.572721153497552,6.870264856271882,1.868835490494456,-3.476343845759669,1.7940709196570577,BabyLM 1.3B — final layer,9.244865310429642,9.896268171553778
0.4578280305485471,-2.3752511308739064,9.453669018460827,6.870264856271882,1.868835490494456,-3.476343845759669,1.7940709196570577,BabyLM 1.3B — final layer,9.098498711297676,9.806978866142687
0.6113452855357864,-2.3752511308739064,9.334616883424102,6.870264856271882,1.868835490494456,-3.476343845759669,1.7940709196570577,BabyLM 1.3B — final layer,8.947857566802012,9.719414844158074
0.7648625405230256,-2.3752511308739064,9.215564748387377,6.870264856271882,1.868835490494456,-3.476343845759669,1.7940709196570577,BabyLM 1.3B — final layer,8.793032287440473,9.636273473027835
0.9183797955102652,-2.3752511308739064,9.096512613350653,6.870264856271882,1.868835490494456,-3.476343845759669,1.7940709196570577,BabyLM 1.3B — final layer,8.639814590150818,9.554393107320648
1.0718970504975045,-2.3752511308739064,8.977460478313928,6.870264856271882,1.868835490494456,-3.476343845759669,1.7940709196570577,BabyLM 1.3B — final layer,8.482488562085306,9.471546119450643
1.2254143054847435,-2.3752511308739064,8.858408343277203,6.870264856271882,1.868835490494456,-3.476343845759669,1.7940709196570577,BabyLM 1.3B — final layer,8.328807545079028,9.39368592290028
1.378931560471983,-2.3752511308739064,8.739356208240478,6.870264856271882,1.868835490494456,-3.476343845759669,1.7940709196570577,BabyLM 1.3B — final layer,8.168673929562017,9.315497376958891
1.5324488154592222,-2.3752511308739064,8.620304073203753,6.870264856271882,1.868835490494456,-3.476343845759669,1.7940709196570577,BabyLM 1.3B — final layer,8.00700935146741,9.234947321706699
1.6859660704464614,-2.3752511308739064,8.501251938167028,6.870264856271882,1.868835490494456,-3.476343845759669,1.7940709196570577,BabyLM 1.3B — final layer,7.8464498368845,9.159697721224392
1.839483325433701,-2.3752511308739064,8.382199803130304,6.870264856271882,1.868835490494456,-3.476343845759669,1.7940709196570577,BabyLM 1.3B — final layer,7.6852470338071806,9.081865730409099
1.9930005804209403,-2.3752511308739064,8.263147668093579,6.870264856271882,1.868835490494456,-3.476343845759669,1.7940709196570577,BabyLM 1.3B — final layer,7.520966368757659,9.003394664441753
2.14651783540818,-2.3752511308739064,8.144095533056854,6.870264856271882,1.868835490494456,-3.476343845759669,1.7940709196570577,BabyLM 1.3B — final layer,7.357066642830816,8.924287927948122
2.300035090395419,-2.3752511308739064,8.025043398020129,6.870264856271882,1.868835490494456,-3.476343845759669,1.7940709196570577,BabyLM 1.3B — final layer,7.196257850663211,8.850646683943113
2.453552345382658,-2.3752511308739064,7.905991262983405,6.870264856271882,1.868835490494456,-3.476343845759669,1.7940709196570577,BabyLM 1.3B — final layer,7.032807025663522,8.777264719415069
-1.9984480492472816,-2.20766662884108,11.391640371337036,6.870264856271882,1.868835490494456,-3.476343845759669,1.7940709196570577,BabyLM 1.3B — final layer,10.87291619221644,11.913041555052411
-1.8449307942600424,-2.20766662884108,11.27188185343539,6.870264856271882,1.868835490494456,-3.476343845759669,1.7940709196570577,BabyLM 1.3B — final layer,10.790791362473758,11.754335069598756
-1.6914135392728031,-2.20766662884108,11.152123335533744,6.870264856271882,1.868835490494456,-3.476343845759669,1.7940709196570577,BabyLM 1.3B — final layer,10.705401902124803,11.595091274382098
-1.537896284285564,-2.20766662884108,11.032364817632098,6.870264856271882,1.868835490494456,-3.476343845759669,1.7940709196570577,BabyLM 1.3B — final layer,10.622143069298057,11.439680995486087
-1.384379029298325,-2.20766662884108,10.912606299730454,6.870264856271882,1.868835490494456,-3.476343845759669,1.7940709196570577,BabyLM 1.3B — final layer,10.536274077729074,11.283661577628408
-1.2308617743110852,-2.20766662884108,10.792847781828808,6.870264856271882,1.868835490494456,-3.476343845759669,1.7940709196570577,BabyLM 1.3B — final layer,10.448919525104358,11.134260001300625
-1.077344519323846,-2.20766662884108,10.673089263927162,6.870264856271882,1.868835490494456,-3.476343845759669,1.7940709196570577,BabyLM 1.3B — final layer,10.3595001454427,10.987911374705064
-0.9238272643366066,-2.20766662884108,10.553330746025516,6.870264856271882,1.868835490494456,-3.476343845759669,1.7940709196570577,BabyLM 1.3B — final layer,10.26392055554746,10.842374072183384
-0.7703100093493673,-2.20766662884108,10.43357222812387,6.870264856271882,1.868835490494456,-3.476343845759669,1.7940709196570577,BabyLM 1.3B — final layer,10.162870077066312,10.704867865823326
-0.6167927543621281,-2.20766662884108,10.313813710222224,6.870264856271882,1.868835490494456,-3.476343845759669,1.7940709196570577,BabyLM 1.3B — final layer,10.05966610357485,10.569901731954987
-0.46327549937488866,-2.20766662884108,10.19405519232058,6.870264856271882,1.868835490494456,-3.476343845759669,1.7940709196570577,BabyLM 1.3B — final layer,9.945168561949078,10.437968117006003
-0.30975824438764943,-2.20766662884108,10.074296674418934,6.870264856271882,1.868835490494456,-3.476343845759669,1.7940709196570577,BabyLM 1.3B — final layer,9.827324321201573,10.31697090018692
-0.1562409894004102,-2.20766662884108,9.954538156517287,6.870264856271882,1.868835490494456,-3.476343845759669,1.7940709196570577,BabyLM 1.3B — final layer,9.700892845398949,10.202610967448093
-0.00272373441317075,-2.20766662884108,9.834779638615641,6.870264856271882,1.868835490494456,-3.476343845759669,1.7940709196570577,BabyLM 1.3B — final layer,9.567847217104962,10.098088127165639
0.1507935205740687,-2.20766662884108,9.715021120713995,6.870264856271882,1.868835490494456,-3.476343845759669,1.7940709196570577,BabyLM 1.3B — final layer,9.430047643327088,9.996582779395652
0.3043107755613079,-2.20766662884108,9.595262602812351,6.870264856271882,1.868835490494456,-3.476343845759669,1.7940709196570577,BabyLM 1.3B — final layer,9.285841797046286,9.901303078843796
0.4578280305485471,-2.20766662884108,9.475504084910705,6.870264856271882,1.868835490494456,-3.476343845759669,1.7940709196570577,BabyLM 1.3B — final layer,9.13970569452452,9.809019567914502
0.6113452855357864,-2.20766662884108,9.355745567009059,6.870264856271882,1.868835490494456,-3.476343845759669,1.7940709196570577,BabyLM 1.3B — final layer,8.990808064092572,9.71938398805502
0.7648625405230256,-2.20766662884108,9.235987049107413,6.870264856271882,1.868835490494456,-3.476343845759669,1.7940709196570577,BabyLM 1.3B — final layer,8.837193143023061,9.635225905054932
0.9183797955102652,-2.20766662884108,9.116228531205767,6.870264856271882,1.868835490494456,-3.476343845759669,1.7940709196570577,BabyLM 1.3B — final layer,8.684626762828344,9.549380665496454
1.0718970504975045,-2.20766662884108,8.996470013304123,6.870264856271882,1.868835490494456,-3.476343845759669,1.7940709196570577,BabyLM 1.3B — final layer,8.528828103538071,9.464320019889874
1.2254143054847435,-2.20766662884108,8.876711495402477,6.870264856271882,1.868835490494456,-3.476343845759669,1.7940709196570577,BabyLM 1.3B — final layer,8.375839795956733,9.382167965203429
1.378931560471983,-2.20766662884108,8.75695297750083,6.870264856271882,1.868835490494456,-3.476343845759669,1.7940709196570577,BabyLM 1.3B — final layer,8.219924359196174,9.300093112531911
1.5324488154592222,-2.20766662884108,8.637194459599185,6.870264856271882,1.868835490494456,-3.476343845759669,1.7940709196570577,BabyLM 1.3B — final layer,8.05842317146949,9.217753490981318
1.6859660704464614,-2.20766662884108,8.517435941697538,6.870264856271882,1.868835490494456,-3.476343845759669,1.7940709196570577,BabyLM 1.3B — final layer,7.897989844257336,9.137573562909024
1.839483325433701,-2.20766662884108,8.397677423795892,6.870264856271882,1.868835490494456,-3.476343845759669,1.7940709196570577,BabyLM 1.3B — final layer,7.738321114309962,9.057094140296241
1.9930005804209403,-2.20766662884108,8.277918905894248,6.870264856271882,1.868835490494456,-3.476343845759669,1.7940709196570577,BabyLM 1.3B — final layer,7.575526017998146,8.9775678091371809
2.14651783540818,-2.20766662884108,8.158160387992602,6.870264856271882,1.868835490494456,-3.476343845759669,1.7940709196570577,BabyLM 1.3B — final layer,7.411152879173442,8.900703107358302
2.300035090395419,-2.20766662884108,8.038401870090956,6.870264856271882,1.868835490494456,-3.476343845759669,1.7940709196570577,BabyLM 1.3B — final layer,7.254223511765835,8.819549223981932
2.453552345382658,-2.20766662884108,7.918643352189311,6.870264856271882,1.868835490494456,-3.476343845759669,1.7940709196570577,BabyLM 1.3B — final layer,7.092893833091457,8.74037180266703
-1.9984480492472816,-2.0400821268082536,11.424777563625648,6.870264856271882,1.868835490494456,-3.476343845759669,1.7940709196570577,BabyLM 1.3B — final layer,10.93765884228547,11.916777426437191
-1.8449307942600424,-2.0400821268082536,11.304312662859083,6.870264856271882,1.868835490494456,-3.476343845759669,1.7940709196570577,BabyLM 1.3B — final layer,10.853541829541152,11.758778684950835
-1.6914135392728031,-2.0400821268082536,11.183847762092515,6.870264856271882,1.868835490494456,-3.476343845759669,1.7940709196570577,BabyLM 1.3B — final layer,10.765570934498289,11.600025531948326
-1.537896284285564,-2.0400821268082536,11.063382861325948,6.870264856271882,1.868835490494456,-3.476343845759669,1.7940709196570577,BabyLM 1.3B — final layer,10.679328007437798,11.445252554546194
-1.384379029298325,-2.0400821268082536,10.942917960559383,6.870264856271882,1.868835490494456,-3.476343845759669,1.7940709196570577,BabyLM 1.3B — final layer,10.589435722865316,11.292896919461073
-1.2308617743110852,-2.0400821268082536,10.822453059792815,6.870264856271882,1.868835490494456,-3.476343845759669,1.7940709196570577,BabyLM 1.3B — final layer,10.500387454987962,11.143728502914072
-1.077344519323846,-2.0400821268082536,10.701988159026248,6.870264856271882,1.868835490494456,-3.476343845759669,1.7940709196570577,BabyLM 1.3B — final layer,10.407834080130584,10.997810450488423
-0.9238272643366066,-2.0400821268082536,10.581523258259683,6.870264856271882,1.868835490494456,-3.476343845759669,1.7940709196570577,BabyLM 1.3B — final layer,10.31081812092246,10.851902573875067
-0.7703100093493673,-2.0400821268082536,10.461058357493116,6.870264856271882,1.868835490494456,-3.476343845759669,1.7940709196570577,BabyLM 1.3B — final layer,10.207886034630874,10.71467711341973
-0.6167927543621281,-2.0400821268082536,10.340593456726548,6.870264856271882,1.868835490494456,-3.476343845759669,1.7940709196570577,BabyLM 1.3B — final layer,10.101963944520884,10.58105183204371
-0.46327549937488866,-2.0400821268082536,10.220128555959983,6.870264856271882,1.868835490494456,-3.476343845759669,1.7940709196570577,BabyLM 1.3B — final layer,9.987124769867092,10.448994419657394
-0.30975824438764943,-2.0400821268082536,10.099663655193416,6.870264856271882,1.868835490494456,-3.476343845759669,1.7940709196570577,BabyLM 1.3B — final layer,9.86931406532534,10.327569051344272
-0.1562409894004102,-2.0400821268082536,9.979198754426848,6.870264856271882,1.868835490494456,-3.476343845759669,1.7940709196570577,BabyLM 1.3B — final layer,9.740865633585775,10.2124042206897
-0.00272373441317075,-2.0400821268082536,9.858733853660283,6.870264856271882,1.868835490494456,-3.476343845759669,1.7940709196570577,BabyLM 1.3B — final layer,9.607802686321524,10.105483798818751
0.1507935205740687,-2.0400821268082536,9.738268952893716,6.870264856271882,1.868835490494456,-3.476343845759669,1.7940709196570577,BabyLM 1.3B — final layer,9.47032573349759,10.002343850413494
0.3043107755613079,-2.0400821268082536,9.617804052127148,6.870264856271882,1.868835490494456,-3.476343845759669,1.7940709196570577,BabyLM 1.3B — final layer,9.327479440616695,9.906202646730609
0.4578280305485471,-2.0400821268082536,9.497339151360583,6.870264856271882,1.868835490494456,-3.476343845759669,1.7940709196570577,BabyLM 1.3B — final layer,9.180270479339557,9.81183632910799
0.6113452855357864,-2.0400821268082536,9.376874250594016,6.870264856271882,1.868835490494456,-3.476343845759669,1.7940709196570577,BabyLM 1.3B — final layer,9.032151728272927,9.719693034497766
0.7648625405230256,-2.0400821268082536,9.256409349827448,6.870264856271882,1.868835490494456,-3.476343845759669,1.7940709196570577,BabyLM 1.3B — final layer,8.881901366937395,9.630184743921703
0.9183797955102652,-2.0400821268082536,9.135944449060883,6.870264856271882,1.868835490494456,-3.476343845759669,1.7940709196570577,BabyLM 1.3B — final layer,8.729067043306584,9.54330412454851
1.0718970504975045,-2.0400821268082536,9.015479548294316,6.870264856271882,1.868835490494456,-3.476343845759669,1.7940709196570577,BabyLM 1.3B — final layer,8.576235379423409,9.455339591637987
1.2254143054847435,-2.0400821268082536,8.89501464752775,6.870264856271882,1.868835490494456,-3.476343845759669,1.7940709196570577,BabyLM 1.3B — final layer,8.422705641868896,9.37241804560137
1.378931560471983,-2.0400821268082536,8.774549746761183,6.870264856271882,1.868835490494456,-3.476343845759669,1.7940709196570577,BabyLM 1.3B — final layer,8.266444255702464,9.284670857385478
1.5324488154592222,-2.0400821268082536,8.654084845994616,6.870264856271882,1.868835490494456,-3.476343845759669,1.7940709196570577,BabyLM 1.3B — final layer,8.10820545001924,9.20103551702073
1.6859660704464614,-2.0400821268082536,8.53361994522805,6.870264856271882,1.868835490494456,-3.476343845759669,1.7940709196570577,BabyLM 1.3B — final layer,7.9499252213054366,9.117513689626886
1.839483325433701,-2.0400821268082536,8.413155044461483,6.870264856271882,1.868835490494456,-3.476343845759669,1.7940709196570577,BabyLM 1.3B — final layer,7.79118395142826,9.03206519150976
1.9930005804209403,-2.0400821268082536,8.292690143694916,6.870264856271882,1.868835490494456,-3.476343845759669,1.7940709196570577,BabyLM 1.3B — final layer,7.631687268823383,8.94856631588779
2.14651783540818,-2.0400821268082536,8.172225242928349,6.870264856271882,1.868835490494456,-3.476343845759669,1.7940709196570577,BabyLM 1.3B — final layer,7.469777119043811,8.866286372295127
2.300035090395419,-2.0400821268082536,8.051760342161783,6.870264856271882,1.868835490494456,-3.476343845759669,1.7940709196570577,BabyLM 1.3B — final layer,7.308788745222423,8.785050726053758
2.453552345382658,-2.0400821268082536,7.931295441395216,6.870264856271882,1.868835490494456,-3.476343845759669,1.7940709196570577,BabyLM 1.3B — final layer,7.149740588617063,8.703881512223944
-1.9984480492472816,-1.8724976247754277,11.457914755914262,6.870264856271882,1.868835490494456,-3.476343845759669,1.7940709196570577,BabyLM 1.3B — final layer,10.999539699452919,11.919431967142122
-1.8449307942600424,-1.8724976247754277,11.336743472282773,6.870264856271882,1.868835490494456,-3.476343845759669,1.7940709196570577,BabyLM 1.3B — final layer,10.913315275859006,11.76366926860399
-1.6914135392728031,-1.8724976247754277,11.215572188651286,6.870264856271882,1.868835490494456,-3.476343845759669,1.7940709196570577,BabyLM 1.3B — final layer,10.825344733855848,11.60865310512551
-1.537896284285564,-1.8724976247754277,11.094400905019798,6.870264856271882,1.868835490494456,-3.476343845759669,1.7940709196570577,BabyLM 1.3B — final layer,10.73661807640532,11.452676340798314
-1.384379029298325,-1.8724976247754277,10.973229621388311,6.870264856271882,1.868835490494456,-3.476343845759669,1.7940709196570577,BabyLM 1.3B — final layer,10.644332062169923,11.30074313294414
-1.2308617743110852,-1.8724976247754277,10.852058337756823,6.870264856271882,1.868835490494456,-3.476343845759669,1.7940709196570577,BabyLM 1.3B — final layer,10.551059319385955,11.152665336523038
-1.077344519323846,-1.8724976247754277,10.730887054125336,6.870264856271882,1.868835490494456,-3.476343845759669,1.7940709196570577,BabyLM 1.3B — final layer,10.456605710663307,11.006167017045527
-0.9238272643366066,-1.8724976247754277,10.609715770493848,6.870264856271882,1.868835490494456,-3.476343845759669,1.7940709196570577,BabyLM 1.3B — final layer,10.358202207406457,10.861251851540011
-0.7703100093493673,-1.8724976247754277,10.488544486862361,6.870264856271882,1.868835490494456,-3.476343845759669,1.7940709196570577,BabyLM 1.3B — final layer,10.253237844784756,10.724738228487166
-0.6167927543621281,-1.8724976247754277,10.367373203230873,6.870264856271882,1.868835490494456,-3.476343845759669,1.7940709196570577,BabyLM 1.3B — final layer,10.142895485715426,10.590346055336903
-0.46327549937488866,-1.8724976247754277,10.246201919599386,6.870264856271882,1.868835490494456,-3.476343845759669,1.7940709196570577,BabyLM 1.3B — final layer,10.029958191924717,10.460672166586834
-0.30975824438764943,-1.8724976247754277,10.125030635967898,6.870264856271882,1.868835490494456,-3.476343845759669,1.7940709196570577,BabyLM 1.3B — final layer,9.910508772954952,10.337886270301677
-0.1562409894004102,-1.8724976247754277,10.003859352336411,6.870264856271882,1.868835490494456,-3.476343845759669,1.7940709196570577,BabyLM 1.3B — final layer,9.781509588296759,10.22194679734291
-0.00272373441317075,-1.8724976247754277,9.882688068704923,6.870264856271882,1.868835490494456,-3.476343845759669,1.7940709196570577,BabyLM 1.3B — final layer,9.649384379468618,10.113939653679004
0.1507935205740687,-1.8724976247754277,9.761516785073436,6.870264856271882,1.868835490494456,-3.476343845759669,1.7940709196570577,BabyLM 1.3B — final layer,9.509714166163906,10.00832367247264
0.3043107755613079,-1.8724976247754277,9.640345501441947,6.870264856271882,1.868835490494456,-3.476343845759669,1.7940709196570577,BabyLM 1.3B — final layer,9.368586279792869,9.910793051885866
0.4578280305485471,-1.8724976247754277,9.51917421781046,6.870264856271882,1.868835490494456,-3.476343845759669,1.7940709196570577,BabyLM 1.3B — final layer,9.22206590443036,9.812159188821333
0.6113452855357864,-1.8724976247754277,9.398002934178972,6.870264856271882,1.868835490494456,-3.476343845759669,1.7940709196570577,BabyLM 1.3B — final layer,9.076021135163902,9.719126618582168
0.7648625405230256,-1.8724976247754277,9.276831650547486,6.870264856271882,1.868835490494456,-3.476343845759669,1.7940709196570577,BabyLM 1.3B — final layer,8.924704554788095,9.625281890270482
0.9183797955102652,-1.8724976247754277,9.155660366915997,6.870264856271882,1.868835490494456,-3.476343845759669,1.7940709196570577,BabyLM 1.3B — final layer,8.774375314802128,9.537649861551944
1.0718970504975045,-1.8724976247754277,9.034489083284509,6.870264856271882,1.868835490494456,-3.476343845759669,1.7940709196570577,BabyLM 1.3B — final layer,8.622352291667529,9.44668752780065
1.2254143054847435,-1.8724976247754277,8.913317799653022,6.870264856271882,1.868835490494456,-3.476343845759669,1.7940709196570577,BabyLM 1.3B — final layer,8.470601209089695,9.359311416685157
1.378931560471983,-1.8724976247754277,8.792146516021536,6.870264856271882,1.868835490494456,-3.476343845759669,1.7940709196570577,BabyLM 1.3B — final layer,8.315414791970325,9.272583545042593
1.5324488154592222,-1.8724976247754277,8.670975232390047,6.870264856271882,1.868835490494456,-3.476343845759669,1.7940709196570577,BabyLM 1.3B — final layer,8.158256026091944,9.184979814891514
1.6859660704464614,-1.8724976247754277,8.54980394875856,6.870264856271882,1.868835490494456,-3.476343845759669,1.7940709196570577,BabyLM 1.3B — final layer,8.001850483834467,9.096336372961053
1.839483325433701,-1.8724976247754277,8.428632665127072,6.870264856271882,1.868835490494456,-3.476343845759669,1.7940709196570577,BabyLM 1.3B — final layer,7.84511244407501,9.009985403845972
1.9930005804209403,-1.8724976247754277,8.307461381495584,6.870264856271882,1.868835490494456,-3.476343845759669,1.7940709196570577,BabyLM 1.3B — final layer,7.687506349732047,8.922686881772414
2.14651783540818,-1.8724976247754277,8.186290097864097,6.870264856271882,1.868835490494456,-3.476343845759669,1.7940709196570577,BabyLM 1.3B — final layer,7.527785918647193,8.837092694180614
2.300035090395419,-1.8724976247754277,8.065118814232608,6.870264856271882,1.868835490494456,-3.476343845759669,1.7940709196570577,BabyLM 1.3B — final layer,7.369732789200273,8.753451992132176
2.453552345382658,-1.8724976247754277,7.943947530601122,6.870264856271882,1.868835490494456,-3.476343845759669,1.7940709196570577,BabyLM 1.3B — final layer,7.211779625176258,8.668833829514796
-1.9984480492472816,-1.7049131227426015,11.491051948202873,6.870264856271882,1.868835490494456,-3.476343845759669,1.7940709196570577,BabyLM 1.3B — final layer,11.062904694208587,11.922100691761386
-1.8449307942600424,-1.7049131227426015,11.369174281706465,6.870264856271882,1.868835490494456,-3.476343845759669,1.7940709196570577,BabyLM 1.3B — final layer,10.973394047828874,11.768568357355976
-1.6914135392728031,-1.7049131227426015,11.247296615210058,6.870264856271882,1.868835490494456,-3.476343845759669,1.7940709196570577,BabyLM 1.3B — final layer,10.882177146239345,11.614777407543057
-1.537896284285564,-1.7049131227426015,11.125418948713648,6.870264856271882,1.868835490494456,-3.476343845759669,1.7940709196570577,BabyLM 1.3B — final layer,10.79176535085952,11.459416475539603
-1.384379029298325,-1.7049131227426015,11.00354128221724,6.870264856271882,1.868835490494456,-3.476343845759669,1.7940709196570577,BabyLM 1.3B — final layer,10.699281233736222,11.308132758811983
-1.2308617743110852,-1.7049131227426015,10.881663615720832,6.870264856271882,1.868835490494456,-3.476343845759669,1.7940709196570577,BabyLM 1.3B — final layer,10.602015978895643,11.161551098304363
-1.077344519323846,-1.7049131227426015,10.759785949224423,6.870264856271882,1.868835490494456,-3.476343845759669,1.7940709196570577,BabyLM 1.3B — final layer,10.50574456925623,11.016001678255941
-0.9238272643366066,-1.7049131227426015,10.637908282728015,6.870264856271882,1.868835490494456,-3.476343845759669,1.7940709196570577,BabyLM 1.3B — final layer,10.402572009103467,10.870971229934312
-0.7703100093493673,-1.7049131227426015,10.516030616231605,6.870264856271882,1.868835490494456,-3.476343845759669,1.7940709196570577,BabyLM 1.3B — final layer,10.29685144422324,10.734840372884596
-0.6167927543621281,-1.7049131227426015,10.394152949735197,6.870264856271882,1.868835490494456,-3.476343845759669,1.7940709196570577,BabyLM 1.3B — final layer,10.186320980799257,10.599497199671958
-0.46327549937488866,-1.7049131227426015,10.27227528323879,6.870264856271882,1.868835490494456,-3.476343845759669,1.7940709196570577,BabyLM 1.3B — final layer,10.071771689966567,10.471239725604054
-0.30975824438764943,-1.7049131227426015,10.15039761674238,6.870264856271882,1.868835490494456,-3.476343845759669,1.7940709196570577,BabyLM 1.3B — final layer,9.951403154480657,10.348663049915691
-0.1562409894004102,-1.7049131227426015,10.028519950245972,6.870264856271882,1.868835490494456,-3.476343845759669,1.7940709196570577,BabyLM 1.3B — final layer,9.82184840069727,10.231590516317532
-0.00272373441317075,-1.7049131227426015,9.906642283749564,6.870264856271882,1.868835490494456,-3.476343845759669,1.7940709196570577,BabyLM 1.3B — final layer,9.688818251914403,10.122289436611862
0.1507935205740687,-1.7049131227426015,9.784764617253154,6.870264856271882,1.868835490494456,-3.476343845759669,1.7940709196570577,BabyLM 1.3B — final layer,9.54965669554921,10.014916531253942
0.3043107755613079,-1.7049131227426015,9.662886950756747,6.870264856271882,1.868835490494456,-3.476343845759669,1.7940709196570577,BabyLM 1.3B — final layer,9.409244316922516,9.91398902903573
0.4578280305485471,-1.7049131227426015,9.541009284260339,6.870264856271882,1.868835490494456,-3.476343845759669,1.7940709196570577,BabyLM 1.3B — final layer,9.262919116017143,9.81473364976191
0.6113452855357864,-1.7049131227426015,9.419131617763929,6.870264856271882,1.868835490494456,-3.476343845759669,1.7940709196570577,BabyLM 1.3B — final layer,9.117306838022026,9.718783619555442
0.7648625405230256,-1.7049131227426015,9.297253951267521,6.870264856271882,1.868835490494456,-3.476343845759669,1.7940709196570577,BabyLM 1.3B — final layer,8.97052643973289,9.62368369590146
0.9183797955102652,-1.7049131227426015,9.175376284771112,6.870264856271882,1.868835490494456,-3.476343845759669,1.7940709196570577,BabyLM 1.3B — final layer,8.818803350629363,9.531605377881064
1.0718970504975045,-1.7049131227426015,9.053498618274704,6.870264856271882,1.868835490494456,-3.476343845759669,1.7940709196570577,BabyLM 1.3B — final layer,8.667602743370232,9.437926554248131
1.2254143054847435,-1.7049131227426015,8.931620951778296,6.870264856271882,1.868835490494456,-3.476343845759669,1.7940709196570577,BabyLM 1.3B — final layer,8.517710398311952,9.348242747785289
1.378931560471983,-1.7049131227426015,8.809743285281886,6.870264856271882,1.868835490494456,-3.476343845759669,1.7940709196570577,BabyLM 1.3B — final layer,8.363447938627255,9.25806132952331
1.5324488154592222,-1.7049131227426015,8.687865618785478,6.870264856271882,1.868835490494456,-3.476343845759669,1.7940709196570577,BabyLM 1.3B — final layer,8.208184700836302,9.168685536474577
1.6859660704464614,-1.7049131227426015,8.56598795228907,6.870264856271882,1.868835490494456,-3.476343845759669,1.7940709196570577,BabyLM 1.3B — final layer,8.052614421470956,9.07725357341282
1.839483325433701,-1.7049131227426015,8.44411028579266,6.870264856271882,1.868835490494456,-3.476343845759669,1.7940709196570577,BabyLM 1.3B — final layer,7.898707177893564,8.986343675174027
1.9930005804209403,-1.7049131227426015,8.322232619296253,6.870264856271882,1.868835490494456,-3.476343845759669,1.7940709196570577,BabyLM 1.3B — final layer,7.741805396308716,8.896853821519766
2.14651783540818,-1.7049131227426015,8.200354952799843,6.870264856271882,1.868835490494456,-3.476343845759669,1.7940709196570577,BabyLM 1.3B — final layer,7.587326516207159,8.809323537452967
2.300035090395419,-1.7049131227426015,8.078477286303436,6.870264856271882,1.868835490494456,-3.476343845759669,1.7940709196570577,BabyLM 1.3B — final layer,7.427780741334787,8.723427279167895
2.453552345382658,-1.7049131227426015,7.956599619807027,6.870264856271882,1.868835490494456,-3.476343845759669,1.7940709196570577,BabyLM 1.3B — final layer,7.270858525906323,8.635222725287
-1.9984480492472816,-1.5373286207097752,11.524189140491487,6.870264856271882,1.868835490494456,-3.476343845759669,1.7940709196570577,BabyLM 1.3B — final layer,11.127086221306433,11.925188824079967
-1.8449307942600424,-1.5373286207097752,11.401605091130158,6.870264856271882,1.868835490494456,-3.476343845759669,1.7940709196570577,BabyLM 1.3B — final layer,11.034903024623912,11.772750885106207
-1.6914135392728031,-1.5373286207097752,11.279021041768829,6.870264856271882,1.868835490494456,-3.476343845759669,1.7940709196570577,BabyLM 1.3B — final layer,10.940800841865059,11.620767366783666
-1.537896284285564,-1.5373286207097752,11.156436992407498,6.870264856271882,1.868835490494456,-3.476343845759669,1.7940709196570577,BabyLM 1.3B — final layer,10.847463703584873,11.469254946110166
-1.384379029298325,-1.5373286207097752,11.033852943046169,6.870264856271882,1.868835490494456,-3.476343845759669,1.7940709196570577,BabyLM 1.3B — final layer,10.751382448206023,11.318705630955437
-1.2308617743110852,-1.5373286207097752,10.91126889368484,6.870264856271882,1.868835490494456,-3.476343845759669,1.7940709196570577,BabyLM 1.3B — final layer,10.652382461305107,11.171551419667628
-1.077344519323846,-1.5373286207097752,10.78868484432351,6.870264856271882,1.868835490494456,-3.476343845759669,1.7940709196570577,BabyLM 1.3B — final layer,10.553036343253861,11.026268487922131
-0.9238272643366066,-1.5373286207097752,10.66610079496218,6.870264856271882,1.868835490494456,-3.476343845759669,1.7940709196570577,BabyLM 1.3B — final layer,10.448603074446792,10.8835315757989
-0.7703100093493673,-1.5373286207097752,10.54351674560085,6.870264856271882,1.868835490494456,-3.476343845759669,1.7940709196570577,BabyLM 1.3B — final layer,10.340612323025518,10.746149039403331
-0.6167927543621281,-1.5373286207097752,10.420932696239522,6.870264856271882,1.868835490494456,-3.476343845759669,1.7940709196570577,BabyLM 1.3B — final layer,10.229131203684902,10.610523702403627
-0.46327549937488866,-1.5373286207097752,10.298348646878193,6.870264856271882,1.868835490494456,-3.476343845759669,1.7940709196570577,BabyLM 1.3B — final layer,10.11288604653436,10.48266172174667
-0.30975824438764943,-1.5373286207097752,10.175764597516864,6.870264856271882,1.868835490494456,-3.476343845759669,1.7940709196570577,BabyLM 1.3B — final layer,9.991738891125273,10.358900847412244
-0.1562409894004102,-1.5373286207097752,10.053180548155533,6.870264856271882,1.868835490494456,-3.476343845759669,1.7940709196570577,BabyLM 1.3B — final layer,9.862464110302822,10.241562441507217
-0.00272373441317075,-1.5373286207097752,9.930596498794204,6.870264856271882,1.868835490494456,-3.476343845759669,1.7940709196570577,BabyLM 1.3B — final layer,9.728935574658017,10.129404525955643
0.1507935205740687,-1.5373286207097752,9.808012449432875,6.870264856271882,1.868835490494456,-3.476343845759669,1.7940709196570577,BabyLM 1.3B — final layer,9.59096678514,10.021868881433488
0.3043107755613079,-1.5373286207097752,9.685428400071546,6.870264856271882,1.868835490494456,-3.476343845759669,1.7940709196570577,BabyLM 1.3B — final layer,9.448494494316202,9.91719687085553
0.4578280305485471,-1.5373286207097752,9.562844350710215,6.870264856271882,1.868835490494456,-3.476343845759669,1.7940709196570577,BabyLM 1.3B — final layer,9.304397897020086,9.816600859955903
0.6113452855357864,-1.5373286207097752,9.440260301348886,6.870264856271882,1.868835490494456,-3.476343845759669,1.7940709196570577,BabyLM 1.3B — final layer,9.159305752219367,9.719470990841184
0.7648625405230256,-1.5373286207097752,9.317676251987557,6.870264856271882,1.868835490494456,-3.476343845759669,1.7940709196570577,BabyLM 1.3B — final layer,9.01179117872297,9.620295623487985
0.9183797955102652,-1.5373286207097752,9.195092202626228,6.870264856271882,1.868835490494456,-3.476343845759669,1.7940709196570577,BabyLM 1.3B — final layer,8.862155582710727,9.524106009807674
1.0718970504975045,-1.5373286207097752,9.072508153264897,6.870264856271882,1.868835490494456,-3.476343845759669,1.7940709196570577,BabyLM 1.3B — final layer,8.71274583168552,9.430280077704609
1.2254143054847435,-1.5373286207097752,8.949924103903568,6.870264856271882,1.868835490494456,-3.476343845759669,1.7940709196570577,BabyLM 1.3B — final layer,8.562294062420081,9.339249389636848
1.378931560471983,-1.5373286207097752,8.827340054542239,6.870264856271882,1.868835490494456,-3.476343845759669,1.7940709196570577,BabyLM 1.3B — final layer,8.410106705042358,9.244529900114133
1.5324488154592222,-1.5373286207097752,8.70475600518091,6.870264856271882,1.868835490494456,-3.476343845759669,1.7940709196570577,BabyLM 1.3B — final layer,8.257170387500297,9.149561667578768
1.6859660704464614,-1.5373286207097752,8.58217195581958,6.870264856271882,1.868835490494456,-3.476343845759669,1.7940709196570577,BabyLM 1.3B — final layer,8.10353076700021,9.056665095698042
1.839483325433701,-1.5373286207097752,8.45958790645825,6.870264856271882,1.868835490494456,-3.476343845759669,1.7940709196570577,BabyLM 1.3B — final layer,7.949423860164694,8.963922090107637
1.9930005804209403,-1.5373286207097752,8.33700385709692,6.870264856271882,1.868835490494456,-3.476343845759669,1.7940709196570577,BabyLM 1.3B — final layer,7.795885383204975,8.872080899998977
2.14651783540818,-1.5373286207097752,8.214419807735592,6.870264856271882,1.868835490494456,-3.476343845759669,1.7940709196570577,BabyLM 1.3B — final layer,7.642688752535003,8.782793815697275
2.300035090395419,-1.5373286207097752,8.091835758374263,6.870264856271882,1.868835490494456,-3.476343845759669,1.7940709196570577,BabyLM 1.3B — final layer,7.48775746261932,8.692766869980488
2.453552345382658,-1.5373286207097752,7.969251709012933,6.870264856271882,1.868835490494456,-3.476343845759669,1.7940709196570577,BabyLM 1.3B — final layer,7.331058832506326,8.60170241513676
-1.9984480492472816,-1.369744118676949,11.5573263327801,6.870264856271882,1.868835490494456,-3.476343845759669,1.7940709196570577,BabyLM 1.3B — final layer,11.190097238352521,11.929632816362664
-1.8449307942600424,-1.369744118676949,11.434035900553848,6.870264856271882,1.868835490494456,-3.476343845759669,1.7940709196570577,BabyLM 1.3B — final layer,11.092020293620235,11.77807083862532
-1.6914135392728031,-1.369744118676949,11.310745468327598,6.870264856271882,1.868835490494456,-3.476343845759669,1.7940709196570577,BabyLM 1.3B — final layer,10.996561577919612,11.629060790676368
-1.537896284285564,-1.369744118676949,11.187455036101348,6.870264856271882,1.868835490494456,-3.476343845759669,1.7940709196570577,BabyLM 1.3B — final layer,10.898757589204902,11.479901769871129
-1.384379029298325,-1.369744118676949,11.064164603875097,6.870264856271882,1.868835490494456,-3.476343845759669,1.7940709196570577,BabyLM 1.3B — final layer,10.800915522692225,11.330087193669938
-1.2308617743110852,-1.369744118676949,10.940874171648847,6.870264856271882,1.868835490494456,-3.476343845759669,1.7940709196570577,BabyLM 1.3B — final layer,10.699622713045922,11.182175495941475
-1.077344519323846,-1.369744118676949,10.817583739422597,6.870264856271882,1.868835490494456,-3.476343845759669,1.7940709196570577,BabyLM 1.3B — final layer,10.598542898815733,11.037518846718163
-0.9238272643366066,-1.369744118676949,10.694293307196347,6.870264856271882,1.868835490494456,-3.476343845759669,1.7940709196570577,BabyLM 1.3B — final layer,10.494366790829305,10.897143708317051
-0.7703100093493673,-1.369744118676949,10.571002874970096,6.870264856271882,1.868835490494456,-3.476343845759669,1.7940709196570577,BabyLM 1.3B — final layer,10.383826641185292,10.758009774077701
-0.6167927543621281,-1.369744118676949,10.447712442743846,6.870264856271882,1.868835490494456,-3.476343845759669,1.7940709196570577,BabyLM 1.3B — final layer,10.271328762263074,10.624235730829144
-0.46327549937488866,-1.369744118676949,10.324422010517596,6.870264856271882,1.868835490494456,-3.476343845759669,1.7940709196570577,BabyLM 1.3B — final layer,10.153033751172808,10.494060563051512
-0.30975824438764943,-1.369744118676949,10.201131578291346,6.870264856271882,1.868835490494456,-3.476343845759669,1.7940709196570577,BabyLM 1.3B — final layer,10.030470533860925,10.37172506144728
-0.1562409894004102,-1.369744118676949,10.077841146065095,6.870264856271882,1.868835490494456,-3.476343845759669,1.7940709196570577,BabyLM 1.3B — final layer,9.900326338624167,10.251971911382267
-0.00272373441317075,-1.369744118676949,9.954550713838845,6.870264856271882,1.868835490494456,-3.476343845759669,1.7940709196570577,BabyLM 1.3B — final layer,9.768233304269152,10.138786531230775
0.1507935205740687,-1.369744118676949,9.831260281612593,6.870264856271882,1.868835490494456,-3.476343845759669,1.7940709196570577,BabyLM 1.3B — final layer,9.630210235934536,10.030235082985842
0.3043107755613079,-1.369744118676949,9.707969849386343,6.870264856271882,1.868835490494456,-3.476343845759669,1.7940709196570577,BabyLM 1.3B — final layer,9.487850144599422,9.923274764291063
0.4578280305485471,-1.369744118676949,9.584679417160093,6.870264856271882,1.868835490494456,-3.476343845759669,1.7940709196570577,BabyLM 1.3B — final layer,9.343542504349974,9.820074228342714
0.6113452855357864,-1.369744118676949,9.461388984933842,6.870264856271882,1.868835490494456,-3.476343845759669,1.7940709196570577,BabyLM 1.3B — final layer,9.199319179455948,9.718927862706925
0.7648625405230256,-1.369744118676949,9.338098552707592,6.870264856271882,1.868835490494456,-3.476343845759669,1.7940709196570577,BabyLM 1.3B — final layer,9.053799580642181,9.618548098752303
0.9183797955102652,-1.369744118676949,9.214808120481342,6.870264856271882,1.868835490494456,-3.476343845759669,1.7940709196570577,BabyLM 1.3B — final layer,8.906544801096988,9.521067206788027
1.0718970504975045,-1.369744118676949,9.091517688255092,6.870264856271882,1.868835490494456,-3.476343845759669,1.7940709196570577,BabyLM 1.3B — final layer,8.75780822120534,9.424349206975656
1.2254143054847435,-1.369744118676949,8.968227256028841,6.870264856271882,1.868835490494456,-3.476343845759669,1.7940709196570577,BabyLM 1.3B — final layer,8.607613560231005,9.327963028858338
1.378931560471983,-1.369744118676949,8.844936823802591,6.870264856271882,1.868835490494456,-3.476343845759669,1.7940709196570577,BabyLM 1.3B — final layer,8.456865431643372,9.232701156566117
1.5324488154592222,-1.369744118676949,8.721646391576341,6.870264856271882,1.868835490494456,-3.476343845759669,1.7940709196570577,BabyLM 1.3B — final layer,8.30585216937625,9.134638171790177
1.6859660704464614,-1.369744118676949,8.59835595935009,6.870264856271882,1.868835490494456,-3.476343845759669,1.7940709196570577,BabyLM 1.3B — final layer,8.153490630468506,9.038614557943275
1.839483325433701,-1.369744118676949,8.47506552712384,6.870264856271882,1.868835490494456,-3.476343845759669,1.7940709196570577,BabyLM 1.3B — final layer,8.002228203604046,8.943666561691984
1.9930005804209403,-1.369744118676949,8.35177509489759,6.870264856271882,1.868835490494456,-3.476343845759669,1.7940709196570577,BabyLM 1.3B — final layer,7.848168205913819,8.850666121878872
2.14651783540818,-1.369744118676949,8.228484662671338,6.870264856271882,1.868835490494456,-3.476343845759669,1.7940709196570577,BabyLM 1.3B — final layer,7.695949197621346,8.7553341987119655
2.300035090395419,-1.369744118676949,8.105194230445088,6.870264856271882,1.868835490494456,-3.476343845759669,1.7940709196570577,BabyLM 1.3B — final layer,7.5428364041459695,8.662026776841557
2.453552345382658,-1.369744118676949,7.9819037982188386,6.870264856271882,1.868835490494456,-3.476343845759669,1.7940709196570577,BabyLM 1.3B — final layer,7.388755458171263,8.568898120030585
-1.9984480492472816,-1.2021596166441229,11.590463525068712,6.870264856271882,1.868835490494456,-3.476343845759669,1.7940709196570577,BabyLM 1.3B — final layer,11.248493726351107,11.936006670551162
-1.8449307942600424,-1.2021596166441229,11.46646670997754,6.870264856271882,1.868835490494456,-3.476343845759669,1.7940709196570577,BabyLM 1.3B — final layer,11.150144347095763,11.786206670228042
-1.6914135392728031,-1.2021596166441229,11.342469894886369,6.870264856271882,1.868835490494456,-3.476343845759669,1.7940709196570577,BabyLM 1.3B — final layer,11.051925228827113,11.638955128365287
-1.537896284285564,-1.2021596166441229,11.218473079795197,6.870264856271882,1.868835490494456,-3.476343845759669,1.7940709196570577,BabyLM 1.3B — final layer,10.95176025431131,11.491000001395546
-1.384379029298325,-1.2021596166441229,11.094476264704028,6.870264856271882,1.868835490494456,-3.476343845759669,1.7940709196570577,BabyLM 1.3B — final layer,10.850186619142285,11.342088557855021
-1.2308617743110852,-1.2021596166441229,10.970479449612856,6.870264856271882,1.868835490494456,-3.476343845759669,1.7940709196570577,BabyLM 1.3B — final layer,10.747000379579282,11.196410960854474
-1.077344519323846,-1.2021596166441229,10.846482634521685,6.870264856271882,1.868835490494456,-3.476343845759669,1.7940709196570577,BabyLM 1.3B — final layer,10.643082045740345,11.051758009813978
-0.9238272643366066,-1.2021596166441229,10.722485819430513,6.870264856271882,1.868835490494456,-3.476343845759669,1.7940709196570577,BabyLM 1.3B — final layer,10.535494143506268,10.90909441337024
-0.7703100093493673,-1.2021596166441229,10.598489004339342,6.870264856271882,1.868835490494456,-3.476343845759669,1.7940709196570577,BabyLM 1.3B — final layer,10.424795151463924,10.771945484131763
-0.6167927543621281,-1.2021596166441229,10.47449218924817,6.870264856271882,1.868835490494456,-3.476343845759669,1.7940709196570577,BabyLM 1.3B — final layer,10.310945370962479,10.637188546554572
-0.46327549937488866,-1.2021596166441229,10.350495374157,6.870264856271882,1.868835490494456,-3.476343845759669,1.7940709196570577,BabyLM 1.3B — final layer,10.19466210210551,10.509291573302841
-0.30975824438764943,-1.2021596166441229,10.226498559065828,6.870264856271882,1.868835490494456,-3.476343845759669,1.7940709196570577,BabyLM 1.3B — final layer,10.070227712992537,10.385021588997105
-0.1562409894004102,-1.2021596166441229,10.102501743974656,6.870264856271882,1.868835490494456,-3.476343845759669,1.7940709196570577,BabyLM 1.3B — final layer,9.940007711106908,10.263473584461066
-0.00272373441317075,-1.2021596166441229,9.978504928883485,6.870264856271882,1.868835490494456,-3.476343845759669,1.7940709196570577,BabyLM 1.3B — final layer,9.806470972211644,10.14774060513142
0.1507935205740687,-1.2021596166441229,9.854508113792313,6.870264856271882,1.868835490494456,-3.476343845759669,1.7940709196570577,BabyLM 1.3B — final layer,9.6693340651808,10.036825079867196
0.3043107755613079,-1.2021596166441229,9.730511298701142,6.870264856271882,1.868835490494456,-3.476343845759669,1.7940709196570577,BabyLM 1.3B — final layer,9.527587095385787,9.928308951326915
0.4578280305485471,-1.2021596166441229,9.60651448360997,6.870264856271882,1.868835490494456,-3.476343845759669,1.7940709196570577,BabyLM 1.3B — final layer,9.385124918399747,9.822388895519673
0.6113452855357864,-1.2021596166441229,9.482517668518799,6.870264856271882,1.868835490494456,-3.476343845759669,1.7940709196570577,BabyLM 1.3B — final layer,9.2398913746998,9.7216835692207
0.7648625405230256,-1.2021596166441229,9.358520853427628,6.870264856271882,1.868835490494456,-3.476343845759669,1.7940709196570577,BabyLM 1.3B — final layer,9.095905500129591,9.61811778710162
0.9183797955102652,-1.2021596166441229,9.234524038336456,6.870264856271882,1.868835490494456,-3.476343845759669,1.7940709196570577,BabyLM 1.3B — final layer,8.949104329149149,9.517760776721014
1.0718970504975045,-1.2021596166441229,9.110527223245285,6.870264856271882,1.868835490494456,-3.476343845759669,1.7940709196570577,BabyLM 1.3B — final layer,8.800261797772277,9.416285870972631
1.2254143054847435,-1.2021596166441229,8.986530408154115,6.870264856271882,1.868835490494456,-3.476343845759669,1.7940709196570577,BabyLM 1.3B — final layer,8.652251712989726,9.31788614022474
1.378931560471983,-1.2021596166441229,8.862533593062944,6.870264856271882,1.868835490494456,-3.476343845759669,1.7940709196570577,BabyLM 1.3B — final layer,8.50230304414145,9.219399877085847
1.5324488154592222,-1.2021596166441229,8.738536777971772,6.870264856271882,1.868835490494456,-3.476343845759669,1.7940709196570577,BabyLM 1.3B — final layer,8.352567609476566,9.120469277653953
1.6859660704464614,-1.2021596166441229,8.6145399628806,6.870264856271882,1.868835490494456,-3.476343845759669,1.7940709196570577,BabyLM 1.3B — final layer,8.203473929300596,9.020718039355414
1.839483325433701,-1.2021596166441229,8.49054314778943,6.870264856271882,1.868835490494456,-3.476343845759669,1.7940709196570577,BabyLM 1.3B — final layer,8.053482035386276,8.923104017615483
1.9930005804209403,-1.2021596166441229,8.366546332698258,6.870264856271882,1.868835490494456,-3.476343845759669,1.7940709196570577,BabyLM 1.3B — final layer,7.901350589245557,8.82591542210683
2.14651783540818,-1.2021596166441229,8.242549517607086,6.870264856271882,1.868835490494456,-3.476343845759669,1.7940709196570577,BabyLM 1.3B — final layer,7.749329526142983,8.73006046240092
2.300035090395419,-1.2021596166441229,8.118552702515915,6.870264856271882,1.868835490494456,-3.476343845759669,1.7940709196570577,BabyLM 1.3B — final layer,7.59486411095468,8.63510033704018
2.453552345382658,-1.2021596166441229,7.9945558874247435,6.870264856271882,1.868835490494456,-3.476343845759669,1.7940709196570577,BabyLM 1.3B — final layer,7.444296246379778,8.536487477717097
-1.9984480492472816,-1.0345751146112967,11.623600717357325,6.870264856271882,1.868835490494456,-3.476343845759669,1.7940709196570577,BabyLM 1.3B — final layer,11.307611826710547,11.94254640345907
-1.8449307942600424,-1.0345751146112967,11.498897519401233,6.870264856271882,1.868835490494456,-3.476343845759669,1.7940709196570577,BabyLM 1.3B — final layer,11.207952892545695,11.79532491897135
-1.6914135392728031,-1.0345751146112967,11.37419432144514,6.870264856271882,1.868835490494456,-3.476343845759669,1.7940709196570577,BabyLM 1.3B — final layer,11.105389812324502,11.648261439451446
-1.537896284285564,-1.0345751146112967,11.249491123489047,6.870264856271882,1.868835490494456,-3.476343845759669,1.7940709196570577,BabyLM 1.3B — final layer,11.00242340586856,11.501076697409436
-1.384379029298325,-1.0345751146112967,11.124787925532956,6.870264856271882,1.868835490494456,-3.476343845759669,1.7940709196570577,BabyLM 1.3B — final layer,10.899832186739708,11.355286232525284
-1.2308617743110852,-1.0345751146112967,11.000084727576864,6.870264856271882,1.868835490494456,-3.476343845759669,1.7940709196570577,BabyLM 1.3B — final layer,10.793100722802617,11.209608401513098
-1.077344519323846,-1.0345751146112967,10.875381529620771,6.870264856271882,1.868835490494456,-3.476343845759669,1.7940709196570577,BabyLM 1.3B — final layer,10.686880098869908,11.065376027533235
-0.9238272643366066,-1.0345751146112967,10.750678331664679,6.870264856271882,1.868835490494456,-3.476343845759669,1.7940709196570577,BabyLM 1.3B — final layer,10.577809983583647,10.922300464310077
-0.7703100093493673,-1.0345751146112967,10.625975133708588,6.870264856271882,1.868835490494456,-3.476343845759669,1.7940709196570577,BabyLM 1.3B — final layer,10.465652406941778,10.786498372036911
-0.6167927543621281,-1.0345751146112967,10.501271935752495,6.870264856271882,1.868835490494456,-3.476343845759669,1.7940709196570577,BabyLM 1.3B — final layer,10.351794997330941,10.651698922742565
-0.46327549937488866,-1.0345751146112967,10.376568737796402,6.870264856271882,1.868835490494456,-3.476343845759669,1.7940709196570577,BabyLM 1.3B — final layer,10.232887844615354,10.521956240582522
-0.30975824438764943,-1.0345751146112967,10.25186553984031,6.870264856271882,1.868835490494456,-3.476343845759669,1.7940709196570577,BabyLM 1.3B — final layer,10.107450899338769,10.396892569143771
-0.1562409894004102,-1.0345751146112967,10.127162341884217,6.870264856271882,1.868835490494456,-3.476343845759669,1.7940709196570577,BabyLM 1.3B — final layer,9.977938514243007,10.274812326939735
-0.00272373441317075,-1.0345751146112967,10.002459143928126,6.870264856271882,1.868835490494456,-3.476343845759669,1.7940709196570577,BabyLM 1.3B — final layer,9.843694780135014,10.157730006631114
0.1507935205740687,-1.0345751146112967,9.877755945972034,6.870264856271882,1.868835490494456,-3.476343845759669,1.7940709196570577,BabyLM 1.3B — final layer,9.706452435825419,10.045435212157484
0.3043107755613079,-1.0345751146112967,9.753052748015941,6.870264856271882,1.868835490494456,-3.476343845759669,1.7940709196570577,BabyLM 1.3B — final layer,9.5675299319805,9.934992980173634
0.4578280305485471,-1.0345751146112967,9.628349550059848,6.870264856271882,1.868835490494456,-3.476343845759669,1.7940709196570577,BabyLM 1.3B — final layer,9.425197487030998,9.826449758480079
0.6113452855357864,-1.0345751146112967,9.503646352103756,6.870264856271882,1.868835490494456,-3.476343845759669,1.7940709196570577,BabyLM 1.3B — final layer,9.281397723061291,9.722091892201073
0.7648625405230256,-1.0345751146112967,9.378943154147665,6.870264856271882,1.868835490494456,-3.476343845759669,1.7940709196570577,BabyLM 1.3B — final layer,9.138323873978035,9.617136576601334
0.9183797955102652,-1.0345751146112967,9.254239956191572,6.870264856271882,1.868835490494456,-3.476343845759669,1.7940709196570577,BabyLM 1.3B — final layer,8.992166995738478,9.514200061255803
1.0718970504975045,-1.0345751146112967,9.12953675823548,6.870264856271882,1.868835490494456,-3.476343845759669,1.7940709196570577,BabyLM 1.3B — final layer,8.846270137579555,9.411350890944968
1.2254143054847435,-1.0345751146112967,9.004833560279387,6.870264856271882,1.868835490494456,-3.476343845759669,1.7940709196570577,BabyLM 1.3B — final layer,8.69665388143141,9.30885937680357
1.378931560471983,-1.0345751146112967,8.880130362323294,6.870264856271882,1.868835490494456,-3.476343845759669,1.7940709196570577,BabyLM 1.3B — final layer,8.54767744133063,9.207700878495261
1.5324488154592222,-1.0345751146112967,8.755427164367203,6.870264856271882,1.868835490494456,-3.476343845759669,1.7940709196570577,BabyLM 1.3B — final layer,8.400827627203116,9.10734080968652
1.6859660704464614,-1.0345751146112967,8.63072396641111,6.870264856271882,1.868835490494456,-3.476343845759669,1.7940709196570577,BabyLM 1.3B — final layer,8.251841632045002,9.006055888189419
1.839483325433701,-1.0345751146112967,8.506020768455018,6.870264856271882,1.868835490494456,-3.476343845759669,1.7940709196570577,BabyLM 1.3B — final layer,8.102130116803393,8.906231708840277
1.9930005804209403,-1.0345751146112967,8.381317570498926,6.870264856271882,1.868835490494456,-3.476343845759669,1.7940709196570577,BabyLM 1.3B — final layer,7.953125494002995,8.805651818875555
2.14651783540818,-1.0345751146112967,8.256614372542833,6.870264856271882,1.868835490494456,-3.476343845759669,1.7940709196570577,BabyLM 1.3B — final layer,7.802260563105597,8.706370470392983
2.300035090395419,-1.0345751146112967,8.131911174586742,6.870264856271882,1.868835490494456,-3.476343845759669,1.7940709196570577,BabyLM 1.3B — final layer,7.650609307875393,8.608392602826399
2.453552345382658,-1.0345751146112967,8.00720797663065,6.870264856271882,1.868835490494456,-3.476343845759669,1.7940709196570577,BabyLM 1.3B — final layer,7.500933501463342,8.50881872354375
-1.9984480492472816,-0.8669906125784705,11.656737909645937,6.870264856271882,1.868835490494456,-3.476343845759669,1.7940709196570577,BabyLM 1.3B — final layer,11.36566325037886,11.952206664369779
-1.8449307942600424,-0.8669906125784705,11.531328328824925,6.870264856271882,1.868835490494456,-3.476343845759669,1.7940709196570577,BabyLM 1.3B — final layer,11.25975244217173,11.807315673850342
-1.6914135392728031,-0.8669906125784705,11.405918748003911,6.870264856271882,1.868835490494456,-3.476343845759669,1.7940709196570577,BabyLM 1.3B — final layer,11.155548215706805,11.660681896256708
-1.537896284285564,-0.8669906125784705,11.280509167182899,6.870264856271882,1.868835490494456,-3.476343845759669,1.7940709196570577,BabyLM 1.3B — final layer,11.049639841972224,11.512983122806007
-1.384379029298325,-0.8669906125784705,11.155099586361885,6.870264856271882,1.868835490494456,-3.476343845759669,1.7940709196570577,BabyLM 1.3B — final layer,10.945252226641225,11.366152057312085
-1.2308617743110852,-0.8669906125784705,11.029690005540871,6.870264856271882,1.868835490494456,-3.476343845759669,1.7940709196570577,BabyLM 1.3B — final layer,10.836976849451904,11.22240331435819
-1.077344519323846,-0.8669906125784705,10.90428042471986,6.870264856271882,1.868835490494456,-3.476343845759669,1.7940709196570577,BabyLM 1.3B — final layer,10.727743544650227,11.08011197623514
-0.9238272643366066,-0.8669906125784705,10.778870843898845,6.870264856271882,1.868835490494456,-3.476343845759669,1.7940709196570577,BabyLM 1.3B — final layer,10.617792840972502,10.938370431295798
-0.7703100093493673,-0.8669906125784705,10.653461263077832,6.870264856271882,1.868835490494456,-3.476343845759669,1.7940709196570577,BabyLM 1.3B — final layer,10.503602989262186,10.802646435304476
-0.6167927543621281,-0.8669906125784705,10.52805168225682,6.870264856271882,1.868835490494456,-3.476343845759669,1.7940709196570577,BabyLM 1.3B — final layer,10.388848084711974,10.668893057177433
-0.46327549937488866,-0.8669906125784705,10.402642101435806,6.870264856271882,1.868835490494456,-3.476343845759669,1.7940709196570577,BabyLM 1.3B — final layer,10.268944265552678,10.536541747246593
-0.30975824438764943,-0.8669906125784705,10.277232520614792,6.870264856271882,1.868835490494456,-3.476343845759669,1.7940709196570577,BabyLM 1.3B — final layer,10.143646088879796,10.409878906473635
-0.1562409894004102,-0.8669906125784705,10.15182293979378,6.870264856271882,1.868835490494456,-3.476343845759669,1.7940709196570577,BabyLM 1.3B — final layer,10.014732443034122,10.287337183599469
-0.00272373441317075,-0.8669906125784705,10.026413358972766,6.870264856271882,1.868835490494456,-3.476343845759669,1.7940709196570577,BabyLM 1.3B — final layer,9.880612343713608,10.168424174354932
0.1507935205740687,-0.8669906125784705,9.901003778151752,6.870264856271882,1.868835490494456,-3.476343845759669,1.7940709196570577,BabyLM 1.3B — final layer,9.744737739605963,10.054145939801439
0.3043107755613079,-0.8669906125784705,9.77559419733074,6.870264856271882,1.868835490494456,-3.476343845759669,1.7940709196570577,BabyLM 1.3B — final layer,9.605960354444257,9.942361570310707
0.4578280305485471,-0.8669906125784705,9.650184616509726,6.870264856271882,1.868835490494456,-3.476343845759669,1.7940709196570577,BabyLM 1.3B — final layer,9.46456522554261,9.832702526835885
0.6113452855357864,-0.8669906125784705,9.524775035688712,6.870264856271882,1.868835490494456,-3.476343845759669,1.7940709196570577,BabyLM 1.3B — final layer,9.321195374843942,9.72440217600108
0.7648625405230256,-0.8669906125784705,9.3993654548677,6.870264856271882,1.868835490494456,-3.476343845759669,1.7940709196570577,BabyLM 1.3B — final layer,9.179089324989144,9.617486574673187
0.9183797955102652,-0.8669906125784705,9.273955874046687,6.870264856271882,1.868835490494456,-3.476343845759669,1.7940709196570577,BabyLM 1.3B — final layer,9.035082282125268,9.512308661117501
1.0718970504975045,-0.8669906125784705,9.148546293225673,6.870264856271882,1.868835490494456,-3.476343845759669,1.7940709196570577,BabyLM 1.3B — final layer,8.88874299239588,9.406115904107217
1.2254143054847435,-0.8669906125784705,9.02313671240466,6.870264856271882,1.868835490494456,-3.476343845759669,1.7940709196570577,BabyLM 1.3B — final layer,8.740566392532163,9.302069901017099
1.378931560471983,-0.8669906125784705,8.897727131583647,6.870264856271882,1.868835490494456,-3.476343845759669,1.7940709196570577,BabyLM 1.3B — final layer,8.594315611165413,9.199197875889329
1.5324488154592222,-0.8669906125784705,8.772317550762635,6.870264856271882,1.868835490494456,-3.476343845759669,1.7940709196570577,BabyLM 1.3B — final layer,8.446811496308358,9.094605061012896
1.6859660704464614,-0.8669906125784705,8.646907969941621,6.870264856271882,1.868835490494456,-3.476343845759669,1.7940709196570577,BabyLM 1.3B — final layer,8.29846252888121,8.99287577846733
1.839483325433701,-0.8669906125784705,8.521498389120607,6.870264856271882,1.868835490494456,-3.476343845759669,1.7940709196570577,BabyLM 1.3B — final layer,8.151285789774093,8.887922934168829
1.9930005804209403,-0.8669906125784705,8.396088808299595,6.870264856271882,1.868835490494456,-3.476343845759669,1.7940709196570577,BabyLM 1.3B — final layer,8.003117896930036,8.78593627068268
2.14651783540818,-0.8669906125784705,8.270679227478581,6.870264856271882,1.868835490494456,-3.476343845759669,1.7940709196570577,BabyLM 1.3B — final layer,7.85448042393225,8.68361214807403
2.300035090395419,-0.8669906125784705,8.145269646657567,6.870264856271882,1.868835490494456,-3.476343845759669,1.7940709196570577,BabyLM 1.3B — final layer,7.706633271219541,8.57978484876032
2.453552345382658,-0.8669906125784705,8.019860065836555,6.870264856271882,1.868835490494456,-3.476343845759669,1.7940709196570577,BabyLM 1.3B — final layer,7.558851612168802,8.478496617778374
-1.9984480492472816,-0.6994061105456442,11.68987510193455,6.870264856271882,1.868835490494456,-3.476343845759669,1.7940709196570577,BabyLM 1.3B — final layer,11.414436094208382,11.963446758643265
-1.8449307942600424,-0.6994061105456442,11.563759138248617,6.870264856271882,1.868835490494456,-3.476343845759669,1.7940709196570577,BabyLM 1.3B — final layer,11.309781963464388,11.818278785961805
-1.6914135392728031,-0.6994061105456442,11.437643174562682,6.870264856271882,1.868835490494456,-3.476343845759669,1.7940709196570577,BabyLM 1.3B — final layer,11.202335533916518,11.672766197361117
-1.537896284285564,-0.6994061105456442,11.311527210876749,6.870264856271882,1.868835490494456,-3.476343845759669,1.7940709196570577,BabyLM 1.3B — final layer,11.095394122200016,11.52722027741399
-1.384379029298325,-0.6994061105456442,11.185411247190814,6.870264856271882,1.868835490494456,-3.476343845759669,1.7940709196570577,BabyLM 1.3B — final layer,10.987192136023195,11.382877467547997
-1.2308617743110852,-0.6994061105456442,11.05929528350488,6.870264856271882,1.868835490494456,-3.476343845759669,1.7940709196570577,BabyLM 1.3B — final layer,10.877391955843441,11.239420240866963
-1.077344519323846,-0.6994061105456442,10.933179319818946,6.870264856271882,1.868835490494456,-3.476343845759669,1.7940709196570577,BabyLM 1.3B — final layer,10.766887474193709,11.097261136415748
-0.9238272643366066,-0.6994061105456442,10.807063356133012,6.870264856271882,1.868835490494456,-3.476343845759669,1.7940709196570577,BabyLM 1.3B — final layer,10.654527074737429,10.955767728323003
-0.7703100093493673,-0.6994061105456442,10.680947392447077,6.870264856271882,1.868835490494456,-3.476343845759669,1.7940709196570577,BabyLM 1.3B — final layer,10.540098750670213,10.819889289918239
-0.6167927543621281,-0.6994061105456442,10.554831428761144,6.870264856271882,1.868835490494456,-3.476343845759669,1.7940709196570577,BabyLM 1.3B — final layer,10.422601933225762,10.685939225648085
-0.46327549937488866,-0.6994061105456442,10.428715465075209,6.870264856271882,1.868835490494456,-3.476343845759669,1.7940709196570577,BabyLM 1.3B — final layer,10.303187036326506,10.553687847826328
-0.30975824438764943,-0.6994061105456442,10.302599501389276,6.870264856271882,1.868835490494456,-3.476343845759669,1.7940709196570577,BabyLM 1.3B — final layer,10.177777210276675,10.42535447956666
-0.1562409894004102,-0.6994061105456442,10.17648353770334,6.870264856271882,1.868835490494456,-3.476343845759669,1.7940709196570577,BabyLM 1.3B — final layer,10.049779104565546,10.301519579873197
-0.00272373441317075,-0.6994061105456442,10.050367574017407,6.870264856271882,1.868835490494456,-3.476343845759669,1.7940709196570577,BabyLM 1.3B — final layer,9.917196949509032,10.179452616304967
0.1507935205740687,-0.6994061105456442,9.924251610331472,6.870264856271882,1.868835490494456,-3.476343845759669,1.7940709196570577,BabyLM 1.3B — final layer,9.782575472166348,10.062971382385701
0.3043107755613079,-0.6994061105456442,9.798135646645537,6.870264856271882,1.868835490494456,-3.476343845759669,1.7940709196570577,BabyLM 1.3B — final layer,9.64334615941747,9.949884444662038
0.4578280305485471,-0.6994061105456442,9.672019682959604,6.870264856271882,1.868835490494456,-3.476343845759669,1.7940709196570577,BabyLM 1.3B — final layer,9.503662643162205,9.83732734394605
0.6113452855357864,-0.6994061105456442,9.54590371927367,6.870264856271882,1.868835490494456,-3.476343845759669,1.7940709196570577,BabyLM 1.3B — final layer,9.361746227392151,9.728231154841119
0.7648625405230256,-0.6994061105456442,9.419787755587736,6.870264856271882,1.868835490494456,-3.476343845759669,1.7940709196570577,BabyLM 1.3B — final layer,9.219997642153947,9.617656654121328
0.9183797955102652,-0.6994061105456442,9.2936717919018,6.870264856271882,1.868835490494456,-3.476343845759669,1.7940709196570577,BabyLM 1.3B — final layer,9.075104645885409,9.508666224834348
1.0718970504975045,-0.6994061105456442,9.167555828215868,6.870264856271882,1.868835490494456,-3.476343845759669,1.7940709196570577,BabyLM 1.3B — final layer,8.92974510773509,9.402186431706646
1.2254143054847435,-0.6994061105456442,9.041439864529934,6.870264856271882,1.868835490494456,-3.476343845759669,1.7940709196570577,BabyLM 1.3B — final layer,8.785213132903245,9.295699000306744
1.378931560471983,-0.6994061105456442,8.915323900844,6.870264856271882,1.868835490494456,-3.476343845759669,1.7940709196570577,BabyLM 1.3B — final layer,8.639208247613073,9.188465311081563
1.5324488154592222,-0.6994061105456442,8.789207937158066,6.870264856271882,1.868835490494456,-3.476343845759669,1.7940709196570577,BabyLM 1.3B — final layer,8.492169388795531,9.082710012476747
1.6859660704464614,-0.6994061105456442,8.663091973472131,6.870264856271882,1.868835490494456,-3.476343845759669,1.7940709196570577,BabyLM 1.3B — final layer,8.346637828421287,8.978271728265138
1.839483325433701,-0.6994061105456442,8.536976009786196,6.870264856271882,1.868835490494456,-3.476343845759669,1.7940709196570577,BabyLM 1.3B — final layer,8.199521622141937,8.872653098017668
1.9930005804209403,-0.6994061105456442,8.410860046100263,6.870264856271882,1.868835490494456,-3.476343845759669,1.7940709196570577,BabyLM 1.3B — final layer,8.052754592530661,8.766499462614988
2.14651783540818,-0.6994061105456442,8.284744082414328,6.870264856271882,1.868835490494456,-3.476343845759669,1.7940709196570577,BabyLM 1.3B — final layer,7.905057303663416,8.661306681726254
2.300035090395419,-0.6994061105456442,8.158628118728394,6.870264856271882,1.868835490494456,-3.476343845759669,1.7940709196570577,BabyLM 1.3B — final layer,7.75921564024469,8.55633388396831
2.453552345382658,-0.6994061105456442,8.03251215504246,6.870264856271882,1.868835490494456,-3.476343845759669,1.7940709196570577,BabyLM 1.3B — final layer,7.612848926616445,8.451420041922777
-1.9984480492472816,-0.5318216085128178,11.723012294223164,6.870264856271882,1.868835490494456,-3.476343845759669,1.7940709196570577,BabyLM 1.3B — final layer,11.465920395159278,11.974556608003624
-1.8449307942600424,-0.5318216085128178,11.596189947672308,6.870264856271882,1.868835490494456,-3.476343845759669,1.7940709196570577,BabyLM 1.3B — final layer,11.357484057311284,11.83193973343691
-1.6914135392728031,-0.5318216085128178,11.469367601121453,6.870264856271882,1.868835490494456,-3.476343845759669,1.7940709196570577,BabyLM 1.3B — final layer,11.247736676776459,11.688719498622294
-1.537896284285564,-0.5318216085128178,11.342545254570599,6.870264856271882,1.868835490494456,-3.476343845759669,1.7940709196570577,BabyLM 1.3B — final layer,11.13883462463497,11.54513620764924
-1.384379029298325,-0.5318216085128178,11.215722908019742,6.870264856271882,1.868835490494456,-3.476343845759669,1.7940709196570577,BabyLM 1.3B — final layer,11.029669620588278,11.400974192806533
-1.2308617743110852,-0.5318216085128178,11.088900561468888,6.870264856271882,1.868835490494456,-3.476343845759669,1.7940709196570577,BabyLM 1.3B — final layer,10.917129128410462,11.259049850361114
-1.077344519323846,-0.5318216085128178,10.962078214918034,6.870264856271882,1.868835490494456,-3.476343845759669,1.7940709196570577,BabyLM 1.3B — final layer,10.804285436202917,11.115478798232925
-0.9238272643366066,-0.5318216085128178,10.835255868367177,6.870264856271882,1.868835490494456,-3.476343845759669,1.7940709196570577,BabyLM 1.3B — final layer,10.690801312106624,10.976778665484645
-0.7703100093493673,-0.5318216085128178,10.708433521816323,6.870264856271882,1.868835490494456,-3.476343845759669,1.7940709196570577,BabyLM 1.3B — final layer,10.574327747132799,10.83987608683106
-0.6167927543621281,-0.5318216085128178,10.581611175265468,6.870264856271882,1.868835490494456,-3.476343845759669,1.7940709196570577,BabyLM 1.3B — final layer,10.456456073296996,10.705078352331693
-0.46327549937488866,-0.5318216085128178,10.454788828714612,6.870264856271882,1.868835490494456,-3.476343845759669,1.7940709196570577,BabyLM 1.3B — final layer,10.335941863562205,10.573054350656104
-0.30975824438764943,-0.5318216085128178,10.327966482163758,6.870264856271882,1.868835490494456,-3.476343845759669,1.7940709196570577,BabyLM 1.3B — final layer,10.211465355233928,10.44267338442542
-0.1562409894004102,-0.5318216085128178,10.201144135612902,6.870264856271882,1.868835490494456,-3.476343845759669,1.7940709196570577,BabyLM 1.3B — final layer,10.08202938591948,10.316506670128076
-0.00272373441317075,-0.5318216085128178,10.074321789062047,6.870264856271882,1.868835490494456,-3.476343845759669,1.7940709196570577,BabyLM 1.3B — final layer,9.951521764954133,10.193162735356397
0.1507935205740687,-0.5318216085128178,9.947499442511193,6.870264856271882,1.868835490494456,-3.476343845759669,1.7940709196570577,BabyLM 1.3B — final layer,9.817102225562575,10.0747433447914
0.3043107755613079,-0.5318216085128178,9.820677095960336,6.870264856271882,1.868835490494456,-3.476343845759669,1.7940709196570577,BabyLM 1.3B — final layer,9.679897830722874,9.958698053542713
0.4578280305485471,-0.5318216085128178,9.693854749409482,6.870264856271882,1.868835490494456,-3.476343845759669,1.7940709196570577,BabyLM 1.3B — final layer,9.540705818884893,9.844002323946478
0.6113452855357864,-0.5318216085128178,9.567032402858628,6.870264856271882,1.868835490494456,-3.476343845759669,1.7940709196570577,BabyLM 1.3B — final layer,9.399674996321789,9.730535253628009
0.7648625405230256,-0.5318216085128178,9.440210056307771,6.870264856271882,1.868835490494456,-3.476343845759669,1.7940709196570577,BabyLM 1.3B — final layer,9.256948339855008,9.619674392400245
0.9183797955102652,-0.5318216085128178,9.313387709756917,6.870264856271882,1.868835490494456,-3.476343845759669,1.7940709196570577,BabyLM 1.3B — final layer,9.11286864222328,9.508301537771338
1.0718970504975045,-0.5318216085128178,9.18656536320606,6.870264856271882,1.868835490494456,-3.476343845759669,1.7940709196570577,BabyLM 1.3B — final layer,8.968928669243187,9.398283444160302
1.2254143054847435,-0.5318216085128178,9.059743016655206,6.870264856271882,1.868835490494456,-3.476343845759669,1.7940709196570577,BabyLM 1.3B — final layer,8.824423075954464,9.28847847447276
1.378931560471983,-0.5318216085128178,8.932920670104352,6.870264856271882,1.868835490494456,-3.476343845759669,1.7940709196570577,BabyLM 1.3B — final layer,8.68106083203057,9.179775673832623
1.5324488154592222,-0.5318216085128178,8.806098323553497,6.870264856271882,1.868835490494456,-3.476343845759669,1.7940709196570577,BabyLM 1.3B — final layer,8.5371125366266991,9.071448514917854
1.6859660704464614,-0.5318216085128178,8.679275977002641,6.870264856271882,1.868835490494456,-3.476343845759669,1.7940709196570577,BabyLM 1.3B — final layer,8.391569465484,8.963585207210949
1.839483325433701,-0.5318216085128178,8.552453630451787,6.870264856271882,1.868835490494456,-3.476343845759669,1.7940709196570577,BabyLM 1.3B — final layer,8.2458566752371,8.85561330918061
1.9930005804209403,-0.5318216085128178,8.42563128390093,6.870264856271882,1.868835490494456,-3.476343845759669,1.7940709196570577,BabyLM 1.3B — final layer,8.102072028184168,8.748482148736146
2.14651783540818,-0.5318216085128178,8.298808937350076,6.870264856271882,1.868835490494456,-3.476343845759669,1.7940709196570577,BabyLM 1.3B — final layer,7.954948082745369,8.640920446932032
2.300035090395419,-0.5318216085128178,8.171986590799222,6.870264856271882,1.868835490494456,-3.476343845759669,1.7940709196570577,BabyLM 1.3B — final layer,7.809091660279112,8.532424425192968
2.453552345382658,-0.5318216085128178,8.045164244248365,6.870264856271882,1.868835490494456,-3.476343845759669,1.7940709196570577,BabyLM 1.3B — final layer,7.663610674004952,8.425610600261175
-1.9984480492472816,-0.3642371064799916,11.756149486511775,6.870264856271882,1.868835490494456,-3.476343845759669,1.7940709196570577,BabyLM 1.3B — final layer,11.512568001719846,11.992121780768311
-1.8449307942600424,-0.3642371064799916,11.628620757096,6.870264856271882,1.868835490494456,-3.476343845759669,1.7940709196570577,BabyLM 1.3B — final layer,11.40201132432613,11.849889356059883
-1.6914135392728031,-0.3642371064799916,11.501092027680224,6.870264856271882,1.868835490494456,-3.476343845759669,1.7940709196570577,BabyLM 1.3B — final layer,11.291562698420783,11.707057707099235
-1.537896284285564,-0.3642371064799916,11.373563298264449,6.870264856271882,1.868835490494456,-3.476343845759669,1.7940709196570577,BabyLM 1.3B — final layer,11.179590608151459,11.564273336408526
-1.384379029298325,-0.3642371064799916,11.246034568848673,6.870264856271882,1.868835490494456,-3.476343845759669,1.7940709196570577,BabyLM 1.3B — final layer,11.067352835857164,11.421368781826928
-1.2308617743110852,-0.3642371064799916,11.118505839432895,6.870264856271882,1.868835490494456,-3.476343845759669,1.7940709196570577,BabyLM 1.3B — final layer,10.953910641679224,11.279828172235234
-1.077344519323846,-0.3642371064799916,10.99097711001712,6.870264856271882,1.868835490494456,-3.476343845759669,1.7940709196570577,BabyLM 1.3B — final layer,10.839685994293736,11.139068223862647
-0.9238272643366066,-0.3642371064799916,10.863448380601344,6.870264856271882,1.868835490494456,-3.476343845759669,1.7940709196570577,BabyLM 1.3B — final layer,10.724984811589852,10.99907147221211
-0.7703100093493673,-0.3642371064799916,10.735919651185569,6.870264856271882,1.868835490494456,-3.476343845759669,1.7940709196570577,BabyLM 1.3B — final layer,10.606998839285758,10.862333116861736
-0.6167927543621281,-0.3642371064799916,10.608390921769791,6.870264856271882,1.868835490494456,-3.476343845759669,1.7940709196570577,BabyLM 1.3B — final layer,10.488488535526542,10.726809338452
-0.46327549937488866,-0.3642371064799916,10.480862192354016,6.870264856271882,1.868835490494456,-3.476343845759669,1.7940709196570577,BabyLM 1.3B — final layer,10.365382577320705,10.59332381456911
-0.30975824438764943,-0.3642371064799916,10.35333346293824,6.870264856271882,1.868835490494456,-3.476343845759669,1.7940709196570577,BabyLM 1.3B — final layer,10.242018365167864,10.462276196645652
-0.1562409894004102,-0.3642371064799916,10.225804733522464,6.870264856271882,1.868835490494456,-3.476343845759669,1.7940709196570577,BabyLM 1.3B — final layer,10.113271451198484,10.33415633452747
-0.00272373441317075,-0.3642371064799916,10.098276004106689,6.870264856271882,1.868835490494456,-3.476343845759669,1.7940709196570577,BabyLM 1.3B — final layer,9.982831375724352,10.209945069993879
0.1507935205740687,-0.3642371064799916,9.970747274690911,6.870264856271882,1.868835490494456,-3.476343845759669,1.7940709196570577,BabyLM 1.3B — final layer,9.850612642984725,10.087861148691749
0.3043107755613079,-0.3642371064799916,9.843218545275136,6.870264856271882,1.868835490494456,-3.476343845759669,1.7940709196570577,BabyLM 1.3B — final layer,9.714632283441112,9.968456960217587
0.4578280305485471,-0.3642371064799916,9.71568981585936,6.870264856271882,1.868835490494456,-3.476343845759669,1.7940709196570577,BabyLM 1.3B — final layer,9.576136389464516,9.85152492945496
0.6113452855357864,-0.3642371064799916,9.588161086443584,6.870264856271882,1.868835490494456,-3.476343845759669,1.7940709196570577,BabyLM 1.3B — final layer,9.436396190870655,9.737432451078021
0.7648625405230256,-0.3642371064799916,9.460632357027809,6.870264856271882,1.868835490494456,-3.476343845759669,1.7940709196570577,BabyLM 1.3B — final layer,9.29494378580058,9.622045636133306
0.9183797955102652,-0.3642371064799916,9.333103627612031,6.870264856271882,1.868835490494456,-3.476343845759669,1.7940709196570577,BabyLM 1.3B — final layer,9.151828317040097,9.509190402334331
1.0718970504975045,-0.3642371064799916,9.205574898196256,6.870264856271882,1.868835490494456,-3.476343845759669,1.7940709196570577,BabyLM 1.3B — final layer,9.008974875222162,9.396454749501432
1.2254143054847435,-0.3642371064799916,9.07804616878048,6.870264856271882,1.868835490494456,-3.476343845759669,1.7940709196570577,BabyLM 1.3B — final layer,8.865315087156622,9.284636343723106
1.378931560471983,-0.3642371064799916,8.950517439364704,6.870264856271882,1.868835490494456,-3.476343845759669,1.7940709196570577,BabyLM 1.3B — final layer,8.722104709413653,9.174509516988776
1.5324488154592222,-0.3642371064799916,8.822988709948927,6.870264856271882,1.868835490494456,-3.476343845759669,1.7940709196570577,BabyLM 1.3B — final layer,8.578513134476653,9.063837125205271
1.6859660704464614,-0.3642371064799916,8.695459980533151,6.870264856271882,1.868835490494456,-3.476343845759669,1.7940709196570577,BabyLM 1.3B — final layer,8.433398537428541,8.952420685032436
1.839483325433701,-0.3642371064799916,8.567931251117376,6.870264856271882,1.868835490494456,-3.476343845759669,1.7940709196570577,BabyLM 1.3B — final layer,8.289631907003173,8.843075861759695
1.9930005804209403,-0.3642371064799916,8.4404025217016,6.870264856271882,1.868835490494456,-3.476343845759669,1.7940709196570577,BabyLM 1.3B — final layer,8.145304751434699,8.73321977942589
2.14651783540818,-0.3642371064799916,8.312873792285822,6.870264856271882,1.868835490494456,-3.476343845759669,1.7940709196570577,BabyLM 1.3B — final layer,8.000962943977523,8.622187824436622
2.300035090395419,-0.3642371064799916,8.185345062870047,6.870264856271882,1.868835490494456,-3.476343845759669,1.7940709196570577,BabyLM 1.3B — final layer,7.855601973724183,8.511579959822894
2.453552345382658,-0.3642371064799916,8.057816333454271,6.870264856271882,1.868835490494456,-3.476343845759669,1.7940709196570577,BabyLM 1.3B — final layer,7.70960886494988,8.402342692957923
-1.9984480492472816,-0.19665260444716548,11.789286678800389,6.870264856271882,1.868835490494456,-3.476343845759669,1.7940709196570577,BabyLM 1.3B — final layer,11.556399129523001,12.017901085284969
-1.8449307942600424,-0.19665260444716548,11.661051566519692,6.870264856271882,1.868835490494456,-3.476343845759669,1.7940709196570577,BabyLM 1.3B — final layer,11.443730146878776,11.874544253325325
-1.6914135392728031,-0.19665260444716548,11.532816454238995,6.870264856271882,1.868835490494456,-3.476343845759669,1.7940709196570577,BabyLM 1.3B — final layer,11.330749131556537,11.731438151073492
-1.537896284285564,-0.19665260444716548,11.404581341958298,6.870264856271882,1.868835490494456,-3.476343845759669,1.7940709196570577,BabyLM 1.3B — final layer,11.217754415528976,11.588127438508621
-1.384379029298325,-0.19665260444716548,11.276346229677602,6.870264856271882,1.868835490494456,-3.476343845759669,1.7940709196570577,BabyLM 1.3B — final layer,11.102981059088616,11.446611783813365
-1.2308617743110852,-0.19665260444716548,11.148111117396905,6.870264856271882,1.868835490494456,-3.476343845759669,1.7940709196570577,BabyLM 1.3B — final layer,10.986987485464368,11.305517246730995
-1.077344519323846,-0.19665260444716548,11.019876005116208,6.870264856271882,1.868835490494456,-3.476343845759669,1.7940709196570577,BabyLM 1.3B — final layer,10.870999761932929,11.164637073430857
-0.9238272643366066,-0.19665260444716548,10.89164089283551,6.870264856271882,1.868835490494456,-3.476343845759669,1.7940709196570577,BabyLM 1.3B — final layer,10.754542595274295,11.026139708704953
-0.7703100093493673,-0.19665260444716548,10.763405780554812,6.870264856271882,1.868835490494456,-3.476343845759669,1.7940709196570577,BabyLM 1.3B — final layer,10.636301941492878,10.888074375668902
-0.6167927543621281,-0.19665260444716548,10.635170668274116,6.870264856271882,1.868835490494456,-3.476343845759669,1.7940709196570577,BabyLM 1.3B — final layer,10.516106379931188,10.751524629729117
-0.46327549937488866,-0.19665260444716548,10.506935555993419,6.870264856271882,1.868835490494456,-3.476343845759669,1.7940709196570577,BabyLM 1.3B — final layer,10.393419211122007,10.616956262789511
-0.30975824438764943,-0.19665260444716548,10.378700443712722,6.870264856271882,1.868835490494456,-3.476343845759669,1.7940709196570577,BabyLM 1.3B — final layer,10.269489808408338,10.48454104021009
-0.1562409894004102,-0.19665260444716548,10.250465331432025,6.870264856271882,1.868835490494456,-3.476343845759669,1.7940709196570577,BabyLM 1.3B — final layer,10.142222668397423,10.354180944340891
-0.00272373441317075,-0.19665260444716548,10.122230219151328,6.870264856271882,1.868835490494456,-3.476343845759669,1.7940709196570577,BabyLM 1.3B — final layer,10.012597615900196,10.22745046088846
0.1507935205740687,-0.19665260444716548,9.993995106870631,6.870264856271882,1.868835490494456,-3.476343845759669,1.7940709196570577,BabyLM 1.3B — final layer,9.881185129130833,10.103813011243378
0.3043107755613079,-0.19665260444716548,9.865759994589935,6.870264856271882,1.868835490494456,-3.476343845759669,1.7940709196570577,BabyLM 1.3B — final layer,9.74689041706568,9.98157578439563
0.4578280305485471,-0.19665260444716548,9.737524882309238,6.870264856271882,1.868835490494456,-3.476343845759669,1.7940709196570577,BabyLM 1.3B — final layer,9.609259536190303,9.86240439011104
0.6113452855357864,-0.19665260444716548,9.609289770028541,6.870264856271882,1.868835490494456,-3.476343845759669,1.7940709196570577,BabyLM 1.3B — final layer,9.470964483008109,9.746294405739928
0.7648625405230256,-0.19665260444716548,9.481054657747844,6.870264856271882,1.868835490494456,-3.476343845759669,1.7940709196570577,BabyLM 1.3B — final layer,9.330155282543412,9.62884300174488
0.9183797955102652,-0.19665260444716548,9.352819545467147,6.870264856271882,1.868835490494456,-3.476343845759669,1.7940709196570577,BabyLM 1.3B — final layer,9.188121236670687,9.513218673135713
1.0718970504975045,-0.19665260444716548,9.224584433186449,6.870264856271882,1.868835490494456,-3.476343845759669,1.7940709196570577,BabyLM 1.3B — final layer,9.045836411931004,9.397713861906668
1.2254143054847435,-0.19665260444716548,9.096349320905754,6.870264856271882,1.868835490494456,-3.476343845759669,1.7940709196570577,BabyLM 1.3B — final layer,8.903685149672516,9.283658477453509
1.378931560471983,-0.19665260444716548,8.968114208625055,6.870264856271882,1.868835490494456,-3.476343845759669,1.7940709196570577,BabyLM 1.3B — final layer,8.759794762070758,9.170537184502765
1.5324488154592222,-0.19665260444716548,8.839879096344358,6.870264856271882,1.868835490494456,-3.476343845759669,1.7940709196570577,BabyLM 1.3B — final layer,8.616649295518918,9.057420177918843
1.6859660704464614,-0.19665260444716548,8.711643984063661,6.870264856271882,1.868835490494456,-3.476343845759669,1.7940709196570577,BabyLM 1.3B — final layer,8.472855623980275,8.944998741917724
1.839483325433701,-0.19665260444716548,8.583408871782964,6.870264856271882,1.868835490494456,-3.476343845759669,1.7940709196570577,BabyLM 1.3B — final layer,8.32679941676239,8.832464867524456
1.9930005804209403,-0.19665260444716548,8.455173759502268,6.870264856271882,1.868835490494456,-3.476343845759669,1.7940709196570577,BabyLM 1.3B — final layer,8.182993408579845,8.71990503615549
2.14651783540818,-0.19665260444716548,8.32693864722157,6.870264856271882,1.868835490494456,-3.476343845759669,1.7940709196570577,BabyLM 1.3B — final layer,8.039140466001903,8.607281923529419
2.300035090395419,-0.19665260444716548,8.198703534940874,6.870264856271882,1.868835490494456,-3.476343845759669,1.7940709196570577,BabyLM 1.3B — final layer,7.895624617825603,8.495026740243366
2.453552345382658,-0.19665260444716548,8.070468422660177,6.870264856271882,1.868835490494456,-3.476343845759669,1.7940709196570577,BabyLM 1.3B — final layer,7.752487660974798,8.383296499829541
-1.9984480492472816,-0.02906810241433932,11.822423871089,6.870264856271882,1.868835490494456,-3.476343845759669,1.7940709196570577,BabyLM 1.3B — final layer,11.594783601837959,12.049620614650795
-1.8449307942600424,-0.02906810241433932,11.693482375943384,6.870264856271882,1.868835490494456,-3.476343845759669,1.7940709196570577,BabyLM 1.3B — final layer,11.479692309999697,11.906292299306225
-1.6914135392728031,-0.02906810241433932,11.564540880797766,6.870264856271882,1.868835490494456,-3.476343845759669,1.7940709196570577,BabyLM 1.3B — final layer,11.364462047614154,11.761890269376813
-1.537896284285564,-0.02906810241433932,11.435599385652148,6.870264856271882,1.868835490494456,-3.476343845759669,1.7940709196570577,BabyLM 1.3B — final layer,11.249208507192145,11.620117801700065
-1.384379029298325,-0.02906810241433932,11.30665789050653,6.870264856271882,1.868835490494456,-3.476343845759669,1.7940709196570577,BabyLM 1.3B — final layer,11.13444609885173,11.478105962430604
-1.2308617743110852,-0.02906810241433932,11.177716395360912,6.870264856271882,1.868835490494456,-3.476343845759669,1.7940709196570577,BabyLM 1.3B — final layer,11.01806983312109,11.336708190015964
-1.077344519323846,-0.02906810241433932,11.048774900215294,6.870264856271882,1.868835490494456,-3.476343845759669,1.7940709196570577,BabyLM 1.3B — final layer,10.900108634931302,11.195611557713606
-0.9238272643366066,-0.02906810241433932,10.919833405069676,6.870264856271882,1.868835490494456,-3.476343845759669,1.7940709196570577,BabyLM 1.3B — final layer,10.781864668561228,11.056891604575807
-0.7703100093493673,-0.02906810241433932,10.790891909924058,6.870264856271882,1.868835490494456,-3.476343845759669,1.7940709196570577,BabyLM 1.3B — final layer,10.662207321192959,10.918179178217995
-0.6167927543621281,-0.02906810241433932,10.66195041477844,6.870264856271882,1.868835490494456,-3.476343845759669,1.7940709196570577,BabyLM 1.3B — final layer,10.541512113801817,10.780775421897541
-0.46327549937488866,-0.02906810241433932,10.533008919632822,6.870264856271882,1.868835490494456,-3.476343845759669,1.7940709196570577,BabyLM 1.3B — final layer,10.418285802732656,10.643317576999424
-0.30975824438764943,-0.02906810241433932,10.404067424487204,6.870264856271882,1.868835490494456,-3.476343845759669,1.7940709196570577,BabyLM 1.3B — final layer,10.294545867289663,10.509050636532002
-0.1562409894004102,-0.02906810241433932,10.275125929341586,6.870264856271882,1.868835490494456,-3.476343845759669,1.7940709196570577,BabyLM 1.3B — final layer,10.16788395048449,10.377204345607616
-0.00272373441317075,-0.02906810241433932,10.146184434195968,6.870264856271882,1.868835490494456,-3.476343845759669,1.7940709196570577,BabyLM 1.3B — final layer,10.04068394982506,10.248882618545455
0.1507935205740687,-0.02906810241433932,10.01724293905035,6.870264856271882,1.868835490494456,-3.476343845759669,1.7940709196570577,BabyLM 1.3B — final layer,9.90952374985843,10.12178176300931
0.3043107755613079,-0.02906810241433932,9.888301443904734,6.870264856271882,1.868835490494456,-3.476343845759669,1.7940709196570577,BabyLM 1.3B — final layer,9.775231513414475,9.996898725205606
0.4578280305485471,-0.02906810241433932,9.759359948759116,6.870264856271882,1.868835490494456,-3.476343845759669,1.7940709196570577,BabyLM 1.3B — final layer,9.63952400134966,9.875384592685858
0.6113452855357864,-0.02906810241433932,9.630418453613498,6.870264856271882,1.868835490494456,-3.476343845759669,1.7940709196570577,BabyLM 1.3B — final layer,9.5015093868873155,9.754829802164968
0.7648625405230256,-0.02906810241433932,9.50147695846788,6.870264856271882,1.868835490494456,-3.476343845759669,1.7940709196570577,BabyLM 1.3B — final layer,9.3636102621364,9.637542605536327
0.9183797955102652,-0.02906810241433932,9.372535463322262,6.870264856271882,1.868835490494456,-3.476343845759669,1.7940709196570577,BabyLM 1.3B — final layer,9.222409705659945,9.519831509259074
1.0718970504975045,-0.02906810241433932,9.243593968176643,6.870264856271882,1.868835490494456,-3.476343845759669,1.7940709196570577,BabyLM 1.3B — final layer,9.080579705096397,9.40326523799703
1.2254143054847435,-0.02906810241433932,9.114652473031025,6.870264856271882,1.868835490494456,-3.476343845759669,1.7940709196570577,BabyLM 1.3B — final layer,8.938734789964368,9.28722507422856
1.378931560471983,-0.02906810241433932,8.985710977885407,6.870264856271882,1.868835490494456,-3.476343845759669,1.7940709196570577,BabyLM 1.3B — final layer,8.795590014292657,9.171084626921848
1.5324488154592222,-0.02906810241433932,8.85676948273979,6.870264856271882,1.868835490494456,-3.476343845759669,1.7940709196570577,BabyLM 1.3B — final layer,8.653479943258631,9.056808535735192
1.6859660704464614,-0.02906810241433932,8.727827987594171,6.870264856271882,1.868835490494456,-3.476343845759669,1.7940709196570577,BabyLM 1.3B — final layer,8.510427970096785,8.941982335720827
1.839483325433701,-0.02906810241433932,8.598886492448553,6.870264856271882,1.868835490494456,-3.476343845759669,1.7940709196570577,BabyLM 1.3B — final layer,8.36835883867973,8.827347091333069
1.9930005804209403,-0.02906810241433932,8.469944997302935,6.870264856271882,1.868835490494456,-3.476343845759669,1.7940709196570577,BabyLM 1.3B — final layer,8.224687294901914,8.713849252321573
2.14651783540818,-0.02906810241433932,8.341003502157317,6.870264856271882,1.868835490494456,-3.476343845759669,1.7940709196570577,BabyLM 1.3B — final layer,8.080665702719603,8.600193954284673
2.300035090395419,-0.02906810241433932,8.212062007011701,6.870264856271882,1.868835490494456,-3.476343845759669,1.7940709196570577,BabyLM 1.3B — final layer,7.9379408648012975,8.486276697631018
2.453552345382658,-0.02906810241433932,8.083120511866083,6.870264856271882,1.868835490494456,-3.476343845759669,1.7940709196570577,BabyLM 1.3B — final layer,7.794255918367372,8.37227180894964
-1.9984480492472816,0.13851639961848683,11.855561063377614,6.870264856271882,1.868835490494456,-3.476343845759669,1.7940709196570577,BabyLM 1.3B — final layer,11.624010870387195,12.08646996291888
-1.8449307942600424,0.13851639961848683,11.725913185367075,6.870264856271882,1.868835490494456,-3.476343845759669,1.7940709196570577,BabyLM 1.3B — final layer,11.50934103978551,11.94294077798157
-1.6914135392728031,0.13851639961848683,11.596265307356537,6.870264856271882,1.868835490494456,-3.476343845759669,1.7940709196570577,BabyLM 1.3B — final layer,11.395012269526612,11.798907054243115
-1.537896284285564,0.13851639961848683,11.466617429345998,6.870264856271882,1.868835490494456,-3.476343845759669,1.7940709196570577,BabyLM 1.3B — final layer,11.275986508338475,11.656219367580729
-1.384379029298325,0.13851639961848683,11.336969551335459,6.870264856271882,1.868835490494456,-3.476343845759669,1.7940709196570577,BabyLM 1.3B — final layer,11.160285740385353,11.513949789694239
-1.2308617743110852,0.13851639961848683,11.20732167332492,6.870264856271882,1.868835490494456,-3.476343845759669,1.7940709196570577,BabyLM 1.3B — final layer,11.042670046420133,11.372547383511836
-1.077344519323846,0.13851639961848683,11.07767379531438,6.870264856271882,1.868835490494456,-3.476343845759669,1.7940709196570577,BabyLM 1.3B — final layer,10.924867897585806,11.229945181693013
-0.9238272643366066,0.13851639961848683,10.948025917303843,6.870264856271882,1.868835490494456,-3.476343845759669,1.7940709196570577,BabyLM 1.3B — final layer,10.805697211440371,11.0891125815474
-0.7703100093493673,0.13851639961848683,10.818378039293304,6.870264856271882,1.868835490494456,-3.476343845759669,1.7940709196570577,BabyLM 1.3B — final layer,10.68599219095951,10.948789956409028
-0.6167927543621281,0.13851639961848683,10.688730161282765,6.870264856271882,1.868835490494456,-3.476343845759669,1.7940709196570577,BabyLM 1.3B — final layer,10.563626841111283,10.81028775981529
-0.46327549937488866,0.13851639961848683,10.559082283272225,6.870264856271882,1.868835490494456,-3.476343845759669,1.7940709196570577,BabyLM 1.3B — final layer,10.442212548122136,10.67262204335636
-0.30975824438764943,0.13851639961848683,10.429434405261688,6.870264856271882,1.868835490494456,-3.476343845759669,1.7940709196570577,BabyLM 1.3B — final layer,10.317609955248336,10.536981019708245
-0.1562409894004102,0.13851639961848683,10.299786527251149,6.870264856271882,1.868835490494456,-3.476343845759669,1.7940709196570577,BabyLM 1.3B — final layer,10.192051080016139,10.403247260378476
-0.00272373441317075,0.13851639961848683,10.17013864924061,6.870264856271882,1.868835490494456,-3.476343845759669,1.7940709196570577,BabyLM 1.3B — final layer,10.064002402051022,10.27215480304786
0.1507935205740687,0.13851639961848683,10.04049077123007,6.870264856271882,1.868835490494456,-3.476343845759669,1.7940709196570577,BabyLM 1.3B — final layer,9.934565855621159,10.144066549620371
0.3043107755613079,0.13851639961848683,9.910842893219531,6.870264856271882,1.868835490494456,-3.476343845759669,1.7940709196570577,BabyLM 1.3B — final layer,9.801376875249376,10.017057148934871
0.4578280305485471,0.13851639961848683,9.781195015208993,6.870264856271882,1.868835490494456,-3.476343845759669,1.7940709196570577,BabyLM 1.3B — final layer,9.667116375491327,9.89284493176983
0.6113452855357864,0.13851639961848683,9.651547137198454,6.870264856271882,1.868835490494456,-3.476343845759669,1.7940709196570577,BabyLM 1.3B — final layer,9.52972670385231,9.769945483427982
0.7648625405230256,0.13851639961848683,9.521899259187915,6.870264856271882,1.868835490494456,-3.476343845759669,1.7940709196570577,BabyLM 1.3B — final layer,9.392043721032481,9.648991141537103
0.9183797955102652,0.13851639961848683,9.392251381177376,6.870264856271882,1.868835490494456,-3.476343845759669,1.7940709196570577,BabyLM 1.3B — final layer,9.252981003699,9.529715790677647
1.0718970504975045,0.13851639961848683,9.262603503166837,6.870264856271882,1.868835490494456,-3.476343845759669,1.7940709196570577,BabyLM 1.3B — final layer,9.11184475149557,9.411343279837272
1.2254143054847435,0.13851639961848683,9.132955625156299,6.870264856271882,1.868835490494456,-3.476343845759669,1.7940709196570577,BabyLM 1.3B — final layer,8.969946424572358,9.294776475498825
1.378931560471983,0.13851639961848683,9.00330774714576,6.870264856271882,1.868835490494456,-3.476343845759669,1.7940709196570577,BabyLM 1.3B — final layer,8.828215820385278,9.17663508134176
1.5324488154592222,0.13851639961848683,8.87365986913522,6.870264856271882,1.868835490494456,-3.476343845759669,1.7940709196570577,BabyLM 1.3B — final layer,8.684569776824297,9.060886145597271
1.6859660704464614,0.13851639961848683,8.744011991124681,6.870264856271882,1.868835490494456,-3.476343845759669,1.7940709196570577,BabyLM 1.3B — final layer,8.541399440481975,8.945605092949341
1.839483325433701,0.13851639961848683,8.614364113114144,6.870264856271882,1.868835490494456,-3.476343845759669,1.7940709196570577,BabyLM 1.3B — final layer,8.39950094382531,8.830850775774849
1.9930005804209403,0.13851639961848683,8.484716235103605,6.870264856271882,1.868835490494456,-3.476343845759669,1.7940709196570577,BabyLM 1.3B — final layer,8.256209474771682,8.714939658881917
2.14651783540818,0.13851639961848683,8.3550683570930655,6.870264856271882,1.868835490494456,-3.476343845759669,1.7940709196570577,BabyLM 1.3B — final layer,8.11193610052759,8.599909774682114
2.300035090395419,0.13851639961848683,8.225420479082526,6.870264856271882,1.868835490494456,-3.476343845759669,1.7940709196570577,BabyLM 1.3B — final layer,7.967988445936468,8.48380042854438
2.453552345382658,0.13851639961848683,8.095772601071987,6.870264856271882,1.868835490494456,-3.476343845759669,1.7940709196570577,BabyLM 1.3B — final layer,7.82356570514775,8.368493587107134
-1.9984480492472816,0.306100901651313,11.888698255666228,6.870264856271882,1.868835490494456,-3.476343845759669,1.7940709196570577,BabyLM 1.3B — final layer,11.651381037267948,12.12611635452251
-1.8449307942600424,0.306100901651313,11.758343994790767,6.870264856271882,1.868835490494456,-3.476343845759669,1.7940709196570577,BabyLM 1.3B — final layer,11.534638772737056,11.98148890067623
-1.6914135392728031,0.306100901651313,11.627989733915307,6.870264856271882,1.868835490494456,-3.476343845759669,1.7940709196570577,BabyLM 1.3B — final layer,11.41783522217279,11.837963314778383
-1.537896284285564,0.306100901651313,11.497635473039848,6.870264856271882,1.868835490494456,-3.476343845759669,1.7940709196570577,BabyLM 1.3B — final layer,11.30154991372897,11.694344481202045
-1.384379029298325,0.306100901651313,11.367281212164388,6.870264856271882,1.868835490494456,-3.476343845759669,1.7940709196570577,BabyLM 1.3B — final layer,11.184664541473854,11.550319173102679
-1.2308617743110852,0.306100901651313,11.236926951288929,6.870264856271882,1.868835490494456,-3.476343845759669,1.7940709196570577,BabyLM 1.3B — final layer,11.066869340405415,11.408134796052861
-1.077344519323846,0.306100901651313,11.106572690413469,6.870264856271882,1.868835490494456,-3.476343845759669,1.7940709196570577,BabyLM 1.3B — final layer,10.94728585476955,11.265698278269516
-0.9238272643366066,0.306100901651313,10.976218429538008,6.870264856271882,1.868835490494456,-3.476343845759669,1.7940709196570577,BabyLM 1.3B — final layer,10.826663428259339,11.124167685681138
-0.7703100093493673,0.306100901651313,10.84586416866255,6.870264856271882,1.868835490494456,-3.476343845759669,1.7940709196570577,BabyLM 1.3B — final layer,10.705881996013924,10.983009625207488
-0.6167927543621281,0.306100901651313,10.715509907787089,6.870264856271882,1.868835490494456,-3.476343845759669,1.7940709196570577,BabyLM 1.3B — final layer,10.585287158195486,10.84268529331932
-0.46327549937488866,0.306100901651313,10.585155646911629,6.870264856271882,1.868835490494456,-3.476343845759669,1.7940709196570577,BabyLM 1.3B — final layer,10.463099969456465,10.703975086065402
-0.30975824438764943,0.306100901651313,10.45480138603617,6.870264856271882,1.868835490494456,-3.476343845759669,1.7940709196570577,BabyLM 1.3B — final layer,10.339022590808575,10.567660581225704
-0.1562409894004102,0.306100901651313,10.32444712516071,6.870264856271882,1.868835490494456,-3.476343845759669,1.7940709196570577,BabyLM 1.3B — final layer,10.21255166376191,10.43180292880246
-0.00272373441317075,0.306100901651313,10.194092864285249,6.870264856271882,1.868835490494456,-3.476343845759669,1.7940709196570577,BabyLM 1.3B — final layer,10.085389777083392,10.29995969280266
0.1507935205740687,0.306100901651313,10.06373860340979,6.870264856271882,1.868835490494456,-3.476343845759669,1.7940709196570577,BabyLM 1.3B — final layer,9.956368192305654,10.169098582339064
0.3043107755613079,0.306100901651313,9.93338434253433,6.870264856271882,1.868835490494456,-3.476343845759669,1.7940709196570577,BabyLM 1.3B — final layer,9.82396117059276,10.040650773871354
0.4578280305485471,0.306100901651313,9.803030081658871,6.870264856271882,1.868835490494456,-3.476343845759669,1.7940709196570577,BabyLM 1.3B — final layer,9.689075662000525,9.91395382656653
0.6113452855357864,0.306100901651313,9.672675820783411,6.870264856271882,1.868835490494456,-3.476343845759669,1.7940709196570577,BabyLM 1.3B — final layer,9.5528554541828,9.788428136248847
0.7648625405230256,0.306100901651313,9.54232155990795,6.870264856271882,1.868835490494456,-3.476343845759669,1.7940709196570577,BabyLM 1.3B — final layer,9.415638716545976,9.665364669523905
0.9183797955102652,0.306100901651313,9.411967299032492,6.870264856271882,1.868835490494456,-3.476343845759669,1.7940709196570577,BabyLM 1.3B — final layer,9.276021843660427,9.543778741910577
1.0718970504975045,0.306100901651313,9.281613038157031,6.870264856271882,1.868835490494456,-3.476343845759669,1.7940709196570577,BabyLM 1.3B — final layer,9.135480155958652,9.425772923206155
1.2254143054847435,0.306100901651313,9.151258777281571,6.870264856271882,1.868835490494456,-3.476343845759669,1.7940709196570577,BabyLM 1.3B — final layer,8.99377884314259,9.306472340305902
1.378931560471983,0.306100901651313,9.020904516406112,6.870264856271882,1.868835490494456,-3.476343845759669,1.7940709196570577,BabyLM 1.3B — final layer,8.851805877195124,9.187473908847425
1.5324488154592222,0.306100901651313,8.890550255530652,6.870264856271882,1.868835490494456,-3.476343845759669,1.7940709196570577,BabyLM 1.3B — final layer,8.70918240934306,9.069046840458684
1.6859660704464614,0.306100901651313,8.760195994655193,6.870264856271882,1.868835490494456,-3.476343845759669,1.7940709196570577,BabyLM 1.3B — final layer,8.56648538942743,8.95264320600499
1.839483325433701,0.306100901651313,8.629841733779733,6.870264856271882,1.868835490494456,-3.476343845759669,1.7940709196570577,BabyLM 1.3B — final layer,8.422529989592599,8.836066803182982
1.9930005804209403,0.306100901651313,8.499487472904272,6.870264856271882,1.868835490494456,-3.476343845759669,1.7940709196570577,BabyLM 1.3B — final layer,8.278664677715554,8.720150843358315
2.14651783540818,0.306100901651313,8.369133212028812,6.870264856271882,1.868835490494456,-3.476343845759669,1.7940709196570577,BabyLM 1.3B — final layer,8.135612426310516,8.602794260509334
2.300035090395419,0.306100901651313,8.238778951153353,6.870264856271882,1.868835490494456,-3.476343845759669,1.7940709196570577,BabyLM 1.3B — final layer,7.991927300840855,8.485871261506134
2.453552345382658,0.306100901651313,8.108424690277893,6.870264856271882,1.868835490494456,-3.476343845759669,1.7940709196570577,BabyLM 1.3B — final layer,7.848817781256151,8.368969101610357
-1.9984480492472816,0.47368540368413914,11.92183544795484,6.870264856271882,1.868835490494456,-3.476343845759669,1.7940709196570577,BabyLM 1.3B — final layer,11.671989557877167,12.17069449274811
-1.8449307942600424,0.47368540368413914,11.79077480421446,6.870264856271882,1.868835490494456,-3.476343845759669,1.7940709196570577,BabyLM 1.3B — final layer,11.555857780742242,12.025434561603351
-1.6914135392728031,0.47368540368413914,11.659714160474078,6.870264856271882,1.868835490494456,-3.476343845759669,1.7940709196570577,BabyLM 1.3B — final layer,11.438793248038138,11.880713416031394
-1.537896284285564,0.47368540368413914,11.528653516733698,6.870264856271882,1.868835490494456,-3.476343845759669,1.7940709196570577,BabyLM 1.3B — final layer,11.323313331855285,11.7368007646784
-1.384379029298325,0.47368540368413914,11.397592872993318,6.870264856271882,1.868835490494456,-3.476343845759669,1.7940709196570577,BabyLM 1.3B — final layer,11.20564737377397,11.591149220740286
-1.2308617743110852,0.47368540368413914,11.266532229252936,6.870264856271882,1.868835490494456,-3.476343845759669,1.7940709196570577,BabyLM 1.3B — final layer,11.085909950273717,11.447806215430035
-1.077344519323846,0.47368540368413914,11.135471585512555,6.870264856271882,1.868835490494456,-3.476343845759669,1.7940709196570577,BabyLM 1.3B — final layer,10.966005612244667,11.305006041069722
-0.9238272643366066,0.47368540368413914,11.004410941772175,6.870264856271882,1.868835490494456,-3.476343845759669,1.7940709196570577,BabyLM 1.3B — final layer,10.845381236333585,11.161605242274389
-0.7703100093493673,0.47368540368413914,10.873350298031793,6.870264856271882,1.868835490494456,-3.476343845759669,1.7940709196570577,BabyLM 1.3B — final layer,10.72541941119517,11.01962678361898
-0.6167927543621281,0.47368540368413914,10.742289654291413,6.870264856271882,1.868835490494456,-3.476343845759669,1.7940709196570577,BabyLM 1.3B — final layer,10.604188839214144,10.878222030604181
-0.46327549937488866,0.47368540368413914,10.611229010551032,6.870264856271882,1.868835490494456,-3.476343845759669,1.7940709196570577,BabyLM 1.3B — final layer,10.481087915721645,10.738008944108266
-0.30975824438764943,0.47368540368413914,10.480168366810652,6.870264856271882,1.868835490494456,-3.476343845759669,1.7940709196570577,BabyLM 1.3B — final layer,10.357228948471853,10.599689602959876
-0.1562409894004102,0.47368540368413914,10.34910772307027,6.870264856271882,1.868835490494456,-3.476343845759669,1.7940709196570577,BabyLM 1.3B — final layer,10.231632582934235,10.46373978867028
-0.00272373441317075,0.47368540368413914,10.21804707932989,6.870264856271882,1.868835490494456,-3.476343845759669,1.7940709196570577,BabyLM 1.3B — final layer,10.103666181300177,10.329035413710914
0.1507935205740687,0.47368540368413914,10.086986435589509,6.870264856271882,1.868835490494456,-3.476343845759669,1.7940709196570577,BabyLM 1.3B — final layer,9.974770652609378,10.196424043513618
0.3043107755613079,0.47368540368413914,9.955925791849129,6.870264856271882,1.868835490494456,-3.476343845759669,1.7940709196570577,BabyLM 1.3B — final layer,9.841745378662411,10.067364265758906
0.4578280305485471,0.47368540368413914,9.824865148108747,6.870264856271882,1.868835490494456,-3.476343845759669,1.7940709196570577,BabyLM 1.3B — final layer,9.70822723214526,9.938643519165556
0.6113452855357864,0.47368540368413914,9.693804504368368,6.870264856271882,1.868835490494456,-3.476343845759669,1.7940709196570577,BabyLM 1.3B — final layer,9.572178255027072,9.812175338530698
0.7648625405230256,0.47368540368413914,9.562743860627988,6.870264856271882,1.868835490494456,-3.476343845759669,1.7940709196570577,BabyLM 1.3B — final layer,9.434993533204452,9.688373659150546
0.9183797955102652,0.47368540368413914,9.431683216887606,6.870264856271882,1.868835490494456,-3.476343845759669,1.7940709196570577,BabyLM 1.3B — final layer,9.293963477967088,9.566416889895873
1.0718970504975045,0.47368540368413914,9.300622573147225,6.870264856271882,1.868835490494456,-3.476343845759669,1.7940709196570577,BabyLM 1.3B — final layer,9.152668360276978,9.445218048257743
1.2254143054847435,0.47368540368413914,9.169561929406845,6.870264856271882,1.868835490494456,-3.476343845759669,1.7940709196570577,BabyLM 1.3B — final layer,9.012028189844813,9.326134194939963
1.378931560471983,0.47368540368413914,9.038501285666465,6.870264856271882,1.868835490494456,-3.476343845759669,1.7940709196570577,BabyLM 1.3B — final layer,8.86990034547738,9.207091434862425
1.5324488154592222,0.47368540368413914,8.907440641926083,6.870264856271882,1.868835490494456,-3.476343845759669,1.7940709196570577,BabyLM 1.3B — final layer,8.726777487004696,9.088396534471437
1.6859660704464614,0.47368540368413914,8.776379998185703,6.870264856271882,1.868835490494456,-3.476343845759669,1.7940709196570577,BabyLM 1.3B — final layer,8.583277287390334,8.96943815391701
1.839483325433701,0.47368540368413914,8.645319354445322,6.870264856271882,1.868835490494456,-3.476343845759669,1.7940709196570577,BabyLM 1.3B — final layer,8.438637961205012,8.852732858099609
1.9930005804209403,0.47368540368413914,8.51425871070494,6.870264856271882,1.868835490494456,-3.476343845759669,1.7940709196570577,BabyLM 1.3B — final layer,8.294851290502741,8.735097892545364
2.14651783540818,0.47368540368413914,8.38319806696456,6.870264856271882,1.868835490494456,-3.476343845759669,1.7940709196570577,BabyLM 1.3B — final layer,8.150538663622378,8.617756300084965
2.300035090395419,0.47368540368413914,8.252137423224179,6.870264856271882,1.868835490494456,-3.476343845759669,1.7940709196570577,BabyLM 1.3B — final layer,8.0057171292436,8.50034715224422
2.453552345382658,0.47368540368413914,8.121076779483799,6.870264856271882,1.868835490494456,-3.476343845759669,1.7940709196570577,BabyLM 1.3B — final layer,7.860445035256948,8.383234412349058
-1.9984480492472816,0.6412699057169653,11.954972640243453,6.870264856271882,1.868835490494456,-3.476343845759669,1.7940709196570577,BabyLM 1.3B — final layer,11.691205102059048,12.21956345483113
-1.8449307942600424,0.6412699057169653,11.823205613638152,6.870264856271882,1.868835490494456,-3.476343845759669,1.7940709196570577,BabyLM 1.3B — final layer,11.574380810442781,12.07345099686134
-1.6914135392728031,0.6412699057169653,11.691438587032849,6.870264856271882,1.868835490494456,-3.476343845759669,1.7940709196570577,BabyLM 1.3B — final layer,11.456989173686074,11.927496876759344
-1.537896284285564,0.6412699057169653,11.559671560427548,6.870264856271882,1.868835490494456,-3.476343845759669,1.7940709196570577,BabyLM 1.3B — final layer,11.33938335198051,11.781356088634602
-1.384379029298325,0.6412699057169653,11.427904533822247,6.870264856271882,1.868835490494456,-3.476343845759669,1.7940709196570577,BabyLM 1.3B — final layer,11.221317233456459,11.635300180098739
-1.2308617743110852,0.6412699057169653,11.296137507216944,6.870264856271882,1.868835490494456,-3.476343845759669,1.7940709196570577,BabyLM 1.3B — final layer,11.102681287196454,11.490202868404472
-1.077344519323846,0.6412699057169653,11.164370480611643,6.870264856271882,1.868835490494456,-3.476343845759669,1.7940709196570577,BabyLM 1.3B — final layer,10.982940593752266,11.346200639614757
-0.9238272643366066,0.6412699057169653,11.03260345400634,6.870264856271882,1.868835490494456,-3.476343845759669,1.7940709196570577,BabyLM 1.3B — final layer,10.86338498187158,11.201700424832037
-0.7703100093493673,0.6412699057169653,10.900836427401039,6.870264856271882,1.868835490494456,-3.476343845759669,1.7940709196570577,BabyLM 1.3B — final layer,10.74219109802114,11.057840320116327
-0.6167927543621281,0.6412699057169653,10.769069400795738,6.870264856271882,1.868835490494456,-3.476343845759669,1.7940709196570577,BabyLM 1.3B — final layer,10.620068655597485,10.915017155652325
-0.46327549937488866,0.6412699057169653,10.637302374190435,6.870264856271882,1.868835490494456,-3.476343845759669,1.7940709196570577,BabyLM 1.3B — final layer,10.498276665486719,10.774161576880028
-0.30975824438764943,0.6412699057169653,10.505535347585134,6.870264856271882,1.868835490494456,-3.476343845759669,1.7940709196570577,BabyLM 1.3B — final layer,10.373554131618931,10.63495581936347
-0.1562409894004102,0.6412699057169653,10.373768320979833,6.870264856271882,1.868835490494456,-3.476343845759669,1.7940709196570577,BabyLM 1.3B — final layer,10.248406267929202,10.497821139875574
-0.00272373441317075,0.6412699057169653,10.24200129437453,6.870264856271882,1.868835490494456,-3.476343845759669,1.7940709196570577,BabyLM 1.3B — final layer,10.120317906636858,10.362051519868126
0.1507935205740687,0.6412699057169653,10.11023426776923,6.870264856271882,1.868835490494456,-3.476343845759669,1.7940709196570577,BabyLM 1.3B — final layer,9.990840961730186,10.228005730954896
0.3043107755613079,0.6412699057169653,9.978467241163928,6.870264856271882,1.868835490494456,-3.476343845759669,1.7940709196570577,BabyLM 1.3B — final layer,9.858426616220301,10.09769661865046
0.4578280305485471,0.6412699057169653,9.846700214558625,6.870264856271882,1.868835490494456,-3.476343845759669,1.7940709196570577,BabyLM 1.3B — final layer,9.724623174129025,9.967212592335372
0.6113452855357864,0.6412699057169653,9.714933187953324,6.870264856271882,1.868835490494456,-3.476343845759669,1.7940709196570577,BabyLM 1.3B — final layer,9.587701789006495,9.840615269832902
0.7648625405230256,0.6412699057169653,9.583166161348023,6.870264856271882,1.868835490494456,-3.476343845759669,1.7940709196570577,BabyLM 1.3B — final layer,9.449068292469569,9.715076319914283
0.9183797955102652,0.6412699057169653,9.45139913474272,6.870264856271882,1.868835490494456,-3.476343845759669,1.7940709196570577,BabyLM 1.3B — final layer,9.30881678637466,9.593169623157065
1.0718970504975045,0.6412699057169653,9.31963210813742,6.870264856271882,1.868835490494456,-3.476343845759669,1.7940709196570577,BabyLM 1.3B — final layer,9.167134780359346,9.470367967959664
1.2254143054847435,0.6412699057169653,9.187865081532118,6.870264856271882,1.868835490494456,-3.476343845759669,1.7940709196570577,BabyLM 1.3B — final layer,9.025973935123847,9.350240629129681
1.378931560471983,0.6412699057169653,9.056098054926816,6.870264856271882,1.868835490494456,-3.476343845759669,1.7940709196570577,BabyLM 1.3B — final layer,8.882393571517657,9.230407226113424
1.5324488154592222,0.6412699057169653,8.924331028321514,6.870264856271882,1.868835490494456,-3.476343845759669,1.7940709196570577,BabyLM 1.3B — final layer,8.737739213233997,9.111256310371559
1.6859660704464614,0.6412699057169653,8.792564001716213,6.870264856271882,1.868835490494456,-3.476343845759669,1.7940709196570577,BabyLM 1.3B — final layer,8.593560323259318,8.993082466944063
1.839483325433701,0.6412699057169653,8.66079697511091,6.870264856271882,1.868835490494456,-3.476343845759669,1.7940709196570577,BabyLM 1.3B — final layer,8.447250324462583,8.874954638525676
1.9930005804209403,0.6412699057169653,8.52902994850561,6.870264856271882,1.868835490494456,-3.476343845759669,1.7940709196570577,BabyLM 1.3B — final layer,8.301605170407374,8.758961665402076
2.14651783540818,0.6412699057169653,8.397262921900307,6.870264856271882,1.868835490494456,-3.476343845759669,1.7940709196570577,BabyLM 1.3B — final layer,8.15681827483796,8.64252594871643
2.300035090395419,0.6412699057169653,8.265495895295006,6.870264856271882,1.868835490494456,-3.476343845759669,1.7940709196570577,BabyLM 1.3B — final layer,8.010960194276175,8.525241424989945
2.453552345382658,0.6412699057169653,8.133728868689705,6.870264856271882,1.868835490494456,-3.476343845759669,1.7940709196570577,BabyLM 1.3B — final layer,7.864683468191719,8.408986629209883
-1.9984480492472816,0.8088544077497914,11.988109832532064,6.870264856271882,1.868835490494456,-3.476343845759669,1.7940709196570577,BabyLM 1.3B — final layer,11.70372793760379,12.27193308546193
-1.8449307942600424,0.8088544077497914,11.855636423061842,6.870264856271882,1.868835490494456,-3.476343845759669,1.7940709196570577,BabyLM 1.3B — final layer,11.586271293126831,12.124109985615654
-1.6914135392728031,0.8088544077497914,11.72316301359162,6.870264856271882,1.868835490494456,-3.476343845759669,1.7940709196570577,BabyLM 1.3B — final layer,11.47058662233022,11.975070380984679
-1.537896284285564,0.8088544077497914,11.590689604121398,6.870264856271882,1.868835490494456,-3.476343845759669,1.7940709196570577,BabyLM 1.3B — final layer,11.35335369149044,11.828154404441126
-1.384379029298325,0.8088544077497914,11.458216194651175,6.870264856271882,1.868835490494456,-3.476343845759669,1.7940709196570577,BabyLM 1.3B — final layer,11.236204537143225,11.68187719030557
-1.2308617743110852,0.8088544077497914,11.325742785180951,6.870264856271882,1.868835490494456,-3.476343845759669,1.7940709196570577,BabyLM 1.3B — final layer,11.11698803425703,11.534452358440733
-1.077344519323846,0.8088544077497914,11.193269375710729,6.870264856271882,1.868835490494456,-3.476343845759669,1.7940709196570577,BabyLM 1.3B — final layer,10.99728162506622,11.388323432489132
-0.9238272643366066,0.8088544077497914,11.060795966240507,6.870264856271882,1.868835490494456,-3.476343845759669,1.7940709196570577,BabyLM 1.3B — final layer,10.877758752731081,11.242873400101729
-0.7703100093493673,0.8088544077497914,10.928322556770285,6.870264856271882,1.868835490494456,-3.476343845759669,1.7940709196570577,BabyLM 1.3B — final layer,10.757282600632575,11.098575216986855
-0.6167927543621281,0.8088544077497914,10.795849147300062,6.870264856271882,1.868835490494456,-3.476343845759669,1.7940709196570577,BabyLM 1.3B — final layer,10.636476247932292,10.953992652421148
-0.46327549937488866,0.8088544077497914,10.663375737829838,6.870264856271882,1.868835490494456,-3.476343845759669,1.7940709196570577,BabyLM 1.3B — final layer,10.512554256969457,10.81282563790175
-0.30975824438764943,0.8088544077497914,10.530902328359616,6.870264856271882,1.868835490494456,-3.476343845759669,1.7940709196570577,BabyLM 1.3B — final layer,10.388354184880903,10.67180631025084
-0.1562409894004102,0.8088544077497914,10.398428918889394,6.870264856271882,1.868835490494456,-3.476343845759669,1.7940709196570577,BabyLM 1.3B — final layer,10.262765354618523,10.532361638724543
-0.00272373441317075,0.8088544077497914,10.265955509419172,6.870264856271882,1.868835490494456,-3.476343845759669,1.7940709196570577,BabyLM 1.3B — final layer,10.134048298870127,10.39693910551153
0.1507935205740687,0.8088544077497914,10.13348209994895,6.870264856271882,1.868835490494456,-3.476343845759669,1.7940709196570577,BabyLM 1.3B — final layer,10.003756413194498,10.26255527577577
0.3043107755613079,0.8088544077497914,10.001008690478725,6.870264856271882,1.868835490494456,-3.476343845759669,1.7940709196570577,BabyLM 1.3B — final layer,9.870091077465258,10.129638207933437
0.4578280305485471,0.8088544077497914,9.868535281008503,6.870264856271882,1.868835490494456,-3.476343845759669,1.7940709196570577,BabyLM 1.3B — final layer,9.734497967044428,10.000147885856832
0.6113452855357864,0.8088544077497914,9.736061871538281,6.870264856271882,1.868835490494456,-3.476343845759669,1.7940709196570577,BabyLM 1.3B — final layer,9.596784022373296,9.872214765040422
0.7648625405230256,0.8088544077497914,9.603588462068059,6.870264856271882,1.868835490494456,-3.476343845759669,1.7940709196570577,BabyLM 1.3B — final layer,9.458886196086064,9.747549529590911
0.9183797955102652,0.8088544077497914,9.471115052597836,6.870264856271882,1.868835490494456,-3.476343845759669,1.7940709196570577,BabyLM 1.3B — final layer,9.317353355544341,9.62323075766649
1.0718970504975045,0.8088544077497914,9.338641643127612,6.870264856271882,1.868835490494456,-3.476343845759669,1.7940709196570577,BabyLM 1.3B — final layer,9.175995913215948,9.501196651696434
1.2254143054847435,0.8088544077497914,9.20616823365739,6.870264856271882,1.868835490494456,-3.476343845759669,1.7940709196570577,BabyLM 1.3B — final layer,9.03288652545162,9.381189286660224
1.378931560471983,0.8088544077497914,9.073694824187168,6.870264856271882,1.868835490494456,-3.476343845759669,1.7940709196570577,BabyLM 1.3B — final layer,8.88797718809594,9.261484391058916
1.5324488154592222,0.8088544077497914,8.941221414716946,6.870264856271882,1.868835490494456,-3.476343845759669,1.7940709196570577,BabyLM 1.3B — final layer,8.742380898416267,9.143227181956252
1.6859660704464614,0.8088544077497914,8.808748005246724,6.870264856271882,1.868835490494456,-3.476343845759669,1.7940709196570577,BabyLM 1.3B — final layer,8.595862878727825,9.024670797495437
1.839483325433701,0.8088544077497914,8.6762745957765,6.870264856271882,1.868835490494456,-3.476343845759669,1.7940709196570577,BabyLM 1.3B — final layer,8.45067754161145,8.90656697933777
1.9930005804209403,0.8088544077497914,8.543801186306277,6.870264856271882,1.868835490494456,-3.476343845759669,1.7940709196570577,BabyLM 1.3B — final layer,8.303656026197398,8.789652763583707
2.14651783540818,0.8088544077497914,8.411327776836055,6.870264856271882,1.868835490494456,-3.476343845759669,1.7940709196570577,BabyLM 1.3B — final layer,8.156052647236045,8.671913906172342
2.300035090395419,0.8088544077497914,8.278854367365833,6.870264856271882,1.868835490494456,-3.476343845759669,1.7940709196570577,BabyLM 1.3B — final layer,8.007292531990233,8.55618655212146
2.453552345382658,0.8088544077497914,8.14638095789561,6.870264856271882,1.868835490494456,-3.476343845759669,1.7940709196570577,BabyLM 1.3B — final layer,7.860288366957435,8.439652740256042
-1.9984480492472816,0.976438909782618,12.021247024820678,6.870264856271882,1.868835490494456,-3.476343845759669,1.7940709196570577,BabyLM 1.3B — final layer,11.713626124265849,12.329692392643002
-1.8449307942600424,0.976438909782618,11.888067232485534,6.870264856271882,1.868835490494456,-3.476343845759669,1.7940709196570577,BabyLM 1.3B — final layer,11.598856126211038,12.179346792641782
-1.6914135392728031,0.976438909782618,11.754887440150391,6.870264856271882,1.868835490494456,-3.476343845759669,1.7940709196570577,BabyLM 1.3B — final layer,11.482963937244527,12.027754687950615
-1.537896284285564,0.976438909782618,11.621707647815247,6.870264856271882,1.868835490494456,-3.476343845759669,1.7940709196570577,BabyLM 1.3B — final layer,11.365317667739196,11.877895978720836
-1.384379029298325,0.976438909782618,11.488527855480104,6.870264856271882,1.868835490494456,-3.476343845759669,1.7940709196570577,BabyLM 1.3B — final layer,11.247866365954813,11.729763265054327
-1.2308617743110852,0.976438909782618,11.35534806314496,6.870264856271882,1.868835490494456,-3.476343845759669,1.7940709196570577,BabyLM 1.3B — final layer,11.13016685224743,11.581924999339334
-1.077344519323846,0.976438909782618,11.222168270809817,6.870264856271882,1.868835490494456,-3.476343845759669,1.7940709196570577,BabyLM 1.3B — final layer,11.010259628742142,11.433912649205858
-0.9238272643366066,0.976438909782618,11.088988478474674,6.870264856271882,1.868835490494456,-3.476343845759669,1.7940709196570577,BabyLM 1.3B — final layer,10.890951830080969,11.285996436365513
-0.7703100093493673,0.976438909782618,10.95580868613953,6.870264856271882,1.868835490494456,-3.476343845759669,1.7940709196570577,BabyLM 1.3B — final layer,10.770736479915344,11.139756433537139
-0.6167927543621281,0.976438909782618,10.822628893804387,6.870264856271882,1.868835490494456,-3.476343845759669,1.7940709196570577,BabyLM 1.3B — final layer,10.649364906816093,10.993909779396166
-0.46327549937488866,0.976438909782618,10.689449101469243,6.870264856271882,1.868835490494456,-3.476343845759669,1.7940709196570577,BabyLM 1.3B — final layer,10.5267421601478,10.84928655471978
-0.30975824438764943,0.976438909782618,10.5562693091341,6.870264856271882,1.868835490494456,-3.476343845759669,1.7940709196570577,BabyLM 1.3B — final layer,10.402446879037065,10.708735712031057
-0.1562409894004102,0.976438909782618,10.423089516798957,6.870264856271882,1.868835490494456,-3.476343845759669,1.7940709196570577,BabyLM 1.3B — final layer,10.276079414995213,10.569434945836349
-0.00272373441317075,0.976438909782618,10.289909724463811,6.870264856271882,1.868835490494456,-3.476343845759669,1.7940709196570577,BabyLM 1.3B — final layer,10.147493642958716,10.432115728256527
0.1507935205740687,0.976438909782618,10.156729932128668,6.870264856271882,1.868835490494456,-3.476343845759669,1.7940709196570577,BabyLM 1.3B — final layer,10.01535213713352,10.297329549521134
0.3043107755613079,0.976438909782618,10.023550139793524,6.870264856271882,1.868835490494456,-3.476343845759669,1.7940709196570577,BabyLM 1.3B — final layer,9.88157862714914,10.16400055459166
0.4578280305485471,0.976438909782618,9.890370347458381,6.870264856271882,1.868835490494456,-3.476343845759669,1.7940709196570577,BabyLM 1.3B — final layer,9.745302606181058,10.03344719277231
0.6113452855357864,0.976438909782618,9.757190555123238,6.870264856271882,1.868835490494456,-3.476343845759669,1.7940709196570577,BabyLM 1.3B — final layer,9.605795278693753,9.905872584192469
0.7648625405230256,0.976438909782618,9.624010762788094,6.870264856271882,1.868835490494456,-3.476343845759669,1.7940709196570577,BabyLM 1.3B — final layer,9.464553404778231,9.78037088711582
0.9183797955102652,0.976438909782618,9.49083097045295,6.870264856271882,1.868835490494456,-3.476343845759669,1.7940709196570577,BabyLM 1.3B — final layer,9.322408802217883,9.65729201062684
1.0718970504975045,0.976438909782618,9.357651178117807,6.870264856271882,1.868835490494456,-3.476343845759669,1.7940709196570577,BabyLM 1.3B — final layer,9.178867335460957,9.535701147107806
1.2254143054847435,0.976438909782618,9.224471385782664,6.870264856271882,1.868835490494456,-3.476343845759669,1.7940709196570577,BabyLM 1.3B — final layer,9.03318597378245,9.416491058275103
1.378931560471983,0.976438909782618,9.09129159344752,6.870264856271882,1.868835490494456,-3.476343845759669,1.7940709196570577,BabyLM 1.3B — final layer,8.88789300143766,9.2963550761941125
1.5324488154592222,0.976438909782618,8.958111801112377,6.870264856271882,1.868835490494456,-3.476343845759669,1.7940709196570577,BabyLM 1.3B — final layer,8.740748534129862,9.177262503584377
1.6859660704464614,0.976438909782618,8.824932008777234,6.870264856271882,1.868835490494456,-3.476343845759669,1.7940709196570577,BabyLM 1.3B — final layer,8.592916862902792,9.061319579878607
1.839483325433701,0.976438909782618,8.69175221644209,6.870264856271882,1.868835490494456,-3.476343845759669,1.7940709196570577,BabyLM 1.3B — final layer,8.444444665506126,8.943451867334629
1.9930005804209403,0.976438909782618,8.558572424106947,6.870264856271882,1.868835490494456,-3.476343845759669,1.7940709196570577,BabyLM 1.3B — final layer,8.296123177534016,8.826285092012983
2.14651783540818,0.976438909782618,8.425392631771802,6.870264856271882,1.868835490494456,-3.476343845759669,1.7940709196570577,BabyLM 1.3B — final layer,8.1470943059924,8.71132855760191
2.300035090395419,0.976438909782618,8.292212839436658,6.870264856271882,1.868835490494456,-3.476343845759669,1.7940709196570577,BabyLM 1.3B — final layer,7.996578168741298,8.59488241845364
2.453552345382658,0.976438909782618,8.159033047101515,6.870264856271882,1.868835490494456,-3.476343845759669,1.7940709196570577,BabyLM 1.3B — final layer,7.847846959384503,8.47803298231489
-1.9984480492472816,1.1440234118154442,12.054384217109291,6.870264856271882,1.868835490494456,-3.476343845759669,1.7940709196570577,BabyLM 1.3B — final layer,11.722677622719656,12.386638171925178
-1.8449307942600424,1.1440234118154442,11.920498041909227,6.870264856271882,1.868835490494456,-3.476343845759669,1.7940709196570577,BabyLM 1.3B — final layer,11.606948787579414,12.234787475735448
-1.6914135392728031,1.1440234118154442,11.786611866709162,6.870264856271882,1.868835490494456,-3.476343845759669,1.7940709196570577,BabyLM 1.3B — final layer,11.49084453068268,12.082889507591622
-1.537896284285564,1.1440234118154442,11.652725691509097,6.870264856271882,1.868835490494456,-3.476343845759669,1.7940709196570577,BabyLM 1.3B — final layer,11.3761887940537,11.93191883764027
-1.384379029298325,1.1440234118154442,11.518839516309033,6.870264856271882,1.868835490494456,-3.476343845759669,1.7940709196570577,BabyLM 1.3B — final layer,11.26008682922421,11.779826918709142
-1.2308617743110852,1.1440234118154442,11.384953341108968,6.870264856271882,1.868835490494456,-3.476343845759669,1.7940709196570577,BabyLM 1.3B — final layer,11.14121273438758,11.629885788326284
-1.077344519323846,1.1440234118154442,11.251067165908903,6.870264856271882,1.868835490494456,-3.476343845759669,1.7940709196570577,BabyLM 1.3B — final layer,11.023520892626818,11.478016558287946
-0.9238272643366066,1.1440234118154442,11.117180990708839,6.870264856271882,1.868835490494456,-3.476343845759669,1.7940709196570577,BabyLM 1.3B — final layer,10.904750737398063,11.32935548390896
-0.7703100093493673,1.1440234118154442,10.983294815508774,6.870264856271882,1.868835490494456,-3.476343845759669,1.7940709196570577,BabyLM 1.3B — final layer,10.784339994790358,11.181730105777232
-0.6167927543621281,1.1440234118154442,10.849408640308711,6.870264856271882,1.868835490494456,-3.476343845759669,1.7940709196570577,BabyLM 1.3B — final layer,10.662093182809457,11.03501669582674
-0.46327549937488866,1.1440234118154442,10.715522465108647,6.870264856271882,1.868835490494456,-3.476343845759669,1.7940709196570577,BabyLM 1.3B — final layer,10.539030111895663,10.889606070623627
-0.30975824438764943,1.1440234118154442,10.581636289908582,6.870264856271882,1.868835490494456,-3.476343845759669,1.7940709196570577,BabyLM 1.3B — final layer,10.414223757161977,10.747847125550095
-0.1562409894004102,1.1440234118154442,10.447750114708517,6.870264856271882,1.868835490494456,-3.476343845759669,1.7940709196570577,BabyLM 1.3B — final layer,10.287698669866383,10.606801334539874
-0.00272373441317075,1.1440234118154442,10.313863939508453,6.870264856271882,1.868835490494456,-3.476343845759669,1.7940709196570577,BabyLM 1.3B — final layer,10.15856436730903,10.468302010038558
0.1507935205740687,1.1440234118154442,10.179977764308388,6.870264856271882,1.868835490494456,-3.476343845759669,1.7940709196570577,BabyLM 1.3B — final layer,10.024739976730908,10.332597184075945
0.3043107755613079,1.1440234118154442,10.046091589108324,6.870264856271882,1.868835490494456,-3.476343845759669,1.7940709196570577,BabyLM 1.3B — final layer,9.890104970016406,10.199682019707259
0.4578280305485471,1.1440234118154442,9.912205413908259,6.870264856271882,1.868835490494456,-3.476343845759669,1.7940709196570577,BabyLM 1.3B — final layer,9.751849865682278,10.069529954996913
0.6113452855357864,1.1440234118154442,9.778319238708194,6.870264856271882,1.868835490494456,-3.476343845759669,1.7940709196570577,BabyLM 1.3B — final layer,9.612728560904102,9.94125845434786
0.7648625405230256,1.1440234118154442,9.64443306350813,6.870264856271882,1.868835490494456,-3.476343845759669,1.7940709196570577,BabyLM 1.3B — final layer,9.469908653582976,9.816261192752929
0.9183797955102652,1.1440234118154442,9.510546888308065,6.870264856271882,1.868835490494456,-3.476343845759669,1.7940709196570577,BabyLM 1.3B — final layer,9.325355689165235,9.695170836637317
1.0718970504975045,1.1440234118154442,9.376660713108,6.870264856271882,1.868835490494456,-3.476343845759669,1.7940709196570577,BabyLM 1.3B — final layer,9.179226456211822,9.573180895460858
1.2254143054847435,1.1440234118154442,9.242774537907938,6.870264856271882,1.868835490494456,-3.476343845759669,1.7940709196570577,BabyLM 1.3B — final layer,9.03122347772752,9.453038431895656
1.378931560471983,1.1440234118154442,9.108888362707873,6.870264856271882,1.868835490494456,-3.476343845759669,1.7940709196570577,BabyLM 1.3B — final layer,8.882381714071212,9.33440448699597
1.5324488154592222,1.1440234118154442,8.975002187507808,6.870264856271882,1.868835490494456,-3.476343845759669,1.7940709196570577,BabyLM 1.3B — final layer,8.734818061376311,9.215865454595232
1.6859660704464614,1.1440234118154442,8.841116012307744,6.870264856271882,1.868835490494456,-3.476343845759669,1.7940709196570577,BabyLM 1.3B — final layer,8.583433512800282,9.098947955704066
1.839483325433701,1.1440234118154442,8.707229837107679,6.870264856271882,1.868835490494456,-3.476343845759669,1.7940709196570577,BabyLM 1.3B — final layer,8.433489071549149,8.983000842745524
1.9930005804209403,1.1440234118154442,8.573343661907614,6.870264856271882,1.868835490494456,-3.476343845759669,1.7940709196570577,BabyLM 1.3B — final layer,8.281836951148788,8.867058453577041
2.14651783540818,1.1440234118154442,8.43945748670755,6.870264856271882,1.868835490494456,-3.476343845759669,1.7940709196570577,BabyLM 1.3B — final layer,8.12996469311781,8.751662890749014
2.300035090395419,1.1440234118154442,8.305571311507485,6.870264856271882,1.868835490494456,-3.476343845759669,1.7940709196570577,BabyLM 1.3B — final layer,7.978198863898288,8.636473005373002
2.453552345382658,1.1440234118154442,8.17168513630742,6.870264856271882,1.868835490494456,-3.476343845759669,1.7940709196570577,BabyLM 1.3B — final layer,7.826332189574415,8.520906604138005
-1.9984480492472816,1.3116079138482704,12.087521409397903,6.870264856271882,1.868835490494456,-3.476343845759669,1.7940709196570577,BabyLM 1.3B — final layer,11.72835922029548,12.445687304098369
-1.8449307942600424,1.3116079138482704,11.952928851332919,6.870264856271882,1.868835490494456,-3.476343845759669,1.7940709196570577,BabyLM 1.3B — final layer,11.614042286539457,12.291568896889679
-1.6914135392728031,1.3116079138482704,11.818336293267933,6.870264856271882,1.868835490494456,-3.476343845759669,1.7940709196570577,BabyLM 1.3B — final layer,11.499571649754994,12.137801647107683
-1.537896284285564,1.3116079138482704,11.683743735202947,6.870264856271882,1.868835490494456,-3.476343845759669,1.7940709196570577,BabyLM 1.3B — final layer,11.383232151404393,11.985221697199291
-1.384379029298325,1.3116079138482704,11.549151177137961,6.870264856271882,1.868835490494456,-3.476343845759669,1.7940709196570577,BabyLM 1.3B — final layer,11.268544244451803,11.832314527661616
-1.2308617743110852,1.3116079138482704,11.414558619072977,6.870264856271882,1.868835490494456,-3.476343845759669,1.7940709196570577,BabyLM 1.3B — final layer,11.151445051020021,11.678896348677412
-1.077344519323846,1.3116079138482704,11.279966061007991,6.870264856271882,1.868835490494456,-3.476343845759669,1.7940709196570577,BabyLM 1.3B — final layer,11.034768537482687,11.523899062839734
-0.9238272643366066,1.3116079138482704,11.145373502943006,6.870264856271882,1.868835490494456,-3.476343845759669,1.7940709196570577,BabyLM 1.3B — final layer,10.915438861958831,11.374775180643084
-0.7703100093493673,1.3116079138482704,11.01078094487802,6.870264856271882,1.868835490494456,-3.476343845759669,1.7940709196570577,BabyLM 1.3B — final layer,10.796573847456221,11.225778404173269
-0.6167927543621281,1.3116079138482704,10.876188386813034,6.870264856271882,1.868835490494456,-3.476343845759669,1.7940709196570577,BabyLM 1.3B — final layer,10.674419245051665,11.077057146802167
-0.46327549937488866,1.3116079138482704,10.74159582874805,6.870264856271882,1.868835490494456,-3.476343845759669,1.7940709196570577,BabyLM 1.3B — final layer,10.549910861691542,10.930181597461502
-0.30975824438764943,1.3116079138482704,10.607003270683064,6.870264856271882,1.868835490494456,-3.476343845759669,1.7940709196570577,BabyLM 1.3B — final layer,10.425264559208511,10.786764523757405
-0.1562409894004102,1.3116079138482704,10.472410712618078,6.870264856271882,1.868835490494456,-3.476343845759669,1.7940709196570577,BabyLM 1.3B — final layer,10.29863553958867,10.645171198914586
-0.00272373441317075,1.3116079138482704,10.337818154553092,6.870264856271882,1.868835490494456,-3.476343845759669,1.7940709196570577,BabyLM 1.3B — final layer,10.168247574403528,10.506238382537607
0.1507935205740687,1.3116079138482704,10.203225596488108,6.870264856271882,1.868835490494456,-3.476343845759669,1.7940709196570577,BabyLM 1.3B — final layer,10.034411268248508,10.370758741290818
0.3043107755613079,1.3116079138482704,10.068633038423123,6.870264856271882,1.868835490494456,-3.476343845759669,1.7940709196570577,BabyLM 1.3B — final layer,9.89763258922967,10.23744934213806
0.4578280305485471,1.3116079138482704,9.934040480358137,6.870264856271882,1.868835490494456,-3.476343845759669,1.7940709196570577,BabyLM 1.3B — final layer,9.757902090210159,10.107009419406738
0.6113452855357864,1.3116079138482704,9.799447922293151,6.870264856271882,1.868835490494456,-3.476343845759669,1.7940709196570577,BabyLM 1.3B — final layer,9.616185511597946,9.979672924617795
0.7648625405230256,1.3116079138482704,9.664855364228167,6.870264856271882,1.868835490494456,-3.476343845759669,1.7940709196570577,BabyLM 1.3B — final layer,9.471271719942003,9.854671180758745
0.9183797955102652,1.3116079138482704,9.530262806163181,6.870264856271882,1.868835490494456,-3.476343845759669,1.7940709196570577,BabyLM 1.3B — final layer,9.324643253256024,9.733550063551172
1.0718970504975045,1.3116079138482704,9.395670248098195,6.870264856271882,1.868835490494456,-3.476343845759669,1.7940709196570577,BabyLM 1.3B — final layer,9.178207353574246,9.61334206474578
1.2254143054847435,1.3116079138482704,9.26107769003321,6.870264856271882,1.868835490494456,-3.476343845759669,1.7940709196570577,BabyLM 1.3B — final layer,9.029194735440615,9.495954128500047
1.378931560471983,1.3116079138482704,9.126485131968224,6.870264856271882,1.868835490494456,-3.476343845759669,1.7940709196570577,BabyLM 1.3B — final layer,8.875756600121399,9.377855182721854
1.5324488154592222,1.3116079138482704,8.99189257390324,6.870264856271882,1.868835490494456,-3.476343845759669,1.7940709196570577,BabyLM 1.3B — final layer,8.723700477912306,9.260386011179083
1.6859660704464614,1.3116079138482704,8.857300015838254,6.870264856271882,1.868835490494456,-3.476343845759669,1.7940709196570577,BabyLM 1.3B — final layer,8.571908500762037,9.144739387112432
1.839483325433701,1.3116079138482704,8.722707457773268,6.870264856271882,1.868835490494456,-3.476343845759669,1.7940709196570577,BabyLM 1.3B — final layer,8.419400793867952,9.028153069367882
1.9930005804209403,1.3116079138482704,8.588114899708282,6.870264856271882,1.868835490494456,-3.476343845759669,1.7940709196570577,BabyLM 1.3B — final layer,8.265085407789478,8.91470403289212
2.14651783540818,1.3116079138482704,8.453522341643296,6.870264856271882,1.868835490494456,-3.476343845759669,1.7940709196570577,BabyLM 1.3B — final layer,8.110277898466236,8.799789922114424
2.300035090395419,1.3116079138482704,8.318929783578312,6.870264856271882,1.868835490494456,-3.476343845759669,1.7940709196570577,BabyLM 1.3B — final layer,7.953707456037736,8.684032613393569
2.453552345382658,1.3116079138482704,8.184337225513326,6.870264856271882,1.868835490494456,-3.476343845759669,1.7940709196570577,BabyLM 1.3B — final layer,7.798837693537978,8.56995190173259
-1.9984480492472816,1.479192415881097,12.120658601686516,6.870264856271882,1.868835490494456,-3.476343845759669,1.7940709196570577,BabyLM 1.3B — final layer,11.732706444992722,12.50773993128017
-1.8449307942600424,1.479192415881097,11.98535966075661,6.870264856271882,1.868835490494456,-3.476343845759669,1.7940709196570577,BabyLM 1.3B — final layer,11.61768924848731,12.350109738490666
-1.6914135392728031,1.479192415881097,11.850060719826704,6.870264856271882,1.868835490494456,-3.476343845759669,1.7940709196570577,BabyLM 1.3B — final layer,11.506340597197646,12.19293535942442
-1.537896284285564,1.479192415881097,11.714761778896797,6.870264856271882,1.868835490494456,-3.476343845759669,1.7940709196570577,BabyLM 1.3B — final layer,11.393137730550292,12.037814875111353
-1.384379029298325,1.479192415881097,11.579462837966892,6.870264856271882,1.868835490494456,-3.476343845759669,1.7940709196570577,BabyLM 1.3B — final layer,11.277123436935582,11.882377156492339
-1.2308617743110852,1.479192415881097,11.444163897036985,6.870264856271882,1.868835490494456,-3.476343845759669,1.7940709196570577,BabyLM 1.3B — final layer,11.160406865554897,11.727430011266899
-1.077344519323846,1.479192415881097,11.308864956107078,6.870264856271882,1.868835490494456,-3.476343845759669,1.7940709196570577,BabyLM 1.3B — final layer,11.043666010025275,11.574271705207199
-0.9238272643366066,1.479192415881097,11.173566015177173,6.870264856271882,1.868835490494456,-3.476343845759669,1.7940709196570577,BabyLM 1.3B — final layer,10.92513917126801,11.422766698097707
-0.7703100093493673,1.479192415881097,11.038267074247265,6.870264856271882,1.868835490494456,-3.476343845759669,1.7940709196570577,BabyLM 1.3B — final layer,10.806156447033246,11.270426361775334
-0.6167927543621281,1.479192415881097,10.902968133317358,6.870264856271882,1.868835490494456,-3.476343845759669,1.7940709196570577,BabyLM 1.3B — final layer,10.684978199273782,11.119501333590215
-0.46327549937488866,1.479192415881097,10.767669192387453,6.870264856271882,1.868835490494456,-3.476343845759669,1.7940709196570577,BabyLM 1.3B — final layer,10.562132584898333,10.971468380008098
-0.30975824438764943,1.479192415881097,10.632370251457546,6.870264856271882,1.868835490494456,-3.476343845759669,1.7940709196570577,BabyLM 1.3B — final layer,10.436082458685345,10.826006481142516
-0.1562409894004102,1.479192415881097,10.497071310527641,6.870264856271882,1.868835490494456,-3.476343845759669,1.7940709196570577,BabyLM 1.3B — final layer,10.309159881059323,10.683944103078876
-0.00272373441317075,1.479192415881097,10.361772369597734,6.870264856271882,1.868835490494456,-3.476343845759669,1.7940709196570577,BabyLM 1.3B — final layer,10.177878008114972,10.546194998009664
0.1507935205740687,1.479192415881097,10.226473428667827,6.870264856271882,1.868835490494456,-3.476343845759669,1.7940709196570577,BabyLM 1.3B — final layer,10.041754578100019,10.409091190953239
0.3043107755613079,1.479192415881097,10.091174487737922,6.870264856271882,1.868835490494456,-3.476343845759669,1.7940709196570577,BabyLM 1.3B — final layer,9.903781069899365,10.27483751844605
0.4578280305485471,1.479192415881097,9.955875546808015,6.870264856271882,1.868835490494456,-3.476343845759669,1.7940709196570577,BabyLM 1.3B — final layer,9.764393650861978,10.14608578092745
0.6113452855357864,1.479192415881097,9.820576605878108,6.870264856271882,1.868835490494456,-3.476343845759669,1.7940709196570577,BabyLM 1.3B — final layer,9.619044769509353,10.01836516621777
0.7648625405230256,1.479192415881097,9.685277664948202,6.870264856271882,1.868835490494456,-3.476343845759669,1.7940709196570577,BabyLM 1.3B — final layer,9.470904135711192,9.89625009898595
0.9183797955102652,1.479192415881097,9.549978724018295,6.870264856271882,1.868835490494456,-3.476343845759669,1.7940709196570577,BabyLM 1.3B — final layer,9.321873414496576,9.774729656200385
1.0718970504975045,1.479192415881097,9.414679783088388,6.870264856271882,1.868835490494456,-3.476343845759669,1.7940709196570577,BabyLM 1.3B — final layer,9.17185396640554,9.65491927248803
1.2254143054847435,1.479192415881097,9.279380842158483,6.870264856271882,1.868835490494456,-3.476343845759669,1.7940709196570577,BabyLM 1.3B — final layer,9.02147158384218,9.53756536073794
1.378931560471983,1.479192415881097,9.144081901228576,6.870264856271882,1.868835490494456,-3.476343845759669,1.7940709196570577,BabyLM 1.3B — final layer,8.866244143656717,9.42126317368577
1.5324488154592222,1.479192415881097,9.00878296029867,6.870264856271882,1.868835490494456,-3.476343845759669,1.7940709196570577,BabyLM 1.3B — final layer,8.71126455981074,9.305481612022618
1.6859660704464614,1.479192415881097,8.873484019368764,6.870264856271882,1.868835490494456,-3.476343845759669,1.7940709196570577,BabyLM 1.3B — final layer,8.555477618178683,9.188747040459264
1.839483325433701,1.479192415881097,8.738185078438857,6.870264856271882,1.868835490494456,-3.476343845759669,1.7940709196570577,BabyLM 1.3B — final layer,8.400741059378056,9.073305543969457
1.9930005804209403,1.479192415881097,8.602886137508952,6.870264856271882,1.868835490494456,-3.476343845759669,1.7940709196570577,BabyLM 1.3B — final layer,8.244644831897068,8.959542906391006
2.14651783540818,1.479192415881097,8.467587196579045,6.870264856271882,1.868835490494456,-3.476343845759669,1.7940709196570577,BabyLM 1.3B — final layer,8.08722815608291,8.847564939788784
2.300035090395419,1.479192415881097,8.332288255649138,6.870264856271882,1.868835490494456,-3.476343845759669,1.7940709196570577,BabyLM 1.3B — final layer,7.929559057542974,8.733371801015466
2.453552345382658,1.479192415881097,8.196989314719232,6.870264856271882,1.868835490494456,-3.476343845759669,1.7940709196570577,BabyLM 1.3B — final layer,7.773998510120752,8.61997194892008
-1.9984480492472816,1.6467769179139229,12.15379579397513,6.870264856271882,1.868835490494456,-3.476343845759669,1.7940709196570577,BabyLM 1.3B — final layer,11.737705900953147,12.573306345092105
-1.8449307942600424,1.6467769179139229,12.017790470180302,6.870264856271882,1.868835490494456,-3.476343845759669,1.7940709196570577,BabyLM 1.3B — final layer,11.623708184409901,12.411338722767844
-1.6914135392728031,1.6467769179139229,11.881785146385475,6.870264856271882,1.868835490494456,-3.476343845759669,1.7940709196570577,BabyLM 1.3B — final layer,11.510941604919916,12.250764949888463
-1.537896284285564,1.6467769179139229,11.745779822590647,6.870264856271882,1.868835490494456,-3.476343845759669,1.7940709196570577,BabyLM 1.3B — final layer,11.398667753802275,12.091352457885346
-1.384379029298325,1.6467769179139229,11.60977449879582,6.870264856271882,1.868835490494456,-3.476343845759669,1.7940709196570577,BabyLM 1.3B — final layer,11.284029517518698,11.93544770320239
-1.2308617743110852,1.6467769179139229,11.473769175000992,6.870264856271882,1.868835490494456,-3.476343845759669,1.7940709196570577,BabyLM 1.3B — final layer,11.16809098822859,11.777639045165063
-1.077344519323846,1.6467769179139229,11.337763851206166,6.870264856271882,1.868835490494456,-3.476343845759669,1.7940709196570577,BabyLM 1.3B — final layer,11.051843627153835,11.621990665874375
-0.9238272643366066,1.6467769179139229,11.201758527411338,6.870264856271882,1.868835490494456,-3.476343845759669,1.7940709196570577,BabyLM 1.3B — final layer,10.934980466843331,11.46736423558727
-0.7703100093493673,1.6467769179139229,11.065753203616511,6.870264856271882,1.868835490494456,-3.476343845759669,1.7940709196570577,BabyLM 1.3B — final layer,10.814785532693806,11.313739150607603
-0.6167927543621281,1.6467769179139229,10.929747879821683,6.870264856271882,1.868835490494456,-3.476343845759669,1.7940709196570577,BabyLM 1.3B — final layer,10.695417968616672,11.162201094539066
-0.46327549937488866,1.6467769179139229,10.793742556026857,6.870264856271882,1.868835490494456,-3.476343845759669,1.7940709196570577,BabyLM 1.3B — final layer,10.573291087891114,11.011852057111511
-0.30975824438764943,1.6467769179139229,10.657737232232028,6.870264856271882,1.868835490494456,-3.476343845759669,1.7940709196570577,BabyLM 1.3B — final layer,10.44766212990819,10.867014024209084
-0.1562409894004102,1.6467769179139229,10.521731908437202,6.870264856271882,1.868835490494456,-3.476343845759669,1.7940709196570577,BabyLM 1.3B — final layer,10.319166534436931,10.724175831429664
-0.00272373441317075,1.6467769179139229,10.385726584642374,6.870264856271882,1.868835490494456,-3.476343845759669,1.7940709196570577,BabyLM 1.3B — final layer,10.186183765927462,10.58535464570316
0.1507935205740687,1.6467769179139229,10.249721260847547,6.870264856271882,1.868835490494456,-3.476343845759669,1.7940709196570577,BabyLM 1.3B — final layer,10.050012254489868,10.447736626182063
0.3043107755613079,1.6467769179139229,10.113715937052719,6.870264856271882,1.868835490494456,-3.476343845759669,1.7940709196570577,BabyLM 1.3B — final layer,9.909697579489508,10.315644320154922
0.4578280305485471,1.6467769179139229,9.977710613257893,6.870264856271882,1.868835490494456,-3.476343845759669,1.7940709196570577,BabyLM 1.3B — final layer,9.767911786082855,10.186790566142186
0.6113452855357864,1.6467769179139229,9.841705289463064,6.870264856271882,1.868835490494456,-3.476343845759669,1.7940709196570577,BabyLM 1.3B — final layer,9.620424740312576,10.058825765059293
0.7648625405230256,1.6467769179139229,9.705699965668238,6.870264856271882,1.868835490494456,-3.476343845759669,1.7940709196570577,BabyLM 1.3B — final layer,9.470939316908098,9.9363584379006
0.9183797955102652,1.6467769179139229,9.56969464187341,6.870264856271882,1.868835490494456,-3.476343845759669,1.7940709196570577,BabyLM 1.3B — final layer,9.320419418003064,9.816958507225209
1.0718970504975045,1.6467769179139229,9.433689318078583,6.870264856271882,1.868835490494456,-3.476343845759669,1.7940709196570577,BabyLM 1.3B — final layer,9.166224350674122,9.69758173374451
1.2254143054847435,1.6467769179139229,9.297683994283757,6.870264856271882,1.868835490494456,-3.476343845759669,1.7940709196570577,BabyLM 1.3B — final layer,9.010101384190563,9.581993405433463
1.378931560471983,1.6467769179139229,9.161678670488929,6.870264856271882,1.868835490494456,-3.476343845759669,1.7940709196570577,BabyLM 1.3B — final layer,8.855545320643621,9.466188575348632
1.5324488154592222,1.6467769179139229,9.025673346694102,6.870264856271882,1.868835490494456,-3.476343845759669,1.7940709196570577,BabyLM 1.3B — final layer,8.698077447040975,9.349824026972652
1.6859660704464614,1.6467769179139229,8.889668022899274,6.870264856271882,1.868835490494456,-3.476343845759669,1.7940709196570577,BabyLM 1.3B — final layer,8.540529611639693,9.234097222882117
1.839483325433701,1.6467769179139229,8.753662699104446,6.870264856271882,1.868835490494456,-3.476343845759669,1.7940709196570577,BabyLM 1.3B — final layer,8.382315286566918,9.120701066915668
1.9930005804209403,1.6467769179139229,8.61765737530962,6.870264856271882,1.868835490494456,-3.476343845759669,1.7940709196570577,BabyLM 1.3B — final layer,8.22317249219094,9.007418354379888
2.14651783540818,1.6467769179139229,8.481652051514791,6.870264856271882,1.868835490494456,-3.476343845759669,1.7940709196570577,BabyLM 1.3B — final layer,8.066667894745047,8.897011502413909
2.300035090395419,1.6467769179139229,8.345646727719965,6.870264856271882,1.868835490494456,-3.476343845759669,1.7940709196570577,BabyLM 1.3B — final layer,7.905755841285557,8.783712970541009
2.453552345382658,1.6467769179139229,8.209641403925138,6.870264856271882,1.868835490494456,-3.476343845759669,1.7940709196570577,BabyLM 1.3B — final layer,7.747081462697012,8.672347251855324
-1.9984480492472816,1.8143614199467493,12.186932986263741,6.870264856271882,1.868835490494456,-3.476343845759669,1.7940709196570577,BabyLM 1.3B — final layer,11.740768504425253,12.635020919029873
-1.8449307942600424,1.8143614199467493,12.050221279603994,6.870264856271882,1.868835490494456,-3.476343845759669,1.7940709196570577,BabyLM 1.3B — final layer,11.627955678208085,12.471328207889506
-1.6914135392728031,1.8143614199467493,11.913509572944246,6.870264856271882,1.868835490494456,-3.476343845759669,1.7940709196570577,BabyLM 1.3B — final layer,11.517614091310724,12.309515633000688
-1.537896284285564,1.8143614199467493,11.776797866284497,6.870264856271882,1.868835490494456,-3.476343845759669,1.7940709196570577,BabyLM 1.3B — final layer,11.404990232381424,12.146241559135145
-1.384379029298325,1.8143614199467493,11.64008615962475,6.870264856271882,1.868835490494456,-3.476343845759669,1.7940709196570577,BabyLM 1.3B — final layer,11.29218301896132,11.987593400907633
-1.2308617743110852,1.8143614199467493,11.503374452965001,6.870264856271882,1.868835490494456,-3.476343845759669,1.7940709196570577,BabyLM 1.3B — final layer,11.177050879111285,11.82971452251563
-1.077344519323846,1.8143614199467493,11.366662746305252,6.870264856271882,1.868835490494456,-3.476343845759669,1.7940709196570577,BabyLM 1.3B — final layer,11.061337696864111,11.67118116706978
-0.9238272643366066,1.8143614199467493,11.229951039645504,6.870264856271882,1.868835490494456,-3.476343845759669,1.7940709196570577,BabyLM 1.3B — final layer,10.944327753849189,11.5150099195021
-0.7703100093493673,1.8143614199467493,11.093239332985757,6.870264856271882,1.868835490494456,-3.476343845759669,1.7940709196570577,BabyLM 1.3B — final layer,10.825861975649456,11.357893066971092
-0.6167927543621281,1.8143614199467493,10.956527626326007,6.870264856271882,1.868835490494456,-3.476343845759669,1.7940709196570577,BabyLM 1.3B — final layer,10.705859643846079,11.20462828681987
-0.46327549937488866,1.8143614199467493,10.81981591966626,6.870264856271882,1.868835490494456,-3.476343845759669,1.7940709196570577,BabyLM 1.3B — final layer,10.582891031649435,11.053944432391386
-0.30975824438764943,1.8143614199467493,10.683104213006512,6.870264856271882,1.868835490494456,-3.476343845759669,1.7940709196570577,BabyLM 1.3B — final layer,10.458389021561363,10.907014364466995
-0.1562409894004102,1.8143614199467493,10.546392506346763,6.870264856271882,1.868835490494456,-3.476343845759669,1.7940709196570577,BabyLM 1.3B — final layer,10.32898605649039,10.764628430714469
-0.00272373441317075,1.8143614199467493,10.409680799687015,6.870264856271882,1.868835490494456,-3.476343845759669,1.7940709196570577,BabyLM 1.3B — final layer,10.194376209516438,10.624758633340807
0.1507935205740687,1.8143614199467493,10.272969093027266,6.870264856271882,1.868835490494456,-3.476343845759669,1.7940709196570577,BabyLM 1.3B — final layer,10.056448428019221,10.487588185496708
0.3043107755613079,1.8143614199467493,10.136257386367518,6.870264856271882,1.868835490494456,-3.476343845759669,1.7940709196570577,BabyLM 1.3B — final layer,9.915018162059047,10.355101738255245
0.4578280305485471,1.8143614199467493,9.99954567970777,6.870264856271882,1.868835490494456,-3.476343845759669,1.7940709196570577,BabyLM 1.3B — final layer,9.770537884395551,10.225909793863927
0.6113452855357864,1.8143614199467493,9.862833973048023,6.870264856271882,1.868835490494456,-3.476343845759669,1.7940709196570577,BabyLM 1.3B — final layer,9.621863836739024,10.101321565405195
0.7648625405230256,1.8143614199467493,9.726122266388273,6.870264856271882,1.868835490494456,-3.476343845759669,1.7940709196570577,BabyLM 1.3B — final layer,9.470832039122131,9.978721967337957
0.9183797955102652,1.8143614199467493,9.589410559728526,6.870264856271882,1.868835490494456,-3.476343845759669,1.7940709196570577,BabyLM 1.3B — final layer,9.317087394785153,9.86002289162068
1.0718970504975045,1.8143614199467493,9.452698853068776,6.870264856271882,1.868835490494456,-3.476343845759669,1.7940709196570577,BabyLM 1.3B — final layer,9.16121634248862,9.740685108074292
1.2254143054847435,1.8143614199467493,9.315987146409029,6.870264856271882,1.868835490494456,-3.476343845759669,1.7940709196570577,BabyLM 1.3B — final layer,9.000826913274024,9.625159540686797
1.378931560471983,1.8143614199467493,9.179275439749281,6.870264856271882,1.868835490494456,-3.476343845759669,1.7940709196570577,BabyLM 1.3B — final layer,8.84377757795709,9.512165126930892
1.5324488154592222,1.8143614199467493,9.042563733089533,6.870264856271882,1.868835490494456,-3.476343845759669,1.7940709196570577,BabyLM 1.3B — final layer,8.68435186402771,9.396763603236705
1.6859660704464614,1.8143614199467493,8.905852026429784,6.870264856271882,1.868835490494456,-3.476343845759669,1.7940709196570577,BabyLM 1.3B — final layer,8.526550816261897,9.285979430443302
1.839483325433701,1.8143614199467493,8.769140319770036,6.870264856271882,1.868835490494456,-3.476343845759669,1.7940709196570577,BabyLM 1.3B — final layer,8.36355278295462,9.172550813452945
1.9930005804209403,1.8143614199467493,8.632428613110287,6.870264856271882,1.868835490494456,-3.476343845759669,1.7940709196570577,BabyLM 1.3B — final layer,8.203715711634874,9.062426102100746
2.14651783540818,1.8143614199467493,8.49571690645054,6.870264856271882,1.868835490494456,-3.476343845759669,1.7940709196570577,BabyLM 1.3B — final layer,8.041000929827078,8.951370117836044
2.300035090395419,1.8143614199467493,8.359005199790792,6.870264856271882,1.868835490494456,-3.476343845759669,1.7940709196570577,BabyLM 1.3B — final layer,7.879949204129209,8.84066780044103
2.453552345382658,1.8143614199467493,8.222293493131042,6.870264856271882,1.868835490494456,-3.476343845759669,1.7940709196570577,BabyLM 1.3B — final layer,7.716349346762884,8.730564809889428
-1.9984480492472816,1.981945921979575,12.220070178552355,6.870264856271882,1.868835490494456,-3.476343845759669,1.7940709196570577,BabyLM 1.3B — final layer,11.741282202000972,12.697805589194784
-1.8449307942600424,1.981945921979575,12.082652089027686,6.870264856271882,1.868835490494456,-3.476343845759669,1.7940709196570577,BabyLM 1.3B — final layer,11.631450359449303,12.53167057372866
-1.6914135392728031,1.981945921979575,11.945233999503015,6.870264856271882,1.868835490494456,-3.476343845759669,1.7940709196570577,BabyLM 1.3B — final layer,11.521957312156292,12.367059665087266
-1.537896284285564,1.981945921979575,11.807815909978347,6.870264856271882,1.868835490494456,-3.476343845759669,1.7940709196570577,BabyLM 1.3B — final layer,11.410205757968637,12.202985245115586
-1.384379029298325,1.981945921979575,11.670397820453678,6.870264856271882,1.868835490494456,-3.476343845759669,1.7940709196570577,BabyLM 1.3B — final layer,11.300052632031015,12.040597007454926
-1.2308617743110852,1.981945921979575,11.532979730929009,6.870264856271882,1.868835490494456,-3.476343845759669,1.7940709196570577,BabyLM 1.3B — final layer,11.185526623595416,11.879816786465778
-1.077344519323846,1.981945921979575,11.39556164140434,6.870264856271882,1.868835490494456,-3.476343845759669,1.7940709196570577,BabyLM 1.3B — final layer,11.069605575272915,11.720713788035507
-0.9238272643366066,1.981945921979575,11.25814355187967,6.870264856271882,1.868835490494456,-3.476343845759669,1.7940709196570577,BabyLM 1.3B — final layer,10.953408243106574,11.561317375272916
-0.7703100093493673,1.981945921979575,11.120725462355,6.870264856271882,1.868835490494456,-3.476343845759669,1.7940709196570577,BabyLM 1.3B — final layer,10.834327378357195,11.403171720277403
-0.6167927543621281,1.981945921979575,10.983307372830332,6.870264856271882,1.868835490494456,-3.476343845759669,1.7940709196570577,BabyLM 1.3B — final layer,10.714966727536265,11.24754021738166
-0.46327549937488866,1.981945921979575,10.845889283305663,6.870264856271882,1.868835490494456,-3.476343845759669,1.7940709196570577,BabyLM 1.3B — final layer,10.594714702589405,11.096998103907088
-0.30975824438764943,1.981945921979575,10.708471193780994,6.870264856271882,1.868835490494456,-3.476343845759669,1.7940709196570577,BabyLM 1.3B — final layer,10.467185353330576,10.948687707424654
-0.1562409894004102,1.981945921979575,10.571053104256325,6.870264856271882,1.868835490494456,-3.476343845759669,1.7940709196570577,BabyLM 1.3B — final layer,10.33847955644358,10.805544596264852
-0.00272373441317075,1.981945921979575,10.433635014731655,6.870264856271882,1.868835490494456,-3.476343845759669,1.7940709196570577,BabyLM 1.3B — final layer,10.203575046159783,10.6635987343492
0.1507935205740687,1.981945921979575,10.296216925206986,6.870264856271882,1.868835490494456,-3.476343845759669,1.7940709196570577,BabyLM 1.3B — final layer,10.063769763880305,10.527398579953253
0.3043107755613079,1.981945921979575,10.158798835682317,6.870264856271882,1.868835490494456,-3.476343845759669,1.7940709196570577,BabyLM 1.3B — final layer,9.92092790118003,10.3948940938577
0.4578280305485471,1.981945921979575,10.021380746157648,6.870264856271882,1.868835490494456,-3.476343845759669,1.7940709196570577,BabyLM 1.3B — final layer,9.77432445404426,10.26768273429239
0.6113452855357864,1.981945921979575,9.88396265663298,6.870264856271882,1.868835490494456,-3.476343845759669,1.7940709196570577,BabyLM 1.3B — final layer,9.623087873749006,10.142416352855737
0.7648625405230256,1.981945921979575,9.746544567108309,6.870264856271882,1.868835490494456,-3.476343845759669,1.7940709196570577,BabyLM 1.3B — final layer,9.470858131222712,10.021925768497796
0.9183797955102652,1.981945921979575,9.60912647758364,6.870264856271882,1.868835490494456,-3.476343845759669,1.7940709196570577,BabyLM 1.3B — final layer,9.313564339794022,9.90251094216738
1.0718970504975045,1.981945921979575,9.471708388058971,6.870264856271882,1.868835490494456,-3.476343845759669,1.7940709196570577,BabyLM 1.3B — final layer,9.156339496529304,9.784790635248248
1.2254143054847435,1.981945921979575,9.334290298534302,6.870264856271882,1.868835490494456,-3.476343845759669,1.7940709196570577,BabyLM 1.3B — final layer,8.993799784425834,9.671872797148948
1.378931560471983,1.981945921979575,9.196872209009634,6.870264856271882,1.868835490494456,-3.476343845759669,1.7940709196570577,BabyLM 1.3B — final layer,8.832263412468693,9.558598158334778
1.5324488154592222,1.981945921979575,9.059454119484963,6.870264856271882,1.868835490494456,-3.476343845759669,1.7940709196570577,BabyLM 1.3B — final layer,8.670821195277641,9.445314144719532
1.6859660704464614,1.981945921979575,8.922036029960294,6.870264856271882,1.868835490494456,-3.476343845759669,1.7940709196570577,BabyLM 1.3B — final layer,8.50760339950614,9.33341592560938
1.839483325433701,1.981945921979575,8.784617940435625,6.870264856271882,1.868835490494456,-3.476343845759669,1.7940709196570577,BabyLM 1.3B — final layer,8.343728416171915,9.223377512197901
1.9930005804209403,1.981945921979575,8.647199850910956,6.870264856271882,1.868835490494456,-3.476343845759669,1.7940709196570577,BabyLM 1.3B — final layer,8.18048511633312,9.113113330798612
2.14651783540818,1.981945921979575,8.509781761386286,6.870264856271882,1.868835490494456,-3.476343845759669,1.7940709196570577,BabyLM 1.3B — final layer,8.016711198761486,9.0048933647569
2.300035090395419,1.981945921979575,8.372363671861617,6.870264856271882,1.868835490494456,-3.476343845759669,1.7940709196570577,BabyLM 1.3B — final layer,7.8504655599449364,8.897421562113346
2.453552345382658,1.981945921979575,8.234945582336948,6.870264856271882,1.868835490494456,-3.476343845759669,1.7940709196570577,BabyLM 1.3B — final layer,7.685822884259742,8.788933422111633
-1.9984480492472816,2.1495304240124016,12.253207370840967,6.870264856271882,1.868835490494456,-3.476343845759669,1.7940709196570577,BabyLM 1.3B — final layer,11.743781974529393,12.758927816201014
-1.8449307942600424,2.1495304240124016,12.115082898451377,6.870264856271882,1.868835490494456,-3.476343845759669,1.7940709196570577,BabyLM 1.3B — final layer,11.635724806409321,12.59195518455316
-1.6914135392728031,2.1495304240124016,11.976958426061787,6.870264856271882,1.868835490494456,-3.476343845759669,1.7940709196570577,BabyLM 1.3B — final layer,11.52574472458143,12.427540379356369
-1.537896284285564,2.1495304240124016,11.838833953672196,6.870264856271882,1.868835490494456,-3.476343845759669,1.7940709196570577,BabyLM 1.3B — final layer,11.414667160453682,12.262138688755986
-1.384379029298325,2.1495304240124016,11.700709481282606,6.870264856271882,1.868835490494456,-3.476343845759669,1.7940709196570577,BabyLM 1.3B — final layer,11.30576977566126,12.09533582864165
-1.2308617743110852,2.1495304240124016,11.562585008893016,6.870264856271882,1.868835490494456,-3.476343845759669,1.7940709196570577,BabyLM 1.3B — final layer,11.19463133030215,11.93105382355465
-1.077344519323846,2.1495304240124016,11.424460536503426,6.870264856271882,1.868835490494456,-3.476343845759669,1.7940709196570577,BabyLM 1.3B — final layer,11.077660757246857,11.768698793696686
-0.9238272643366066,2.1495304240124016,11.286336064113836,6.870264856271882,1.868835490494456,-3.476343845759669,1.7940709196570577,BabyLM 1.3B — final layer,10.961615148803668,11.608519961844774
-0.7703100093493673,2.1495304240124016,11.148211591724246,6.870264856271882,1.868835490494456,-3.476343845759669,1.7940709196570577,BabyLM 1.3B — final layer,10.843009482630885,11.448375430964742
-0.6167927543621281,2.1495304240124016,11.010087119334656,6.870264856271882,1.868835490494456,-3.476343845759669,1.7940709196570577,BabyLM 1.3B — final layer,10.725553915509954,11.291729810813633
-0.46327549937488866,2.1495304240124016,10.871962646945066,6.870264856271882,1.868835490494456,-3.476343845759669,1.7940709196570577,BabyLM 1.3B — final layer,10.605281129189443,11.139883360761916
-0.30975824438764943,2.1495304240124016,10.733838174555476,6.870264856271882,1.868835490494456,-3.476343845759669,1.7940709196570577,BabyLM 1.3B — final layer,10.476900352166336,10.990135425181517
-0.1562409894004102,2.1495304240124016,10.595713702165886,6.870264856271882,1.868835490494456,-3.476343845759669,1.7940709196570577,BabyLM 1.3B — final layer,10.347681022853468,10.846715048775412
-0.00272373441317075,2.1495304240124016,10.457589229776296,6.870264856271882,1.868835490494456,-3.476343845759669,1.7940709196570577,BabyLM 1.3B — final layer,10.210988844950624,10.702852860917268
0.1507935205740687,2.1495304240124016,10.319464757386706,6.870264856271882,1.868835490494456,-3.476343845759669,1.7940709196570577,BabyLM 1.3B — final layer,10.0697305240204,10.56837701835132
0.3043107755613079,2.1495304240124016,10.181340284997116,6.870264856271882,1.868835490494456,-3.476343845759669,1.7940709196570577,BabyLM 1.3B — final layer,9.926752191598103,10.43527993084954
0.4578280305485471,2.1495304240124016,10.043215812607526,6.870264856271882,1.868835490494456,-3.476343845759669,1.7940709196570577,BabyLM 1.3B — final layer,9.777222478080882,10.308322666591183
0.6113452855357864,2.1495304240124016,9.905091340217936,6.870264856271882,1.868835490494456,-3.476343845759669,1.7940709196570577,BabyLM 1.3B — final layer,9.623557789777307,10.183670845628665
0.7648625405230256,2.1495304240124016,9.766966867828346,6.870264856271882,1.868835490494456,-3.476343845759669,1.7940709196570577,BabyLM 1.3B — final layer,9.468465014403906,10.063699142083271
0.9183797955102652,2.1495304240124016,9.628842395438754,6.870264856271882,1.868835490494456,-3.476343845759669,1.7940709196570577,BabyLM 1.3B — final layer,9.30890790114683,9.945184978004743
1.0718970504975045,2.1495304240124016,9.490717923049164,6.870264856271882,1.868835490494456,-3.476343845759669,1.7940709196570577,BabyLM 1.3B — final layer,9.149254606463822,9.828447862985945
1.2254143054847435,2.1495304240124016,9.352593450659576,6.870264856271882,1.868835490494456,-3.476343845759669,1.7940709196570577,BabyLM 1.3B — final layer,8.986634459666536,9.7159091438833
1.378931560471983,2.1495304240124016,9.214468978269984,6.870264856271882,1.868835490494456,-3.476343845759669,1.7940709196570577,BabyLM 1.3B — final layer,8.820658099781767,9.604377960294038
1.5324488154592222,2.1495304240124016,9.076344505880394,6.870264856271882,1.868835490494456,-3.476343845759669,1.7940709196570577,BabyLM 1.3B — final layer,8.655430594638169,9.493085952630631
1.6859660704464614,2.1495304240124016,8.938220033490804,6.870264856271882,1.868835490494456,-3.476343845759669,1.7940709196570577,BabyLM 1.3B — final layer,8.489175478071559,9.384329571221798
1.839483325433701,2.1495304240124016,8.800095561101214,6.870264856271882,1.868835490494456,-3.476343845759669,1.7940709196570577,BabyLM 1.3B — final layer,8.323550173343962,9.276117611349362
1.9930005804209403,2.1495304240124016,8.661971088711624,6.870264856271882,1.868835490494456,-3.476343845759669,1.7940709196570577,BabyLM 1.3B — final layer,8.15666168148278,9.168300661289994
2.14651783540818,2.1495304240124016,8.523846616322034,6.870264856271882,1.868835490494456,-3.476343845759669,1.7940709196570577,BabyLM 1.3B — final layer,7.988245033709487,9.060449072215954
2.300035090395419,2.1495304240124016,8.385722143932444,6.870264856271882,1.868835490494456,-3.476343845759669,1.7940709196570577,BabyLM 1.3B — final layer,7.8194440813523585,8.952769006464951
2.453552345382658,2.1495304240124016,8.247597671542854,6.870264856271882,1.868835490494456,-3.476343845759669,1.7940709196570577,BabyLM 1.3B — final layer,7.64980806215288,8.845956842219318
-1.9984480492472816,2.3171149260452277,12.28634456312958,6.870264856271882,1.868835490494456,-3.476343845759669,1.7940709196570577,BabyLM 1.3B — final layer,11.746549296423044,12.823947384889335
-1.8449307942600424,2.3171149260452277,12.147513707875069,6.870264856271882,1.868835490494456,-3.476343845759669,1.7940709196570577,BabyLM 1.3B — final layer,11.63796484982244,12.653299794901322
-1.6914135392728031,2.3171149260452277,12.008682852620558,6.870264856271882,1.868835490494456,-3.476343845759669,1.7940709196570577,BabyLM 1.3B — final layer,11.527417842610754,12.486106115572703
-1.537896284285564,2.3171149260452277,11.869851997366046,6.870264856271882,1.868835490494456,-3.476343845759669,1.7940709196570577,BabyLM 1.3B — final layer,11.417120514161944,12.317385572351796
-1.384379029298325,2.3171149260452277,11.731021142111537,6.870264856271882,1.868835490494456,-3.476343845759669,1.7940709196570577,BabyLM 1.3B — final layer,11.309869230769792,12.15002982544616
-1.2308617743110852,2.3171149260452277,11.592190286857026,6.870264856271882,1.868835490494456,-3.476343845759669,1.7940709196570577,BabyLM 1.3B — final layer,11.200312049149085,11.98211656063692
-1.077344519323846,2.3171149260452277,11.453359431602514,6.870264856271882,1.868835490494456,-3.476343845759669,1.7940709196570577,BabyLM 1.3B — final layer,11.087122429673608,11.818387227470474
-0.9238272643366066,2.3171149260452277,11.314528576348003,6.870264856271882,1.868835490494456,-3.476343845759669,1.7940709196570577,BabyLM 1.3B — final layer,10.97098301854446,11.65608388791721
-0.7703100093493673,2.3171149260452277,11.175697721093492,6.870264856271882,1.868835490494456,-3.476343845759669,1.7940709196570577,BabyLM 1.3B — final layer,10.855211988493634,11.4951368506711
-0.6167927543621281,2.3171149260452277,11.03686686583898,6.870264856271882,1.868835490494456,-3.476343845759669,1.7940709196570577,BabyLM 1.3B — final layer,10.735898007002547,11.33627287949691
-0.46327549937488866,2.3171149260452277,10.89803601058447,6.870264856271882,1.868835490494456,-3.476343845759669,1.7940709196570577,BabyLM 1.3B — final layer,10.615431586444023,11.183137517110016
-0.30975824438764943,2.3171149260452277,10.759205155329958,6.870264856271882,1.868835490494456,-3.476343845759669,1.7940709196570577,BabyLM 1.3B — final layer,10.48855415698078,11.031268900595267
-0.1562409894004102,2.3171149260452277,10.620374300075447,6.870264856271882,1.868835490494456,-3.476343845759669,1.7940709196570577,BabyLM 1.3B — final layer,10.356676059050736,10.887956517948101
-0.00272373441317075,2.3171149260452277,10.481543444820936,6.870264856271882,1.868835490494456,-3.476343845759669,1.7940709196570577,BabyLM 1.3B — final layer,10.219828807453418,10.74264534345777
0.1507935205740687,2.3171149260452277,10.342712589566425,6.870264856271882,1.868835490494456,-3.476343845759669,1.7940709196570577,BabyLM 1.3B — final layer,10.07653671693463,10.606591127631773
0.3043107755613079,2.3171149260452277,10.203881734311913,6.870264856271882,1.868835490494456,-3.476343845759669,1.7940709196570577,BabyLM 1.3B — final layer,9.931362412129182,10.476775462637251
0.4578280305485471,2.3171149260452277,10.065050879057404,6.870264856271882,1.868835490494456,-3.476343845759669,1.7940709196570577,BabyLM 1.3B — final layer,9.77976270773844,10.349868944151531
0.6113452855357864,2.3171149260452277,9.926220023802893,6.870264856271882,1.868835490494456,-3.476343845759669,1.7940709196570577,BabyLM 1.3B — final layer,9.624273709829371,10.22615252915664
0.7648625405230256,2.3171149260452277,9.787389168548382,6.870264856271882,1.868835490494456,-3.476343845759669,1.7940709196570577,BabyLM 1.3B — final layer,9.46561065986682,10.106258300023978
0.9183797955102652,2.3171149260452277,9.64855831329387,6.870264856271882,1.868835490494456,-3.476343845759669,1.7940709196570577,BabyLM 1.3B — final layer,9.304308678387443,9.989172969851953
1.0718970504975045,2.3171149260452277,9.50972745803936,6.870264856271882,1.868835490494456,-3.476343845759669,1.7940709196570577,BabyLM 1.3B — final layer,9.1422418115033,9.87361196919484
1.2254143054847435,2.3171149260452277,9.370896602784848,6.870264856271882,1.868835490494456,-3.476343845759669,1.7940709196570577,BabyLM 1.3B — final layer,8.975202434825164,9.761521035356333
1.378931560471983,2.3171149260452277,9.232065747530337,6.870264856271882,1.868835490494456,-3.476343845759669,1.7940709196570577,BabyLM 1.3B — final layer,8.806880456291964,9.652621228474441
1.5324488154592222,2.3171149260452277,9.093234892275825,6.870264856271882,1.868835490494456,-3.476343845759669,1.7940709196570577,BabyLM 1.3B — final layer,8.637630161665244,9.542435241441058
1.6859660704464614,2.3171149260452277,8.954404037021314,6.870264856271882,1.868835490494456,-3.476343845759669,1.7940709196570577,BabyLM 1.3B — final layer,8.471109625261434,9.433192334132551
1.839483325433701,2.3171149260452277,8.815573181766803,6.870264856271882,1.868835490494456,-3.476343845759669,1.7940709196570577,BabyLM 1.3B — final layer,8.300859763963093,9.32802078035874
1.9930005804209403,2.3171149260452277,8.676742326512292,6.870264856271882,1.868835490494456,-3.476343845759669,1.7940709196570577,BabyLM 1.3B — final layer,8.130501734582474,9.222960527604794
2.14651783540818,2.3171149260452277,8.53791147125778,6.870264856271882,1.868835490494456,-3.476343845759669,1.7940709196570577,BabyLM 1.3B — final layer,7.9593610574501605,9.115030517950428
2.300035090395419,2.3171149260452277,8.399080616003271,6.870264856271882,1.868835490494456,-3.476343845759669,1.7940709196570577,BabyLM 1.3B — final layer,7.787376898000623,9.00965868433247
2.453552345382658,2.3171149260452277,8.26024976074876,6.870264856271882,1.868835490494456,-3.476343845759669,1.7940709196570577,BabyLM 1.3B — final layer,7.615232360711028,8.902142350922595
