layer,log_predic,fit,panel
0,-8.87358079791252,10.12802326041139,OLMo-3 7B
1,-8.87358079791252,10.140579792559503,OLMo-3 7B
2,-8.87358079791252,10.16824943239342,OLMo-3 7B
3,-8.87358079791252,10.226145287598946,OLMo-3 7B
4,-8.87358079791252,10.32938046586189,OLMo-3 7B
5,-8.87358079791252,10.49306807486805,OLMo-3 7B
6,-8.87358079791252,10.732321222303236,OLMo-3 7B
7,-8.87358079791252,11.062253015853251,OLMo-3 7B
8,-8.87358079791252,11.497871617003717,OLMo-3 7B
9,-8.87358079791252,12.041486697018357,OLMo-3 7B
10,-8.87358079791252,12.670745570118344,OLMo-3 7B
11,-8.87358079791252,13.360462003119967,OLMo-3 7B
12,-8.87358079791252,14.085449762839515,OLMo-3 7B
13,-8.87358079791252,14.820522616093276,OLMo-3 7B
14,-8.87358079791252,15.540494329697541,OLMo-3 7B
15,-8.87358079791252,16.22017867046859,OLMo-3 7B
16,-8.87358079791252,16.83482610586168,OLMo-3 7B
17,-8.87358079791252,17.36973121802803,OLMo-3 7B
18,-8.87358079791252,17.820232703814845,OLMo-3 7B
19,-8.87358079791252,18.182105960708302,OLMo-3 7B
20,-8.87358079791252,18.451126386194556,OLMo-3 7B
21,-8.87358079791252,18.623069377759776,OLMo-3 7B
22,-8.87358079791252,18.693710332890127,OLMo-3 7B
23,-8.87358079791252,18.658824649071775,OLMo-3 7B
24,-8.87358079791252,18.515490075155963,OLMo-3 7B
25,-8.87358079791252,18.2721196403937,OLMo-3 7B
26,-8.87358079791252,17.94296283756099,OLMo-3 7B
27,-8.87358079791252,17.54231739466957,OLMo-3 7B
28,-8.87358079791252,17.084481039731187,OLMo-3 7B
29,-8.87358079791252,16.583751500757575,OLMo-3 7B
30,-8.87358079791252,16.054426505760482,OLMo-3 7B
31,-8.87358079791252,15.510803782751646,OLMo-3 7B
0,-8.707488105346778,10.11215354269647,OLMo-3 7B
1,-8.707488105346778,10.120964703796556,OLMo-3 7B
2,-8.707488105346778,10.144694772593855,OLMo-3 7B
3,-8.707488105346778,10.198262656785584,OLMo-3 7B
4,-8.707488105346778,10.296587264068958,OLMo-3 7B
5,-8.707488105346778,10.454587502141191,OLMo-3 7B
6,-8.707488105346778,10.687182278699499,OLMo-3 7B
7,-8.707488105346778,11.009290501441095,OLMo-3 7B
8,-8.707488105346778,11.435728264754513,OLMo-3 7B
9,-8.707488105346778,11.968871252677586,OLMo-3 7B
10,-8.707488105346778,12.586934021707545,OLMo-3 7B
11,-8.707488105346778,13.265355169007167,OLMo-3 7B
12,-8.707488105346778,13.979573291739227,OLMo-3 7B
13,-8.707488105346778,14.7050269870665,OLMo-3 7B
14,-8.707488105346778,15.417154852151764,OLMo-3 7B
15,-8.707488105346778,16.091395484157797,OLMo-3 7B
16,-8.707488105346778,16.70359947934707,OLMo-3 7B
17,-8.707488105346778,17.239093413275086,OLMo-3 7B
18,-8.707488105346778,17.69267984079039,OLMo-3 7B
19,-8.707488105346778,18.05957331584122,OLMo-3 7B
20,-8.707488105346778,18.33498839237581,OLMo-3 7B
21,-8.707488105346778,18.514139624342395,OLMo-3 7B
22,-8.707488105346778,18.59224156568921,OLMo-3 7B
23,-8.707488105346778,18.564508770364498,OLMo-3 7B
24,-8.707488105346778,18.427506733607053,OLMo-3 7B
25,-8.707488105346778,18.189559143369813,OLMo-3 7B
26,-8.707488105346778,17.865043905981942,OLMo-3 7B
27,-8.707488105346778,17.468388962635213,OLMo-3 7B
28,-8.707488105346778,17.014022254521393,OLMo-3 7B
29,-8.707488105346778,16.516371722832258,OLMo-3 7B
30,-8.707488105346778,15.989865308759578,OLMo-3 7B
31,-8.707488105346778,15.448930953495125,OLMo-3 7B
0,-8.541395412781034,10.096585405786769,OLMo-3 7B
1,-8.541395412781034,10.10122972450034,OLMo-3 7B
2,-8.541395412781034,10.12062544421277,OLMo-3 7B
3,-8.541395412781034,10.169523965922924,OLMo-3 7B
4,-8.541395412781034,10.262676690629652,OLMo-3 7B
5,-8.541395412781034,10.414835019331822,OLMo-3 7B
6,-8.541395412781034,10.640750353028292,OLMo-3 7B
7,-8.541395412781034,10.955174092717916,OLMo-3 7B
8,-8.541395412781034,11.372756724369541,OLMo-3 7B
9,-8.541395412781034,11.89593801531958,OLMo-3 7B
10,-8.541395412781034,12.503442700849735,OLMo-3 7B
11,-8.541395412781034,13.171270810431167,OLMo-3 7B
12,-8.541395412781034,13.875422373535045,OLMo-3 7B
13,-8.541395412781034,14.591897419632527,OLMo-3 7B
14,-8.541395412781034,15.296695978194778,OLMo-3 7B
15,-8.541395412781034,15.965818078692958,OLMo-3 7B
16,-8.541395412781034,16.575653427315874,OLMo-3 7B
17,-8.541395412781034,17.11155429475798,OLMo-3 7B
18,-8.541395412781034,17.567835516219414,OLMo-3 7B
19,-8.541395412781034,17.93920160361794,OLMo-3 7B
20,-8.541395412781034,18.220357068871312,OLMo-3 7B
21,-8.541395412781034,18.40600642389731,OLMo-3 7B
22,-8.541395412781034,18.490854180613688,OLMo-3 7B
23,-8.541395412781034,18.46960485093822,OLMo-3 7B
24,-8.541395412781034,18.33835791484531,OLMo-3 7B
25,-8.541395412781034,18.105354240950497,OLMo-3 7B
26,-8.541395412781034,17.78508622138241,OLMo-3 7B
27,-8.541395412781034,17.392097913753265,OLMo-3 7B
28,-8.541395412781034,16.94093337567527,OLMo-3 7B
29,-8.541395412781034,16.446136664760644,OLMo-3 7B
30,-8.541395412781034,15.922251838621587,OLMo-3 7B
31,-8.541395412781034,15.383822954870324,OLMo-3 7B
0,-8.375302720215291,10.081340910234708,OLMo-3 7B
1,-8.375302720215291,10.081366084711535,OLMo-3 7B
2,-8.375302720215291,10.096003799385894,OLMo-3 7B
3,-8.375302720215291,10.139866594455315,OLMo-3 7B
4,-8.375302720215291,10.227567010117331,OLMo-3 7B
5,-8.375302720215291,10.373717586569473,OLMo-3 7B
6,-8.375302720215291,10.592930864009274,OLMo-3 7B
7,-8.375302720215291,10.899819382634263,OLMo-3 7B
8,-8.375302720215291,11.30889641411592,OLMo-3 7B
9,-8.375302720215291,11.822663738473093,OLMo-3 7B
10,-8.375302720215291,12.420295032101773,OLMo-3 7B
11,-8.375302720215291,13.07828372119447,OLMo-3 7B
12,-8.375302720215291,13.773123231943693,OLMo-3 7B
13,-8.375302720215291,14.48130699054195,OLMo-3 7B
14,-8.375302720215291,15.179328423181751,OLMo-3 7B
15,-8.375302720215291,15.843680956055609,OLMo-3 7B
16,-8.375302720215291,16.451227922883497,OLMo-3 7B
17,-8.375302720215291,16.98734053051715,OLMo-3 7B
18,-8.375302720215291,17.445897858940064,OLMo-3 7B
19,-8.375302720215291,17.8211488956632,OLMo-3 7B
20,-8.375302720215291,18.10734262819751,OLMo-3 7B
21,-8.375302720215291,18.298728044053966,OLMo-3 7B
22,-8.375302720215291,18.389554130743512,OLMo-3 7B
23,-8.375302720215291,18.374069875777124,OLMo-3 7B
24,-8.375302720215291,18.247958364535222,OLMo-3 7B
25,-8.375302720215291,18.01938464533624,OLMo-3 7B
26,-8.375302720215291,17.70294064954326,OLMo-3 7B
27,-8.375302720215291,17.31327142325529,OLMo-3 7B
28,-8.375302720215291,16.865022012571323,OLMo-3 7B
29,-8.375302720215291,16.37283746359036,OLMo-3 7B
30,-8.375302720215291,15.851362822411401,OLMo-3 7B
31,-8.375302720215291,15.315243135133441,OLMo-3 7B
0,-8.209210027649549,10.066442116592714,OLMo-3 7B
1,-8.209210027649549,10.061365014470818,OLMo-3 7B
2,-8.209210027649549,10.070792190248941,OLMo-3 7B
3,-8.209210027649549,10.109227921827111,OLMo-3 7B
4,-8.209210027649549,10.191176487105349,OLMo-3 7B
5,-8.209210027649549,10.331142163983673,OLMo-3 7B
6,-8.209210027649549,10.543629230362109,OLMo-3 7B
7,-8.209210027649549,10.843141964140678,OLMo-3 7B
8,-8.209210027649549,11.24408675226075,OLMo-3 7B
9,-8.209210027649549,11.74902517566688,OLMo-3 7B
10,-8.209210027649549,12.337514440020525,OLMo-3 7B
11,-8.209210027649549,12.98646869509957,OLMo-3 7B
12,-8.209210027649549,13.672802090681888,OLMo-3 7B
13,-8.209210027649549,14.37342877654536,OLMo-3 7B
14,-8.209210027649549,15.065262902467863,OLMo-3 7B
15,-8.209210027649549,15.725218618227274,OLMo-3 7B
16,-8.209210027649549,16.33056293916535,OLMo-3 7B
17,-8.209210027649549,16.866678788593042,OLMo-3 7B
18,-8.209210027649549,17.3270649977905,OLMo-3 7B
19,-8.209210027649549,17.705573263601764,OLMo-3 7B
20,-8.209210027649549,17.996055282870852,OLMo-3 7B
21,-8.209210027649549,18.1923627524418,OLMo-3 7B
22,-8.209210027649549,18.28834736915863,OLMo-3 7B
23,-8.209210027649549,18.277860829865375,OLMo-3 7B
24,-8.209210027649549,18.15622282834127,OLMo-3 7B
25,-8.209210027649549,17.931530068727533,OLMo-3 7B
26,-8.209210027649549,17.618458056245373,OLMo-3 7B
27,-8.209210027649549,17.231736666372857,OLMo-3 7B
28,-8.209210027649549,16.786095774588063,OLMo-3 7B
29,-8.209210027649549,16.29626525636905,OLMo-3 7B
30,-8.209210027649549,15.776974987193901,OLMo-3 7B
31,-8.209210027649549,15.24295484254068,OLMo-3 7B
0,-8.043117335083805,10.051911085413213,OLMo-3 7B
1,-8.043117335083805,10.041217743818862,OLMo-3 7B
2,-8.043117335083805,10.044952968937636,OLMo-3 7B
3,-8.043117335083805,10.07754532748266,OLMo-3 7B
4,-8.043117335083805,10.153423386167054,OLMo-3 7B
5,-8.043117335083805,10.287015711703944,OLMo-3 7B
6,-8.043117335083805,10.492750870806452,OLMo-3 7B
7,-8.043117335083805,10.785057430187702,OLMo-3 7B
8,-8.043117335083805,11.178267157071149,OLMo-3 7B
9,-8.043117335083805,11.67499908042969,OLMo-3 7B
10,-8.043117335083805,12.255124349162852,OLMo-3 7B
11,-8.043117335083805,12.895900525948962,OLMo-3 7B
12,-8.043117335083805,13.574585173466353,OLMo-3 7B
13,-8.043117335083805,14.26843585439335,OLMo-3 7B
14,-8.043117335083805,14.954710131408282,OLMo-3 7B
15,-8.043117335083805,15.610665567189479,OLMo-3 7B
16,-8.043117335083805,16.21389844927683,OLMo-3 7B
17,-8.043117335083805,16.74979573702609,OLMo-3 7B
18,-8.043117335083805,17.211535061608878,OLMo-3 7B
19,-8.043117335083805,17.592632779058377,OLMo-3 7B
20,-8.043117335083805,17.88660524540777,OLMo-3 7B
21,-8.043117335083805,18.086968816690245,OLMo-3 7B
22,-8.043117335083805,18.187239848938976,OLMo-3 7B
23,-8.043117335083805,18.180934698187144,OLMo-3 7B
24,-8.043117335083805,18.06306605192794,OLMo-3 7B
25,-8.043117335083805,17.841670223324872,OLMo-3 7B
26,-8.043117335083805,17.531489307269617,OLMo-3 7B
27,-8.043117335083805,17.147320818337533,OLMo-3 7B
28,-8.043117335083805,16.703962271103986,OLMo-3 7B
29,-8.043117335083805,16.216211180144345,OLMo-3 7B
30,-8.043117335083805,15.69886506003397,OLMo-3 7B
31,-8.043117335083805,15.166721425348232,OLMo-3 7B
0,-7.877024642518062,10.037769877248625,OLMo-3 7B
1,-7.877024642518062,10.020915502796349,OLMo-3 7B
2,-7.877024642518062,10.018448487587701,OLMo-3 7B
3,-7.877024642518062,10.04475619086631,OLMo-3 7B
4,-7.877024642518062,10.114225971875806,OLMo-3 7B
5,-7.877024642518062,10.241245189859814,OLMo-3 7B
6,-7.877024642518062,10.440201204061966,OLMo-3 7B
7,-7.877024642518062,10.725481373725888,OLMo-3 7B
8,-7.877024642518062,11.111377046814223,OLMo-3 7B
9,-7.877024642518062,11.600562206290283,OLMo-3 7B
10,-7.877024642518062,12.173148184085617,OLMo-3 7B
11,-7.877024642518062,12.80665400754515,OLMo-3 7B
12,-7.877024642518062,13.478598704013807,OLMo-3 7B
13,-7.877024642518062,14.166501300836511,OLMo-3 7B
14,-7.877024642518062,14.847880825358187,OLMo-3 7B
15,-7.877024642518062,15.500256304923756,OLMo-3 7B
16,-7.877024642518062,16.101474426333347,OLMo-3 7B
17,-7.877024642518062,16.63691804385673,OLMo-3 7B
18,-7.877024642518062,17.09950617923334,OLMo-3 7B
19,-7.877024642518062,17.482485513657796,OLMo-3 7B
20,-7.877024642518062,17.779102728324723,OLMo-3 7B
21,-7.877024642518062,17.982604504428753,OLMo-3 7B
22,-7.877024642518062,18.08623752316451,OLMo-3 7B
23,-7.877024642518062,18.083248465726616,OLMo-3 7B
24,-7.877024642518062,17.968402780959707,OLMo-3 7B
25,-7.877024642518062,17.74968482132875,OLMo-3 7B
26,-7.877024642518062,17.44188526839687,OLMo-3 7B
27,-7.877024642518062,17.059851054380882,OLMo-3 7B
28,-7.877024642518062,16.618429111497612,OLMo-3 7B
29,-7.877024642518062,16.13246637196388,OLMo-3 7B
30,-7.877024642518062,15.6168097679965,OLMo-3 7B
31,-7.877024642518062,15.086306231812305,OLMo-3 7B
0,-7.710931949952319,10.024040552651378,OLMo-3 7B
1,-7.710931949952319,10.000449521443953,OLMo-3 7B
2,-7.710931949952319,9.991241098334855,OLMo-3 7B
3,-7.710931949952319,10.010797891422413,OLMo-3 7B
4,-7.710931949952319,10.073502508804959,OLMo-3 7B
5,-7.710931949952319,10.193737558580812,OLMo-3 7B
6,-7.710931949952319,10.385885648848308,OLMo-3 7B
7,-7.710931949952319,10.664329387705774,OLMo-3 7B
8,-7.710931949952319,11.043355839757082,OLMo-3 7B
9,-7.710931949952319,11.525691306777407,OLMo-3 7B
10,-7.710931949952319,12.091609369345681,OLMo-3 7B
11,-7.710931949952319,12.718803933690628,OLMo-3 7B
12,-7.710931949952319,13.384968906040971,OLMo-3 7B
13,-7.710931949952319,14.067798192625437,OLMo-3 7B
14,-7.710931949952319,14.74498569967275,OLMo-3 7B
15,-7.710931949952319,15.394225333411631,OLMo-3 7B
16,-7.710931949952319,15.993530843450307,OLMo-3 7B
17,-7.710931949952319,16.52827237712542,OLMo-3 7B
18,-7.710931949952319,16.991176479502048,OLMo-3 7B
19,-7.710931949952319,17.37528953902477,OLMo-3 7B
20,-7.710931949952319,17.673657944138146,OLMo-3 7B
21,-7.710931949952319,17.879328083286758,OLMo-3 7B
22,-7.710931949952319,17.98534634491517,OLMo-3 7B
23,-7.710931949952319,17.98475911746796,OLMo-3 7B
24,-7.710931949952319,17.87214776110106,OLMo-3 7B
25,-7.710931949952319,17.655453574939656,OLMo-3 7B
26,-7.710931949952319,17.349496805408005,OLMo-3 7B
27,-7.710931949952319,16.969154549734473,OLMo-3 7B
28,-7.710931949952319,16.52930390514744,OLMo-3 7B
29,-7.710931949952319,16.044821968875283,OLMo-3 7B
30,-7.710931949952319,15.530585838146376,OLMo-3 7B
31,-7.710931949952319,15.001472610189092,OLMo-3 7B
0,-7.544839257386576,10.010745172173896,OLMo-3 7B
1,-7.544839257386576,9.979811029802352,OLMo-3 7B
2,-7.544839257386576,9.96329315331482,OLMo-3 7B
3,-7.544839257386576,9.97560780859532,OLMo-3 7B
4,-7.544839257386576,10.031171261527865,OLMo-3 7B
5,-7.544839257386576,10.144399777996465,OLMo-3 7B
6,-7.544839257386576,10.32970962388514,OLMo-3 7B
7,-7.544839257386576,10.601517065077905,OLMo-3 7B
8,-7.544839257386576,10.974142954166837,OLMo-3 7B
9,-7.544839257386576,11.45036313541982,OLMo-3 7B
10,-7.544839257386576,12.01053132949991,OLMo-3 7B
11,-7.544839257386576,12.632425098187895,OLMo-3 7B
12,-7.544839257386576,13.293822003264568,OLMo-3 7B
13,-7.544839257386576,13.97249960651072,OLMo-3 7B
14,-7.544839257386576,14.646235469707143,OLMo-3 7B
15,-7.544839257386576,15.292807154634632,OLMo-3 7B
16,-7.544839257386576,15.890307673743111,OLMo-3 7B
17,-7.544839257386576,16.424085404872585,OLMo-3 7B
18,-7.544839257386576,16.886744091253156,OLMo-3 7B
19,-7.544839257386576,17.271202926784046,OLMo-3 7B
20,-7.544839257386576,17.570381105364483,OLMo-3 7B
21,-7.544839257386576,17.777197820893697,OLMo-3 7B
22,-7.544839257386576,17.884572267270904,OLMo-3 7B
23,-7.544839257386576,17.885423638395345,OLMo-3 7B
24,-7.544839257386576,17.774215738016483,OLMo-3 7B
25,-7.544839257386576,17.558856196358086,OLMo-3 7B
26,-7.544839257386576,17.254174784083894,OLMo-3 7B
27,-7.544839257386576,16.87505847962987,OLMo-3 7B
28,-7.544839257386576,16.436394261431982,OLMo-3 7B
29,-7.544839257386576,15.953069107926197,OLMo-3 7B
30,-7.544839257386576,15.439969997548479,OLMo-3 7B
31,-7.544839257386576,14.911983908734793,OLMo-3 7B
0,-7.378746564820833,9.997905796368604,OLMo-3 7B
1,-7.378746564820833,9.958991257912222,OLMo-3 7B
2,-7.378746564820833,9.93456700466332,OLMo-3 7B
3,-7.378746564820833,9.939123321829378,OLMo-3 7B
4,-7.378746564820833,9.987150494617879,OLMo-3 7B
5,-7.378746564820833,10.093138808236299,OLMo-3 7B
6,-7.378746564820833,10.271578547892123,OLMo-3 7B
7,-7.378746564820833,10.536959998792828,OLMo-3 7B
8,-7.378746564820833,10.903677808310595,OLMo-3 7B
9,-7.378746564820833,11.374554445746275,OLMo-3 7B
10,-7.378746564820833,11.929937489105164,OLMo-3 7B
11,-7.378746564820833,12.547592294839447,OLMo-3 7B
12,-7.378746564820833,13.205284219401314,OLMo-3 7B
13,-7.378746564820833,13.88077861924295,OLMo-3 7B
14,-7.378746564820833,14.551840850816545,OLMo-3 7B
15,-7.378746564820833,15.196236270574285,OLMo-3 7B
16,-7.378746564820833,15.792044890327166,OLMo-3 7B
17,-7.378746564820833,16.324583795138675,OLMo-3 7B
18,-7.378746564820833,16.786407143324816,OLMo-3 7B
19,-7.378746564820833,17.170383748560383,OLMo-3 7B
20,-7.378746564820833,17.46938242452018,OLMo-3 7B
21,-7.378746564820833,17.67627198487901,OLMo-3 7B
22,-7.378746564820833,17.783921243311664,OLMo-3 7B
23,-7.378746564820833,17.78519901349295,OLMo-3 7B
24,-7.378746564820833,17.674521457370457,OLMo-3 7B
25,-7.378746564820833,17.45977239778453,OLMo-3 7B
26,-7.378746564820833,17.155770070205417,OLMo-3 7B
27,-7.378746564820833,16.777390019298643,OLMo-3 7B
28,-7.378746564820833,16.339507789729744,OLMo-3 7B
29,-7.378746564820833,15.856998926164254,OLMo-3 7B
30,-7.378746564820833,15.344738973267697,OLMo-3 7B
31,-7.378746564820833,14.817603475705612,OLMo-3 7B
0,-7.21265387225509,9.985544485787926,OLMo-3 7B
1,-7.21265387225509,9.93798143581424,OLMo-3 7B
2,-7.21265387225509,9.905025004516071,OLMo-3 7B
3,-7.21265387225509,9.901281810568937,OLMo-3 7B
4,-7.21265387225509,9.941358472648355,OLMo-3 7B
5,-7.21265387225509,10.03986160942984,OLMo-3 7B
6,-7.21265387225509,10.211397839588912,OLMo-3 7B
7,-7.21265387225509,10.470573781801086,OLMo-3 7B
8,-7.21265387225509,10.831899820455469,OLMo-3 7B
9,-7.21265387225509,11.298241991285526,OLMo-3 7B
10,-7.21265387225509,11.849851272718306,OLMo-3 7B
11,-7.21265387225509,12.464380317447784,OLMo-3 7B
12,-7.21265387225509,13.11948177816793,OLMo-3 7B
13,-7.21265387225509,13.792808307572722,OLMo-3 7B
14,-7.21265387225509,14.462012558356127,OLMo-3 7B
15,-7.21265387225509,15.104747183212123,OLMo-3 7B
16,-7.21265387225509,15.698982466317876,OLMo-3 7B
17,-7.21265387225509,16.229994215964126,OLMo-3 7B
18,-7.21265387225509,16.69036376455518,OLMo-3 7B
19,-7.21265387225509,17.07299007597853,OLMo-3 7B
20,-7.21265387225509,17.370772114121678,OLMo-3 7B
21,-7.21265387225509,17.576608842872133,OLMo-3 7B
22,-7.21265387225509,17.68339922611739,OLMo-3 7B
23,-7.21265387225509,17.68404222774495,OLMo-3 7B
24,-7.21265387225509,17.572979664827468,OLMo-3 7B
25,-7.21265387225509,17.35808189141948,OLMo-3 7B
26,-7.21265387225509,17.05413352955344,OLMo-3 7B
27,-7.21265387225509,16.67597634397236,OLMo-3 7B
28,-7.21265387225509,16.238452099419234,OLMo-3 7B
29,-7.21265387225509,15.756402560637087,OLMo-3 7B
30,-7.21265387225509,15.244669492368917,OLMo-3 7B
31,-7.21265387225509,14.718094659357742,OLMo-3 7B
0,-7.046561179689347,9.973683300984288,OLMo-3 7B
1,-7.046561179689347,9.916772793549086,OLMo-3 7B
2,-7.046561179689347,9.8746295050088,OLMo-3 7B
3,-7.046561179689347,9.862020654258348,OLMo-3 7B
4,-7.046561179689347,9.893713460192648,OLMo-3 7B
5,-7.046561179689347,9.984475141706616,OLMo-3 7B
6,-7.046561179689347,10.149072917695168,OLMo-3 7B
7,-7.046561179689347,10.402274007053222,OLMo-3 7B
8,-7.046561179689347,10.758748408868566,OLMo-3 7B
9,-7.046561179689347,11.221402525566324,OLMo-3 7B
10,-7.046561179689347,11.7702961048962,OLMo-3 7B
11,-7.046561179689347,12.382863959815403,OLMo-3 7B
12,-7.046561179689347,13.036540903281141,OLMo-3 7B
13,-7.046561179689347,13.708761748250625,OLMo-3 7B
14,-7.046561179689347,14.376961307681063,OLMo-3 7B
15,-7.046561179689347,15.018574394529665,OLMo-3 7B
16,-7.046561179689347,15.611360374830648,OLMo-3 7B
17,-7.046561179689347,16.14054333538938,OLMo-3 7B
18,-7.046561179689347,16.5988120837824,OLMo-3 7B
19,-7.046561179689347,16.979179980663236,OLMo-3 7B
20,-7.046561179689347,17.27466038668543,OLMo-3 7B
21,-7.046561179689347,17.478266662502516,OLMo-3 7B
22,-7.046561179689347,17.58301216876803,OLMo-3 7B
23,-7.046561179689347,17.581910266135516,OLMo-3 7B
24,-7.046561179689347,17.469505106051997,OLMo-3 7B
25,-7.046561179689347,17.25366438946343,OLMo-3 7B
26,-7.046561179689347,16.949116027908847,OLMo-3 7B
27,-7.046561179689347,16.570644628882576,OLMo-3 7B
28,-7.046561179689347,16.13303479987896,OLMo-3 7B
29,-7.046561179689347,15.65107114839233,OLMo-3 7B
30,-7.046561179689347,15.139538281917025,OLMo-3 7B
31,-7.046561179689347,14.613220807947386,OLMo-3 7B
0,-6.880468487123604,9.962344302510111,OLMo-3 7B
1,-6.880468487123604,9.895356561157431,OLMo-3 7B
2,-6.880468487123604,9.843342858277225,OLMo-3 7B
3,-6.880468487123604,9.821277232341961,OLMo-3 7B
4,-6.880468487123604,9.844133721824115,OLMo-3 7B
5,-6.880468487123604,9.926886365196154,OLMo-3 7B
6,-6.880468487123604,10.084509200930555,OLMo-3 7B
7,-6.880468487123604,10.331976267499787,OLMo-3 7B
8,-6.880468487123604,10.684162991817,OLMo-3 7B
9,-6.880468487123604,11.144012802117427,OLMo-3 7B
10,-6.880468487123604,11.691295410195707,OLMo-3 7B
11,-6.880468487123604,12.3031180157448,OLMo-3 7B
12,-6.880468487123604,12.956587818457663,OLMo-3 7B
13,-6.880468487123604,13.628812018027254,OLMo-3 7B
14,-6.880468487123604,14.29689781414653,OLMo-3 7B
15,-6.880468487123604,14.937952406508447,OLMo-3 7B
16,-6.880468487123604,15.529418588980885,OLMo-3 7B
17,-6.880468487123604,16.05645782145488,OLMo-3 7B
18,-6.880468487123604,16.51195022984463,OLMo-3 7B
19,-6.880468487123604,16.889111534239255,OLMo-3 7B
20,-6.880468487123604,17.181157454727867,OLMo-3 7B
21,-6.880468487123604,17.38130371139959,OLMo-3 7B
22,-6.880468487123604,17.482766024343533,OLMo-3 7B
23,-6.880468487123604,17.478760113648818,OLMo-3 7B
24,-6.880468487123604,17.364012526708528,OLMo-3 7B
25,-6.880468487123604,17.146399604116876,OLMo-3 7B
26,-6.880468487123604,16.840568431052507,OLMo-3 7B
27,-6.880468487123604,16.461222049260872,OLMo-3 7B
28,-6.880468487123604,16.023063500487424,OLMo-3 7B
29,-6.880468487123604,15.540795826477618,OLMo-3 7B
30,-6.880468487123604,15.029122068976905,OLMo-3 7B
31,-6.880468487123604,14.50274526973074,OLMo-3 7B
0,-6.71437579455786,9.95154772235282,OLMo-3 7B
1,-6.71437579455786,9.873726244684846,OLMo-3 7B
2,-6.71437579455786,9.81113353718344,OLMo-3 7B
3,-6.71437579455786,9.77899837001517,OLMo-3 7B
4,-6.71437579455786,9.792549513346607,OLMo-3 7B
5,-6.71437579455786,9.867015737344317,OLMo-3 7B
6,-6.71437579455786,10.017625812174867,OLMo-3 7B
7,-6.71437579455786,10.259608508004828,OLMo-3 7B
8,-6.71437579455786,10.6080921704605,OLMo-3 7B
9,-6.71437579455786,11.0660537757959,OLMo-3 7B
10,-6.71437579455786,11.61287053330234,OLMo-3 7B
11,-6.71437579455786,12.22520818968393,OLMo-3 7B
12,-6.71437579455786,12.879732491644777,OLMo-3 7B
13,-6.71437579455786,13.553109185888992,OLMo-3 7B
14,-6.71437579455786,14.22200401912068,OLMo-3 7B
15,-6.71437579455786,14.863082738043953,OLMo-3 7B
16,-6.71437579455786,15.453361998514207,OLMo-3 7B
17,-6.71437579455786,15.977929366866462,OLMo-3 7B
18,-6.71437579455786,16.429943319915363,OLMo-3 7B
19,-6.71437579455786,16.80291324362685,OLMo-3 7B
20,-6.71437579455786,17.090348523966853,OLMo-3 7B
21,-6.71437579455786,17.285758546901302,OLMo-3 7B
22,-6.71437579455786,17.382652698396136,OLMo-3 7B
23,-6.71437579455786,17.37454036441729,OLMo-3 7B
24,-6.71437579455786,17.256413590311766,OLMo-3 7B
25,-6.71437579455786,17.03616904937293,OLMo-3 7B
26,-6.71437579455786,16.72834792545376,OLMo-3 7B
27,-6.71437579455786,16.347546315717643,OLMo-3 7B
28,-6.71437579455786,15.908360317327974,OLMo-3 7B
29,-6.71437579455786,15.425386027448136,OLMo-3 7B
30,-6.71437579455786,14.913219543241519,OLMo-3 7B
31,-6.71437579455786,14.386456961871517,OLMo-3 7B
0,-6.5482831019921175,9.941281981730214,OLMo-3 7B
1,-6.5482831019921175,9.851914944868398,OLMo-3 7B
2,-6.5482831019921175,9.778076494269694,OLMo-3 7B
3,-6.5482831019921175,9.735295216197214,OLMo-3 7B
4,-6.5482831019921175,9.739099696914067,OLMo-3 7B
5,-6.5482831019921175,9.805018522683369,OLMo-3 7B
6,-6.5482831019921175,9.948580279768226,OLMo-3 7B
7,-6.5482831019921175,10.185313554431755,OLMo-3 7B
8,-6.5482831019921175,10.530644296846166,OLMo-3 7B
9,-6.5482831019921175,10.98757949018523,OLMo-3 7B
10,-6.5482831019921175,11.535006636262082,OLMo-3 7B
11,-6.5482831019921175,12.149042062435665,OLMo-3 7B
12,-6.5482831019921175,12.80580209606492,OLMo-3 7B
13,-6.5482831019921175,13.481403064508784,OLMo-3 7B
14,-6.5482831019921175,14.1519612951262,OLMo-3 7B
15,-6.5482831019921175,14.79359311527611,OLMo-3 7B
16,-6.5482831019921175,15.382785162675308,OLMo-3 7B
17,-6.5482831019921175,15.904541213271301,OLMo-3 7B
18,-6.5482831019921175,16.352382181242305,OLMo-3 7B
19,-6.5482831019921175,16.720199291124402,OLMo-3 7B
20,-6.5482831019921175,17.001883767453652,OLMo-3 7B
21,-6.5482831019921175,17.191326834766137,OLMo-3 7B
22,-6.5482831019921175,17.282419717597932,OLMo-3 7B
23,-6.5482831019921175,17.2690536404851,OLMo-3 7B
24,-6.5482831019921175,17.146566341524295,OLMo-3 7B
25,-6.5482831019921175,16.92288558424668,OLMo-3 7B
26,-6.5482831019921175,16.612421655917817,OLMo-3 7B
27,-6.5482831019921175,16.229638418379587,OLMo-3 7B
28,-6.5482831019921175,15.788999733473855,OLMo-3 7B
29,-6.5482831019921175,15.304969463042498,OLMo-3 7B
30,-6.5482831019921175,14.792011468927393,OLMo-3 7B
31,-6.5482831019921175,14.264589612970415,OLMo-3 7B
0,-6.382190409426374,9.93150851755098,OLMo-3 7B
1,-6.382190409426374,9.829989349667574,OLMo-3 7B
2,-6.382190409426374,9.74433700622433,OLMo-3 7B
3,-6.382190409426374,9.69041831166141,OLMo-3 7B
4,-6.382190409426374,9.68410009041898,OLMo-3 7B
5,-6.382190409426374,9.741249166937202,OLMo-3 7B
6,-6.382190409426374,9.877732365656234,OLMo-3 7B
7,-6.382190409426374,10.109416511016244,OLMo-3 7B
8,-6.382190409426374,10.452063235848225,OLMo-3 7B
9,-6.382190409426374,10.908705988273784,OLMo-3 7B
10,-6.382190409426374,11.457658188259938,OLMo-3 7B
11,-6.382190409426374,12.074393082326152,OLMo-3 7B
12,-6.382190409426374,12.734383916991893,OLMo-3 7B
13,-6.382190409426374,13.41310393877663,OLMo-3 7B
14,-6.382190409426374,14.086026394199823,OLMo-3 7B
15,-6.382190409426374,14.728624529780943,OLMo-3 7B
16,-6.382190409426374,15.316764912056298,OLMo-3 7B
17,-6.382190409426374,15.835360467949558,OLMo-3 7B
18,-6.382190409426374,16.278370484771756,OLMo-3 7B
19,-6.382190409426374,16.640147569850768,OLMo-3 7B
20,-6.382190409426374,16.91504433051447,OLMo-3 7B
21,-6.382190409426374,17.09741337409074,OLMo-3 7B
22,-6.382190409426374,17.18160730790744,OLMo-3 7B
23,-6.382190409426374,17.161978739292465,OLMo-3 7B
24,-6.382190409426374,17.034283341428846,OLMo-3 7B
25,-6.382190409426374,16.806488656979802,OLMo-3 7B
26,-6.382190409426374,16.492850042255785,OLMo-3 7B
27,-6.382190409426374,16.10767481896929,OLMo-3 7B
28,-6.382190409426374,15.66527030883281,OLMo-3 7B
29,-6.382190409426374,15.179943833558847,OLMo-3 7B
30,-6.382190409426374,14.666002714859891,OLMo-3 7B
31,-6.382190409426374,14.13775427444844,OLMo-3 7B
0,-6.216097716860631,9.922187911651585,OLMo-3 7B
1,-6.216097716860631,9.808017211345593,OLMo-3 7B
2,-6.216097716860631,9.710083211905262,OLMo-3 7B
3,-6.216097716860631,9.644622614196257,OLMo-3 7B
4,-6.216097716860631,9.627872119084238,OLMo-3 7B
5,-6.216097716860631,9.676068427434863,OLMo-3 7B
6,-6.216097716860631,9.805448240113801,OLMo-3 7B
7,-6.216097716860631,10.03224825798671,OLMo-3 7B
8,-6.216097716860631,10.372597146438412,OLMo-3 7B
9,-6.216097716860631,10.829551277672003,OLMo-3 7B
10,-6.216097716860631,11.380778685893002,OLMo-3 7B
11,-6.216097716860631,12.001030447324235,OLMo-3 7B
12,-6.216097716860631,12.665057638188525,OLMo-3 7B
13,-6.216097716860631,13.347611334708699,OLMo-3 7B
14,-6.216097716860631,14.023442613107576,OLMo-3 7B
15,-6.216097716860631,14.667302549607983,OLMo-3 7B
16,-6.216097716860631,15.254361671589646,OLMo-3 7B
17,-6.216097716860631,15.769437883041082,OLMo-3 7B
18,-6.216097716860631,16.206996464559595,OLMo-3 7B
19,-6.216097716860631,16.5619221478994,OLMo-3 7B
20,-6.216097716860631,16.82909966481469,OLMo-3 7B
21,-6.216097716860631,17.003413747059696,OLMo-3 7B
22,-6.216097716860631,17.07974912638861,OLMo-3 7B
23,-6.216097716860631,17.052990534555647,OLMo-3 7B
24,-6.216097716860631,16.91937570983555,OLMo-3 7B
25,-6.216097716860631,16.68691855836692,OLMo-3 7B
26,-6.216097716860631,16.36969645995446,OLMo-3 7B
27,-6.216097716860631,15.981836905755475,OLMo-3 7B
28,-6.216097716860631,15.537467386927268,OLMo-3 7B
29,-6.216097716860631,15.050715394627147,OLMo-3 7B
30,-6.216097716860631,14.535708420012414,OLMo-3 7B
31,-6.216097716860631,14.006573954240375,OLMo-3 7B
0,-6.050005024294888,9.913280745868493,OLMo-3 7B
1,-6.050005024294888,9.78606628216568,OLMo-3 7B
2,-6.050005024294888,9.675483250170416,OLMo-3 7B
3,-6.050005024294888,9.59816308159025,OLMo-3 7B
4,-6.050005024294888,9.570737208132734,OLMo-3 7B
5,-6.050005024294888,9.6098370615054165,OLMo-3 7B
6,-6.050005024294888,9.732094073415846,OLMo-3 7B
7,-6.050005024294888,9.954139675571572,OLMo-3 7B
8,-6.050005024294888,10.292494187588472,OLMo-3 7B
9,-6.050005024294888,10.750233365990322,OLMo-3 7B
10,-6.050005024294888,11.304321625758366,OLMo-3 7B
11,-6.050005024294888,11.928723355398756,OLMo-3 7B
12,-6.050005024294888,12.59740294341764,OLMo-3 7B
13,-6.050005024294888,13.284324778321167,OLMo-3 7B
14,-6.050005024294888,13.963453248615489,OLMo-3 7B
15,-6.050005024294888,14.608752742806754,OLMo-3 7B
16,-6.050005024294888,15.194635866207816,OLMo-3 7B
17,-6.050005024294888,15.70582421068572,OLMo-3 7B
18,-6.050005024294888,16.137348354661707,OLMo-3 7B
19,-6.050005024294888,16.484687093363725,OLMo-3 7B
20,-6.050005024294888,16.743319222019707,OLMo-3 7B
21,-6.050005024294888,16.90872353585761,OLMo-3 7B
22,-6.050005024294888,16.976378830105364,OLMo-3 7B
23,-6.050005024294888,16.94176389999092,OLMo-3 7B
24,-6.050005024294888,16.801654566554518,OLMo-3 7B
25,-6.050005024294888,16.56411557920266,OLMo-3 7B
26,-6.050005024294888,16.24302428450066,OLMo-3 7B
27,-6.050005024294888,15.852306067006872,OLMo-3 7B
28,-6.050005024294888,15.405886311279653,OLMo-3 7B
29,-6.050005024294888,14.917690401877364,OLMo-3 7B
30,-6.050005024294888,14.401643723358358,OLMo-3 7B
31,-6.050005024294888,13.871671660280997,OLMo-3 7B
0,-5.883912331729145,9.904747602038167,OLMo-3 7B
1,-5.883912331729145,9.764204314391055,OLMo-3 7B
2,-5.883912331729145,9.640705259877707,OLMo-3 7B
3,-5.883912331729145,9.55129467163189,OLMo-3 7B
4,-5.883912331729145,9.513016782787371,OLMo-3 7B
5,-5.883912331729145,9.542915826477913,OLMo-3 7B
6,-5.883912331729145,9.658036035837279,OLMo-3 7B
7,-5.883912331729145,9.875421643999239,OLMo-3 7B
8,-5.883912331729145,10.212002518270141,OLMo-3 7B
9,-5.883912331729145,10.670870260839179,OLMo-3 7B
10,-5.883912331729145,11.228240504453122,OLMo-3 7B
11,-5.883912331729145,11.857241004518555,OLMo-3 7B
12,-5.883912331729145,12.530999516442057,OLMo-3 7B
13,-5.883912331729145,13.222643795630209,OLMo-3 7B
14,-5.883912331729145,13.90530159748959,OLMo-3 7B
15,-5.883912331729145,14.552100677426784,OLMo-3 7B
16,-5.883912331729145,15.136647920843274,OLMo-3 7B
17,-5.883912331729145,15.643570203023323,OLMo-3 7B
18,-5.883912331729145,16.068514389133977,OLMo-3 7B
19,-5.883912331729145,16.407606474337186,OLMo-3 7B
20,-5.883912331729145,16.6569724537949,OLMo-3 7B
21,-5.883912331729145,16.81273832266907,OLMo-3 7B
22,-5.883912331729145,16.871030076121635,OLMo-3 7B
23,-5.883912331729145,16.827973709314556,OLMo-3 7B
24,-5.883912331729145,16.68093103139588,OLMo-3 7B
25,-5.883912331729145,16.438020010281647,OLMo-3 7B
26,-5.883912331729145,16.112896891381183,OLMo-3 7B
27,-5.883912331729145,15.719263690992193,OLMo-3 7B
28,-5.883912331729145,15.270822425412383,OLMo-3 7B
29,-5.883912331729145,14.781275110939458,OLMo-3 7B
30,-5.883912331729145,14.264323763871124,OLMo-3 7B
31,-5.883912331729145,13.733670400505085,OLMo-3 7B
0,-5.717819639163402,9.896549061997074,OLMo-3 7B
1,-5.717819639163402,9.74249906028494,OLMo-3 7B
2,-5.717819639163402,9.605917379885057,OLMo-3 7B
3,-5.717819639163402,9.504272342109672,OLMo-3 7B
4,-5.717819639163402,9.455032268271038,OLMo-3 7B
5,-5.717819639163402,9.475665479681405,OLMo-3 7B
6,-5.717819639163402,9.583640297653018,OLMo-3 7B
7,-5.717819639163402,9.79642504349813,OLMo-3 7B
8,-5.717819639163402,10.131370297455161,OLMo-3 7B
9,-5.717819639163402,10.591579969829013,OLMo-3 7B
10,-5.717819639163402,11.152488818574366,OLMo-3 7B
11,-5.717819639163402,11.786352592652479,OLMo-3 7B
12,-5.717819639163402,12.465427041024604,OLMo-3 7B
13,-5.717819639163402,13.161967912651997,OLMo-3 7B
14,-5.717819639163402,13.848230956495911,OLMo-3 7B
15,-5.717819639163402,14.4964719215176,OLMo-3 7B
16,-5.717819639163402,15.079458260428485,OLMo-3 7B
17,-5.717819639163402,15.581726612193735,OLMo-3 7B
18,-5.717819639163402,15.999582802032284,OLMo-3 7B
19,-5.717819639163402,16.329844358913228,OLMo-3 7B
20,-5.717819639163402,16.56932881180566,OLMo-3 7B
21,-5.717819639163402,16.714853689678673,OLMo-3 7B
22,-5.717819639163402,16.763236521501362,OLMo-3 7B
23,-5.717819639163402,16.711294836242818,OLMo-3 7B
24,-5.717819639163402,16.557016224169757,OLMo-3 7B
25,-5.717819639163402,16.3085721423985,OLMo-3 7B
26,-5.717819639163402,15.979377656082836,OLMo-3 7B
27,-5.717819639163402,15.582891165980161,OLMo-3 7B
28,-5.717819639163402,15.132571072847883,OLMo-3 7B
29,-5.717819639163402,14.6418757774434,OLMo-3 7B
30,-5.717819639163402,14.124263680524113,OLMo-3 7B
31,-5.717819639163402,13.593193182847424,OLMo-3 7B
0,-5.551726946597659,9.888645707581677,OLMo-3 7B
1,-5.551726946597659,9.721018272110559,OLMo-3 7B
2,-5.551726946597659,9.571287749050384,OLMo-3 7B
3,-5.551726946597659,9.457351050812097,OLMo-3 7B
4,-5.551726946597659,9.397105089806637,OLMo-3 7B
5,-5.551726946597659,9.408446778444949,OLMo-3 7B
6,-5.551726946597659,9.509273029137976,OLMo-3 7B
7,-5.551726946597659,9.71748075429666,OLMo-3 7B
8,-5.551726946597659,10.050845684115268,OLMo-3 7B
9,-5.551726946597659,10.512480500570257,OLMo-3 7B
10,-5.551726946597659,11.077020064719187,OLMo-3 7B
11,-5.551726946597659,11.715827317769367,OLMo-3 7B
12,-5.551726946597659,12.400265200928104,OLMo-3 7B
13,-5.551726946597659,13.101696655402707,OLMo-3 7B
14,-5.551726946597659,13.791484622400478,OLMo-3 7B
15,-5.551726946597659,14.440992043128732,OLMo-3 7B
16,-5.551726946597659,15.022127309895914,OLMo-3 7B
17,-5.551726946597659,15.519344190336808,OLMo-3 7B
18,-5.551726946597659,15.929641827412514,OLMo-3 7B
19,-5.551726946597659,16.250564815185285,OLMo-3 7B
20,-5.551726946597659,16.47965774771737,OLMo-3 7B
21,-5.551726946597659,16.614465219071015,OLMo-3 7B
22,-5.551726946597659,16.65253182330847,OLMo-3 7B
23,-5.551726946597659,16.591402154491984,OLMo-3 7B
24,-5.551726946597659,16.429721264686272,OLMo-3 7B
25,-5.551726946597659,16.17571226634785,OLMo-3 7B
26,-5.551726946597659,15.842529954092429,OLMo-3 7B
27,-5.551726946597659,15.443369880239503,OLMo-3 7B
28,-5.551726946597659,14.991427597108576,OLMo-3 7B
29,-5.551726946597659,14.499898657019148,OLMo-3 7B
30,-5.551726946597659,13.98197861229072,OLMo-3 7B
31,-5.551726946597659,13.45086301524279,OLMo-3 7B
0,-5.385634254031916,9.88099812062844,OLMo-3 7B
1,-5.385634254031916,9.699829702131133,OLMo-3 7B
2,-5.385634254031916,9.53698450623161,OLMo-3 7B
3,-5.385634254031916,9.410785755527655,OLMo-3 7B
4,-5.385634254031916,9.339556672617057,OLMo-3 7B
5,-5.385634254031916,9.3416204800976,OLMo-3 7B
6,-5.385634254031916,9.435300400567066,OLMo-3 7B
7,-5.385634254031916,9.638919656623242,OLMo-3 7B
8,-5.385634254031916,9.970676837222205,OLMo-3 7B
9,-5.385634254031916,10.433689860673354,OLMo-3 7B
10,-5.385634254031916,11.00178773948468,OLMo-3 7B
11,-5.385634254031916,11.645434377838065,OLMo-3 7B
12,-5.385634254031916,12.335093679915381,OLMo-3 7B
13,-5.385634254031916,13.04122954989851,OLMo-3 7B
14,-5.385634254031916,13.734305891969324,OLMo-3 7B
15,-5.385634254031916,14.384786610309703,OLMo-3 7B
16,-5.385634254031916,14.96371549417803,OLMo-3 7B
17,-5.385634254031916,15.455473689592388,OLMo-3 7B
18,-5.385634254031916,15.857779699330548,OLMo-3 7B
19,-5.385634254031916,16.168931911246798,OLMo-3 7B
20,-5.385634254031916,16.387228713195416,OLMo-3 7B
21,-5.385634254031916,16.510968493030685,OLMo-3 7B
22,-5.385634254031916,16.53844963860689,OLMo-3 7B
23,-5.385634254031916,16.467970537778317,OLMo-3 7B
24,-5.385634254031916,16.298857272755544,OLMo-3 7B
25,-5.385634254031916,16.03938067292432,OLMo-3 7B
26,-5.385634254031916,15.702417160896765,OLMo-3 7B
27,-5.385634254031916,15.300881222038935,OLMo-3 7B
28,-5.385634254031916,14.847687341716886,OLMo-3 7B
29,-5.385634254031916,14.35575000529667,OLMo-3 7B
30,-5.385634254031916,13.837983698144345,OLMo-3 7B
31,-5.385634254031916,13.307302905625965,OLMo-3 7B
0,-5.219541561466173,9.873566882973831,OLMo-3 7B
1,-5.219541561466173,9.679001102609883,OLMo-3 7B
2,-5.219541561466173,9.503175790286651,OLMo-3 7B
3,-5.219541561466173,9.36483141404485,OLMo-3 7B
4,-5.219541561466173,9.282708441925198,OLMo-3 7B
5,-5.219541561466173,9.275547341968412,OLMo-3 7B
6,-5.219541561466173,9.362088582215204,OLMo-3 7B
7,-5.219541561466173,9.561072630706292,OLMo-3 7B
8,-5.219541561466173,9.891111915747711,OLMo-3 7B
9,-5.219541561466173,10.355326057748737,OLMo-3 7B
10,-5.219541561466173,10.926745339467937,OLMo-3 7B
11,-5.219541561466173,11.574942970827411,OLMo-3 7B
12,-5.219541561466173,12.26949216174926,OLMo-3 7B
13,-5.219541561466173,12.979966122155583,OLMo-3 7B
14,-5.219541561466173,13.675938061968475,OLMo-3 7B
15,-5.219541561466173,14.326981191110043,OLMo-3 7B
16,-5.219541561466173,14.903283238207298,OLMo-3 7B
17,-5.219541561466173,15.389165862100324,OLMo-3 7B
18,-5.219541561466173,15.78308465184227,OLMo-3 7B
19,-5.219541561466173,16.0841097151912,OLMo-3 7B
20,-5.219541561466173,16.291311159905185,OLMo-3 7B
21,-5.219541561466173,16.403759093742284,OLMo-3 7B
22,-5.219541561466173,16.420523624460564,OLMo-3 7B
23,-5.219541561466173,16.340674859818094,OLMo-3 7B
24,-5.219541561466173,16.164235368187693,OLMo-3 7B
25,-5.219541561466173,15.89951765292253,OLMo-3 7B
26,-5.219541561466173,15.559102651982654,OLMo-3 7B
27,-5.219541561466173,15.15560657964718,OLMo-3 7B
28,-5.219541561466173,14.701645650195236,OLMo-3 7B
29,-5.219541561466173,14.209836077905932,OLMo-3 7B
30,-5.219541561466173,13.692794077058391,OLMo-3 7B
31,-5.219541561466173,13.16313586193173,OLMo-3 7B
0,-5.05344886890043,9.866312576454312,OLMo-3 7B
1,-5.05344886890043,9.658600225810032,OLMo-3 7B
2,-5.05344886890043,9.470029740073429,OLMo-3 7B
3,-5.05344886890043,9.319742984152178,OLMo-3 7B
4,-5.05344886890043,9.226881822953956,OLMo-3 7B
5,-5.05344886890043,9.21058812138644,OLMo-3 7B
6,-5.05344886890043,9.290003744357303,OLMo-3 7B
7,-5.05344886890043,9.484270556774227,OLMo-3 7B
8,-5.05344886890043,9.812399078663523,OLMo-3 7B
9,-5.05344886890043,10.277507099406847,OLMo-3 7B
10,-5.05344886890043,10.851846361266052,OLMo-3 7B
11,-5.05344886890043,11.504122294706253,OLMo-3 7B
12,-5.05344886890043,12.203040330192565,OLMo-3 7B
13,-5.05344886890043,12.917305898190097,OLMo-3 7B
14,-5.05344886890043,13.615624429163963,OLMo-3 7B
15,-5.05344886890043,14.266701353579277,OLMo-3 7B
16,-5.05344886890043,14.839890966916181,OLMo-3 7B
17,-5.05344886890043,15.319471460000464,OLMo-3 7B
18,-5.05344886890043,15.704644919003561,OLMo-3 7B
19,-5.05344886890043,15.995262295111939,OLMo-3 7B
20,-5.05344886890043,16.191174539512065,OLMo-3 7B
21,-5.05344886890043,16.292232603390403,OLMo-3 7B
22,-5.05344886890043,16.298287437933418,OLMo-3 7B
23,-5.05344886890043,16.209189994327577,OLMo-3 7B
24,-5.05344886890043,16.025666670792848,OLMo-3 7B
25,-5.05344886890043,15.75606349713711,OLMo-3 7B
26,-5.05344886890043,15.4126498028369,OLMo-3 7B
27,-5.05344886890043,15.007727341332963,OLMo-3 7B
28,-5.05344886890043,14.553597866066045,OLMo-3 7B
29,-5.05344886890043,14.062563130476894,OLMo-3 7B
30,-5.05344886890043,13.546924888006252,OLMo-3 7B
31,-5.05344886890043,13.018984892094865,OLMo-3 7B
0,-4.887356176334687,9.859195782906347,OLMo-3 7B
1,-4.887356176334687,9.6386948239948,OLMo-3 7B
2,-4.887356176334687,9.437714494449862,OLMo-3 7B
3,-4.887356176334687,9.275775423638134,OLMo-3 7B
4,-4.887356176334687,9.172398240926222,OLMo-3 7B
5,-4.887356176334687,9.147103575680736,OLMo-3 7B
6,-4.887356176334687,9.21941205726828,OLMo-3 7B
7,-4.887356176334687,9.408844315055457,OLMo-3 7B
8,-4.887356176334687,9.734786484941381,OLMo-3 7B
9,-4.887356176334687,10.200350993258118,OLMo-3 7B
10,-4.887356176334687,10.777044301476115,OLMo-3 7B
11,-4.887356176334687,11.432741547443431,OLMo-3 7B
12,-4.887356176334687,12.135317869008116,OLMo-3 7B
13,-4.887356176334687,12.852648404018227,OLMo-3 7B
14,-4.887356176334687,13.552608290321816,OLMo-3 7B
15,-4.887356176334687,14.203072665766936,OLMo-3 7B
16,-4.887356176334687,14.772599105237148,OLMo-3 7B
17,-4.887356176334687,15.245441235432654,OLMo-3 7B
18,-4.887356176334687,15.621548734870306,OLMo-3 7B
19,-4.887356176334687,15.901553719102449,OLMo-3 7B
20,-4.887356176334687,16.086088303681443,OLMo-3 7B
21,-4.887356176334687,16.175784604159638,OLMo-3 7B
22,-4.887356176334687,16.171274736089384,OLMo-3 7B
23,-4.887356176334687,16.07319081502304,OLMo-3 7B
24,-4.887356176334687,15.882962300381127,OLMo-3 7B
25,-4.887356176334687,15.608958496362678,OLMo-3 7B
26,-4.887356176334687,15.263121988946308,OLMo-3 7B
27,-4.887356176334687,14.857424895364998,OLMo-3 7B
28,-4.887356176334687,14.403839332851742,OLMo-3 7B
29,-4.887356176334687,13.914337418639523,OLMo-3 7B
30,-4.887356176334687,13.40089126996133,OLMo-3 7B
31,-4.887356176334687,12.87547300405015,OLMo-3 7B
0,-4.721263483768944,9.852177084166401,OLMo-3 7B
1,-4.721263483768944,9.619352649427412,OLMo-3 7B
2,-4.721263483768944,9.406398192273869,OLMo-3 7B
3,-4.721263483768944,9.233183690291215,OLMo-3 7B
4,-4.721263483768944,9.119579121064897,OLMo-3 7B
5,-4.721263483768944,9.085454462180358,OLMo-3 7B
6,-4.721263483768944,9.150679691223047,OLMo-3 7B
7,-4.721263483768944,9.335124785778403,OLMo-3 7B
8,-4.721263483768944,9.658522293553029,OLMo-3 7B
9,-4.721263483768944,10.12397574691299,OLMo-3 7B
10,-4.721263483768944,10.70229265669522,OLMo-3 7B
11,-4.721263483768944,11.360569927007788,OLMo-3 7B
12,-4.721263483768944,12.065904461958743,OLMo-3 7B
13,-4.721263483768944,12.78539316565615,OLMo-3 7B
14,-4.721263483768944,13.486132942208062,OLMo-3 7B
15,-4.721263483768944,14.135220695722545,OLMo-3 7B
16,-4.721263483768944,14.700468078102663,OLMo-3 7B
17,-4.721263483768944,15.166125940536748,OLMo-3 7B
18,-4.721263483768944,15.532884333498384,OLMo-3 7B
19,-4.721263483768944,15.80214805525617,OLMo-3 7B
20,-4.721263483768944,15.975321904078704,OLMo-3 7B
21,-4.721263483768944,16.05381067823458,OLMo-3 7B
22,-4.721263483768944,16.039019175992397,OLMo-3 7B
23,-4.721263483768944,15.932352195620755,OLMo-3 7B
24,-4.721263483768944,15.73593337676265,OLMo-3 7B
25,-4.721263483768944,15.458142941393865,OLMo-3 7B
26,-4.721263483768944,15.110582585797685,OLMo-3 7B
27,-4.721263483768944,14.704880630012013,OLMo-3 7B
28,-4.721263483768944,14.252665394074747,OLMo-3 7B
29,-4.721263483768944,13.765565198023783,OLMo-3 7B
30,-4.721263483768944,13.255208361897024,OLMo-3 7B
31,-4.721263483768944,12.733223205732365,OLMo-3 7B
0,-4.5551707912032,9.84521706207094,OLMo-3 7B
1,-4.5551707912032,9.60064145437109,OLMo-3 7B
2,-4.5551707912032,9.376248972403372,OLMo-3 7B
3,-4.5551707912032,9.192222741899922,OLMo-3 7B
4,-4.5551707912032,9.068745888592872,OLMo-3 7B
5,-4.5551707912032,9.026001538214361,OLMo-3 7B
6,-4.5551707912032,9.084172816496517,OLMo-3 7B
7,-4.5551707912032,9.263442849171476,OLMo-3 7B
8,-4.5551707912032,9.5838546634702,OLMo-3 7B
9,-4.5551707912032,10.048499367981897,OLMo-3 7B
10,-4.5551707912032,10.627544923520464,OLMo-3 7B
11,-4.5551707912032,11.287376631368165,OLMo-3 7B
12,-4.5551707912032,11.994379792807266,OLMo-3 7B
13,-4.5551707912032,12.714939709120033,OLMo-3 7B
14,-4.5551707912032,13.415441681588732,OLMo-3 7B
15,-4.5551707912032,14.062271011495628,OLMo-3 7B
16,-4.5551707912032,14.622558310445193,OLMo-3 7B
17,-4.5551707912032,15.080576327452588,OLMo-3 7B
18,-4.5551707912032,15.437739948943683,OLMo-3 7B
19,-4.5551707912032,15.696209371666543,OLMo-3 7B
20,-4.5551707912032,15.858144792369234,OLMo-3 7B
21,-4.5551707912032,15.925706407799828,OLMo-3 7B
22,-4.5551707912032,15.90105441470639,OLMo-3 7B
23,-4.5551707912032,15.786349009836988,OLMo-3 7B
24,-4.5551707912032,15.584391019747542,OLMo-3 7B
25,-4.5551707912032,15.30355712302529,OLMo-3 7B
26,-4.5551707912032,14.955094968877841,OLMo-3 7B
27,-4.5551707912032,14.550275933542727,OLMo-3 7B
28,-4.5551707912032,14.100371393257483,OLMo-3 7B
29,-4.5551707912032,13.61665272425964,OLMo-3 7B
30,-4.5551707912032,13.11039130278673,OLMo-3 7B
31,-4.5551707912032,12.59285850507629,OLMo-3 7B
0,-4.389078098637458,9.838276298456428,OLMo-3 7B
1,-4.389078098637458,9.582628991089052,OLMo-3 7B
2,-4.389078098637458,9.34743497369629,OLMo-3 7B
3,-4.389078098637458,9.15314753625275,OLMo-3 7B
4,-4.389078098637458,9.020219968733048,OLMo-3 7B
5,-4.389078098637458,8.969105561111796,OLMo-3 7B
6,-4.389078098637458,9.020257603363607,OLMo-3 7B
7,-4.389078098637458,9.194129385463093,OLMo-3 7B
8,-4.389078098637458,9.51103175366464,OLMo-3 7B
9,-4.389078098637458,9.974039864075282,OLMo-3 7B
10,-4.389078098637458,10.552754598548933,OLMo-3 7B
11,-4.389078098637458,11.212930858493406,OLMo-3 7B
12,-4.389078098637458,11.92032354531651,OLMo-3 7B
13,-4.389078098637458,12.640687560426057,OLMo-3 7B
14,-4.389078098637458,13.339777805229856,OLMo-3 7B
15,-4.389078098637458,13.983349181135718,OLMo-3 7B
16,-4.389078098637458,14.5379302271972,OLMo-3 7B
17,-4.389078098637458,14.987843148320028,OLMo-3 7B
18,-4.389078098637458,15.335203815262084,OLMo-3 7B
19,-4.389078098637458,15.582901736427004,OLMo-3 7B
20,-4.389078098637458,15.733826420218424,OLMo-3 7B
21,-4.389078098637458,15.790867375039975,OLMo-3 7B
22,-4.389078098637458,15.756914109295293,OLMo-3 7B
23,-4.389078098637458,15.63485613138801,OLMo-3 7B
24,-4.389078098637458,15.428146349145926,OLMo-3 7B
25,-4.389078098637458,15.14514133205158,OLMo-3 7B
26,-4.389078098637458,14.796722513673577,OLMo-3 7B
27,-4.389078098637458,14.39379219422586,OLMo-3 7B
28,-4.389078098637458,13.947252673922371,OLMo-3 7B
29,-4.389078098637458,13.468006252977055,OLMo-3 7B
30,-4.389078098637458,12.966955231603853,OLMo-3 7B
31,-4.389078098637458,12.455001910016707,OLMo-3 7B
0,-4.2229854060717145,9.83131429964157,OLMo-3 7B
1,-4.2229854060717145,9.565376519239376,OLMo-3 7B
2,-4.2229854060717145,9.320112852371597,OLMo-3 7B
3,-4.2229854060717145,9.116197412572651,OLMo-3 7B
4,-4.2229854060717145,8.974304313376951,OLMo-3 7B
5,-4.2229854060717145,8.915107668318912,OLMo-3 7B
6,-4.2229854060717145,8.959281590932951,OLMo-3 7B
7,-4.2229854060717145,9.12750019475348,OLMo-3 7B
8,-4.2229854060717145,9.440293180005995,OLMo-3 7B
9,-4.2229854060717145,9.900716236536125,OLMo-3 7B
10,-4.2229854060717145,10.47788792659226,OLMo-3 7B
11,-4.2229854060717145,11.137027653081827,OLMo-3 7B
12,-4.2229854060717145,11.843354818912253,OLMo-3 7B
13,-4.2229854060717145,12.562088826990966,OLMo-3 7B
14,-4.2229854060717145,13.258449080225391,OLMo-3 7B
15,-4.2229854060717145,13.897654981522962,OLMo-3 7B
16,-4.2229854060717145,14.44572520281279,OLMo-3 7B
17,-4.2229854060717145,14.887061603522849,OLMo-3 7B
18,-4.2229854060717145,15.22444923057996,OLMo-3 7B
19,-4.2229854060717145,15.461472399932646,OLMo-3 7B
20,-4.2229854060717145,15.601715427529413,OLMo-3 7B
21,-4.2229854060717145,15.648762629318782,OLMo-3 7B
22,-4.2229854060717145,15.606198321249265,OLMo-3 7B
23,-4.2229854060717145,15.477606819269376,OLMo-3 7B
24,-4.2229854060717145,15.267060257022555,OLMo-3 7B
25,-4.2229854060717145,14.98287658883027,OLMo-3 7B
26,-4.2229854060717145,14.635559914980133,OLMo-3 7B
27,-4.2229854060717145,14.235632403081786,OLMo-3 7B
28,-4.2229854060717145,13.793616220744866,OLMo-3 7B
29,-4.2229854060717145,13.320033535579022,OLMo-3 7B
30,-4.2229854060717145,12.825406515193892,OLMo-3 7B
31,-4.2229854060717145,12.320257327199121,OLMo-3 7B
0,-4.056892713505971,9.824275826884476,OLMo-3 7B
1,-4.056892713505971,9.548856286601696,OLMo-3 7B
2,-4.056892713505971,9.294281840742443,OLMo-3 7B
3,-4.056892713505971,9.081397583730247,OLMo-3 7B
4,-4.056892713505971,8.931048609988636,OLMo-3 7B
5,-4.056892713505971,8.864080013941138,OLMo-3 7B
6,-4.056892713505971,8.90133689001128,OLMo-3 7B
7,-4.056892713505971,9.06366433262259,OLMo-3 7B
8,-4.056892713505971,9.371761434721412,OLMo-3 7B
9,-4.056892713505971,9.82866111051463,OLMo-3 7B
10,-4.056892713505971,10.403085927070507,OLMo-3 7B
11,-4.056892713505971,11.059816411573296,OLMo-3 7B
12,-4.056892713505971,11.763633091207252,OLMo-3 7B
13,-4.056892713505971,12.479316493156627,OLMo-3 7B
14,-4.056892713505971,13.171647144605673,OLMo-3 7B
15,-4.056892713505971,13.805405572738646,OLMo-3 7B
16,-4.056892713505971,14.346194408016386,OLMo-3 7B
17,-4.056892713505971,14.778524656261306,OLMo-3 7B
18,-4.056892713505971,15.105815698657384,OLMo-3 7B
19,-4.056892713505971,15.33230901966519,OLMo-3 7B
20,-4.056892713505971,15.462246103745297,OLMo-3 7B
21,-4.056892713505971,15.49986843535827,OLMo-3 7B
22,-4.056892713505971,15.44941749896468,OLMo-3 7B
23,-4.056892713505971,15.315134779025096,OLMo-3 7B
24,-4.056892713505971,15.101675999728522,OLMo-3 7B
25,-4.056892713505971,14.81730230512257,OLMo-3 7B
26,-4.056892713505971,14.472131246926722,OLMo-3 7B
27,-4.056892713505971,14.076295719072625,OLMo-3 7B
28,-4.056892713505971,13.639928615491932,OLMo-3 7B
29,-4.056892713505971,13.173162830116294,OLMo-3 7B
30,-4.056892713505971,12.686131256877355,OLMo-3 7B
31,-4.056892713505971,12.188966789706766,OLMo-3 7B
0,-3.890800020940228,9.817094942804449,OLMo-3 7B
1,-3.890800020940228,9.532975956213367,OLMo-3 7B
2,-3.890800020940228,9.269826948362418,OLMo-3 7B
3,-3.890800020940228,9.048617897991742,OLMo-3 7B
4,-3.890800020940228,8.890318783841474,OLMo-3 7B
5,-3.890800020940228,8.815899584651751,OLMo-3 7B
6,-3.890800020940228,8.846330279162705,OLMo-3 7B
7,-3.890800020940228,9.002580846114476,OLMo-3 7B
8,-3.890800020940228,9.305474028118766,OLMo-3 7B
9,-3.890800020940228,9.75801699624704,OLMo-3 7B
10,-3.890800020940228,10.3286164313893,OLMo-3 7B
11,-3.890800020940228,10.981703638967899,OLMo-3 7B
12,-3.890800020940228,11.68170992440518,OLMo-3 7B
13,-3.890800020940228,12.393066593123494,OLMo-3 7B
14,-3.890800020940228,13.08020495054519,OLMo-3 7B
15,-3.890800020940228,13.70755630209261,OLMo-3 7B
16,-3.890800020940228,14.240394253320275,OLMo-3 7B
17,-3.890800020940228,14.663365312822522,OLMo-3 7B
18,-3.890800020940228,14.980488892233517,OLMo-3 7B
19,-3.890800020940228,15.196626703319586,OLMo-3 7B
20,-3.890800020940228,15.316640457847065,OLMo-3 7B
21,-3.890800020940228,15.345391867582283,OLMo-3 7B
22,-3.890800020940228,15.287742644291573,OLMo-3 7B
23,-3.890800020940228,15.148554499741262,OLMo-3 7B
24,-3.890800020940228,14.93303193968787,OLMo-3 7B
25,-3.890800020940228,14.649363047209894,OLMo-3 7B
26,-3.890800020940228,14.307272130304804,OLMo-3 7B
27,-3.890800020940228,13.916496193043791,OLMo-3 7B
28,-3.890800020940228,13.486772239498036,OLMo-3 7B
29,-3.890800020940228,13.027837273738728,OLMo-3 7B
30,-3.890800020940228,12.549428299837047,OLMo-3 7B
31,-3.890800020940228,12.061282321864182,OLMo-3 7B
0,-3.7247073283744854,9.809705469984568,OLMo-3 7B
1,-3.7247073283744854,9.517641742079052,OLMo-3 7B
2,-3.7247073283744854,9.246630622066643,OLMo-3 7B
3,-3.7247073283744854,9.01772471784044,OLMo-3 7B
4,-3.7247073283744854,8.851976637293554,OLMo-3 7B
5,-3.7247073283744854,8.770438988319087,OLMo-3 7B
6,-3.7247073283744854,8.794164378810144,OLMo-3 7B
7,-3.7247073283744854,8.944205416659829,OLMo-3 7B
8,-3.7247073283744854,9.24146656383921,OLMo-3 7B
9,-3.7247073283744854,9.688926625752831,OLMo-3 7B
10,-3.7247073283744854,10.254750116126456,OLMo-3 7B
11,-3.7247073283744854,10.903101608790832,OLMo-3 7B
12,-3.7247073283744854,11.598145677576714,OLMo-3 7B
13,-3.7247073283744854,12.304046896314853,OLMo-3 7B
14,-3.7247073283744854,12.984969838836,OLMo-3 7B
15,-3.7247073283744854,13.605079078970904,OLMo-3 7B
16,-3.7247073283744854,14.12939921571394,OLMo-3 7B
17,-3.7247073283744854,14.542735426822702,OLMo-3 7B
18,-3.7247073283744854,14.84967346881801,OLMo-3 7B
19,-3.7247073283744854,15.055659123384302,OLMo-3 7B
20,-3.7247073283744854,15.166138172206024,OLMo-3 7B
21,-3.7247073283744854,15.186556396967609,OLMo-3 7B
22,-3.7247073283744854,15.122359579353498,OLMo-3 7B
23,-3.7247073283744854,14.978993501048134,OLMo-3 7B
24,-3.7247073283744854,14.762177547596618,OLMo-3 7B
25,-3.7247073283744854,14.4800124714795,OLMo-3 7B
26,-3.7247073283744854,14.141825175812155,OLMo-3 7B
27,-3.7247073283744854,13.75695269718629,OLMo-3 7B
28,-3.7247073283744854,13.33473207219361,OLMo-3 7B
29,-3.7247073283744854,12.884500337425818,OLMo-3 7B
30,-3.7247073283744854,12.415594529474618,OLMo-3 7B
31,-3.7247073283744854,11.937351684931715,OLMo-3 7B
0,-3.558614635808742,9.802041231007909,OLMo-3 7B
1,-3.558614635808742,9.50275985820342,OLMo-3 7B
2,-3.558614635808742,9.224575308690234,OLMo-3 7B
3,-3.558614635808742,8.988584405759646,OLMo-3 7B
4,-3.558614635808742,8.815883972702963,OLMo-3 7B
5,-3.558614635808742,8.727570832811484,OLMo-3 7B
6,-3.558614635808742,8.74474180937651,OLMo-3 7B
7,-3.558614635808742,8.88849372568934,OLMo-3 7B
8,-3.558614635808742,9.1797746455239,OLMo-3 7B
9,-3.558614635808742,9.621532731051484,OLMo-3 7B
10,-3.558614635808742,10.181757657859784,OLMo-3 7B
11,-3.558614635808742,10.824422594567297,OLMo-3 7B
12,-3.558614635808742,11.513500709792527,OLMo-3 7B
13,-3.558614635808742,12.212965172153982,OLMo-3 7B
14,-3.558614635808742,12.886789150270161,OLMo-3 7B
15,-3.558614635808742,13.498945812759569,OLMo-3 7B
16,-3.558614635808742,14.014283772186857,OLMo-3 7B
17,-3.558614635808742,14.417786851878043,OLMo-3 7B
18,-3.558614635808742,14.714574085920518,OLMo-3 7B
19,-3.558614635808742,14.910639952347816,OLMo-3 7B
20,-3.558614635808742,15.011978929193473,OLMo-3 7B
21,-3.558614635808742,15.024585494491028,OLMo-3 7B
22,-3.558614635808742,14.95445412627401,OLMo-3 7B
23,-3.558614635808742,14.807579302575961,OLMo-3 7B
24,-3.558614635808742,14.590162294150788,OLMo-3 7B
25,-3.558614635808742,14.310204234318642,OLMo-3 7B
26,-3.558614635808742,13.976632994146534,OLMo-3 7B
27,-3.558614635808742,13.598384103691128,OLMo-3 7B
28,-3.558614635808742,13.184393093009083,OLMo-3 7B
29,-3.558614635808742,12.743595492157057,OLMo-3 7B
30,-3.558614635808742,12.284926831191713,OLMo-3 7B
31,-3.558614635808742,11.817322640169708,OLMo-3 7B
0,-3.3925219432429987,9.794036048457555,OLMo-3 7B
1,-3.3925219432429987,9.488236518591137,OLMo-3 7B
2,-3.3925219432429987,9.20354345506831,OLMo-3 7B
3,-3.3925219432429987,8.961063324232665,OLMo-3 7B
4,-3.3925219432429987,8.781902592427791,OLMo-3 7B
5,-3.3925219432429987,8.687167725997279,OLMo-3 7B
6,-3.3925219432429987,8.697965191284718,OLMo-3 7B
7,-3.3925219432429987,8.835401454633699,OLMo-3 7B
8,-3.3925219432429987,9.120433876813987,OLMo-3 7B
9,-3.3925219432429987,9.555978044162478,OLMo-3 7B
10,-3.3925219432429987,10.109909733167095,OLMo-3 7B
11,-3.3925219432429987,10.746078869822488,OLMo-3 7B
12,-3.3925219432429987,11.428335380123297,OLMo-3 7B
13,-3.3925219432429987,12.120529190064165,OLMo-3 7B
14,-3.3925219432429987,12.786510225639734,OLMo-3 7B
15,-3.3925219432429987,13.39012841284465,OLMo-3 7B
16,-3.3925219432429987,13.896122399728505,OLMo-3 7B
17,-3.3925219432429987,14.289671441604751,OLMo-3 7B
18,-3.3925219432429987,14.576395401050696,OLMo-3 7B
19,-3.3925219432429987,14.762802862698601,OLMo-3 7B
20,-3.3925219432429987,14.855402411180725,OLMo-3 7B
21,-3.3925219432429987,14.860702631129326,OLMo-3 7B
22,-3.3925219432429987,14.785212107176665,OLMo-3 7B
23,-3.3925219432429987,14.635439423955003,OLMo-3 7B
24,-3.3925219432429987,14.418035650046402,OLMo-3 7B
25,-3.3925219432429987,14.140891992114579,OLMo-3 7B
26,-3.3925219432429987,13.812538196005715,OLMo-3 7B
27,-3.3925219432429987,13.441509284749316,OLMo-3 7B
28,-3.3925219432429987,13.036340281374889,OLMo-3 7B
29,-3.3925219432429987,12.605566208911942,OLMo-3 7B
30,-3.3925219432429987,12.157722090389981,OLMo-3 7B
31,-3.3925219432429987,11.701342948838512,OLMo-3 7B
0,-3.2264292506772563,9.785623744916581,OLMo-3 7B
1,-3.2264292506772563,9.473977937246868,OLMo-3 7B
2,-3.2264292506772563,9.183417508035994,OLMo-3 7B
3,-3.2264292506772563,8.935027835742801,OLMo-3 7B
4,-3.2264292506772563,8.749894298826124,OLMo-3 7B
5,-3.2264292506772563,8.649102275744804,OLMo-3 7B
6,-3.2264292506772563,8.653737144957683,OLMo-3 7B
7,-3.2264292506772563,8.784884284923596,OLMo-3 7B
8,-3.2264292506772563,9.063479861350629,OLMo-3 7B
9,-3.2264292506772563,9.492405297105284,OLMo-3 7B
10,-3.2264292506772563,10.039477018626206,OLMo-3 7B
11,-3.2264292506772563,10.668482708081608,OLMo-3 7B
12,-3.2264292506772563,11.343210047639696,OLMo-3 7B
13,-3.2264292506772563,12.027446719468683,OLMo-3 7B
14,-3.2264292506772563,12.684980405736779,OLMo-3 7B
15,-3.2264292506772563,13.279598788612192,OLMo-3 7B
16,-3.2264292506772563,13.775989575328365,OLMo-3 7B
17,-3.2264292506772563,14.159541049619026,OLMo-3 7B
18,-3.2264292506772563,14.4363420717182,OLMo-3 7B
19,-3.2264292506772563,14.613381526925133,OLMo-3 7B
20,-3.2264292506772563,14.69764830053908,OLMo-3 7B
21,-3.2264292506772563,14.696131277859292,OLMo-3 7B
22,-3.2264292506772563,14.61581934418502,OLMo-3 7B
23,-3.2264292506772563,14.463701384815515,OLMo-3 7B
24,-3.2264292506772563,14.246847085979482,OLMo-3 7B
25,-3.2264292506772563,13.973029401254571,OLMo-3 7B
26,-3.2264292506772563,13.650383392087463,OLMo-3 7B
27,-3.2264292506772563,13.28704711255186,OLMo-3 7B
28,-3.2264292506772563,12.89115861672146,OLMo-3 7B
29,-3.2264292506772563,12.470855958669963,OLMo-3 7B
30,-3.2264292506772563,12.034277192471068,OLMo-3 7B
31,-3.2264292506772563,11.589560372198473,OLMo-3 7B
0,-3.060336558111513,9.776738142968068,OLMo-3 7B
1,-3.060336558111513,9.459890328175279,OLMo-3 7B
2,-3.060336558111513,9.164079914428404,OLMo-3 7B
3,-3.060336558111513,8.910344302773355,OLMo-3 7B
4,-3.060336558111513,8.719720894256051,OLMo-3 7B
5,-3.060336558111513,8.6132470899224,OLMo-3 7B
6,-3.060336558111513,8.61196029081832,OLMo-3 7B
7,-3.060336558111513,8.736897897989722,OLMo-3 7B
8,-3.060336558111513,9.008948202774977,OLMo-3 7B
9,-3.060336558111513,9.430957221899384,OLMo-3 7B
10,-3.060336558111513,9.970730190814926,OLMo-3 7B
11,-3.060336558111513,10.592046382869851,OLMo-3 7B
12,-3.060336558111513,11.258685071412401,OLMo-3 7B
13,-3.060336558111513,11.93442552979082,OLMo-3 7B
14,-3.060336558111513,12.583047031353352,OLMo-3 7B
15,-3.060336558111513,13.16832884944824,OLMo-3 7B
16,-3.060336558111513,13.654959775975914,OLMo-3 7B
17,-3.060336558111513,14.028547529537072,OLMo-3 7B
18,-3.060336558111513,14.295618755432677,OLMo-3 7B
19,-3.060336558111513,14.463609617515885,OLMo-3 7B
20,-3.060336558111513,14.539956279639846,OLMo-3 7B
21,-3.060336558111513,14.532094905657708,OLMo-3 7B
22,-3.060336558111513,14.447461659422627,OLMo-3 7B
23,-3.060336558111513,14.293492704787752,OLMo-3 7B
24,-3.060336558111513,14.077646072646047,OLMo-3 7B
25,-3.060336558111513,13.807570118125868,OLMo-3 7B
26,-3.060336558111513,13.491011193089546,OLMo-3 7B
27,-3.060336558111513,13.13571645928977,OLMo-3 7B
28,-3.060336558111513,12.749433078479228,OLMo-3 7B
29,-3.060336558111513,12.339908212410617,OLMo-3 7B
30,-3.060336558111513,11.914889022836622,OLMo-3 7B
31,-3.060336558111513,11.482122671509936,OLMo-3 7B
0,-2.8942438655457696,9.767313065195093,OLMo-3 7B
1,-2.8942438655457696,9.445879905381034,OLMo-3 7B
2,-2.8942438655457696,9.145413121080656,OLMo-3 7B
3,-2.8942438655457696,8.886879087807637,OLMo-3 7B
4,-2.8942438655457696,8.69124418107566,OLMo-3 7B
5,-2.8942438655457696,8.579474776398403,OLMo-3 7B
6,-2.8942438655457696,8.572537249289546,OLMo-3 7B
7,-2.8942438655457696,8.691397975262769,OLMo-3 7B
8,-2.8942438655457696,8.956874504728187,OLMo-3 7B
9,-2.8942438655457696,9.371776550564253,OLMo-3 7B
10,-2.8942438655457696,9.903939926311068,OLMo-3 7B
11,-2.8942438655457696,10.51718216771242,OLMo-3 7B
12,-2.8942438655457696,11.175320810512089,OLMo-3 7B
13,-2.8942438655457696,11.842173390453858,OLMo-3 7B
14,-2.8942438655457696,12.481557443281513,OLMo-3 7B
15,-2.8942438655457696,13.05729050473884,OLMo-3 7B
16,-2.8942438655457696,13.534107478660632,OLMo-3 7B
17,-2.8942438655457696,13.897842734975088,OLMo-3 7B
18,-2.8942438655457696,14.155430109703786,OLMo-3 7B
19,-2.8942438655457696,14.314720806959333,OLMo-3 7B
20,-2.8942438655457696,14.383566030854322,OLMo-3 7B
21,-2.8942438655457696,14.369816985501359,OLMo-3 7B
22,-2.8942438655457696,14.281324875013041,OLMo-3 7B
23,-2.8942438655457696,14.12594090350197,OLMo-3 7B
24,-2.8942438655457696,13.91148208074212,OLMo-3 7B
25,-2.8942438655457696,13.645467799115734,OLMo-3 7B
26,-2.8942438655457696,13.335264209709733,OLMo-3 7B
27,-2.8942438655457696,12.98823619715405,OLMo-3 7B
28,-2.8942438655457696,12.611748646078626,OLMo-3 7B
29,-2.8942438655457696,12.213166441113394,OLMo-3 7B
30,-2.8942438655457696,11.79985446688829,OLMo-3 7B
31,-2.8942438655457696,11.379177608033249,OLMo-3 7B
0,-2.7281511729800263,9.757282334180738,OLMo-3 7B
1,-2.7281511729800263,9.431852882868803,OLMo-3 7B
2,-2.7281511729800263,9.12729957482787,OLMo-3 7B
3,-2.7281511729800263,8.864498553328946,OLMo-3 7B
4,-2.7281511729800263,8.664325961643037,OLMo-3 7B
5,-2.7281511729800263,8.547657943041145,OLMo-3 7B
6,-2.7281511729800263,8.535370640794273,OLMo-3 7B
7,-2.7281511729800263,8.648340198173425,OLMo-3 7B
8,-2.7281511729800263,8.907294370851414,OLMo-3 7B
9,-2.7281511729800263,9.315006015119371,OLMo-3 7B
10,-2.7281511729800263,9.839376901692447,OLMo-3 7B
11,-2.7281511729800263,10.444302336134509,OLMo-3 7B
12,-2.7281511729800263,11.093677624009432,OLMo-3 7B
13,-2.7281511729800263,11.75139807088108,OLMo-3 7B
14,-2.7281511729800263,12.381358982313323,OLMo-3 7B
15,-2.7281511729800263,12.947455663870032,OLMo-3 7B
16,-2.7281511729800263,13.414507160371999,OLMo-3 7B
17,-2.7281511729800263,13.768578519549278,OLMo-3 7B
18,-2.7281511729800263,14.016980792041181,OLMo-3 7B
19,-2.7281511729800263,14.16794876774395,OLMo-3 7B
20,-2.7281511729800263,14.22971723655382,OLMo-3 7B
21,-2.7281511729800263,14.21052098836703,OLMo-3 7B
22,-2.7281511729800263,14.118594813079818,OLMo-3 7B
23,-2.7281511729800263,13.962173500588424,OLMo-3 7B
24,-2.7281511729800263,13.749404580963724,OLMo-3 7B
25,-2.7281511729800263,13.487676100611422,OLMo-3 7B
26,-2.7281511729800263,13.183985052645788,OLMo-3 7B
27,-2.7281511729800263,12.845325198335713,OLMo-3 7B
28,-2.7281511729800263,12.478690298950083,OLMo-3 7B
29,-2.7281511729800263,12.09107411575779,OLMo-3 7B
30,-2.7281511729800263,11.689470410027718,OLMo-3 7B
31,-2.7281511729800263,11.280872943028758,OLMo-3 7B
0,-2.562058480414284,9.74657977250808,OLMo-3 7B
1,-2.562058480414284,9.417715474643249,OLMo-3 7B
2,-2.562058480414284,9.109621722505167,OLMo-3 7B
3,-2.562058480414284,8.843069061820591,OLMo-3 7B
4,-2.562058480414284,8.638828038316275,OLMo-3 7B
5,-2.562058480414284,8.517669197718964,OLMo-3 7B
6,-2.562058480414284,8.500363085755417,OLMo-3 7B
7,-2.562058480414284,8.607680248152384,OLMo-3 7B
8,-2.562058480414284,8.86024340478581,OLMo-3 7B
9,-2.562058480414284,9.260788347584214,OLMo-3 7B
10,-2.562058480414284,9.77731179353687,OLMo-3 7B
11,-2.562058480414284,10.373819161661322,OLMo-3 7B
12,-2.562058480414284,11.014315870975107,OLMo-3 7B
13,-2.562058480414284,11.662807340495768,OLMo-3 7B
14,-2.562058480414284,12.28329898924084,OLMo-3 7B
15,-2.562058480414284,12.839796236227867,OLMo-3 7B
16,-2.562058480414284,13.297233298099494,OLMo-3 7B
17,-2.562058480414284,13.641906736875844,OLMo-3 7B
18,-2.562058480414284,13.881475459954515,OLMo-3 7B
19,-2.562058480414284,14.024527172358212,OLMo-3 7B
20,-2.562058480414284,14.07964957910964,OLMo-3 7B
21,-2.562058480414284,14.055430385231507,OLMo-3 7B
22,-2.562058480414284,13.960457295746515,OLMo-3 7B
23,-2.562058480414284,13.803318015677371,OLMo-3 7B
24,-2.562058480414284,13.59246304400688,OLMo-3 7B
25,-2.562058480414284,13.33514867900019,OLMo-3 7B
26,-2.562058480414284,13.038016332595484,OLMo-3 7B
27,-2.562058480414284,12.707702335025765,OLMo-3 7B
28,-2.562058480414284,12.350843016524035,OLMo-3 7B
29,-2.562058480414284,11.974074707323297,OLMo-3 7B
30,-2.562058480414284,11.584033737656554,OLMo-3 7B
31,-2.562058480414284,11.18735643775681,OLMo-3 7B
0,-2.3959657878485405,9.735139202760198,OLMo-3 7B
1,-2.3959657878485405,9.403373894709036,OLMo-3 7B
2,-2.3959657878485405,9.092262010947666,OLMo-3 7B
3,-2.3959657878485405,8.822456975765874,OLMo-3 7B
4,-2.3959657878485405,8.614612213453457,OLMo-3 7B
5,-2.3959657878485405,8.4893811483002,OLMo-3 7B
6,-2.3959657878485405,8.467417204595897,OLMo-3 7B
7,-2.3959657878485405,8.569373806630331,OLMo-3 7B
8,-2.3959657878485405,8.815757210172533,OLMo-3 7B
9,-2.3959657878485405,9.209266279978259,OLMo-3 7B
10,-2.3959657878485405,9.718015278422152,OLMo-3 7B
11,-2.3959657878485405,10.306144917818052,OLMo-3 7B
12,-2.3959657878485405,10.937795910479789,OLMo-3 7B
13,-2.3959657878485405,11.577108968721202,OLMo-3 7B
14,-2.3959657878485405,12.188224804856121,OLMo-3 7B
15,-2.3959657878485405,12.735284131198386,OLMo-3 7B
16,-2.3959657878485405,13.183360368832595,OLMo-3 7B
17,-2.3959657878485405,13.518979240570987,OLMo-3 7B
18,-2.3959657878485405,13.750118770953438,OLMo-3 7B
19,-2.3959657878485405,13.885689693290592,OLMo-3 7B
20,-2.3959657878485405,13.934602740893089,OLMo-3 7B
21,-2.3959657878485405,13.905768647071572,OLMo-3 7B
22,-2.3959657878485405,13.808098145136684,OLMo-3 7B
23,-2.3959657878485405,13.650501968399066,OLMo-3 7B
24,-2.3959657878485405,13.44170694056761,OLMo-3 7B
25,-2.3959657878485405,13.188839190669293,OLMo-3 7B
26,-2.3959657878485405,12.898200660256585,OLMo-3 7B
27,-2.3959657878485405,12.576086479415212,OLMo-3 7B
28,-2.3959657878485405,12.22879177823091,OLMo-3 7B
29,-2.3959657878485405,11.86261168678941,OLMo-3 7B
30,-2.3959657878485405,11.483841335176447,OLMo-3 7B
31,-2.3959657878485405,11.09877585347775,OLMo-3 7B
0,-2.229873095282797,9.722894447520169,OLMo-3 7B
1,-2.229873095282797,9.388734357070835,OLMo-3 7B
2,-2.229873095282797,9.075102886990482,OLMo-3 7B
3,-2.229873095282797,8.8025286576481,OLMo-3 7B
4,-2.229873095282797,8.591540289412674,OLMo-3 7B
5,-2.229873095282797,8.462666402653184,OLMo-3 7B
6,-2.229873095282797,8.43643561773862,OLMo-3 7B
7,-2.229873095282797,8.533376555037963,OLMo-3 7B
8,-2.229873095282797,8.773871390652733,OLMo-3 7B
9,-2.229873095282797,9.160582544320983,OLMo-3 7B
10,-2.229873095282797,9.661758032926107,OLMo-3 7B
11,-2.229873095282797,10.241691878129899,OLMo-3 7B
12,-2.229873095282797,10.864678101594155,OLMo-3 7B
13,-2.229873095282797,11.495010724980666,OLMo-3 7B
14,-2.229873095282797,12.096983769951228,OLMo-3 7B
15,-2.229873095282797,12.634891258167634,OLMo-3 7B
16,-2.229873095282797,13.07396284956078,OLMo-3 7B
17,-2.229873095282797,13.400947884250911,OLMo-3 7B
18,-2.229873095282797,13.62411538254761,OLMo-3 7B
19,-2.229873095282797,13.752670003029568,OLMo-3 7B
20,-2.229873095282797,13.795816404275472,OLMo-3 7B
21,-2.229873095282797,13.762759244864014,OLMo-3 7B
22,-2.229873095282797,13.662703183373882,OLMo-3 7B
23,-2.229873095282797,13.504852878383764,OLMo-3 7B
24,-2.229873095282797,13.298185741341934,OLMo-3 7B
25,-2.229873095282797,13.049701292005992,OLMo-3 7B
26,-2.229873095282797,12.765380646326859,OLMo-3 7B
27,-2.229873095282797,12.451196503695066,OLMo-3 7B
28,-2.229873095282797,12.113121563501142,OLMo-3 7B
29,-2.229873095282797,11.757128525135624,OLMo-3 7B
30,-2.229873095282797,11.389190087989041,OLMo-3 7B
31,-2.229873095282797,11.015278951451927,OLMo-3 7B
0,-2.0637804027170548,9.709779329371075,OLMo-3 7B
1,-2.0637804027170548,9.373703075733307,OLMo-3 7B
2,-2.0637804027170548,9.05802679746874,OLMo-3 7B
3,-2.0637804027170548,8.783150469950574,OLMo-3 7B
4,-2.0637804027170548,8.569474068552013,OLMo-3 7B
5,-2.0637804027170548,8.437397568646256,OLMo-3 7B
6,-2.0637804027170548,8.407320945606507,OLMo-3 7B
7,-2.0637804027170548,8.499644174805965,OLMo-3 7B
8,-2.0637804027170548,8.734621549867565,OLMo-3 7B
9,-2.0637804027170548,9.114879872631864,OLMo-3 7B
10,-2.0637804027170548,9.608810733626544,OLMo-3 7B
11,-2.0637804027170548,10.180872316122064,OLMo-3 7B
12,-2.0637804027170548,10.795522803388877,OLMo-3 7B
13,-2.0637804027170548,11.417220378697444,OLMo-3 7B
14,-2.0637804027170548,12.010423225318217,OLMo-3 7B
15,-2.0637804027170548,12.539589526521658,OLMo-3 7B
16,-2.0637804027170548,12.970115217273534,OLMo-3 7B
17,-2.0637804027170548,13.288964521531817,OLMo-3 7B
18,-2.0637804027170548,13.50466995224668,OLMo-3 7B
19,-2.0637804027170548,13.62670177406361,OLMo-3 7B
20,-2.0637804027170548,13.664530251628094,OLMo-3 7B
21,-2.0637804027170548,13.627625649585616,OLMo-3 7B
22,-2.0637804027170548,13.525458232581663,OLMo-3 7B
23,-2.0637804027170548,13.367498265261721,OLMo-3 7B
24,-2.0637804027170548,13.162948917025874,OLMo-3 7B
25,-2.0637804027170548,12.91868863939754,OLMo-3 7B
26,-2.0637804027170548,12.640398901504074,OLMo-3 7B
27,-2.0637804027170548,12.333751280056331,OLMo-3 7B
28,-2.0637804027170548,12.004417351765165,OLMo-3 7B
29,-2.0637804027170548,11.65806869334143,OLMo-3 7B
30,-2.0637804027170548,11.300376881495987,OLMo-3 7B
31,-2.0637804027170548,10.937013492939688,OLMo-3 7B
0,-1.8976877101513114,9.695727670895995,OLMo-3 7B
1,-1.8976877101513114,9.358186264701121,OLMo-3 7B
2,-1.8976877101513114,9.040916189217553,OLMo-3 7B
3,-1.8976877101513114,8.7641887751566,OLMo-3 7B
4,-1.8976877101513114,8.548275353229563,OLMo-3 7B
5,-1.8976877101513114,8.413447254147751,OLMo-3 7B
6,-1.8976877101513114,8.379975808622472,OLMo-3 7B
7,-1.8976877101513114,8.46813234736503,OLMo-3 7B
8,-1.8976877101513114,8.698043291458184,OLMo-3 7B
9,-1.8976877101513114,9.07230099693038,OLMo-3 7B
10,-1.8976877101513114,9.55944405710128,OLMo-3 7B
11,-1.8976877101513114,10.124098505319743,OLMo-3 7B
12,-1.8976877101513114,10.730890374934633,OLMo-3 7B
13,-1.8976877101513114,11.344445699294814,OLMo-3 7B
14,-1.8976877101513114,11.92939051174915,OLMo-3 7B
15,-1.8976877101513114,12.4503508456465,OLMo-3 7B
16,-1.8976877101513114,12.87289194896033,OLMo-3 7B
17,-1.8976877101513114,13.184181006029906,OLMo-3 7B
18,-1.8976877101513114,13.392987137560304,OLMo-3 7B
19,-1.8976877101513114,13.509018678881196,OLMo-3 7B
20,-1.8976877101513114,13.541983965322258,OLMo-3 7B
21,-1.8976877101513114,13.501591332213161,OLMo-3 7B
22,-1.8976877101513114,13.397549114883581,OLMo-3 7B
23,-1.8976877101513114,13.239565648663193,OLMo-3 7B
24,-1.8976877101513114,13.037045938315453,OLMo-3 7B
25,-1.8976877101513114,12.796754889231197,OLMo-3 7B
26,-1.8976877101513114,12.524098036486,OLMo-3 7B
27,-1.8976877101513114,12.224469680690017,OLMo-3 7B
28,-1.8976877101513114,11.903264122453406,OLMo-3 7B
29,-1.8976877101513114,11.565875662386324,OLMo-3 7B
30,-1.8976877101513114,11.217698601098927,OLMo-3 7B
31,-1.8976877101513114,10.864127239201375,OLMo-3 7B
0,-1.731595017585568,9.680675681768154,OLMo-3 7B
1,-1.731595017585568,9.342092815789691,OLMo-3 7B
2,-1.731595017585568,9.023656384582015,OLMo-3 7B
3,-1.731595017585568,8.745512822915918,OLMo-3 7B
4,-1.731595017585568,8.527808565562193,OLMo-3 7B
5,-1.731595017585568,8.390690047291622,OLMo-3 7B
6,-1.731595017585568,8.354303702875004,OLMo-3 7B
7,-1.731595017585568,8.43879596708312,OLMo-3 7B
8,-1.731595017585568,8.664169118811031,OLMo-3 7B
9,-1.731595017585568,9.032982575990268,OLMo-3 7B
10,-1.731595017585568,9.513919125755416,OLMo-3 7B
11,-1.731595017585568,10.07176934659631,OLMo-3 7B
12,-1.731595017585568,10.671323817002783,OLMo-3 7B
13,-1.731595017585568,11.277373115464671,OLMo-3 7B
14,-1.731595017585568,11.854707820471809,OLMo-3 7B
15,-1.731595017585568,12.368118510514028,OLMo-3 7B
16,-1.731595017585568,12.783335953248814,OLMo-3 7B
17,-1.731595017585568,13.087715267189592,OLMo-3 7B
18,-1.731595017585568,13.290235921705735,OLMo-3 7B
19,-1.731595017585568,13.400817575334258,OLMo-3 7B
20,-1.731595017585568,13.429379886612185,OLMo-3 7B
21,-1.731595017585568,13.385842514076534,OLMo-3 7B
22,-1.731595017585568,13.280125116264326,OLMo-3 7B
23,-1.731595017585568,13.122147351712577,OLMo-3 7B
24,-1.731595017585568,12.921493043231655,OLMo-3 7B
25,-1.731595017585568,12.684822998973988,OLMo-3 7B
26,-1.731595017585568,12.417292985502183,OLMo-3 7B
27,-1.731595017585568,12.124046331018594,OLMo-3 7B
28,-1.731595017585568,11.810226363725578,OLMo-3 7B
29,-1.731595017585568,11.480976411825491,OLMo-3 7B
30,-1.731595017585568,11.141439803520694,OLMo-3 7B
31,-1.731595017585568,10.796759867013536,OLMo-3 7B
0,-1.5655023250198248,9.664610430079087,OLMo-3 7B
1,-1.5655023250198248,9.325388673213212,OLMo-3 7B
2,-1.5655023250198248,9.00619397040906,OLMo-3 7B
3,-1.5655023250198248,8.727053375728355,OLMo-3 7B
4,-1.5655023250198248,8.507993943232822,OLMo-3 7B
5,-1.5655023250198248,8.36904272698418,OLMo-3 7B
6,-1.5655023250198248,8.330226781044157,OLMo-3 7B
7,-1.5655023250198248,8.411573159474472,OLMo-3 7B
8,-1.5655023250198248,8.632965482486217,OLMo-3 7B
9,-1.5655023250198248,8.996931874363389,OLMo-3 7B
10,-1.5655023250198248,9.47229350449028,OLMo-3 7B
11,-1.5655023250198248,10.023998828283982,OLMo-3 7B
12,-1.5655023250198248,10.616996301161587,OLMo-3 7B
13,-1.5655023250198248,11.216234378540184,OLMo-3 7B
14,-1.5655023250198248,11.786661515836865,OLMo-3 7B
15,-1.5655023250198248,12.29322616846872,OLMo-3 7B
16,-1.5655023250198248,12.701817555474403,OLMo-3 7B
17,-1.5655023250198248,12.999962459188476,OLMo-3 7B
18,-1.5655023250198248,13.196825225241419,OLMo-3 7B
19,-1.5655023250198248,13.302510962885268,OLMo-3 7B
20,-1.5655023250198248,13.327124781372063,OLMo-3 7B
21,-1.5655023250198248,13.280771789953842,OLMo-3 7B
22,-1.5655023250198248,13.173557097882647,OLMo-3 7B
23,-1.5655023250198248,13.015585814410512,OLMo-3 7B
24,-1.5655023250198248,12.81659842729068,OLMo-3 7B
25,-1.5655023250198248,12.583161866786863,OLMo-3 7B
26,-1.5655023250198248,12.320209018668166,OLMo-3 7B
27,-1.5655023250198248,12.032659264203732,OLMo-3 7B
28,-1.5655023250198248,11.725431984662709,OLMo-3 7B
29,-1.5655023250198248,11.403446561314245,OLMo-3 7B
30,-1.5655023250198248,11.071622375427488,OLMo-3 7B
31,-1.5655023250198248,10.734878808271581,OLMo-3 7B
0,-1.3994096324540823,9.647567691898782,OLMo-3 7B
1,-1.3994096324540823,9.30809442124556,OLMo-3 7B
2,-1.3994096324540823,8.988534207608561,OLMo-3 7B
3,-1.3994096324540823,8.708800108004016,OLMo-3 7B
4,-1.3994096324540823,8.488805179448148,OLMo-3 7B
5,-1.3994096324540823,8.348462478957181,OLMo-3 7B
6,-1.3994096324540823,8.307685063547343,OLMo-3 7B
7,-1.3994096324540823,8.386385990234858,OLMo-3 7B
8,-1.3994096324540823,8.60433557312053,OLMo-3 7B
9,-1.3994096324540823,8.964032233538692,OLMo-3 7B
10,-1.3994096324540823,9.434429807698727,OLMo-3 7B
11,-1.3994096324540823,9.98062807309354,OLMo-3 7B
12,-1.3994096324540823,10.567726807216026,OLMo-3 7B
13,-1.3994096324540823,11.160825787559093,OLMo-3 7B
14,-1.3994096324540823,11.725024791615636,OLMo-3 7B
15,-1.3994096324540823,12.225423596878558,OLMo-3 7B
16,-1.3994096324540823,12.62806293643166,OLMo-3 7B
17,-1.3994096324540823,12.920625521949416,OLMo-3 7B
18,-1.3994096324540823,13.112436043696984,OLMo-3 7B
19,-1.3994096324540823,13.213760147530419,OLMo-3 7B
20,-1.3994096324540823,13.234863479305776,OLMo-3 7B
21,-1.3994096324540823,13.186011684879107,OLMo-3 7B
22,-1.3994096324540823,13.077470410106468,OLMo-3 7B
23,-1.3994096324540823,12.919505300843912,OLMo-3 7B
24,-1.3994096324540823,12.721992181572565,OLMo-3 7B
25,-1.3994096324540823,12.491413987028785,OLMo-3 7B
26,-1.3994096324540823,12.23250667467609,OLMo-3 7B
27,-1.3994096324540823,11.9499917641493,OLMo-3 7B
28,-1.3994096324540823,11.648590775083234,OLMo-3 7B
29,-1.3994096324540823,11.33302522711271,OLMo-3 7B
30,-1.3994096324540823,11.008016639872547,OLMo-3 7B
31,-1.3994096324540823,10.678286532997568,OLMo-3 7B
0,-1.233316939888339,9.629585200047742,OLMo-3 7B
1,-1.233316939888339,9.290232839221213,OLMo-3 7B
2,-1.233316939888339,8.970684714209419,OLMo-3 7B
3,-1.233316939888339,8.690745060827101,OLMo-3 7B
4,-1.233316939888339,8.470218114888999,OLMo-3 7B
5,-1.233316939888339,8.328908112209845,OLMo-3 7B
6,-1.233316939888339,8.286619288604383,OLMo-3 7B
7,-1.233316939888339,8.363155879887346,OLMo-3 7B
8,-1.233316939888339,8.578180040003506,OLMo-3 7B
9,-1.233316939888339,8.934162016631461,OLMo-3 7B
10,-1.233316939888339,9.400182818007233,OLMo-3 7B
11,-1.233316939888339,9.941487241877708,OLMo-3 7B
12,-1.233316939888339,10.523320085989765,OLMo-3 7B
13,-1.233316939888339,11.110926148090286,OLMo-3 7B
14,-1.233316939888339,11.669550225926152,OLMo-3 7B
15,-1.233316939888339,12.164437117244246,OLMo-3 7B
16,-1.233316939888339,12.561772399631735,OLMo-3 7B
17,-1.233316939888339,12.84937958700241,OLMo-3 7B
18,-1.233316939888339,13.036720129596684,OLMo-3 7B
19,-1.233316939888339,13.134196257495256,OLMo-3 7B
20,-1.233316939888339,13.152210200778823,OLMo-3 7B
21,-1.233316939888339,13.101164189528086,OLMo-3 7B
22,-1.233316939888339,12.991460453823747,OLMo-3 7B
23,-1.233316939888339,12.8335012237465,OLMo-3 7B
24,-1.233316939888339,12.637277155599648,OLMo-3 7B
25,-1.233316939888339,12.409196689475788,OLMo-3 7B
26,-1.233316939888339,12.15382380520584,OLMo-3 7B
27,-1.233316939888339,11.875707239147486,OLMo-3 7B
28,-1.233316939888339,11.579395727658406,OLMo-3 7B
29,-1.233316939888339,11.269438007096282,OLMo-3 7B
30,-1.233316939888339,10.950382813818795,OLMo-3 7B
31,-1.233316939888339,10.626778884183626,OLMo-3 7B
0,-1.0672242473225957,9.610700687346476,OLMo-3 7B
1,-1.0672242473225957,9.271826706474654,OLMo-3 7B
2,-1.0672242473225957,8.952653108240533,OLMo-3 7B
3,-1.0672242473225957,8.672880275281816,OLMo-3 7B
4,-1.0672242473225957,8.452208590236204,OLMo-3 7B
5,-1.0672242473225957,8.310338435741393,OLMo-3 7B
6,-1.0672242473225957,8.266970194435093,OLMo-3 7B
7,-1.0672242473225957,8.341804248954999,OLMo-3 7B
8,-1.0672242473225957,8.554399532424679,OLMo-3 7B
9,-1.0672242473225957,8.907199586756978,OLMo-3 7B
10,-1.0672242473225957,9.369407318042272,OLMo-3 7B
11,-1.0672242473225957,9.906406495489218,OLMo-3 7B
12,-1.0672242473225957,10.483580888306461,OLMo-3 7B
13,-1.0672242473225957,11.066314265702655,OLMo-3 7B
14,-1.0672242473225957,11.619990396886447,OLMo-3 7B
15,-1.0672242473225957,12.109993051066489,OLMo-3 7B
16,-1.0672242473225957,12.502646248585785,OLMo-3 7B
17,-1.0672242473225957,12.785899785877463,OLMo-3 7B
18,-1.0672242473225957,12.969329235464773,OLMo-3 7B
19,-1.0672242473225957,13.06345042100532,OLMo-3 7B
20,-1.0672242473225957,13.078779166156712,OLMo-3 7B
21,-1.0672242473225957,13.025831294576552,OLMo-3 7B
22,-1.0672242473225957,12.915122629922445,OLMo-3 7B
23,-1.0672242473225957,12.757168995851996,OLMo-3 7B
24,-1.0672242473225957,12.562056198894267,OLMo-3 7B
25,-1.0672242473225957,12.336127303903917,OLMo-3 7B
26,-1.0672242473225957,12.083798261937307,OLMo-3 7B
27,-1.0672242473225957,11.809469097490481,OLMo-3 7B
28,-1.0672242473225957,11.517539835059484,OLMo-3 7B
29,-1.0672242473225957,11.212410499140356,OLMo-3 7B
30,-1.0672242473225957,10.898481114229142,OLMo-3 7B
31,-1.0672242473225957,10.580151704821887,OLMo-3 7B
0,-0.9011315547568532,9.590951886615484,OLMo-3 7B
1,-0.9011315547568532,9.252898802340365,OLMo-3 7B
2,-0.9011315547568532,8.934447007730803,OLMo-3 7B
3,-0.9011315547568532,8.655197792452357,OLMo-3 7B
4,-0.9011315547568532,8.434752446170588,OLMo-3 7B
5,-0.9011315547568532,8.292712258551045,OLMo-3 7B
6,-0.9011315547568532,8.248678519259293,OLMo-3 7B
7,-0.9011315547568532,8.322252517960887,OLMo-3 7B
8,-0.9011315547568532,8.53289469967358,OLMo-3 7B
9,-0.9011315547568532,8.883023307030523,OLMo-3 7B
10,-0.9011315547568532,9.341958090430321,OLMo-3 7B
11,-0.9011315547568532,9.875215994780799,OLMo-3 7B
12,-0.9011315547568532,10.44831396498978,OLMo-3 7B
13,-0.9011315547568532,11.026768945965088,OLMo-3 7B
14,-0.9011315547568532,11.576097882614553,OLMo-3 7B
15,-0.9011315547568532,12.061817719845996,OLMo-3 7B
16,-0.9011315547568532,12.450384786804964,OLMo-3 7B
17,-0.9011315547568532,12.72986125010457,OLMo-3 7B
18,-0.9011315547568532,12.9099151138255,OLMo-3 7B
19,-0.9011315547568532,13.001153766286157,OLMo-3 7B
20,-0.9011315547568532,13.014184595804942,OLMo-3 7B
21,-0.9011315547568532,12.959614990700263,OLMo-3 7B
22,-0.9011315547568532,12.848052339290524,OLMo-3 7B
23,-0.9011315547568532,12.690104029894126,OLMo-3 7B
24,-0.9011315547568532,12.495932160978757,OLMo-3 7B
25,-0.9011315547568532,12.271823160089204,OLMo-3 7B
26,-0.9011315547568532,12.022067896550372,OLMo-3 7B
27,-0.9011315547568532,11.750940747470473,OLMo-3 7B
28,-0.9011315547568532,11.462716089957722,OLMo-3 7B
29,-0.9011315547568532,11.16166830112033,OLMo-3 7B
30,-0.9011315547568532,10.852071758066513,OLMo-3 7B
31,-0.9011315547568532,10.538200837904482,OLMo-3 7B
0,-0.735038862191109,9.570376530675272,OLMo-3 7B
1,-0.735038862191109,9.233471906152829,OLMo-3 7B
2,-0.735038862191109,8.916074030709131,OLMo-3 7B
3,-0.735038862191109,8.637689653422932,OLMo-3 7B
4,-0.735038862191109,8.41782552337298,OLMo-3 7B
5,-0.735038862191109,8.275988389638018,OLMo-3 7B
6,-0.735038862191109,8.231685001296803,OLMo-3 7B
7,-0.735038862191109,8.304422107428074,OLMo-3 7B
8,-0.735038862191109,8.513566191039743,OLMo-3 7B
9,-0.735038862191109,8.861511540567385,OLMo-3 7B
10,-0.735038862191109,9.317689917797855,OLMo-3 7B
11,-0.735038862191109,9.84774590060518,OLMo-3 7B
12,-0.735038862191109,10.41732406686338,OLMo-3 7B
13,-0.735038862191109,10.99206899444648,OLMo-3 7B
14,-0.735038862191109,11.537625261228502,OLMo-3 7B
15,-0.735038862191109,12.01963744508347,OLMo-3 7B
16,-0.735038862191109,12.404688317800423,OLMo-3 7B
17,-0.735038862191109,12.680939111213736,OLMo-3 7B
18,-0.735038862191109,12.85812951720312,OLMo-3 7B
19,-0.735038862191109,12.946937421563304,OLMo-3 7B
20,-0.735038862191109,12.958040710089017,OLMo-3 7B
21,-0.735038862191109,12.902117268574987,OLMo-3 7B
22,-0.735038862191109,12.789844982815941,OLMo-3 7B
23,-0.735038862191109,12.631901738606606,OLMo-3 7B
24,-0.735038862191109,12.43850789137546,OLMo-3 7B
25,-0.735038862191109,12.215901587807693,OLMo-3 7B
26,-0.735038862191109,11.968270560724921,OLMo-3 7B
27,-0.735038862191109,11.699785597379648,OLMo-3 7B
28,-0.735038862191109,11.414617485024372,OLMo-3 7B
29,-0.735038862191109,11.116937010911597,OLMo-3 7B
30,-0.735038862191109,10.81091496229382,OLMo-3 7B
31,-0.735038862191109,10.500722126423543,OLMo-3 7B
0,-0.5689461696253666,9.549012352346345,OLMo-3 7B
1,-0.5689461696253666,9.213568797246523,OLMo-3 7B
2,-0.5689461696253666,8.897541795204415,OLMo-3 7B
3,-0.5689461696253666,8.62034789927774,OLMo-3 7B
4,-0.5689461696253666,8.401403662524208,OLMo-3 7B
5,-0.5689461696253666,8.260125638001533,OLMo-3 7B
6,-0.5689461696253666,8.215930378767437,OLMo-3 7B
7,-0.5689461696253666,8.288234437879629,OLMo-3 7B
8,-0.5689461696253666,8.496314655812698,OLMo-3 7B
9,-0.5689461696253666,8.842542650482839,OLMo-3 7B
10,-0.5689461696253666,9.29645758277135,OLMo-3 7B
11,-0.5689461696253666,9.823826373815091,OLMo-3 7B
12,-0.5689461696253666,10.390415944750925,OLMo-3 7B
13,-0.5689461696253666,10.961993216715717,OLMo-3 7B
14,-0.5689461696253666,11.504325110846327,OLMo-3 7B
15,-0.5689461696253666,11.98317854827962,OLMo-3 7B
16,-0.5689461696253666,12.365257145083318,OLMo-3 7B
17,-0.5689461696253666,12.638808500734957,OLMo-3 7B
18,-0.5689461696253666,12.813624198121884,OLMo-3 7B
19,-0.5689461696253666,12.90043251506231,OLMo-3 7B
20,-0.5689461696253666,12.90996172937444,OLMo-3 7B
21,-0.5689461696253666,12.852940118876488,OLMo-3 7B
22,-0.5689461696253666,12.740095961386658,OLMo-3 7B
23,-0.5689461696253666,12.582157534723162,OLMo-3 7B
24,-0.5689461696253666,12.389386239606715,OLMo-3 7B
25,-0.5689461696253666,12.167979916835419,OLMo-3 7B
26,-0.5689461696253666,11.922044106140842,OLMo-3 7B
27,-0.5689461696253666,11.655667055510197,OLMo-3 7B
28,-0.5689461696253666,11.372937012930697,OLMo-3 7B
29,-0.5689461696253666,11.077942226389554,OLMo-3 7B
30,-0.5689461696253666,10.774770943873985,OLMo-3 7B
31,-0.5689461696253666,10.467511413371202,OLMo-3 7B
0,-0.40285347705962415,9.526897084449205,OLMo-3 7B
1,-0.40285347705962415,9.193212254955933,OLMo-3 7B
2,-0.40285347705962415,8.878857919245558,OLMo-3 7B
3,-0.40285347705962415,8.603164571100981,OLMo-3 7B
4,-0.40285347705962415,8.3854627043051,OLMo-3 7B
5,-0.40285347705962415,8.245082812640813,OLMo-3 7B
6,-0.40285347705962415,8.20135538989102,OLMo-3 7B
7,-0.40285347705962415,8.273610929838616,OLMo-3 7B
8,-0.40285347705962415,8.481040743281982,OLMo-3 7B
9,-0.40285347705962415,8.825994999892174,OLMo-3 7B
10,-0.40285347705962415,9.278115867977279,OLMo-3 7B
11,-0.40285347705962415,9.80328757526326,OLMo-3 7B
12,-0.40285347705962415,10.367394349476077,OLMo-3 7B
13,-0.40285347705962415,10.93632041834169,OLMo-3 7B
14,-0.40285347705962415,11.475950009586061,OLMo-3 7B
15,-0.40285347705962415,11.952167350935149,OLMo-3 7B
16,-0.40285347705962415,12.331791572164802,OLMo-3 7B
17,-0.40285347705962415,12.603144550198236,OLMo-3 7B
18,-0.40285347705962415,12.776050909106047,OLMo-3 7B
19,-0.40285347705962415,12.861270175008714,OLMo-3 7B
20,-0.40285347705962415,12.869561874026717,OLMo-3 7B
21,-0.40285347705962415,12.81168553228053,OLMo-3 7B
22,-0.40285347705962415,12.698400675890637,OLMo-3 7B
23,-0.40285347705962415,12.540466830977513,OLMo-3 7B
24,-0.40285347705962415,12.348170055194856,OLMo-3 7B
25,-0.40285347705962415,12.127675476948424,OLMo-3 7B
26,-0.40285347705962415,11.88302638447802,OLMo-3 7B
27,-0.40285347705962415,11.618248530154307,OLMo-3 7B
28,-0.40285347705962415,11.337367666347944,OLMo-3 7B
29,-0.40285347705962415,11.044409545429598,OLMo-3 7B
30,-0.40285347705962415,10.743399919769926,OLMo-3 7B
31,-0.40285347705962415,10.438364541739592,OLMo-3 7B
0,-0.23676078449387994,9.50406845980436,OLMo-3 7B
1,-0.23676078449387994,9.17242505861554,OLMo-3 7B
2,-0.23676078449387994,8.860030020861458,OLMo-3 7B
3,-0.23676078449387994,8.586131709976861,OLMo-3 7B
4,-0.23676078449387994,8.369978489396486,OLMo-3 7B
5,-0.23676078449387994,8.230818722555071,OLMo-3 7B
6,-0.23676078449387994,8.187900772887367,OLMo-3 7B
7,-0.23676078449387994,8.260473003828105,OLMo-3 7B
8,-0.23676078449387994,8.467645102737126,OLMo-3 7B
9,-0.23676078449387994,8.811746951910667,OLMo-3 7B
10,-0.23676078449387994,9.26251955604212,OLMo-3 7B
11,-0.23676078449387994,9.78595966580242,OLMo-3 7B
12,-0.23676078449387994,10.348064031862497,OLMo-3 7B
13,-0.23676078449387994,10.914829404893293,OLMo-3 7B
14,-0.23676078449387994,11.452252535565737,OLMo-3 7B
15,-0.23676078449387994,11.926330174550765,OLMo-3 7B
16,-0.23676078449387994,12.303991902556026,OLMo-3 7B
17,-0.23676078449387994,12.573622391133574,OLMo-3 7B
18,-0.23676078449387994,12.74506140267986,OLMo-3 7B
19,-0.23676078449387994,12.829081529628061,OLMo-3 7B
20,-0.23676078449387994,12.836455364411345,OLMo-3 7B
21,-0.23676078449387994,12.777955499462879,OLMo-3 7B
22,-0.23676078449387994,12.664354527215835,OLMo-3 7B
23,-0.23676078449387994,12.506425040103384,OLMo-3 7B
24,-0.23676078449387994,12.314462187662224,OLMo-3 7B
25,-0.23676078449387994,12.094605597922746,OLMo-3 7B
26,-0.23676078449387994,11.850855247416341,OLMo-3 7B
27,-0.23676078449387994,11.587193429604167,OLMo-3 7B
28,-0.23676078449387994,11.307602437947375,OLMo-3 7B
29,-0.23676078449387994,11.01606456590712,OLMo-3 7B
30,-0.23676078449387994,10.716562106944558,OLMo-3 7B
31,-0.23676078449387994,10.41307735452084,OLMo-3 7B
0,-0.0706680919281375,9.480564211232315,OLMo-3 7B
1,-0.0706680919281375,9.151229987559825,OLMo-3 7B
2,-0.0706680919281375,8.841065718081017,OLMo-3 7B
3,-0.0706680919281375,8.569241356989577,OLMo-3 7B
4,-0.0706680919281375,8.354926858479189,OLMo-3 7B
5,-0.0706680919281375,8.217292176743534,OLMo-3 7B
6,-0.0706680919281375,8.175507265976297,OLMo-3 7B
7,-0.0706680919281375,8.24874208037116,OLMo-3 7B
8,-0.0706680919281375,8.456028383467663,OLMo-3 7B
9,-0.0706680919281375,8.799676869653606,OLMo-3 7B
10,-0.0706680919281375,9.24952342959235,OLMo-3 7B
11,-0.0706680919281375,9.771672806285295,OLMo-3 7B
12,-0.0706680919281375,10.332229742733848,OLMo-3 7B
13,-0.0706680919281375,10.89729898193941,OLMo-3 7B
14,-0.0706680919281375,11.432985266903385,OLMo-3 7B
15,-0.0706680919281375,11.905393340627173,OLMo-3 7B
16,-0.0706680919281375,12.281558439768148,OLMo-3 7B
17,-0.0706680919281375,12.549917155070968,OLMo-3 7B
18,-0.0706680919281375,12.720307431367578,OLMo-3 7B
19,-0.0706680919281375,12.803497707145894,OLMo-3 7B
20,-0.0706680919281375,12.810256420893829,OLMo-3 7B
21,-0.0706680919281375,12.751352011099296,OLMo-3 7B
22,-0.0706680919281375,12.637552916250213,OLMo-3 7B
23,-0.0706680919281375,12.479627574834494,OLMo-3 7B
24,-0.0706680919281375,12.287865486531157,OLMo-3 7B
25,-0.0706680919281375,12.068387609534422,OLMo-3 7B
26,-0.0706680919281375,11.825168546635693,OLMo-3 7B
27,-0.0706680919281375,11.562165162151967,OLMo-3 7B
28,-0.0706680919281375,11.283334320400243,OLMo-3 7B
29,-0.0706680919281375,10.992632885697521,OLMo-3 7B
30,-0.0706680919281375,10.694017722360801,OLMo-3 7B
31,-0.0706680919281375,10.391445694707084,OLMo-3 7B
0,0.09542460063760494,9.45642207155357,OLMo-3 7B
1,0.09542460063760494,9.12964982112327,OLMo-3 7B
2,0.09542460063760494,8.821972628933135,OLMo-3 7B
3,0.09542460063760494,8.552485553223336,OLMo-3 7B
4,0.09542460063760494,8.340283652234042,OLMo-3 7B
5,0.09542460063760494,8.204461984205416,OLMo-3 7B
6,0.09542460063760494,8.164115607377632,OLMo-3 7B
7,0.09542460063760494,8.23833957999085,OLMo-3 7B
8,0.09542460063760494,8.446091234763125,OLMo-3 7B
9,0.09542460063760494,8.78966311623627,OLMo-3 7B
10,0.09542460063760494,9.23898227125444,OLMo-3 7B
11,0.09542460063760494,9.76025715756462,OLMo-3 7B
12,0.09542460063760494,10.319696232913792,OLMo-3 7B
13,0.09542460063760494,10.883507955048938,OLMo-3 7B
14,0.09542460063760494,11.417900781717039,OLMo-3 7B
15,0.09542460063760494,11.88908317066508,OLMo-3 7B
16,0.09542460063760494,12.26419148731232,OLMo-3 7B
17,0.09542460063760494,12.531703973540422,OLMo-3 7B
18,0.09542460063760494,12.701440747693452,OLMo-3 7B
19,0.09542460063760494,12.784149835787755,OLMo-3 7B
20,0.09542460063760494,12.790579263839673,OLMo-3 7B
21,0.09542460063760494,12.73147705786555,OLMo-3 7B
22,0.09542460063760494,12.617591243881733,OLMo-3 7B
23,0.09542460063760494,12.459669847904564,OLMo-3 7B
24,0.09542460063760494,12.267982801323992,OLMo-3 7B
25,0.09542460063760494,12.048638841559493,OLMo-3 7B
26,0.09542460063760494,11.805604133815958,OLMo-3 7B
27,0.09542460063760494,11.542827136089892,OLMo-3 7B
28,0.09542460063760494,11.264256306377803,OLMo-3 7B
29,0.09542460063760494,10.973840102676194,OLMo-3 7B
30,0.09542460063760494,10.675526982981575,OLMo-3 7B
31,0.09542460063760494,10.373265405290448,OLMo-3 7B
0,0.26151729320334915,9.431679773588634,OLMo-3 7B
1,0.26151729320334915,9.107707338640356,OLMo-3 7B
2,0.26151729320334915,8.80275837144671,OLMo-3 7B
3,0.26151729320334915,8.535856339762338,OLMo-3 7B
4,0.26151729320334915,8.32602471134187,OLMo-3 7B
5,0.26151729320334915,8.19228695393994,OLMo-3 7B
6,0.26151729320334915,8.153666535311185,OLMo-3 7B
7,0.26151729320334915,8.22918692321024,OLMo-3 7B
8,0.26151729320334915,8.437734305913047,OLMo-3 7B
9,0.26151729320334915,8.78158405477394,OLMo-3 7B
10,0.26151729320334915,9.230750863654869,OLMo-3 7B
11,0.26151729320334915,9.75154288049312,OLMo-3 7B
12,0.26151729320334915,10.310268253225988,OLMo-3 7B
13,0.26151729320334915,10.873235129790762,OLMo-3 7B
14,0.26151729320334915,11.406751658124733,OLMo-3 7B
15,0.26151729320334915,11.877125986165192,OLMo-3 7B
16,0.26151729320334915,12.251591348699694,OLMo-3 7B
17,0.26151729320334915,12.518657978071934,OLMo-3 7B
18,0.26151729320334915,12.688113104181735,OLMo-3 7B
19,0.26151729320334915,12.770669043779186,OLMo-3 7B
20,0.26151729320334915,12.77703811361438,OLMo-3 7B
21,0.26151729320334915,12.717932630437405,OLMo-3 7B
22,0.26151729320334915,12.604064910998355,OLMo-3 7B
23,0.26151729320334915,12.446147272047318,OLMo-3 7B
24,0.26151729320334915,12.254416981563068,OLMo-3 7B
25,0.26151729320334915,12.034976623773996,OLMo-3 7B
26,0.26151729320334915,11.791799860637024,OLMo-3 7B
27,0.26151729320334915,11.528842759710134,OLMo-3 7B
28,0.26151729320334915,11.250061388551309,OLMo-3 7B
29,0.26151729320334915,10.959411814718536,OLMo-3 7B
30,0.26151729320334915,10.660850105769793,OLMo-3 7B
31,0.26151729320334915,10.35833232926307,OLMo-3 7B
0,0.4276099857690916,9.406375050158008,OLMo-3 7B
1,0.4276099857690916,9.085425319445566,OLMo-3 7B
2,0.4276099857690916,8.783430563650647,OLMo-3 7B
3,0.4276099857690916,8.519345757690784,OLMo-3 7B
4,0.4276099857690916,8.312125876483503,OLMo-3 7B
5,0.4276099857690916,8.180725894946324,OLMo-3 7B
6,0.4276099857690916,8.14410078799678,OLMo-3 7B
7,0.4276099857690916,8.221205530552396,OLMo-3 7B
8,0.4276099857690916,8.430858246206961,OLMo-3 7B
9,0.4276099857690916,8.775318048381903,OLMo-3 7B
10,0.4276099857690916,9.224683989420111,OLMo-3 7B
11,0.4276099857690916,9.745360135923526,OLMo-3 7B
12,0.4276099857690916,10.303750554494101,OLMo-3 7B
13,0.4276099857690916,10.866259311733774,OLMo-3 7B
14,0.4276099857690916,11.399290474244497,OLMo-3 7B
15,0.4276099857690916,11.869248108628211,OLMo-3 7B
16,0.4276099857690916,12.243458327441425,OLMo-3 7B
17,0.4276099857690916,12.510454300195505,OLMo-3 7B
18,0.4276099857690916,12.679976253356678,OLMo-3 7B
19,0.4276099857690916,12.76268645934573,OLMo-3 7B
20,0.4276099857690916,12.76924719058345,OLMo-3 7B
21,0.4276099857690916,12.710320719490621,OLMo-3 7B
22,0.4276099857690916,12.596569318488037,OLMo-3 7B
23,0.4276099857690916,12.438655259996478,OLMo-3 7B
24,0.4276099857690916,12.246770876770723,OLMo-3 7B
25,0.4276099857690916,12.027018285953972,OLMo-3 7B
26,0.4276099857690916,11.783393578778776,OLMo-3 7B
27,0.4276099857690916,11.519875441304878,OLMo-3 7B
28,0.4276099857690916,11.240442559592019,OLMo-3 7B
29,0.4276099857690916,10.94907361969994,OLMo-3 7B
30,0.4276099857690916,10.649747307688378,OLMo-3 7B
31,0.4276099857690916,10.346442309617077,OLMo-3 7B
0,0.593702678334834,9.3805456340822,OLMo-3 7B
1,0.593702678334834,9.06282654287338,OLMo-3 7B
2,0.593702678334834,8.763996823573843,OLMo-3 7B
3,0.593702678334834,8.502945848092876,OLMo-3 7B
4,0.593702678334834,8.298562988339764,OLMo-3 7B
5,0.593702678334834,8.169737616223788,OLMo-3 7B
6,0.593702678334834,8.135359103654235,OLMo-3 7B
7,0.593702678334834,8.214316822540386,OLMo-3 7B
8,0.593702678334834,8.425363704934398,OLMo-3 7B
9,0.593702678334834,8.77074346017544,OLMo-3 7B
10,0.593702678334834,9.220636431176642,OLMo-3 7B
11,0.593702678334834,9.74153908470857,OLMo-3 7B
12,0.593702678334834,10.29994788754179,OLMo-3 7B
13,0.593702678334834,10.862359306446866,OLMo-3 7B
14,0.593702678334834,11.395269808194364,OLMo-3 7B
15,0.593702678334834,11.86517585955485,OLMo-3 7B
16,0.593702678334834,12.239492727048669,OLMo-3 7B
17,0.593702678334834,12.506768071441137,OLMo-3 7B
18,0.593702678334834,12.676681947742535,OLMo-3 7B
19,0.593702678334834,12.759833210712932,OLMo-3 7B
20,0.593702678334834,12.766820715112388,OLMo-3 7B
21,0.593702678334834,12.708243315700969,OLMo-3 7B
22,0.593702678334834,12.59469986723874,OLMo-3 7B
23,0.593702678334834,12.436789224485764,OLMo-3 7B
24,0.593702678334834,12.244647336469297,OLMo-3 7B
25,0.593702678334834,12.024381157875457,OLMo-3 7B
26,0.593702678334834,11.7800231399211,OLMo-3 7B
27,0.593702678334834,11.515588589166317,OLMo-3 7B
28,0.593702678334834,11.235092812171189,OLMo-3 7B
29,0.593702678334834,10.942551115495803,OLMo-3 7B
30,0.593702678334834,10.641978805700244,OLMo-3 7B
31,0.593702678334834,10.3373911893446,OLMo-3 7B
0,0.7597953709005782,9.35422925818171,OLMo-3 7B
1,0.7597953709005782,9.039933788258281,OLMo-3 7B
2,0.7597953709005782,8.744464769245198,OLMo-3 7B
3,0.7597953709005782,8.486648652052818,OLMo-3 7B
4,0.7597953709005782,8.285311887591487,OLMo-3 7B
5,0.7597953709005782,8.159280926771551,OLMo-3 7B
6,0.7597953709005782,8.127382220503366,OLMo-3 7B
7,0.7597953709005782,8.208442219697277,OLMo-3 7B
8,0.7597953709005782,8.421151331384895,OLMo-3 7B
9,0.7597953709005782,8.767738653269832,OLMo-3 7B
10,0.7597953709005782,9.218462971550938,OLMo-3 7B
11,0.7597953709005782,9.739909887700978,OLMo-3 7B
12,0.7597953709005782,10.298665003192719,OLMo-3 7B
13,0.7597953709005782,10.861313919498926,OLMo-3 7B
14,0.7597953709005782,11.394442238092367,OLMo-3 7B
15,0.7597953709005782,11.864635560445809,OLMo-3 7B
16,0.7597953709005782,12.239394851032575,OLMo-3 7B
17,0.7597953709005782,12.507274423338826,OLMo-3 7B
18,0.7597953709005782,12.67788193986356,OLMo-3 7B
19,0.7597953709005782,12.761740426106332,OLMo-3 7B
20,0.7597953709005782,12.769372907566696,OLMo-3 7B
21,0.7597953709005782,12.71130240974421,OLMo-3 7B
22,0.7597953709005782,12.598051958138425,OLMo-3 7B
23,0.7597953709005782,12.4401445782489,OLMo-3 7B
24,0.7597953709005782,12.247649210181125,OLMo-3 7B
25,0.7597953709005782,12.026682569314492,OLMo-3 7B
26,0.7597953709005782,11.781326395743886,OLMo-3 7B
27,0.7597953709005782,11.515645611586637,OLMo-3 7B
28,0.7597953709005782,11.23370513896007,OLMo-3 7B
29,0.7597953709005782,10.939569899981521,OLMo-3 7B
30,0.7597953709005782,10.637304816768314,OLMo-3 7B
31,0.7597953709005782,10.330974811437777,OLMo-3 7B
0,0.9258880634663201,9.327463655277047,OLMo-3 7B
1,0.9258880634663201,9.016769834934749,OLMo-3 7B
2,0.9258880634663201,8.724842018693614,OLMo-3 7B
3,0.9258880634663201,8.470446210654808,OLMo-3 7B
4,0.9258880634663201,8.272348414919493,OLMo-3 7B
5,0.9258880634663201,8.149314635588834,OLMo-3 7B
6,0.9258880634663201,8.120110876763993,OLMo-3 7B
7,0.9258880634663201,8.203503142546136,OLMo-3 7B
8,0.9258880634663201,8.41812177484798,OLMo-3 7B
9,0.9258880634663201,8.766181990780364,OLMo-3 7B
10,0.9258880634663201,9.218018393169473,OLMo-3 7B
11,0.9258880634663201,9.740302705753479,OLMo-3 7B
12,0.9258880634663201,10.299706652270547,OLMo-3 7B
13,0.9258880634663201,10.862901956458845,OLMo-3 7B
14,0.9258880634663201,11.39656034205654,OLMo-3 7B
15,0.9258880634663201,11.867353532801797,OLMo-3 7B
16,0.9258880634663201,12.2428650029043,OLMo-3 7B
17,0.9258880634663201,12.511648487418578,OLMo-3 7B
18,0.9258880634663201,12.683227982244006,OLMo-3 7B
19,0.9258880634663201,12.768039233751475,OLMo-3 7B
20,0.9258880634663201,12.776517988311879,OLMo-3 7B
21,0.9258880634663201,12.719099992296108,OLMo-3 7B
22,0.9258880634663201,12.606220992075052,OLMo-3 7B
23,0.9258880634663201,12.448316734019604,OLMo-3 7B
24,0.9258880634663201,12.255379347428546,OLMo-3 7B
25,0.9258880634663201,12.033539850047113,OLMo-3 7B
26,0.9258880634663201,11.786941197927014,OLMo-3 7B
27,0.9258880634663201,11.519709916858025,OLMo-3 7B
28,0.9258880634663201,11.235972532629923,OLMo-3 7B
29,0.9258880634663201,10.93985557103249,OLMo-3 7B
30,0.9258880634663201,10.6354855578555,OLMo-3 7B
31,0.9258880634663201,10.326989018888732,OLMo-3 7B
0,-8.038371308225386,13.07591850256358,BabyLM 125M
1,-8.038371308225386,13.237398151018416,BabyLM 125M
2,-8.038371308225386,13.322356228491646,BabyLM 125M
3,-8.038371308225386,13.254685263442823,BabyLM 125M
4,-8.038371308225386,13.008383816712898,BabyLM 125M
5,-8.038371308225386,12.654763817817408,BabyLM 125M
6,-8.038371308225386,12.277063267596656,BabyLM 125M
7,-8.038371308225386,11.975664054395013,BabyLM 125M
8,-8.038371308225386,11.868091954060908,BabyLM 125M
9,-8.038371308225386,12.055566407670689,BabyLM 125M
10,-8.038371308225386,12.490893727465641,BabyLM 125M
11,-8.038371308225386,13.05046325296772,BabyLM 125M
0,-7.890590020618831,13.043384527404221,BabyLM 125M
1,-7.890590020618831,13.19830341510976,BabyLM 125M
2,-7.890590020618831,13.283025785502472,BabyLM 125M
3,-7.890590020618831,13.227709232853,BabyLM 125M
4,-7.890590020618831,13.005358853031007,BabyLM 125M
5,-7.890590020618831,12.672195964019956,BabyLM 125M
6,-7.890590020618831,12.29541615639895,BabyLM 125M
7,-7.890590020618831,11.974719997116257,BabyLM 125M
8,-7.890590020618831,11.84231302948929,BabyLM 125M
9,-7.890590020618831,12.013334284976915,BabyLM 125M
10,-7.890590020618831,12.442080337643029,BabyLM 125M
11,-7.890590020618831,13.000031006892842,BabyLM 125M
0,-7.742808733012275,13.010957579906398,BabyLM 125M
1,-7.742808733012275,13.159635622014004,BabyLM 125M
2,-7.742808733012275,13.244387293623605,BabyLM 125M
3,-7.742808733012275,13.201580855622513,BabyLM 125M
4,-7.742808733012275,13.003234966521228,BabyLM 125M
5,-7.742808733012275,12.69060666037943,BabyLM 125M
6,-7.742808733012275,12.314981484167362,BabyLM 125M
7,-7.742808733012275,11.97533469151727,BabyLM 125M
8,-7.742808733012275,11.8183312427234,BabyLM 125M
9,-7.742808733012275,11.972827820906495,BabyLM 125M
10,-7.742808733012275,12.394636311782545,BabyLM 125M
11,-7.742808733012275,12.95046893942508,BabyLM 125M
0,-7.595027445405719,12.978644017818333,BabyLM 125M
1,-7.595027445405719,13.12142013335143,BabyLM 125M
2,-7.595027445405719,13.206481856723713,BabyLM 125M
3,-7.595027445405719,13.176350484777519,BabyLM 125M
4,-7.595027445405719,13.00206568373651,BabyLM 125M
5,-7.595027445405719,12.710054035564946,BabyLM 125M
6,-7.595027445405719,12.335831273233072,BabyLM 125M
7,-7.595027445405719,11.977600731891744,BabyLM 125M
8,-7.595027445405719,11.796253348872431,BabyLM 125M
9,-7.595027445405719,11.934149524501413,BabyLM 125M
10,-7.595027445405719,12.348642994007523,BabyLM 125M
11,-7.595027445405719,12.901828741654532,BabyLM 125M
0,-7.447246157799164,12.94645019888825,BabyLM 125M
1,-7.447246157799164,13.083682310742313,BabyLM 125M
2,-7.447246157799164,13.16935057867146,BabyLM 125M
3,-7.447246157799164,13.152068473344174,BabyLM 125M
4,-7.447246157799164,13.001904531229794,BabyLM 125M
5,-7.447246157799164,12.730596218245616,BabyLM 125M
6,-7.447246157799164,12.358037545927264,BabyLM 125M
7,-7.447246157799164,11.981610712533374,BabyLM 125M
8,-7.447246157799164,11.77618610304559,BabyLM 125M
9,-7.447246157799164,11.897401904803651,BabyLM 125M
10,-7.447246157799164,12.304181728441291,BabyLM 125M
11,-7.447246157799164,12.854162104671287,BabyLM 125M
0,-7.299464870192609,12.914382480864376,BabyLM 125M
1,-7.299464870192609,13.046447515806928,BabyLM 125M
2,-7.299464870192609,13.133034563335514,BabyLM 125M
3,-7.299464870192609,13.128785174348637,BabyLM 125M
4,-7.299464870192609,13.002805035554026,BabyLM 125M
5,-7.299464870192609,12.752291337090552,BabyLM 125M
6,-7.299464870192609,12.38167232458112,BabyLM 125M
7,-7.299464870192609,11.98745722773585,BabyLM 125M
8,-7.299464870192609,11.758236260352072,BabyLM 125M
9,-7.299464870192609,11.862687470855192,BabyLM 125M
10,-7.299464870192609,12.26133385920718,BabyLM 125M
11,-7.299464870192609,12.807520719565439,BabyLM 125M
0,-7.151683582586053,12.882447221494935,BabyLM 125M
1,-7.151683582586053,13.009741110165555,BabyLM 125M
2,-7.151683582586053,13.09757491458454,BabyLM 125M
3,-7.151683582586053,13.106550940817064,BabyLM 125M
4,-7.151683582586053,13.004820723262151,BabyLM 125M
5,-7.151683582586053,12.775197520768868,BabyLM 125M
6,-7.151683582586053,12.406807631525824,BabyLM 125M
7,-7.151683582586053,11.995232871792865,BabyLM 125M
8,-7.151683582586053,11.74251057590108,BabyLM 125M
9,-7.151683582586053,11.830108731698022,BabyLM 125M
10,-7.151683582586053,12.220180730428522,BabyLM 125M
11,-7.151683582586053,12.761956277427084,BabyLM 125M
0,-7.003902294979498,12.850650778528152,BabyLM 125M
1,-7.003902294979498,12.973588455438467,BabyLM 125M
2,-7.003902294979498,13.063012736287204,BabyLM 125M
3,-7.003902294979498,13.08541612577561,BabyLM 125M
4,-7.003902294979498,13.008005120907113,BabyLM 125M
5,-7.003902294979498,12.799372897949679,BabyLM 125M
6,-7.003902294979498,12.433515489092558,BabyLM 125M
7,-7.003902294979498,12.005030238998112,BabyLM 125M
8,-7.003902294979498,11.729115804801811,BabyLM 125M
9,-7.003902294979498,11.799768196374123,BabyLM 125M
10,-7.003902294979498,12.180803686228646,BabyLM 125M
11,-7.003902294979498,12.717520469346312,BabyLM 125M
0,-6.856121007372942,12.818999509712253,BabyLM 125M
1,-6.856121007372942,12.938014913245944,BabyLM 125M
2,-6.856121007372942,13.029389132312174,BabyLM 125M
3,-6.856121007372942,13.065431082250438,BabyLM 125M
4,-6.856121007372942,13.012411755041853,BabyLM 125M
5,-6.856121007372942,12.824875597302098,BabyLM 125M
6,-6.856121007372942,12.461867919612509,BabyLM 125M
7,-6.856121007372942,12.016941923645282,BabyLM 125M
8,-6.856121007372942,11.718158702163468,BabyLM 125M
9,-6.856121007372942,11.771768373925477,BabyLM 125M
10,-6.856121007372942,12.143284070730884,BabyLM 125M
11,-6.856121007372942,12.674264986413219,BabyLM 125M
0,-6.7083397197663865,12.787499772795462,BabyLM 125M
1,-6.7083397197663865,12.90304584520826,BabyLM 125M
2,-6.7083397197663865,12.996745206528114,BabyLM 125M
3,-6.7083397197663865,13.046646163267699,BabyLM 125M
4,-6.7083397197663865,13.01809415221932,BabyLM 125M
5,-6.7083397197663865,12.851763747495236,BabyLM 125M
6,-6.7083397197663865,12.491936945416855,BabyLM 125M
7,-6.7083397197663865,12.031060520028069,BabyLM 125M
8,-6.7083397197663865,11.709746023095247,BabyLM 125M
9,-6.7083397197663865,11.746211773394071,BabyLM 125M
10,-6.7083397197663865,12.107703228058565,BabyLM 125M
11,-6.7083397197663865,12.632241519717898,BabyLM 125M
0,-6.560558432159831,12.756157925526004,BabyLM 125M
1,-6.560558432159831,12.868706612945692,BabyLM 125M
2,-6.560558432159831,12.965122062803692,BabyLM 125M
3,-6.560558432159831,13.029111721853551,BabyLM 125M
4,-6.560558432159831,13.025105838992456,BabyLM 125M
5,-6.560558432159831,12.880095477198209,BabyLM 125M
6,-6.560558432159831,12.523794588836783,BabyLM 125M
7,-6.560558432159831,12.047478622440163,BabyLM 125M
8,-6.560558432159831,11.703984522706348,BabyLM 125M
9,-6.560558432159831,11.723200903821889,BabyLM 125M
10,-6.560558432159831,12.074142502335024,BabyLM 125M
11,-6.560558432159831,12.591501760350441,BabyLM 125M
0,-6.412777144553276,12.724980325652105,BabyLM 125M
1,-6.412777144553276,12.835022578078519,BabyLM 125M
2,-6.412777144553276,12.934560805007573,BabyLM 125M
3,-6.412777144553276,13.012878111034155,BabyLM 125M
4,-6.412777144553276,13.033500341914207,BabyLM 125M
5,-6.412777144553276,12.909928915080128,BabyLM 125M
6,-6.412777144553276,12.557512872203471,BabyLM 125M
7,-6.412777144553276,12.06628882517526,BabyLM 125M
8,-6.412777144553276,11.700980956105974,BabyLM 125M
9,-6.412777144553276,11.70283827425091,BabyLM 125M
10,-6.412777144553276,12.042683237683585,BabyLM 125M
11,-6.412777144553276,12.552097399400942,BabyLM 125M
0,-6.264995856946721,12.693973330921988,BabyLM 125M
1,-6.264995856946721,12.802019102227014,BabyLM 125M
2,-6.264995856946721,12.905102537008425,BabyLM 125M
3,-6.264995856946721,12.997995683835663,BabyLM 125M
4,-6.264995856946721,13.043331187537515,BabyLM 125M
5,-6.264995856946721,12.941322189810109,BabyLM 125M
6,-6.264995856946721,12.59316381784811,BabyLM 125M
7,-6.264995856946721,12.087583722527048,BabyLM 125M
8,-6.264995856946721,11.700842078403321,BabyLM 125M
9,-6.264995856946721,11.685226393723122,BabyLM 125M
10,-6.264995856946721,12.013406778227585,BabyLM 125M
11,-6.264995856946721,12.514080127959497,BabyLM 125M
0,-6.117214569340165,12.66314329908388,BabyLM 125M
1,-6.117214569340165,12.769721547011455,BabyLM 125M
2,-6.117214569340165,12.876788362674914,BabyLM 125M
3,-6.117214569340165,12.984514793284234,BabyLM 125M
4,-6.117214569340165,13.054651902415326,BabyLM 125M
5,-6.117214569340165,12.974333430057262,BabyLM 125M
6,-6.117214569340165,12.630819448101876,BabyLM 125M
7,-6.117214569340165,12.111455908789225,BabyLM 125M
8,-6.117214569340165,11.703674644707592,BabyLM 125M
9,-6.117214569340165,11.670467771280506,BabyLM 125M
10,-6.117214569340165,11.986394468090353,BabyLM 125M
11,-6.117214569340165,12.477501637116196,BabyLM 125M
0,-5.969433281733609,12.632496587886003,BabyLM 125M
1,-5.969433281733609,12.73815527405212,BabyLM 125M
2,-5.969433281733609,12.849659385875704,BabyLM 125M
3,-5.969433281733609,12.972485792406026,BabyLM 125M
4,-5.969433281733609,13.067516013100585,BabyLM 125M
5,-5.969433281733609,13.009020764490705,BabyLM 125M
6,-5.969433281733609,12.670551785295956,BabyLM 125M
7,-5.969433281733609,12.137997978255477,BabyLM 125M
8,-5.969433281733609,11.709585410127984,BabyLM 125M
9,-5.969433281733609,11.65866491596505,BabyLM 125M
10,-5.969433281733609,11.961727651395217,BabyLM 125M
11,-5.969433281733609,12.442413617961135,BabyLM 125M
0,-5.821651994127054,12.602039555076587,BabyLM 125M
1,-5.821651994127054,12.707345644969285,BabyLM 125M
2,-5.821651994127054,12.823756710479463,BabyLM 125M
3,-5.821651994127054,12.961959034227196,BabyLM 125M
4,-5.821651994127054,13.081977046146234,BabyLM 125M
5,-5.821651994127054,13.045442321779547,BabyLM 125M
6,-5.821651994127054,12.71243285176153,BabyLM 125M
7,-5.821651994127054,12.167302525219501,BabyLM 125M
8,-5.821651994127054,11.7186811297737,BabyLM 125M
9,-5.821651994127054,11.649920336818731,BabyLM 125M
10,-5.821651994127054,11.93948767226551,BabyLM 125M
11,-5.821651994127054,12.408867761584405,BabyLM 125M
0,-5.673870706520498,12.571778558403851,BabyLM 125M
1,-5.673870706520498,12.677318021383225,BabyLM 125M
2,-5.673870706520498,12.799121440354858,BabyLM 125M
3,-5.673870706520498,12.952984871773898,BabyLM 125M
4,-5.673870706520498,13.098088528105219,BabyLM 125M
5,-5.673870706520498,13.083656230592904,BabyLM 125M
6,-5.673870706520498,12.756534669829785,BabyLM 125M
7,-5.673870706520498,12.199462143974989,BabyLM 125M
8,-5.673870706520498,11.731068558753934,BabyLM 125M
9,-5.673870706520498,11.644336542883538,BabyLM 125M
10,-5.673870706520498,11.919755874824563,BabyLM 125M
11,-5.673870706520498,12.3769157590761,BabyLM 125M
0,-5.5260894189139425,12.541719955616026,BabyLM 125M
1,-5.5260894189139425,12.648097764914219,BabyLM 125M
2,-5.5260894189139425,12.775794679370554,BabyLM 125M
3,-5.5260894189139425,12.945613658072292,BabyLM 125M
4,-5.5260894189139425,13.115903985530483,BabyLM 125M
5,-5.5260894189139425,13.123720619599888,BabyLM 125M
6,-5.5260894189139425,12.802929261831903,BabyLM 125M
7,-5.5260894189139425,12.23456942881563,BabyLM 125M
8,-5.5260894189139425,11.746854452177892,BabyLM 125M
9,-5.5260894189139425,11.642016043201453,BabyLM 125M
10,-5.5260894189139425,11.902613603195707,BabyLM 125M
11,-5.5260894189139425,12.346609301526316,BabyLM 125M
0,-5.378308131307387,12.511870104461332,BabyLM 125M
1,-5.378308131307387,12.619710237182542,BabyLM 125M
2,-5.378308131307387,12.753817531395217,BabyLM 125M
3,-5.378308131307387,12.939895746148535,BabyLM 125M
4,-5.378308131307387,13.135476944974974,BabyLM 125M
5,-5.378308131307387,13.165693617469614,BabyLM 125M
6,-5.378308131307387,12.851688650099064,BabyLM 125M
7,-5.378308131307387,12.27271697403512,BabyLM 125M
8,-5.378308131307387,11.76614556515477,BabyLM 125M
9,-5.378308131307387,11.64306134681446,BabyLM 125M
10,-5.378308131307387,11.888142201502271,BabyLM 125M
11,-5.378308131307387,12.318000080025143,BabyLM 125M
0,-5.230526843700831,12.482235362687996,BabyLM 125M
1,-5.230526843700831,12.592180799808471,BabyLM 125M
2,-5.230526843700831,12.733231100297514,BabyLM 125M
3,-5.230526843700831,12.935881489028782,BabyLM 125M
4,-5.230526843700831,13.15686093299163,BabyLM 125M
5,-5.230526843700831,13.209633352871194,BabyLM 125M
6,-5.230526843700831,12.902884856962453,BabyLM 125M
7,-5.230526843700831,12.313997373927151,BabyLM 125M
8,-5.230526843700831,11.78904865279377,BabyLM 125M
9,-5.230526843700831,11.647574962764539,BabyLM 125M
10,-5.230526843700831,11.876423013867587,BabyLM 125M
11,-5.230526843700831,12.291139785662677,BabyLM 125M
0,-5.082745556094276,12.452822248962761,BabyLM 125M
1,-5.082745556094276,12.565534827000851,BabyLM 125M
2,-5.082745556094276,12.714076171823509,BabyLM 125M
3,-5.082745556094276,12.933620228256274,BabyLM 125M
4,-5.082745556094276,13.180107484082399,BabyLM 125M
5,-5.082745556094276,13.255595266713744,BabyLM 125M
6,-5.082745556094276,12.956587410756008,BabyLM 125M
7,-5.082745556094276,12.358501852829006,BabyLM 125M
8,-5.082745556094276,11.815670631566672,BabyLM 125M
9,-5.082745556094276,11.655660998122455,BabyLM 125M
10,-5.082745556094276,11.867540219261155,BabyLM 125M
11,-5.082745556094276,12.266084080424054,BabyLM 125M
0,-4.93496426848772,12.423646023859877,BabyLM 125M
1,-4.93496426848772,12.539798376843194,BabyLM 125M
2,-4.93496426848772,12.696376249690951,BabyLM 125M
3,-4.93496426848772,12.93310635650782,BabyLM 125M
4,-4.93496426848772,13.205159914466385,BabyLM 125M
5,-4.93496426848772,13.30348878719344,BabyLM 125M
6,-4.93496426848772,13.0127303532729,BabyLM 125M
7,-4.93496426848772,12.406247212119062,BabyLM 125M
8,-4.93496426848772,11.846127183976611,BabyLM 125M
9,-4.93496426848772,11.66751037296208,BabyLM 125M
10,-4.93496426848772,11.86173199982996,BabyLM 125M
11,-4.93496426848772,12.243104345390877,BabyLM 125M
0,-4.787182980881165,12.39473499738131,BabyLM 125M
1,-4.787182980881165,12.514998528268643,BabyLM 125M
2,-4.787182980881165,12.680129039978011,BabyLM 125M
3,-4.787182980881165,12.934252241883826,BabyLM 125M
4,-4.787182980881165,13.231799998198401,BabyLM 125M
5,-4.787182980881165,13.353005382943188,BabyLM 125M
6,-4.787182980881165,13.071045479620674,BabyLM 125M
7,-4.787182980881165,12.457139158769639,BabyLM 125M
8,-4.787182980881165,11.88054707796515,BabyLM 125M
9,-4.787182980881165,11.683443596924285,BabyLM 125M
10,-4.787182980881165,11.859466425000205,BabyLM 125M
11,-4.787182980881165,12.222793974975717,BabyLM 125M
0,-4.63940169327461,12.36611854553184,BabyLM 125M
1,-4.63940169327461,12.49116244360316,BabyLM 125M
2,-4.63940169327461,12.66533014136343,BabyLM 125M
3,-4.63940169327461,12.936963551928061,BabyLM 125M
4,-4.63940169327461,13.259796313014927,BabyLM 125M
5,-4.63940169327461,13.403818717561558,BabyLM 125M
6,-4.63940169327461,13.131248063451574,BabyLM 125M
7,-4.63940169327461,12.511074324493023,BabyLM 125M
8,-4.63940169327461,11.919060150418375,BabyLM 125M
9,-4.63940169327461,11.703791765772676,BabyLM 125M
10,-4.63940169327461,11.861230343603022,BabyLM 125M
11,-4.63940169327461,12.205772668738408,BabyLM 125M
0,-4.491620405668054,12.337826044316248,BabyLM 125M
1,-4.491620405668054,12.468317285172711,BabyLM 125M
2,-4.491620405668054,12.651975152525953,BabyLM 125M
3,-4.491620405668054,12.941145954184291,BabyLM 125M
4,-4.491620405668054,13.28891743665244,BabyLM 125M
5,-4.491620405668054,13.455602454647126,BabyLM 125M
6,-4.491620405668054,13.19305337841785,BabyLM 125M
7,-4.491620405668054,12.567949341001505,BabyLM 125M
8,-4.491620405668054,11.961796238222364,BabyLM 125M
9,-4.491620405668054,11.728885975270861,BabyLM 125M
10,-4.491620405668054,11.867510604469548,BabyLM 125M
11,-4.491620405668054,12.192660126238792,BabyLM 125M
0,-4.343839118061498,12.309886869739318,BabyLM 125M
1,-4.343839118061498,12.446490215303257,BabyLM 125M
2,-4.343839118061498,12.64005967214432,BabyLM 125M
3,-4.343839118061498,12.946705116196283,BabyLM 125M
4,-4.343839118061498,13.318931946847421,BabyLM 125M
5,-4.343839118061498,13.508030257798469,BabyLM 125M
6,-4.343839118061498,13.25617669817175,BabyLM 125M
7,-4.343839118061498,12.627660840007369,BabyLM 125M
8,-4.343839118061498,12.008885178263204,BabyLM 125M
9,-4.343839118061498,11.759057321182445,BabyLM 125M
10,-4.343839118061498,11.878794056430909,BabyLM 125M
11,-4.343839118061498,12.184076047036704,BabyLM 125M
0,-4.196057830454943,12.28233039780583,BabyLM 125M
1,-4.196057830454943,12.425708396320758,BabyLM 125M
2,-4.196057830454943,12.629579298897275,BabyLM 125M
3,-4.196057830454943,12.953546705507806,BabyLM 125M
4,-4.196057830454943,13.349608421336347,BabyLM 125M
5,-4.196057830454943,13.560775790614159,BabyLM 125M
6,-4.196057830454943,13.32033329636552,BabyLM 125M
7,-4.196057830454943,12.690105453222904,BabyLM 125M
8,-4.196057830454943,12.060456807426975,BabyLM 125M
9,-4.196057830454943,11.794636899271035,BabyLM 125M
10,-4.196057830454943,11.895567548318244,BabyLM 125M
11,-4.196057830454943,12.180640130691984,BabyLM 125M
0,-4.048276542848388,12.255186004520564,BabyLM 125M
1,-4.048276542848388,12.405998990551181,BabyLM 125M
2,-4.048276542848388,12.620529631463562,BabyLM 125M
3,-4.048276542848388,12.961576389662627,BabyLM 125M
4,-4.048276542848388,13.380715437855699,BabyLM 125M
5,-4.048276542848388,13.613512716692775,BabyLM 125M
6,-4.048276542848388,13.38523844665141,BabyLM 125M
7,-4.048276542848388,12.755179812360396,BabyLM 125M
8,-4.048276542848388,12.11664096259976,BabyLM 125M
9,-4.048276542848388,11.835955805300237,BabyLM 125M
10,-4.048276542848388,11.918317928962683,BabyLM 125M
11,-4.048276542848388,12.18297207676447,BabyLM 125M
0,-3.9004952552418324,12.228483065888302,BabyLM 125M
1,-3.9004952552418324,12.387389160320488,BabyLM 125M
2,-3.9004952552418324,12.612906268521922,BabyLM 125M
3,-3.9004952552418324,12.970699836204512,BabyLM 125M
4,-3.9004952552418324,13.412021574141951,BabyLM 125M
5,-3.9004952552418324,13.665914699632888,BabyLM 125M
6,-3.9004952552418324,13.450607422681665,BabyLM 125M
7,-3.9004952552418324,12.822780549132132,BabyLM 125M
8,-3.9004952552418324,12.177567480667642,BabyLM 125M
9,-3.9004952552418324,11.883345135033661,BabyLM 125M
10,-3.9004952552418324,11.947532047195358,BabyLM 125M
11,-3.9004952552418324,12.191691584814,BabyLM 125M
0,-3.7527139676352768,12.202250957913826,BabyLM 125M
1,-3.7527139676352768,12.369906067954641,BabyLM 125M
2,-3.7527139676352768,12.606704808751099,BabyLM 125M
3,-3.7527139676352768,12.98082271267723,BabyLM 125M
4,-3.7527139676352768,13.443295407931588,BabyLM 125M
5,-3.7527139676352768,13.717655403033078,BabyLM 125M
6,-3.7527139676352768,13.516155498108537,BabyLM 125M
7,-3.7527139676352768,12.8928042952504,BabyLM 125M
8,-3.7527139676352768,12.243366198516703,BabyLM 125M
9,-3.7527139676352768,11.937135984234912,BabyLM 125M
10,-3.7527139676352768,11.983696751847404,BabyLM 125M
11,-3.7527139676352768,12.207418354400414,BabyLM 125M
0,-3.604932680028721,12.176519056601919,BabyLM 125M
1,-3.604932680028721,12.353576875779604,BabyLM 125M
2,-3.604932680028721,12.601920850829837,BabyLM 125M
3,-3.604932680028721,12.991850686624549,BabyLM 125M
4,-3.604932680028721,13.474305516961085,BabyLM 125M
5,-3.604932680028721,13.768408490491915,BabyLM 125M
6,-3.604932680028721,13.581597946584269,BabyLM 125M
7,-3.604932680028721,12.965147682427489,BabyLM 125M
8,-3.604932680028721,12.314166953033029,BabyLM 125M
9,-3.604932680028721,11.997659448667596,BabyLM 125M
10,-3.604932680028721,12.027298891749956,BabyLM 125M
11,-3.604932680028721,12.230772085083546,BabyLM 125M
0,-3.4571513924221655,12.151316766556675,BabyLM 125M
1,-3.4571513924221655,12.338428763041321,BabyLM 125M
2,-3.4571513924221655,12.598550003321753,BabyLM 125M
3,-3.4571513924221655,13.003689437670362,BabyLM 125M
4,-3.4571513924221655,13.50482050002875,BabyLM 125M
5,-3.4571513924221655,13.817847646340706,BabyLM 125M
6,-3.4571513924221655,13.64665003604013,BabyLM 125M
7,-3.4571513924221655,13.039707286861686,BabyLM 125M
8,-3.4571513924221655,12.390099474840815,BabyLM 125M
9,-3.4571513924221655,12.065246487015182,BabyLM 125M
10,-3.4571513924221655,12.078825168178325,BabyLM 125M
11,-3.4571513924221655,12.262372328606586,BabyLM 125M
0,-3.30937010481561,12.126751185671354,BabyLM 125M
1,-3.30937010481561,12.324534874042339,BabyLM 125M
2,-3.30937010481561,12.596614728183628,BabyLM 125M
3,-3.30937010481561,13.01627746247292,BabyLM 125M
4,-3.30937010481561,13.534666172782144,BabyLM 125M
5,-3.30937010481561,13.865702877719984,BabyLM 125M
6,-3.30937010481561,13.711011492708359,BabyLM 125M
7,-3.30937010481561,13.116228874684245,BabyLM 125M
8,-3.30937010481561,12.471004822099683,BabyLM 125M
9,-3.30937010481561,12.139855664206427,BabyLM 125M
10,-3.30937010481561,12.13836143028266,BabyLM 125M
11,-3.30937010481561,12.302437076003159,BabyLM 125M
0,-3.1615888172090543,12.103176298225394,BabyLM 125M
1,-3.1615888172090543,12.312114416494747,BabyLM 125M
2,-3.1615888172090543,12.596222819545261,BabyLM 125M
3,-3.1615888172090543,13.029657540558464,BabyLM 125M
4,-3.1615888172090543,13.563850169160903,BabyLM 125M
5,-3.1615888172090543,13.911883169066538,BabyLM 125M
6,-3.1615888172090543,13.774332655879949,BabyLM 125M
7,-3.1615888172090543,13.193978982058729,BabyLM 125M
8,-3.1615888172090543,12.5558067369135,BabyLM 125M
9,-3.1615888172090543,12.220262187516793,BabyLM 125M
10,-3.1615888172090543,12.204719737241732,BabyLM 125M
11,-3.1615888172090543,12.349908276663026,BabyLM 125M
0,-3.0138075296024986,12.08099501695942,BabyLM 125M
1,-3.0138075296024986,12.301415545263115,BabyLM 125M
2,-3.0138075296024986,12.597498982845249,BabyLM 125M
3,-3.0138075296024986,13.04389311845047,BabyLM 125M
4,-3.0138075296024986,13.59241615623465,BabyLM 125M
5,-3.0138075296024986,13.956332974912648,BabyLM 125M
6,-3.0138075296024986,13.836254077238424,BabyLM 125M
7,-3.0138075296024986,13.272129170349832,BabyLM 125M
8,-3.0138075296024986,12.643247165768623,BabyLM 125M
9,-3.0138075296024986,12.305006743923128,BabyLM 125M
10,-3.0138075296024986,12.276459705869458,BabyLM 125M
11,-3.0138075296024986,12.403474991369936,BabyLM 125M
0,-2.866026241995943,12.060610254614058,BabyLM 125M
1,-2.866026241995943,12.292686415212009,BabyLM 125M
2,-2.866026241995943,12.600567923522194,BabyLM 125M
3,-2.866026241995943,13.059047642672411,BabyLM 125M
4,-2.866026241995943,13.620407801073018,BabyLM 125M
5,-2.866026241995943,13.998996749790592,BabyLM 125M
6,-2.866026241995943,13.896416308467305,BabyLM 125M
7,-2.866026241995943,13.349851000922243,BabyLM 125M
8,-2.866026241995943,12.73206805515141,BabyLM 125M
9,-2.866026241995943,12.392630020402285,BabyLM 125M
10,-2.866026241995943,12.352140952979758,BabyLM 125M
11,-2.866026241995943,12.461826280907642,BabyLM 125M
0,-2.7182449543893874,12.04242492392993,BabyLM 125M
1,-2.7182449543893874,12.286175181205994,BabyLM 125M
2,-2.7182449543893874,12.605554347014698,BabyLM 125M
3,-2.7182449543893874,13.075184559747761,BabyLM 125M
4,-2.7182449543893874,13.647868770745632,BabyLM 125M
5,-2.7182449543893874,14.039818948232648,BabyLM 125M
6,-2.7182449543893874,13.954459901250113,BabyLM 125M
7,-2.7182449543893874,13.426316035140655,BabyLM 125M
8,-2.7182449543893874,12.82101135154822,BabyLM 125M
9,-2.7182449543893874,12.481672703931114,BabyLM 125M
10,-2.7182449543893874,12.430323095386555,BabyLM 125M
11,-2.7182449543893874,12.52365120605989,BabyLM 125M
0,-2.5704636667828327,12.026841937647665,BabyLM 125M
1,-2.5704636667828327,12.28212999810964,BabyLM 125M
2,-2.5704636667828327,12.612582958761358,BabyLM 125M
3,-2.5704636667828327,13.092367316199992,BabyLM 125M
4,-2.5704636667828327,13.67484273232212,BabyLM 125M
5,-2.5704636667828327,14.078744024771094,BabyLM 125M
6,-2.5704636667828327,14.010025407270371,BabyLM 125M
7,-2.5704636667828327,13.500695834369756,BabyLM 125M
8,-2.5704636667828327,12.90881900144541,BabyLM 125M
9,-2.5704636667828327,12.570675481486465,BabyLM 125M
10,-2.5704636667828327,12.509565749903768,BabyLM 125M
11,-2.5704636667828327,12.58763882761043,BabyLM 125M
0,-2.422682379176277,12.014264208507887,BabyLM 125M
1,-2.422682379176277,12.280799020787516,BabyLM 125M
2,-2.422682379176277,12.621778464200778,BabyLM 125M
3,-2.422682379176277,13.110659358552578,BabyLM 125M
4,-2.422682379176277,13.701373352872109,BabyLM 125M
5,-2.422682379176277,14.115716433938212,BabyLM 125M
6,-2.422682379176277,14.062753378211601,BabyLM 125M
7,-2.422682379176277,13.57216195997424,BabyLM 125M
8,-2.422682379176277,12.99423295132934,BabyLM 125M
9,-2.422682379176277,12.658179040045187,BabyLM 125M
10,-2.422682379176277,12.588428533345322,BabyLM 125M
11,-2.422682379176277,12.652478206343012,BabyLM 125M
0,-2.2749010915697214,12.00509464925122,BabyLM 125M
1,-2.2749010915697214,12.282430404104188,BabyLM 125M
2,-2.2749010915697214,12.633265568771556,BabyLM 125M
3,-2.2749010915697214,13.13012413332899,BabyLM 125M
4,-2.2749010915697214,13.727504299465227,BabyLM 125M
5,-2.2749010915697214,14.150680630266278,BabyLM 125M
6,-2.2749010915697214,14.112284365757326,BabyLM 125M
7,-2.2749010915697214,13.639885973318798,BabyLM 125M
8,-2.2749010915697214,13.07599514768637,BabyLM 125M
9,-2.2749010915697214,12.742724066584136,BabyLM 125M
10,-2.2749010915697214,12.665471062525134,BabyLM 125M
11,-2.2749010915697214,12.716858403041389,BabyLM 125M
0,-2.127119803963166,11.99973617261829,BabyLM 125M
1,-2.127119803963166,12.28727230292422,BabyLM 125M
2,-2.127119803963166,12.647168977912292,BabyLM 125M
3,-2.127119803963166,13.150825087052706,BabyLM 125M
4,-2.127119803963166,13.753279239171102,BabyLM 125M
5,-2.127119803963166,14.183581068287571,BabyLM 125M
6,-2.127119803963166,14.158258921591065,BabyLM 125M
7,-2.127119803963166,13.703039435768119,BabyLM 125M
8,-2.127119803963166,13.152847537002852,BabyLM 125M
9,-2.127119803963166,12.822851248080157,BabyLM 125M
10,-2.127119803963166,12.739252954257127,BabyLM 125M
11,-2.127119803963166,12.779468478489306,BabyLM 125M
0,-1.9793385163566102,11.998591691349722,BabyLM 125M
1,-1.9793385163566102,12.295572872112185,BabyLM 125M
2,-1.9793385163566102,12.663613397061589,BabyLM 125M
3,-1.9793385163566102,13.172825666247194,BabyLM 125M
4,-1.9793385163566102,13.778741839059359,BabyLM 125M
5,-1.9793385163566102,14.214362202534371,BabyLM 125M
6,-1.9793385163566102,14.200317597396342,BabyLM 125M
7,-1.9793385163566102,13.760793908686896,BabyLM 125M
8,-1.9793385163566102,13.22353206576515,BabyLM 125M
9,-1.9793385163566102,12.897101271510104,BabyLM 125M
10,-1.9793385163566102,12.808333825355222,BabyLM 125M
11,-1.9793385163566102,12.838997493470515,BabyLM 125M
0,-1.8315572287500546,12.002061199914795,BabyLM 125M
1,-1.8315572287500546,12.307578306059197,BabyLM 125M
2,-1.8315572287500546,12.682722394756803,BabyLM 125M
3,-1.8315572287500546,13.196188737722412,BabyLM 125M
4,-1.8315572287500546,13.803935595224521,BabyLM 125M
5,-1.8315572287500546,14.242969180507803,BabyLM 125M
6,-1.8315572287500546,14.238103577881535,BabyLM 125M
7,-1.8315572287500546,13.81232633678681,BabyLM 125M
8,-1.8315572287500546,13.28679847179653,BabyLM 125M
9,-1.8315572287500546,12.964023620267893,BabyLM 125M
10,-1.8315572287500546,12.871281767131613,BabyLM 125M
11,-1.8315572287500546,12.894141995430717,BabyLM 125M
0,-1.683775941143499,12.010335546275584,BabyLM 125M
1,-1.683775941143499,12.323394296055172,BabyLM 125M
2,-1.683775941143499,12.704538060160935,BabyLM 125M
3,-1.683775941143499,13.220935621412416,BabyLM 125M
4,-1.683775941143499,13.828891750326555,BabyLM 125M
5,-1.683775941143499,14.269396813361542,BabyLM 125M
6,-1.683775941143499,14.271448751232741,BabyLM 125M
7,-1.683775941143499,13.857199478189854,BabyLM 125M
8,-1.683775941143499,13.34195488201691,BabyLM 125M
9,-1.683775941143499,13.022798198872398,BabyLM 125M
10,-1.683775941143499,12.927272220765632,BabyLM 125M
11,-1.683775941143499,12.94413508548444,BabyLM 125M
0,-1.5359946535369442,12.023260140198154,BabyLM 125M
1,-1.5359946535369442,12.342894470524314,BabyLM 125M
2,-1.5359946535369442,12.728967906495615,BabyLM 125M
3,-1.5359946535369442,13.247019016082044,BabyLM 125M
4,-1.5359946535369442,13.853621308560156,BabyLM 125M
5,-1.5359946535369442,14.293721939545692,BabyLM 125M
6,-1.5359946535369442,14.30049667896877,BabyLM 125M
7,-1.5359946535369442,13.895613322259587,BabyLM 125M
8,-1.5359946535369442,13.389231690348424,BabyLM 125M
9,-1.5359946535369442,13.073646151015192,BabyLM 125M
10,-1.5359946535369442,12.97648376081548,BabyLM 125M
11,-1.5359946535369442,12.989096067121306,BabyLM 125M
0,-1.3882133659303886,12.040648044510707,BabyLM 125M
1,-1.3882133659303886,12.36593072745342,BabyLM 125M
2,-1.3882133659303886,12.755906845250342,BabyLM 125M
3,-1.3882133659303886,13.274385194788964,BabyLM 125M
4,-1.3882133659303886,13.878133378983957,BabyLM 125M
5,-1.3882133659303886,14.31602907857137,BabyLM 125M
6,-1.3882133659303886,14.325420107794208,BabyLM 125M
7,-1.3882133659303886,13.92782752888707,BabyLM 125M
8,-1.3882133659303886,13.428945652076129,BabyLM 125M
9,-1.3882133659303886,13.116886122341043,BabyLM 125M
10,-1.3882133659303886,13.019188895554418,BabyLM 125M
11,-1.3882133659303886,13.02922722809119,BabyLM 125M
0,-1.240432078323833,12.062312322041446,BabyLM 125M
1,-1.240432078323833,12.392354964829286,BabyLM 125M
2,-1.240432078323833,12.785249787914616,BabyLM 125M
3,-1.240432078323833,13.302980430590834,BabyLM 125M
4,-1.240432078323833,13.9024370706566,BabyLM 125M
5,-1.240432078323833,14.336402749949693,BabyLM 125M
6,-1.240432078323833,14.34639178441365,BabyLM 125M
7,-1.240432078323833,13.95410175796336,BabyLM 125M
8,-1.240432078323833,13.46141352248507,BabyLM 125M
9,-1.240432078323833,13.152836758494718,BabyLM 125M
10,-1.240432078323833,13.055660133255703,BabyLM 125M
11,-1.240432078323833,13.06473085614396,BabyLM 125M
0,-1.0926507907172773,12.088066035618573,BabyLM 125M
1,-1.0926507907172773,12.422019080638709,BabyLM 125M
2,-1.0926507907172773,12.816891645977936,BabyLM 125M
3,-1.0926507907172773,13.33275099654532,BabyLM 125M
4,-1.0926507907172773,13.926541492636721,BabyLM 125M
5,-1.0926507907172773,14.354927473191779,BabyLM 125M
6,-1.0926507907172773,14.363584455531678,BabyLM 125M
7,-1.0926507907172773,13.974695669379514,BabyLM 125M
8,-1.0926507907172773,13.486952056860304,BabyLM 125M
9,-1.0926507907172773,13.181816705120982,BabyLM 125M
10,-1.0926507907172773,13.086169982192594,BabyLM 125M
11,-1.0926507907172773,13.095809239029494,BabyLM 125M
0,-0.9448695031107217,12.117722248070288,BabyLM 125M
1,-0.9448695031107217,12.454774972868485,BabyLM 125M
2,-0.9448695031107217,12.850727330929804,BabyLM 125M
3,-0.9448695031107217,13.36364316571008,BabyLM 125M
4,-0.9448695031107217,13.950455753982961,BabyLM 125M
5,-0.9448695031107217,14.371687767808748,BabyLM 125M
6,-0.9448695031107217,14.377170867852884,BabyLM 125M
7,-0.9448695031107217,13.989868923026595,BabyLM 125M
8,-0.9448695031107217,13.505878010486882,BabyLM 125M
9,-0.9448695031107217,13.204144607864603,BabyLM 125M
10,-0.9448695031107217,13.110990950638348,BabyLM 125M
11,-0.9448695031107217,13.122664664497663,BabyLM 125M
0,-0.7970882155041661,12.151094022224799,BabyLM 125M
1,-0.7970882155041661,12.49047453950541,BabyLM 125M
2,-0.7970882155041661,12.88665175425972,BabyLM 125M
3,-0.7970882155041661,13.395603211142781,BabyLM 125M
4,-0.7970882155041661,13.974188963753956,BabyLM 125M
5,-0.7970882155041661,14.386768153311714,BabyLM 125M
6,-0.7970882155041661,14.387323768081858,BabyLM 125M
7,-0.7970882155041661,13.99988117879566,BabyLM 125M
8,-0.7970882155041661,13.518508138649855,BabyLM 125M
9,-0.7970882155041661,13.220139112370347,BabyLM 125M
10,-0.7970882155041661,13.130395546866223,BabyLM 125M
11,-0.7970882155041661,13.14549942029834,BabyLM 125M
0,-0.6493069278976105,12.187994420910304,BabyLM 125M
1,-0.6493069278976105,12.528969678536283,BabyLM 125M
2,-0.6493069278976105,12.924559827457182,BabyLM 125M
3,-0.6493069278976105,13.428577405901082,BabyLM 125M
4,-0.6493069278976105,13.997750231008347,BabyLM 125M
5,-0.6493069278976105,14.400253149211798,BabyLM 125M
6,-0.6493069278976105,14.394215902923188,BabyLM 125M
7,-0.6493069278976105,14.004992096577766,BabyLM 125M
8,-0.6493069278976105,13.525159196634275,BabyLM 125M
9,-0.6493069278976105,13.23011886428298,BabyLM 125M
10,-0.6493069278976105,13.14465627914948,BabyLM 125M
11,-0.6493069278976105,13.1645157941814,BabyLM 125M
0,-0.5015256402910548,12.228236506955009,BabyLM 125M
1,-0.5015256402910548,12.570112287947898,BabyLM 125M
2,-0.5015256402910548,12.964346462011692,BabyLM 125M
3,-0.5015256402910548,13.462512023042645,BabyLM 125M
4,-0.5015256402910548,14.021148664804771,BabyLM 125M
5,-0.5015256402910548,14.412227275020117,BabyLM 125M
6,-0.5015256402910548,14.398020019081462,BabyLM 125M
7,-0.5015256402910548,14.005461336263973,BabyLM 125M
8,-0.5015256402910548,13.526147939725195,BabyLM 125M
9,-0.5015256402910548,13.23440250924727,BabyLM 125M
10,-0.5015256402910548,13.154045655761374,BabyLM 125M
11,-0.5015256402910548,13.179916073896711,BabyLM 125M
0,-0.3537443526844992,12.271633343187112,BabyLM 125M
1,-0.3537443526844992,12.613754265727055,BabyLM 125M
2,-0.3537443526844992,13.005906569412751,BabyLM 125M
3,-0.3537443526844992,13.497353335625135,BabyLM 125M
4,-0.3537443526844992,14.044393374201867,BabyLM 125M
5,-0.3537443526844992,14.422775050247788,BabyLM 125M
6,-0.3537443526844992,14.398908863261271,BabyLM 125M
7,-0.3537443526844992,14.00154855774534,BabyLM 125M
8,-0.3537443526844992,13.521791123207667,BabyLM 125M
9,-0.3537443526844992,13.233308692907979,BabyLM 125M
10,-0.3537443526844992,13.158836184975165,BabyLM 125M
11,-0.3537443526844992,13.191902547194154,BabyLM 125M
0,-0.20596306507794448,12.317997992434819,BabyLM 125M
1,-0.20596306507794448,12.659747509860544,BabyLM 125M
2,-0.20596306507794448,13.049135061149856,BabyLM 125M
3,-0.20596306507794448,13.533047616706213,BabyLM 125M
4,-0.20596306507794448,14.067493468258272,BabyLM 125M
5,-0.20596306507794448,14.43198099440593,BabyLM 125M
6,-0.20596306507794448,14.397055182167202,BabyLM 125M
7,-0.20596306507794448,13.993513420912924,BabyLM 125M
8,-0.20596306507794448,13.512405502366743,BabyLM 125M
9,-0.20596306507794448,13.227156060909879,BabyLM 125M
10,-0.20596306507794448,13.159300375064111,BabyLM 125M
11,-0.20596306507794448,13.200677501823595,BabyLM 125M
0,-0.05818177747138886,12.367143517526332,BabyLM 125M
1,-0.05818177747138886,12.70794391833517,BabyLM 125M
2,-0.05818177747138886,13.09392684871251,BabyLM 125M
3,-0.05818177747138886,13.56954113934354,BabyLM 125M
4,-0.05818177747138886,14.090458056032627,BabyLM 125M
5,-0.05818177747138886,14.43992962700566,BabyLM 125M
6,-0.05818177747138886,14.392631722503845,BabyLM 125M
7,-0.05818177747138886,13.981615585657787,BabyLM 125M
8,-0.05818177747138886,13.498307832487473,BabyLM 125M
9,-0.05818177747138886,13.216263258897731,BabyLM 125M
10,-0.05818177747138886,13.15571073430147,BabyLM 125M
11,-0.05818177747138886,13.206443225534912,BabyLM 125M
0,0.08959951013516765,12.418882981289855,BabyLM 125M
1,0.08959951013516765,12.758195389137724,BabyLM 125M
2,0.08959951013516765,13.140176843590211,BabyLM 125M
3,0.08959951013516765,13.606780176594782,BabyLM 125M
4,0.08959951013516765,14.113296246583568,BabyLM 125M
5,0.08959951013516765,14.446705467558095,BabyLM 125M
6,0.08959951013516765,14.38581123097579,BabyLM 125M
7,0.08959951013516765,13.966114711870985,BabyLM 125M
8,0.08959951013516765,13.479814868854913,BabyLM 125M
9,0.08959951013516765,13.200948932516306,BabyLM 125M
10,0.08959951013516765,13.1483397709605,BabyLM 125M
11,0.08959951013516765,13.209402006077974,BabyLM 125M
0,0.2373807977417215,12.473029446553586,BabyLM 125M
1,0.2373807977417215,12.810353820255003,BabyLM 125M
2,0.2373807977417215,13.18777995727246,BabyLM 125M
3,0.2373807977417215,13.644711001517596,BabyLM 125M
4,0.2373807977417215,14.136017148969735,BabyLM 125M
5,0.2373807977417215,14.452393035574353,BabyLM 125M
6,0.2373807977417215,14.376766454287623,BabyLM 125M
7,0.2373807977417215,13.947270459443578,BabyLM 125M
8,0.2373807977417215,13.457243366754112,BabyLM 125M
9,0.2373807977417215,13.18153172741037,BabyLM 125M
10,0.2373807977417215,13.13745999331446,BabyLM 125M
11,0.2373807977417215,13.209756131202658,BabyLM 125M
0,0.3851620853482771,12.52939597614573,BabyLM 125M
1,0.3851620853482771,12.864271109673805,BabyLM 125M
2,0.3851620853482771,13.236631101248756,BabyLM 125M
3,0.3851620853482771,13.683279887169649,BabyLM 125M
4,0.3851620853482771,14.158629872249765,BabyLM 125M
5,0.3851620853482771,14.457076850565555,BabyLM 125M
6,0.3851620853482771,14.365670139143935,BabyLM 125M
7,0.3851620853482771,13.925342488266622,BabyLM 125M
8,0.3851620853482771,13.430910081470124,BabyLM 125M
9,0.3851620853482771,13.158330289224686,BabyLM 125M
10,0.3851620853482771,13.123343909636608,BabyLM 125M
11,0.3851620853482771,13.207707888658835,BabyLM 125M
0,0.5329433729548327,12.58779563289449,BabyLM 125M
1,0.5329433729548327,12.919799155380925,BabyLM 125M
2,0.5329433729548327,13.286625187008601,BabyLM 125M
3,0.5329433729548327,13.7224331066086,BabyLM 125M
4,0.5329433729548327,14.181143525482298,BabyLM 125M
5,0.5329433729548327,14.460841432042816,BabyLM 125M
6,0.5329433729548327,14.352695032249317,BabyLM 125M
7,0.5329433729548327,13.90059045823118,BabyLM 125M
8,0.5329433729548327,13.401131768288,BabyLM 125M
9,0.5329433729548327,13.131663263604022,BabyLM 125M
10,0.5329433729548327,13.1062640282002,BabyLM 125M
11,0.5329433729548327,13.203459566196377,BabyLM 125M
0,0.680724660561388,12.64804147962807,BabyLM 125M
1,0.680724660561388,12.976789855363162,BabyLM 125M
2,0.680724660561388,13.337657126041496,BabyLM 125M
3,0.680724660561388,13.762116932892113,BabyLM 125M
4,0.680724660561388,14.203567217725972,BabyLM 125M
5,0.680724660561388,14.463771299517251,BabyLM 125M
6,0.680724660561388,14.338013880308353,BabyLM 125M
7,0.680724660561388,13.873274029228309,BabyLM 125M
8,0.680724660561388,13.368225182492791,BabyLM 125M
9,0.680724660561388,13.101849296193146,BabyLM 125M
10,0.680724660561388,13.086492857278499,BabyLM 125M
11,0.680724660561388,13.197213451565162,BabyLM 125M
0,-8.038371308225386,14.830865586245155,BabyLM 350M
1,-8.038371308225386,15.267550803372895,BabyLM 350M
2,-8.038371308225386,15.670095925966967,BabyLM 350M
3,-8.038371308225386,16.0043608594937,BabyLM 350M
4,-8.038371308225386,16.236205509419435,BabyLM 350M
5,-8.038371308225386,16.331489781210493,BabyLM 350M
6,-8.038371308225386,16.25633090125489,BabyLM 350M
7,-8.038371308225386,16.00798192746431,BabyLM 350M
8,-8.038371308225386,15.64416633434597,BabyLM 350M
9,-8.038371308225386,15.229555261292536,BabyLM 350M
10,-8.038371308225386,14.828819847696671,BabyLM 350M
11,-8.038371308225386,14.506631232951044,BabyLM 350M
12,-8.038371308225386,14.325224398931326,BabyLM 350M
13,-8.038371308225386,14.290802704622358,BabyLM 350M
14,-8.038371308225386,14.353537886118152,BabyLM 350M
15,-8.038371308225386,14.46116552199572,BabyLM 350M
16,-8.038371308225386,14.561421190832084,BabyLM 350M
17,-8.038371308225386,14.602040471204255,BabyLM 350M
18,-8.038371308225386,14.53596191186021,BabyLM 350M
19,-8.038371308225386,14.36140917229516,BabyLM 350M
20,-8.038371308225386,14.099922926474164,BabyLM 350M
21,-8.038371308225386,13.77323655096121,BabyLM 350M
22,-8.038371308225386,13.403083422320284,BabyLM 350M
23,-8.038371308225386,13.01119691711537,BabyLM 350M
0,-7.890590020618831,14.831337532885676,BabyLM 350M
1,-7.890590020618831,15.27311660216084,BabyLM 350M
2,-7.890590020618831,15.680413708183991,BabyLM 350M
3,-7.890590020618831,16.018746887703116,BabyLM 350M
4,-7.890590020618831,16.2536341774662,BabyLM 350M
5,-7.890590020618831,16.350593614221225,BabyLM 350M
6,-7.890590020618831,16.275403072868656,BabyLM 350M
7,-7.890590020618831,16.025280844757958,BabyLM 350M
8,-7.890590020618831,15.658507187069318,BabyLM 350M
9,-7.890590020618831,15.240377987099649,BabyLM 350M
10,-7.890590020618831,14.836189132145861,BabyLM 350M
11,-7.890590020618831,14.511236509504865,BabyLM 350M
12,-7.890590020618831,14.328351306955533,BabyLM 350M
13,-7.890590020618831,14.293676623361838,BabyLM 350M
14,-7.890590020618831,14.356667468672855,BabyLM 350M
15,-7.890590020618831,14.464314153319615,BabyLM 350M
16,-7.890590020618831,14.563606987733158,BabyLM 350M
17,-7.890590020618831,14.601536282344515,BabyLM 350M
18,-7.890590020618831,14.530380231145951,BabyLM 350M
19,-7.890590020618831,14.348441199866352,BabyLM 350M
20,-7.890590020618831,14.077719106490479,BabyLM 350M
21,-7.890590020618831,13.740409716542404,BabyLM 350M
22,-7.890590020618831,13.358708795546193,BabyLM 350M
23,-7.890590020618831,12.954812109025912,BabyLM 350M
0,-7.742808733012275,14.831968489599852,BabyLM 350M
1,-7.742808733012275,15.27881514631897,BabyLM 350M
2,-7.742808733012275,15.690835464098443,BabyLM 350M
3,-7.742808733012275,16.033203103998627,BabyLM 350M
4,-7.742808733012275,16.271091727079877,BabyLM 350M
5,-7.742808733012275,16.369674994402548,BabyLM 350M
6,-7.742808733012275,16.294388957899944,BabyLM 350M
7,-7.742808733012275,16.04241896513192,BabyLM 350M
8,-7.742808733012275,15.672612218800811,BabyLM 350M
9,-7.742808733012275,15.250900475178517,BabyLM 350M
10,-7.742808733012275,14.843215490536934,BabyLM 350M
11,-7.742808733012275,14.515489021147962,BabyLM 350M
12,-7.742808733012275,14.331159068769134,BabyLM 350M
13,-7.742808733012275,14.296307281327637,BabyLM 350M
14,-7.742808733012275,14.35965895292031,BabyLM 350M
15,-7.742808733012275,14.46744562312962,BabyLM 350M
16,-7.742808733012275,14.56589883153805,BabyLM 350M
17,-7.742808733012275,14.601250117728068,BabyLM 350M
18,-7.742808733012275,14.52510511137219,BabyLM 350M
19,-7.742808733012275,14.335843929963653,BabyLM 350M
20,-7.742808733012275,14.055930576214028,BabyLM 350M
21,-7.742808733012275,13.708028093208583,BabyLM 350M
22,-7.742808733012275,13.314799524032592,BabyLM 350M
23,-7.742808733012275,12.898907911771328,BabyLM 350M
0,-7.595027445405719,14.832767902039388,BabyLM 350M
1,-7.595027445405719,15.28465432130072,BabyLM 350M
2,-7.595027445405719,15.701367370044371,BabyLM 350M
3,-7.595027445405719,16.047733677752653,BabyLM 350M
4,-7.595027445405719,16.288579873907885,BabyLM 350M
5,-7.595027445405719,16.388732587992383,BabyLM 350M
6,-7.595027445405719,16.31328343067976,BabyLM 350M
7,-7.595027445405719,16.059386736790746,BabyLM 350M
8,-7.595027445405719,15.686467421101224,BabyLM 350M
9,-7.595027445405719,15.261104890552122,BabyLM 350M
10,-7.595027445405719,14.849878552084377,BabyLM 350M
11,-7.595027445405719,14.519367812638924,BabyLM 350M
12,-7.595027445405719,14.33362872617735,BabyLM 350M
13,-7.595027445405719,14.298680228136275,BabyLM 350M
14,-7.595027445405719,14.362504135427352,BabyLM 350M
15,-7.595027445405719,14.470558911982886,BabyLM 350M
16,-7.595027445405719,14.568303021735181,BabyLM 350M
17,-7.595027445405719,14.60119492861654,BabyLM 350M
18,-7.595027445405719,14.520154763132782,BabyLM 350M
19,-7.595027445405719,14.323639383373969,BabyLM 350M
20,-7.595027445405719,14.034582005037382,BabyLM 350M
21,-7.595027445405719,13.676118127767463,BabyLM 350M
22,-7.595027445405719,13.271383251208656,BabyLM 350M
23,-7.595027445405719,12.843512875005404,BabyLM 350M
0,-7.447246157799164,14.833745215855986,BabyLM 350M
1,-7.447246157799164,15.290642012559532,BabyLM 350M
2,-7.447246157799164,15.712015602355825,BabyLM 350M
3,-7.447246157799164,16.06234277833761,BabyLM 350M
4,-7.447246157799164,16.306100333597634,BabyLM 350M
5,-7.447246157799164,16.407765061228645,BabyLM 350M
6,-7.447246157799164,16.3320813655391,BabyLM 350M
7,-7.447246157799164,16.076174607938984,BabyLM 350M
8,-7.447246157799164,15.700058785531324,BabyLM 350M
9,-7.447246157799164,15.270973398243443,BabyLM 350M
10,-7.447246157799164,14.856157946002671,BabyLM 350M
11,-7.447246157799164,14.522851928736339,BabyLM 350M
12,-7.447246157799164,14.335741320985402,BabyLM 350M
13,-7.447246157799164,14.300781013404274,BabyLM 350M
14,-7.447246157799164,14.365194812760826,BabyLM 350M
15,-7.447246157799164,14.47365300043656,BabyLM 350M
16,-7.447246157799164,14.57082585781297,BabyLM 350M
17,-7.447246157799164,14.601383666271559,BabyLM 350M
18,-7.447246157799164,14.51554739702158,BabyLM 350M
19,-7.447246157799164,14.311849580884203,BabyLM 350M
20,-7.447246157799164,14.013698062353123,BabyLM 350M
21,-7.447246157799164,13.644706267026766,BabyLM 350M
22,-7.447246157799164,13.228487620503557,BabyLM 350M
23,-7.447246157799164,12.788655548381923,BabyLM 350M
0,-7.299464870192609,14.834909876701351,BabyLM 350M
1,-7.299464870192609,15.296786105548843,BabyLM 350M
2,-7.299464870192609,15.722786337366857,BabyLM 350M
3,-7.299464870192609,16.077034575125914,BabyLM 350M
4,-7.299464870192609,16.32365482179654,BabyLM 350M
5,-7.299464870192609,16.42677108034926,BabyLM 350M
6,-7.299464870192609,16.350777636808974,BabyLM 350M
7,-7.299464870192609,16.092773026781185,BabyLM 350M
8,-7.299464870192609,15.713372303651886,BabyLM 350M
9,-7.299464870192609,15.280488163275464,BabyLM 350M
10,-7.299464870192609,14.862033301506305,BabyLM 350M
11,-7.299464870192609,14.525920414198799,BabyLM 350M
12,-7.299464870192609,14.337477894998512,BabyLM 350M
13,-7.299464870192609,14.302595186748153,BabyLM 350M
14,-7.299464870192609,14.367722781487569,BabyLM 350M
15,-7.299464870192609,14.476726869047788,BabyLM 350M
16,-7.299464870192609,14.57347363925984,BabyLM 350M
17,-7.299464870192609,14.601829281954753,BabyLM 350M
18,-7.299464870192609,14.511301223632438,BabyLM 350M
19,-7.299464870192609,14.300496543281255,BabyLM 350M
20,-7.299464870192609,13.993303417553827,BabyLM 350M
21,-7.299464870192609,13.613818957794212,BabyLM 350M
22,-7.299464870192609,13.186140275346476,BabyLM 350M
23,-7.299464870192609,12.734364481554676,BabyLM 350M
0,-7.151683582586053,14.836271330227188,BabyLM 350M
1,-7.151683582586053,15.303094485722092,BabyLM 350M
2,-7.151683582586053,15.733685751411516,BabyLM 350M
3,-7.151683582586053,16.091813237489983,BabyLM 350M
4,-7.151683582586053,16.341245054152022,BabyLM 350M
5,-7.151683582586053,16.445749311592145,BabyLM 350M
6,-7.151683582586053,16.369367118820378,BabyLM 350M
7,-7.151683582586053,16.109172441521892,BabyLM 350M
8,-7.151683582586053,15.726393967023679,BabyLM 350M
9,-7.151683582586053,15.289631350671163,BabyLM 350M
10,-7.151683582586053,14.867484247809761,BabyLM 350M
11,-7.151683582586053,14.528552313784893,BabyLM 350M
12,-7.151683582586053,14.338819490021903,BabyLM 350M
13,-7.151683582586053,14.304108297784433,BabyLM 350M
14,-7.151683582586053,14.370079838174417,BabyLM 350M
15,-7.151683582586053,14.479779498373723,BabyLM 350M
16,-7.151683582586053,14.57625266556421,BabyLM 350M
17,-7.151683582586053,14.602544726927745,BabyLM 350M
18,-7.151683582586053,14.50743445355921,BabyLM 350M
19,-7.151683582586053,14.289602291352033,BabyLM 350M
20,-7.151683582586053,13.97342274003207,BabyLM 350M
21,-7.151683582586053,13.583482646877522,BabyLM 350M
22,-7.151683582586053,13.144368859166583,BabyLM 350M
23,-7.151683582586053,12.680668224177447,BabyLM 350M
0,-7.003902294979498,14.8378390220852,BabyLM 350M
1,-7.003902294979498,15.309575038532715,BabyLM 350M
2,-7.003902294979498,15.744720020823854,BabyLM 350M
3,-7.003902294979498,16.106682934802237,BabyLM 350M
4,-7.003902294979498,16.358872746311487,BabyLM 350M
5,-7.003902294979498,16.464698421195227,BabyLM 350M
6,-7.003902294979498,16.38784468590432,BabyLM 350M
7,-7.003902294979498,16.125363300365652,BabyLM 350M
8,-7.003902294979498,15.739109767207477,BabyLM 350M
9,-7.003902294979498,15.298385125453525,BabyLM 350M
10,-7.003902294979498,14.872490414127526,BabyLM 350M
11,-7.003902294979498,14.530726672253211,BabyLM 350M
12,-7.003902294979498,14.339747147860797,BabyLM 350M
13,-7.003902294979498,14.305305896129633,BabyLM 350M
14,-7.003902294979498,14.372257779388212,BabyLM 350M
15,-7.003902294979498,14.482809868971511,BabyLM 350M
16,-7.003902294979498,14.579169236214502,BabyLM 350M
17,-7.003902294979498,14.603542952452162,BabyLM 350M
18,-7.003902294979498,14.50396529739575,BabyLM 350M
19,-7.003902294979498,14.279188845883434,BabyLM 350M
20,-7.003902294979498,13.954080699180432,BabyLM 350M
21,-7.003902294979498,13.553723781084413,BabyLM 350M
22,-7.003902294979498,13.103201015393054,BabyLM 350M
23,-7.003902294979498,12.62759532590402,BabyLM 350M
0,-6.856121007372942,14.83962239792709,BabyLM 350M
1,-6.856121007372942,15.316235649434153,BabyLM 350M
2,-6.856121007372942,15.755895321937919,BabyLM 350M
3,-6.856121007372942,16.121647836435084,BabyLM 350M
4,-6.856121007372942,16.376539613922354,BabyLM 350M
5,-6.856121007372942,16.483617075396424,BabyLM 350M
6,-6.856121007372942,16.4062052123918,BabyLM 350M
7,-6.856121007372942,16.141336051517015,BabyLM 350M
8,-6.856121007372942,15.751505695764049,BabyLM 350M
9,-6.856121007372942,15.306731652645526,BabyLM 350M
10,-6.856121007372942,14.877031429674082,BabyLM 350M
11,-6.856121007372942,14.532422534362343,BabyLM 350M
12,-6.856121007372942,14.340241910320414,BabyLM 350M
13,-6.856121007372942,14.306173531400276,BabyLM 350M
14,-6.856121007372942,14.374248401695793,BabyLM 350M
15,-6.856121007372942,14.4858169613983,BabyLM 350M
16,-6.856121007372942,14.582229650699135,BabyLM 350M
17,-6.856121007372942,14.604836909789634,BabyLM 350M
18,-6.856121007372942,14.500911965735913,BabyLM 350M
19,-6.856121007372942,14.269278227662367,BabyLM 350M
20,-6.856121007372942,13.935301964391488,BabyLM 350M
21,-6.856121007372942,13.52456880722261,BabyLM 350M
22,-6.856121007372942,13.062664387455063,BabyLM 350M
23,-6.856121007372942,12.575174336388184,BabyLM 350M
0,-6.7083397197663865,14.841630903404564,BabyLM 350M
1,-6.7083397197663865,15.323084203879846,BabyLM 350M
2,-6.7083397197663865,15.767217831087763,BabyLM 350M
3,-6.7083397197663865,16.136712111760946,BabyLM 350M
4,-6.7083397197663865,16.394247372632034,BabyLM 350M
5,-6.7083397197663865,16.502503940433655,BabyLM 350M
6,-6.7083397197663865,16.42444357261382,BabyLM 350M
7,-6.7083397197663865,16.15708114318053,BabyLM 350M
8,-6.7083397197663865,15.763567744254166,BabyLM 350M
9,-6.7083397197663865,15.314653097270153,BabyLM 350M
10,-6.7083397197663865,14.881086923663915,BabyLM 350M
11,-6.7083397197663865,14.533618944870877,BabyLM 350M
12,-6.7083397197663865,14.340284819205976,BabyLM 350M
13,-6.7083397197663865,14.30669675321288,BabyLM 350M
14,-6.7083397197663865,14.376043501663995,BabyLM 350M
15,-6.7083397197663865,14.488799756211241,BabyLM 350M
16,-6.7083397197663865,14.585440208506531,BabyLM 350M
17,-6.7083397197663865,14.606439550201785,BabyLM 350M
18,-6.7083397197663865,14.49829266917355,BabyLM 350M
19,-6.7083397197663865,14.259892457475733,BabyLM 350M
20,-6.7083397197663865,13.917111205057816,BabyLM 350M
21,-6.7083397197663865,13.496044172099827,BabyLM 350M
22,-6.7083397197663865,13.022786618781788,BabyLM 350M
23,-6.7083397197663865,12.523433805283725,BabyLM 350M
0,-6.560558432159831,14.843873984169322,BabyLM 350M
1,-6.560558432159831,15.330128587323228,BabyLM 350M
2,-6.560558432159831,15.778693724607434,BabyLM 350M
3,-6.560558432159831,16.15187993015224,BabyLM 350M
4,-6.560558432159831,16.411997738087944,BabyLM 350M
5,-6.560558432159831,16.52135768254485,BabyLM 350M
6,-6.560558432159831,16.44255464090139,BabyLM 350M
7,-6.560558432159831,16.172589023560747,BabyLM 350M
8,-6.560558432159831,15.775281904238602,BabyLM 350M
9,-6.560558432159831,15.322131624350384,BabyLM 350M
10,-6.560558432159831,14.88463652531151,BabyLM 350M
11,-6.560558432159831,14.534294948537406,BabyLM 350M
12,-6.560558432159831,14.339856916322706,BabyLM 350M
13,-6.560558432159831,14.306861111183967,BabyLM 350M
14,-6.560558432159831,14.37763487585966,BabyLM 350M
15,-6.560558432159831,14.49175723396748,BabyLM 350M
16,-6.560558432159831,14.58880720912511,BabyLM 350M
17,-6.560558432159831,14.60836382495024,BabyLM 350M
18,-6.560558432159831,14.496125618302514,BabyLM 350M
19,-6.560558432159831,14.251053556110433,BabyLM 350M
20,-6.560558432159831,13.899533090571994,BabyLM 350M
21,-6.560558432159831,13.468176322523787,BabyLM 350M
22,-6.560558432159831,12.983595352802402,BabyLM 350M
23,-6.560558432159831,12.472402282244428,BabyLM 350M
0,-6.412777144553276,14.846361085873074,BabyLM 350M
1,-6.412777144553276,15.337376685217743,BabyLM 350M
2,-6.412777144553276,15.790329178830987,BabyLM 350M
3,-6.412777144553276,16.16715546098138,BabyLM 350M
4,-6.412777144553276,16.4297924259375,BabyLM 350M
5,-6.412777144553276,16.540176967967916,BabyLM 350M
6,-6.412777144553276,16.460533291585502,BabyLM 350M
7,-6.412777144553276,16.187850140862206,BabyLM 350M
8,-6.412777144553276,15.786634167278127,BabyLM 350M
9,-6.412777144553276,15.3291493989092,BabyLM 350M
10,-6.412777144553276,14.887659863831352,BabyLM 350M
11,-6.412777144553276,14.534429590120517,BabyLM 350M
12,-6.412777144553276,14.338939243475828,BabyLM 350M
13,-6.412777144553276,14.306652154930056,BabyLM 350M
14,-6.412777144553276,14.37901432084963,BabyLM 350M
15,-6.412777144553276,14.494688375224166,BabyLM 350M
16,-6.412777144553276,14.592336952043292,BabyLM 350M
17,-6.412777144553276,14.61062268529663,BabyLM 350M
18,-6.412777144553276,14.494429023716664,BabyLM 350M
19,-6.412777144553276,14.242783544353374,BabyLM 350M
20,-6.412777144553276,13.882592290326599,BabyLM 350M
21,-6.412777144553276,13.44099170530221,BabyLM 350M
22,-6.412777144553276,12.94511823294608,BabyLM 350M
23,-6.412777144553276,12.422108316924078,BabyLM 350M
0,-6.264995856946721,14.84910165416752,BabyLM 350M
1,-6.264995856946721,15.344836383016826,BabyLM 350M
2,-6.264995856946721,15.802130370092469,BabyLM 350M
3,-6.264995856946721,16.182542873620783,BabyLM 350M
4,-6.264995856946721,16.447633151828114,BabyLM 350M
5,-6.264995856946721,16.55896046294079,BabyLM 350M
6,-6.264995856946721,16.478374398997165,BabyLM 350M
7,-6.264995856946721,16.20285494328946,BabyLM 350M
8,-6.264995856946721,15.797610524933512,BabyLM 350M
9,-6.264995856946721,15.335688585969583,BabyLM 350M
10,-6.264995856946721,14.890136568437928,BabyLM 350M
11,-6.264995856946721,14.534001914378802,BabyLM 350M
12,-6.264995856946721,14.33751284247056,BabyLM 350M
13,-6.264995856946721,14.30605543406767,BabyLM 350M
14,-6.264995856946721,14.380173633200737,BabyLM 350M
15,-6.264995856946721,14.49759216053845,BabyLM 350M
16,-6.264995856946721,14.5960357367495,BabyLM 350M
17,-6.264995856946721,14.613229082502578,BabyLM 350M
18,-6.264995856946721,14.493221096009849,BabyLM 350M
19,-6.264995856946721,14.235104442991457,BabyLM 350M
20,-6.264995856946721,13.866313473714207,BabyLM 350M
21,-6.264995856946721,13.414516767242816,BabyLM 350M
22,-6.264995856946721,12.907382902641997,BabyLM 350M
23,-6.264995856946721,12.372580458976465,BabyLM 350M
0,-6.117214569340165,14.852105134704363,BabyLM 350M
1,-6.117214569340165,15.352515566173915,BabyLM 350M
2,-6.117214569340165,15.814103474725929,BabyLM 350M
3,-6.117214569340165,16.198046337442868,BabyLM 350M
4,-6.117214569340165,16.4655216314072,BabyLM 350M
5,-6.117214569340165,16.577706833701377,BabyLM 350M
6,-6.117214569340165,16.496072837467377,BabyLM 350M
7,-6.117214569340165,16.217593879047055,BabyLM 350M
8,-6.117214569340165,15.80819696876553,BabyLM 350M
9,-6.117214569340165,15.341731350554515,BabyLM 350M
10,-6.117214569340165,14.892046268345718,BabyLM 350M
11,-6.117214569340165,14.53299096607085,BabyLM 350M
12,-6.117214569340165,14.335558755112125,BabyLM 350M
13,-6.117214569340165,14.305056498213329,BabyLM 350M
14,-6.117214569340165,14.381104609479824,BabyLM 350M
15,-6.117214569340165,14.500467570467475,BabyLM 350M
16,-6.117214569340165,14.599909862732149,BabyLM 350M
17,-6.117214569340165,14.616195967829713,BabyLM 350M
18,-6.117214569340165,14.492520045775926,BabyLM 350M
19,-6.117214569340165,14.228038272811585,BabyLM 350M
20,-6.117214569340165,13.850721310127398,BabyLM 350M
21,-6.117214569340165,13.388777955153325,BabyLM 350M
22,-6.117214569340165,12.870417005319329,BabyLM 350M
23,-6.117214569340165,12.32384725805537,BabyLM 350M
0,-5.969433281733609,14.855380973135311,BabyLM 350M
1,-5.969433281733609,15.36042212014245,BabyLM 350M
2,-5.969433281733609,15.82625466906542,BabyLM 350M
3,-5.969433281733609,16.21367002182005,BabyLM 350M
4,-5.969433281733609,16.483459580322172,BabyLM 350M
5,-5.969433281733609,16.596414746487614,BabyLM 350M
6,-5.969433281733609,16.513623481327148,BabyLM 350M
7,-5.969433281733609,16.23205739633954,BabyLM 350M
8,-5.969433281733609,15.818379490334951,BabyLM 350M
9,-5.969433281733609,15.347259857686975,BabyLM 350M
10,-5.969433281733609,14.89336859276921,BabyLM 350M
11,-5.969433281733609,14.53137578995525,BabyLM 350M
12,-5.969433281733609,14.333058023205746,BabyLM 350M
13,-5.969433281733609,14.30364089698355,BabyLM 350M
14,-5.969433281733609,14.381799046253727,BabyLM 350M
15,-5.969433281733609,14.503313585568394,BabyLM 350M
16,-5.969433281733609,14.603965629479665,BabyLM 350M
17,-5.969433281733609,14.619536292539658,BabyLM 350M
18,-5.969433281733609,14.492344083608746,BabyLM 350M
19,-5.969433281733609,14.221607054600662,BabyLM 350M
20,-5.969433281733609,13.835840468958747,BabyLM 350M
21,-5.969433281733609,13.363801715841456,BabyLM 350M
22,-5.969433281733609,12.83424818440725,BabyLM 350M
23,-5.969433281733609,12.275937263814583,BabyLM 350M
0,-5.821651994127054,14.858938615112065,BabyLM 350M
1,-5.821651994127054,15.36856393037587,BabyLM 350M
2,-5.821651994127054,15.838590129444993,BabyLM 350M
3,-5.821651994127054,16.229418096124746,BabyLM 350M
4,-5.821651994127054,16.501448714220444,BabyLM 350M
5,-5.821651994127054,16.61508286753741,BabyLM 350M
6,-5.821651994127054,16.53102120490747,BabyLM 350M
7,-5.821651994127054,16.246235943371463,BabyLM 350M
8,-5.821651994127054,15.828144081202547,BabyLM 350M
9,-5.821651994127054,15.352256272389948,BabyLM 350M
10,-5.821651994127054,14.894083170922888,BabyLM 350M
11,-5.821651994127054,14.529135430790594,BabyLM 350M
12,-5.821651994127054,14.329991688556644,BabyLM 350M
13,-5.821651994127054,14.301794179994857,BabyLM 350M
14,-5.821651994127054,14.38224874008929,BabyLM 350M
15,-5.821651994127054,14.506129186398354,BabyLM 350M
16,-5.821651994127054,14.608209336480469,BabyLM 350M
17,-5.821651994127054,14.623263007894042,BabyLM 350M
18,-5.821651994127054,14.492711420102163,BabyLM 350M
19,-5.821651994127054,14.21583280914559,BabyLM 350M
20,-5.821651994127054,13.821695619600831,BabyLM 350M
21,-5.821651994127054,13.33961449611493,BabyLM 350M
22,-5.821651994127054,12.798904083334934,BabyLM 350M
23,-5.821651994127054,12.22887902590789,BabyLM 350M
0,-5.673870706520498,14.86278750628633,BabyLM 350M
1,-5.673870706520498,15.376948882327614,BabyLM 350M
2,-5.673870706520498,15.851116032198695,BabyLM 350M
3,-5.673870706520498,16.24529472972937,BabyLM 350M
4,-5.673870706520498,16.519490748749437,BabyLM 350M
5,-5.673870706520498,16.63370986308869,BabyLM 350M
6,-5.673870706520498,16.548260882539356,BabyLM 350M
7,-5.673870706520498,16.260119968347368,BabyLM 350M
8,-5.673870706520498,15.837476732929087,BabyLM 350M
9,-5.673870706520498,15.35670275968641,BabyLM 350M
10,-5.673870706520498,14.894169632021239,BabyLM 350M
11,-5.673870706520498,14.52624893333547,BabyLM 350M
12,-5.673870706520498,14.326340792970042,BabyLM 350M
13,-5.673870706520498,14.29950189686377,BabyLM 350M
14,-5.673870706520498,14.382445487553348,BabyLM 350M
15,-5.673870706520498,14.508913353514505,BabyLM 350M
16,-5.673870706520498,14.612647283222977,BabyLM 350M
17,-5.673870706520498,14.627389065154494,BabyLM 350M
18,-5.673870706520498,14.493640265850033,BabyLM 350M
19,-5.673870706520498,14.210737557233275,BabyLM 350M
20,-5.673870706520498,13.808311431446228,BabyLM 350M
21,-5.673870706520498,13.316242742781464,BabyLM 350M
22,-5.673870706520498,12.764412345531557,BabyLM 350M
23,-5.673870706520498,12.182701093989076,BabyLM 350M
0,-5.5260894189139425,14.866937092309808,BabyLM 350M
1,-5.5260894189139425,15.385584861451118,BabyLM 350M
2,-5.5260894189139425,15.863838553660578,BabyLM 350M
3,-5.5260894189139425,16.26130409200634,BabyLM 350M
4,-5.5260894189139425,16.537587399556557,BabyLM 350M
5,-5.5260894189139425,16.65229439937938,BabyLM 350M
6,-5.5260894189139425,16.565337388553804,BabyLM 350M
7,-5.5260894189139425,16.27369991947181,BabyLM 350M
8,-5.5260894189139425,15.846363437075347,BabyLM 350M
9,-5.5260894189139425,15.360581484599347,BabyLM 350M
10,-5.5260894189139425,14.893607605278744,BabyLM 350M
11,-5.5260894189139425,14.522695342348467,BabyLM 350M
12,-5.5260894189139425,14.32208637825116,BabyLM 350M
13,-5.5260894189139425,14.296749597206807,BabyLM 350M
14,-5.5260894189139425,14.382381085212739,BabyLM 350M
15,-5.5260894189139425,14.511665067473993,BabyLM 350M
16,-5.5260894189139425,14.617285769195613,BabyLM 350M
17,-5.5260894189139425,14.631927415582636,BabyLM 350M
18,-5.5260894189139425,14.495148831446208,BabyLM 350M
19,-5.5260894189139425,14.206343319650617,BabyLM 350M
20,-5.5260894189139425,13.795712573887517,BabyLM 350M
21,-5.5260894189139425,13.293712902648783,BabyLM 350M
22,-5.5260894189139425,12.730800614426293,BabyLM 350M
23,-5.5260894189139425,12.137432017711927,BabyLM 350M
0,-5.378308131307387,14.871396818834205,BabyLM 350M
1,-5.378308131307387,15.394479753199823,BabyLM 350M
2,-5.378308131307387,15.876763870164694,BabyLM 350M
3,-5.378308131307387,16.277450352328078,BabyLM 350M
4,-5.378308131307387,16.555740382289226,BabyLM 350M
5,-5.378308131307387,16.670835142647395,BabyLM 350M
6,-5.378308131307387,16.58224559728182,BabyLM 350M
7,-5.378308131307387,16.28696624494933,BabyLM 350M
8,-5.378308131307387,15.854790185202095,BabyLM 350M
9,-5.378308131307387,15.363874612151738,BabyLM 350M
10,-5.378308131307387,14.89237671990989,BabyLM 350M
11,-5.378308131307387,14.518453702588177,BabyLM 350M
12,-5.378308131307387,14.317209486205222,BabyLM 350M
13,-5.378308131307387,14.293522830640491,BabyLM 350M
14,-5.378308131307387,14.382047329634304,BabyLM 350M
15,-5.378308131307387,14.514383308833969,BabyLM 350M
16,-5.378308131307387,14.622131093886797,BabyLM 350M
17,-5.378308131307387,14.636891010440097,BabyLM 350M
18,-5.378308131307387,14.497255327484542,BabyLM 350M
19,-5.378308131307387,14.202672117184521,BabyLM 350M
20,-5.378308131307387,13.783923716317272,BabyLM 350M
21,-5.378308131307387,13.272051422524603,BabyLM 350M
22,-5.378308131307387,12.698096533448322,BabyLM 350M
23,-5.378308131307387,12.093100346730228,BabyLM 350M
0,-5.230526843700831,14.876176131511224,BabyLM 350M
1,-5.230526843700831,15.403641443027166,BabyLM 350M
2,-5.230526843700831,15.889898158045092,BabyLM 350M
3,-5.230526843700831,16.293737680066993,BabyLM 350M
4,-5.230526843700831,16.57395141259485,BabyLM 350M
5,-5.230526843700831,16.689330759130655,BabyLM 350M
6,-5.230526843700831,16.5989803830544,BabyLM 350M
7,-5.230526843700831,16.29990939298448,BabyLM 350M
8,-5.230526843700831,15.862742968870103,BabyLM 350M
9,-5.230526843700831,15.366564307366565,BabyLM 350M
10,-5.230526843700831,14.890456605129161,BabyLM 350M
11,-5.230526843700831,14.513503058813189,BabyLM 350M
12,-5.230526843700831,14.311691158637448,BabyLM 350M
13,-5.230526843700831,14.289807146781342,BabyLM 350M
14,-5.230526843700831,14.381436017384882,BabyLM 350M
15,-5.230526843700831,14.51706705815158,BabyLM 350M
16,-5.230526843700831,14.627189556784948,BabyLM 350M
17,-5.230526843700831,14.642292800988503,BabyLM 350M
18,-5.230526843700831,14.499977964558889,BabyLM 350M
19,-5.230526843700831,14.19974597062189,BabyLM 350M
20,-5.230526843700831,13.772969528128074,BabyLM 350M
21,-5.230526843700831,13.251284749216646,BabyLM 350M
22,-5.230526843700831,12.666327746026811,BabyLM 350M
23,-5.230526843700831,12.04973463069777,BabyLM 350M
0,-5.082745556094276,14.881283472214275,BabyLM 350M
1,-5.082745556094276,15.413076863310813,BabyLM 350M
2,-5.082745556094276,15.903246708558815,BabyLM 350M
3,-5.082745556094276,16.310169462109744,BabyLM 350M
4,-5.082745556094276,16.59222157811507,BabyLM 350M
5,-5.082745556094276,16.70777951072625,BabyLM 350M
6,-5.082745556094276,16.61553652580801,BabyLM 350M
7,-5.082745556094276,16.312520106529355,BabyLM 350M
8,-5.082745556094276,15.870208488675047,BabyLM 350M
9,-5.082745556094276,15.368633824287823,BabyLM 350M
10,-5.082745556094276,14.887828265410421,BabyLM 350M
11,-5.082745556094276,14.507823964085583,BabyLM 350M
12,-5.082745556094276,14.30551386936793,BabyLM 350M
13,-5.082745556094276,14.285589261585361,BabyLM 350M
14,-5.082745556094276,14.380539752339047,BabyLM 350M
15,-5.082745556094276,14.519715750242042,BabyLM 350M
16,-5.082745556094276,14.632467663907406,BabyLM 350M
17,-5.082745556094276,14.648145901948192,BabyLM 350M
18,-5.082745556094276,14.503335366643212,BabyLM 350M
19,-5.082745556094276,14.197587849584371,BabyLM 350M
20,-5.082745556094276,13.762876391754569,BabyLM 350M
21,-5.082745556094276,13.231441978346544,BabyLM 350M
22,-5.082745556094276,12.635525594553036,BabyLM 350M
23,-5.082745556094276,12.007368225566788,BabyLM 350M
0,-4.93496426848772,14.88667275250436,BabyLM 350M
1,-4.93496426848772,15.4227411705335,BabyLM 350M
2,-4.93496426848772,15.91676673110476,BabyLM 350M
3,-4.93496426848772,16.326706576760255,BabyLM 350M
4,-4.93496426848772,16.610517850042108,BabyLM 350M
5,-4.93496426848772,16.726157693492432,BabyLM 350M
6,-4.93496426848772,16.63190367749052,BabyLM 350M
7,-4.93496426848772,16.324805140713455,BabyLM 350M
8,-4.93496426848772,15.877211963573705,BabyLM 350M
9,-4.93496426848772,15.370125578087379,BabyLM 350M
10,-4.93496426848772,14.884547416270582,BabyLM 350M
11,-4.93496426848772,14.50147891013942,BabyLM 350M
12,-4.93496426848772,14.298737886505112,BabyLM 350M
13,-4.93496426848772,14.280919252466385,BabyLM 350M
14,-4.93496426848772,14.379394995409477,BabyLM 350M
15,-4.93496426848772,14.522353497515734,BabyLM 350M
16,-4.93496426848772,14.637983140966506,BabyLM 350M
17,-4.93496426848772,14.654472307943141,BabyLM 350M
18,-4.93496426848772,14.507368614609106,BabyLM 350M
19,-4.93496426848772,14.1962722691945,BabyLM 350M
20,-4.93496426848772,13.753763750738186,BabyLM 350M
21,-4.93496426848772,13.21269610250059,BabyLM 350M
22,-4.93496426848772,12.605922367742144,BabyLM 350M
23,-4.93496426848772,11.96629558972327,BabyLM 350M
0,-4.787182980881165,14.892216484159986,BabyLM 350M
1,-4.787182980881165,15.432512233034902,BabyLM 350M
2,-4.787182980881165,15.930343661189044,BabyLM 350M
3,-4.787182980881165,16.34324644790163,BabyLM 350M
4,-4.787182980881165,16.62875627245189,BabyLM 350M
5,-4.787182980881165,16.744408814119044,BabyLM 350M
6,-4.787182980881165,16.6480638352769,BabyLM 350M
7,-4.787182980881165,16.336795152743832,BabyLM 350M
8,-4.787182980881165,15.883836110565277,BabyLM 350M
9,-4.787182980881165,15.37117029634041,BabyLM 350M
10,-4.787182980881165,14.88078129766841,BabyLM 350M
11,-4.787182980881165,14.494652702148457,BabyLM 350M
12,-4.787182980881165,14.291539605094414,BabyLM 350M
13,-4.787182980881165,14.275941779257833,BabyLM 350M
14,-4.787182980881165,14.378103674827962,BabyLM 350M
15,-4.787182980881165,14.52504124970873,BabyLM 350M
16,-4.787182980881165,14.643770461804069,BabyLM 350M
17,-4.787182980881165,14.661307269017907,BabyLM 350M
18,-4.787182980881165,14.512152311721547,BabyLM 350M
19,-4.787182980881165,14.195950688798604,BabyLM 350M
20,-4.787182980881165,13.74588996500499,BabyLM 350M
21,-4.787182980881165,13.195434915558375,BabyLM 350M
22,-4.787182980881165,12.578050315676425,BabyLM 350M
23,-4.787182980881165,11.927200940576805,BabyLM 350M
0,-4.63940169327461,14.89778052944219,BabyLM 350M
1,-4.63940169327461,15.4422616055155,BabyLM 350M
2,-4.63940169327461,15.943857071135612,BabyLM 350M
3,-4.63940169327461,16.359681315849336,BabyLM 350M
4,-4.63940169327461,16.646848729203473,BabyLM 350M
5,-4.63940169327461,16.762473700744827,BabyLM 350M
6,-4.63940169327461,16.66399837102663,BabyLM 350M
7,-4.63940169327461,16.348522752379235,BabyLM 350M
8,-4.63940169327461,15.89016834364231,BabyLM 350M
9,-4.63940169327461,15.371905920828931,BabyLM 350M
10,-4.63940169327461,14.87670625995217,BabyLM 350M
11,-4.63940169327461,14.487540137025103,BabyLM 350M
12,-4.63940169327461,14.284104906546837,BabyLM 350M
13,-4.63940169327461,14.270809228195219,BabyLM 350M
14,-4.63940169327461,14.37677306682684,BabyLM 350M
15,-4.63940169327461,14.527842965784318,BabyLM 350M
16,-4.63940169327461,14.64986546841028,BabyLM 350M
17,-4.63940169327461,14.668687118047345,BabyLM 350M
18,-4.63940169327461,14.517763799677148,BabyLM 350M
19,-4.63940169327461,14.196780853287567,BabyLM 350M
20,-4.63940169327461,13.73952474250799,BabyLM 350M
21,-4.63940169327461,13.180063758435917,BabyLM 350M
22,-4.63940169327461,12.552466192168845,BabyLM 350M
23,-4.63940169327461,11.890800334804275,BabyLM 350M
0,-4.491620405668054,14.903230750612021,BabyLM 350M
1,-4.491620405668054,15.451860842675776,BabyLM 350M
2,-4.491620405668054,15.957186533268418,BabyLM 350M
3,-4.491620405668054,16.37590342091883,BabyLM 350M
4,-4.491620405668054,16.6647071041559,BabyLM 350M
5,-4.491620405668054,16.780293181508515,BabyLM 350M
6,-4.491620405668054,16.67968865659918,BabyLM 350M
7,-4.491620405668054,16.3600205493784,BabyLM 350M
8,-4.491620405668054,15.896296076797356,BabyLM 350M
9,-4.491620405668054,15.37247039333496,BabyLM 350M
10,-4.491620405668054,14.872498653470124,BabyLM 350M
11,-4.491620405668054,14.480336011681766,BabyLM 350M
12,-4.491620405668054,14.276619672273386,BabyLM 350M
13,-4.491620405668054,14.265673985514061,BabyLM 350M
14,-4.491620405668054,14.375510447638446,BabyLM 350M
15,-4.491620405668054,14.530822604705786,BabyLM 350M
16,-4.491620405668054,14.656304002775324,BabyLM 350M
17,-4.491620405668054,14.676648187906302,BabyLM 350M
18,-4.491620405668054,14.524280420172524,BabyLM 350M
19,-4.491620405668054,14.198920507552275,BabyLM 350M
20,-4.491620405668054,13.734937791200197,BabyLM 350M
21,-4.491620405668054,13.166987972049247,BabyLM 350M
22,-4.491620405668054,12.529726751032385,BabyLM 350M
23,-4.491620405668054,11.857809829082562,BabyLM 350M
0,-4.343839118061498,14.908433009930516,BabyLM 350M
1,-4.343839118061498,15.461181499216215,BabyLM 350M
2,-4.343839118061498,15.970211619911407,BabyLM 350M
3,-4.343839118061498,16.39180500342558,BabyLM 350M
4,-4.343839118061498,16.68224328116823,BabyLM 350M
5,-4.343839118061498,16.797808084548848,BabyLM 350M
6,-4.343839118061498,16.695116063854027,BabyLM 350M
7,-4.343839118061498,16.37132115350007,BabyLM 350M
8,-4.343839118061498,15.902306724022962,BabyLM 350M
9,-4.343839118061498,15.373001655640513,BabyLM 350M
10,-4.343839118061498,14.868334828570537,BabyLM 350M
11,-4.343839118061498,14.473235123030852,BabyLM 350M
12,-4.343839118061498,14.26926978368506,BabyLM 350M
13,-4.343839118061498,14.260688437449872,BabyLM 350M
14,-4.343839118061498,14.374423093495121,BabyLM 350M
15,-4.343839118061498,14.53404412543642,BabyLM 350M
16,-4.343839118061498,14.663121906889385,BabyLM 350M
17,-4.343839118061498,14.685226811469633,BabyLM 350M
18,-4.343839118061498,14.531779514904288,BabyLM 350M
19,-4.343839118061498,14.202527396483609,BabyLM 350M
20,-4.343839118061498,13.732398819034616,BabyLM 350M
21,-4.343839118061498,13.15661289731439,BabyLM 350M
22,-4.343839118061498,12.51038874608001,BabyLM 350M
23,-4.343839118061498,11.828945480088551,BabyLM 350M
0,-4.196057830454943,14.913253169658717,BabyLM 350M
1,-4.196057830454943,15.470095129837299,BabyLM 350M
2,-4.196057830454943,15.982811903388527,BabyLM 350M
3,-4.196057830454943,16.407278303685047,BabyLM 350M
4,-4.196057830454943,16.69936914409951,BabyLM 350M
5,-4.196057830454943,16.814959238004555,BabyLM 350M
6,-4.196057830454943,16.710261964650645,BabyLM 350M
7,-4.196057830454943,16.382457174502992,BabyLM 350M
8,-4.196057830454943,15.908287699311678,BabyLM 350M
9,-4.196057830454943,15.373637649527605,BabyLM 350M
10,-4.196057830454943,14.86439113560167,BabyLM 350M
11,-4.196057830454943,14.466432267984771,BabyLM 350M
12,-4.196057830454943,14.262241122192862,BabyLM 350M
13,-4.196057830454943,14.25600497023817,BabyLM 350M
14,-4.196057830454943,14.373618280629199,BabyLM 350M
15,-4.196057830454943,14.537571486939507,BabyLM 350M
16,-4.196057830454943,14.670355022742651,BabyLM 350M
17,-4.196057830454943,14.69445932161219,BabyLM 350M
18,-4.196057830454943,14.540338425569056,BabyLM 350M
19,-4.196057830454943,14.207759264972452,BabyLM 350M
20,-4.196057830454943,13.732177533964258,BabyLM 350M
21,-4.196057830454943,13.149343875147375,BabyLM 350M
22,-4.196057830454943,12.495008931124696,BabyLM 350M
23,-4.196057830454943,11.804923344499121,BabyLM 350M
0,-4.048276542848388,14.917557092057669,BabyLM 350M
1,-4.048276542848388,15.47847328923951,BabyLM 350M
2,-4.048276542848388,15.994866956023726,BabyLM 350M
3,-4.048276542848388,16.422215562012692,BabyLM 350M
4,-4.048276542848388,16.715996576808784,BabyLM 350M
5,-4.048276542848388,16.83168747001438,BabyLM 350M
6,-4.048276542848388,16.72510773084851,BabyLM 350M
7,-4.048276542848388,16.393461222145902,BabyLM 350M
8,-4.048276542848388,15.914326416656055,BabyLM 350M
9,-4.048276542848388,15.374516316778255,BabyLM 350M
10,-4.048276542848388,14.860843924911785,BabyLM 350M
11,-4.048276542848388,14.46012224345593,BabyLM 350M
12,-4.048276542848388,14.255719569207795,BabyLM 350M
13,-4.048276542848388,14.251775970114469,BabyLM 350M
14,-4.048276542848388,14.37320328527302,BabyLM 350M
15,-4.048276542848388,14.541468648178334,BabyLM 350M
16,-4.048276542848388,14.678039192325306,BabyLM 350M
17,-4.048276542848388,14.704382051208825,BabyLM 350M
18,-4.048276542848388,14.550034493863444,BabyLM 350M
19,-4.048276542848388,14.21477385790969,BabyLM 350M
20,-4.048276542848388,13.734543643942132,BabyLM 350M
21,-4.048276542848388,13.145586246464223,BabyLM 350M
22,-4.048276542848388,12.484144059979414,BabyLM 350M
23,-4.048276542848388,11.786459478991155,BabyLM 350M
0,-3.9004952552418324,14.921210639388413,BabyLM 350M
1,-3.9004952552418324,15.486187532123333,BabyLM 350M
2,-3.9004952552418324,16.006256350140955,BabyLM 350M
3,-3.9004952552418324,16.43650901872398,BabyLM 350M
4,-3.9004952552418324,16.732037463155113,BabyLM 350M
5,-3.9004952552418324,16.847933608717057,BabyLM 350M
6,-3.9004952552418324,16.739634734307096,BabyLM 350M
7,-3.9004952552418324,16.404365906187543,BabyLM 350M
8,-3.9004952552418324,15.92051029004864,BabyLM 350M
9,-3.9004952552418324,15.375775599174478,BabyLM 350M
10,-3.9004952552418324,14.857869546849146,BabyLM 350M
11,-3.9004952552418324,14.454499846356734,BabyLM 350M
12,-3.9004952552418324,14.24989100614086,BabyLM 350M
13,-3.9004952552418324,14.248153823314286,BabyLM 350M
14,-3.9004952552418324,14.373285383658919,BabyLM 350M
15,-3.9004952552418324,14.54579956811619,BabyLM 350M
16,-3.9004952552418324,14.686210257627534,BabyLM 350M
17,-3.9004952552418324,14.715031333134387,BabyLM 350M
18,-3.9004952552418324,14.560945061484066,BabyLM 350M
19,-3.9004952552418324,14.223728920186204,BabyLM 350M
20,-3.9004952552418324,13.739766856921245,BabyLM 350M
21,-3.9004952552418324,13.145745352180965,BabyLM 350M
22,-3.9004952552418324,12.478350886457138,BabyLM 350M
23,-3.9004952552418324,11.774269940241537,BabyLM 350M
0,-3.7527139676352768,14.924079673911992,BabyLM 350M
1,-3.7527139676352768,15.49310941318925,BabyLM 350M
2,-3.7527139676352768,16.01685965806416,BabyLM 350M
3,-3.7527139676352768,16.450050914134373,BabyLM 350M
4,-3.7527139676352768,16.74740368699754,BabyLM 350M
5,-3.7527139676352768,16.863638482251318,BabyLM 350M
6,-3.7527139676352768,16.753824346885875,BabyLM 350M
7,-3.7527139676352768,16.41520383638666,BabyLM 350M
8,-3.7527139676352768,15.926926733481984,BabyLM 350M
9,-3.7527139676352768,15.377553438498293,BabyLM 350M
10,-3.7527139676352768,14.855644351762017,BabyLM 350M
11,-3.7527139676352768,14.449759873599596,BabyLM 350M
12,-3.7527139676352768,14.244941314403063,BabyLM 350M
13,-3.7527139676352768,14.245290916073138,BabyLM 350M
14,-3.7527139676352768,14.373971852019235,BabyLM 350M
15,-3.7527139676352768,14.550628205716361,BabyLM 350M
16,-3.7527139676352768,14.694904060639525,BabyLM 350M
17,-3.7527139676352768,14.726443500263734,BabyLM 350M
18,-3.7527139676352768,14.573147470127536,BabyLM 350M
19,-3.7527139676352768,14.234782196692878,BabyLM 350M
20,-3.7527139676352768,13.748116880854607,BabyLM 350M
21,-3.7527139676352768,13.150226533213626,BabyLM 350M
22,-3.7527139676352768,12.478186164370838,BabyLM 350M
23,-3.7527139676352768,11.769070784927145,BabyLM 350M
0,-3.604932680028721,14.926030057889447,BabyLM 350M
1,-3.604932680028721,15.499110487137743,BabyLM 350M
2,-3.604932680028721,16.02655645211729,BabyLM 350M
3,-3.604932680028721,16.462733488559333,BabyLM 350M
4,-3.604932680028721,16.76200713219512,BabyLM 350M
5,-3.604932680028721,16.878742918755904,BabyLM 350M
6,-3.604932680028721,16.767657940444323,BabyLM 350M
7,-3.604932680028721,16.426007622501988,BabyLM 350M
8,-3.604932680028721,15.933663160948637,BabyLM 350M
9,-3.604932680028721,15.379987776531712,BabyLM 350M
10,-3.604932680028721,14.854344689998658,BabyLM 350M
11,-3.604932680028721,14.446097122096921,BabyLM 350M
12,-3.604932680028721,14.241056375405401,BabyLM 350M
13,-3.604932680028721,14.243339634626537,BabyLM 350M
14,-3.604932680028721,14.375369966586304,BabyLM 350M
15,-3.604932680028721,14.556018519942134,BabyLM 350M
16,-3.604932680028721,14.704156443351458,BabyLM 350M
17,-3.604932680028721,14.738654885471712,BabyLM 350M
18,-3.604932680028721,14.58671906149047,BabyLM 350M
19,-3.604932680028721,14.248091432320598,BabyLM 350M
20,-3.604932680028721,13.759863423695228,BabyLM 350M
21,-3.604932680028721,13.159435130478231,BabyLM 350M
22,-3.604932680028721,12.484206647533487,BabyLM 350M
23,-3.604932680028721,11.771578069724868,BabyLM 350M
0,-3.4571513924221655,14.92692767921507,BabyLM 350M
1,-3.4571513924221655,15.504062330806411,BabyLM 350M
2,-3.4571513924221655,16.03522632313603,BabyLM 350M
3,-3.4571513924221655,16.474448996942197,BabyLM 350M
4,-3.4571513924221655,16.77575969296319,BabyLM 350M
5,-3.4571513924221655,16.89318775193729,BabyLM 350M
6,-3.4571513924221655,16.781116886976957,BabyLM 350M
7,-3.4571513924221655,16.436809868471357,BabyLM 350M
8,-3.4571513924221655,15.940806974743756,BabyLM 350M
9,-3.4571513924221655,15.38321653822048,BabyLM 350M
10,-3.4571513924221655,14.854146891327858,BabyLM 350M
11,-3.4571513924221655,14.44370636649222,BabyLM 350M
12,-3.4571513924221655,14.238422049263315,BabyLM 350M
13,-3.4571513924221655,14.242452347029538,BabyLM 350M
14,-3.4571513924221655,14.377586989017932,BabyLM 350M
15,-3.4571513924221655,14.562034457578962,BabyLM 350M
16,-3.4571513924221655,14.714003235063089,BabyLM 350M
17,-3.4571513924221655,14.75170180382078,BabyLM 350M
18,-3.4571513924221655,14.601737148227574,BabyLM 350M
19,-3.4571513924221655,14.263814325840267,BabyLM 350M
20,-3.4571513924221655,13.775276125513232,BabyLM 350M
21,-3.4571513924221655,13.1737763917314,BabyLM 350M
22,-3.4571513924221655,12.496968968979704,BabyLM 350M
23,-3.4571513924221655,11.782507701743077,BabyLM 350M
0,-3.30937010481561,14.926708061412304,BabyLM 350M
1,-3.30937010481561,15.507896659010836,BabyLM 350M
2,-3.30937010481561,16.042799151184468,BabyLM 350M
3,-3.30937010481561,16.485129432508298,BabyLM 350M
4,-3.30937010481561,16.78860139755742,BabyLM 350M
5,-3.30937010481561,16.906928940906944,BabyLM 350M
6,-3.30937010481561,16.794182925325885,BabyLM 350M
7,-3.30937010481561,16.447627365048014,BabyLM 350M
8,-3.30937010481561,15.948413799879146,BabyLM 350M
9,-3.30937010481561,15.38733191086103,BabyLM 350M
10,-3.30937010481561,14.855171379035413,BabyLM 350M
11,-3.30937010481561,14.44272188544404,BabyLM 350M
12,-3.30937010481561,14.237166344273529,BabyLM 350M
13,-3.30937010481561,14.242732032042412,BabyLM 350M
14,-3.30937010481561,14.38069058760115,BabyLM 350M
15,-3.30937010481561,14.568706882945063,BabyLM 350M
16,-3.30937010481561,14.724445790069481,BabyLM 350M
17,-3.30937010481561,14.765572180969725,BabyLM 350M
18,-3.30937010481561,14.618200147356216,BabyLM 350M
19,-3.30937010481561,14.281983285867085,BabyLM 350M
20,-3.30937010481561,13.794440214826636,BabyLM 350M
21,-3.30937010481561,13.1934024866227,BabyLM 350M
22,-3.30937010481561,12.516701653643105,BabyLM 350M
23,-3.30937010481561,11.80216926827568,BabyLM 350M
0,-3.1615888172090543,14.925528009520887,BabyLM 350M
1,-3.1615888172090543,15.51073628734531,BabyLM 350M
2,-3.1615888172090543,16.04936462068047,BabyLM 350M
3,-3.1615888172090543,16.494833065037103,BabyLM 350M
4,-3.1615888172090543,16.800561675925945,BabyLM 350M
5,-3.1615888172090543,16.919970508857734,BabyLM 350M
6,-3.1615888172090543,16.806838960066802,BabyLM 350M
7,-3.1615888172090543,16.45842665334283,BabyLM 350M
8,-3.1615888172090543,15.956438282520995,BabyLM 350M
9,-3.1615888172090543,15.392280740973618,BabyLM 350M
10,-3.1615888172090543,14.857360922073019,BabyLM 350M
11,-3.1615888172090543,14.44308571919152,BabyLM 350M
12,-3.1615888172090543,14.237233432694797,BabyLM 350M
13,-3.1615888172090543,14.24412472379565,BabyLM 350M
14,-3.1615888172090543,14.384622614554011,BabyLM 350M
15,-3.1615888172090543,14.575961534023165,BabyLM 350M
16,-3.1615888172090543,14.735375911256394,BabyLM 350M
17,-3.1615888172090543,14.78010017530698,BabyLM 350M
18,-3.1615888172090543,14.635855768799255,BabyLM 350M
19,-3.1615888172090543,14.302232585809199,BabyLM 350M
20,-3.1615888172090543,13.81685491456451,BabyLM 350M
21,-3.1615888172090543,13.217661377128847,BabyLM 350M
22,-3.1615888172090543,12.542590595565867,BabyLM 350M
23,-3.1615888172090543,11.829581191939228,BabyLM 350M
0,-3.0138075296024986,14.923588182614994,BabyLM 350M
1,-3.0138075296024986,15.51274190415676,BabyLM 350M
2,-3.0138075296024986,16.05504408640348,BabyLM 350M
3,-3.0138075296024986,16.503643190060103,BabyLM 350M
4,-3.0138075296024986,16.811687675831585,BabyLM 350M
5,-3.0138075296024986,16.932326004422876,BabyLM 350M
6,-3.0138075296024986,16.81906812680295,BabyLM 350M
7,-3.0138075296024986,16.469164315887305,BabyLM 350M
8,-3.0138075296024986,15.964815056636338,BabyLM 350M
9,-3.0138075296024986,15.397981071139014,BabyLM 350M
10,-3.0138075296024986,14.860623081484293,BabyLM 350M
11,-3.0138075296024986,14.444701809761142,BabyLM 350M
12,-3.0138075296024986,14.238531053774773,BabyLM 350M
13,-3.0138075296024986,14.246545352804247,BabyLM 350M
14,-3.0138075296024986,14.389299987602472,BabyLM 350M
15,-3.0138075296024986,14.583703314638605,BabyLM 350M
16,-3.0138075296024986,14.746663690381807,BabyLM 350M
17,-3.0138075296024986,14.795089471301234,BabyLM 350M
18,-3.0138075296024986,14.654402036822374,BabyLM 350M
19,-3.0138075296024986,14.324117595805415,BabyLM 350M
20,-3.0138075296024986,13.841903311840753,BabyLM 350M
21,-3.0138075296024986,13.245741645665314,BabyLM 350M
22,-3.0138075296024986,12.57361505801602,BabyLM 350M
23,-3.0138075296024986,11.863506009629804,BabyLM 350M
0,-2.866026241995943,14.921089239768797,BabyLM 350M
1,-2.866026241995943,15.514074197792114,BabyLM 350M
2,-2.866026241995943,16.05995890313294,BabyLM 350M
3,-2.866026241995943,16.51164310310879,BabyLM 350M
4,-2.866026241995943,16.822026545037165,BabyLM 350M
5,-2.866026241995943,16.94400897623558,BabyLM 350M
6,-2.866026241995943,16.83085356113755,BabyLM 350M
7,-2.866026241995943,16.47979693521292,BabyLM 350M
8,-2.866026241995943,15.973478756192208,BabyLM 350M
9,-2.866026241995943,15.404350943937992,BabyLM 350M
10,-2.866026241995943,14.864865418312856,BabyLM 350M
11,-2.866026241995943,14.447474099179388,BabyLM 350M
12,-2.866026241995943,14.24096694676111,BabyLM 350M
13,-2.866026241995943,14.2499088495832,BabyLM 350M
14,-2.866026241995943,14.394639624472482,BabyLM 350M
15,-2.866026241995943,14.591837128616726,BabyLM 350M
16,-2.866026241995943,14.758179219203697,BabyLM 350M
17,-2.866026241995943,14.810343753421165,BabyLM 350M
18,-2.866026241995943,14.673536975691265,BabyLM 350M
19,-2.866026241995943,14.34719368599454,BabyLM 350M
20,-2.866026241995943,13.86896849376926,BabyLM 350M
21,-2.866026241995943,13.276831874647568,BabyLM 350M
22,-2.866026241995943,12.608754304261598,BabyLM 350M
23,-2.866026241995943,11.902706258243489,BabyLM 350M
0,-2.7182449543893874,14.918231840056471,BabyLM 350M
1,-2.7182449543893874,15.514893856598299,BabyLM 350M
2,-2.7182449543893874,16.0642304256483,BabyLM 350M
3,-2.7182449543893874,16.518916099714644,BabyLM 350M
4,-2.7182449543893874,16.831625431305508,BabyLM 350M
5,-2.7182449543893874,16.95503297292906,BabyLM 350M
6,-2.7182449543893874,16.842178398673834,BabyLM 350M
7,-2.7182449543893874,16.49028109385118,BabyLM 350M
8,-2.7182449543893874,15.982364015155644,BabyLM 350M
9,-2.7182449543893874,15.411308401951326,BabyLM 350M
10,-2.7182449543893874,14.869995493602325,BabyLM 350M
11,-2.7182449543893874,14.45130652947274,BabyLM 350M
12,-2.7182449543893874,14.244448850901462,BabyLM 350M
13,-2.7182449543893874,14.2541301446475,BabyLM 350M
14,-2.7182449543893874,14.400558442889992,BabyLM 350M
15,-2.7182449543893874,14.600267879782866,BabyLM 350M
16,-2.7182449543893874,14.769792589480048,BabyLM 350M
17,-2.7182449543893874,14.825666706135461,BabyLM 350M
18,-2.7182449543893874,14.692958609671617,BabyLM 350M
19,-2.7182449543893874,14.371016226515378,BabyLM 350M
20,-2.7182449543893874,13.897433547463931,BabyLM 350M
21,-2.7182449543893874,13.31012064649108,BabyLM 350M
22,-2.7182449543893874,12.646987597570625,BabyLM 350M
23,-2.7182449543893874,11.945944474676368,BabyLM 350M
0,-2.5704636667828327,14.91521664255219,BabyLM 350M
1,-2.5704636667828327,15.515361568922245,BabyLM 350M
2,-2.5704636667828327,16.067980008729002,BabyLM 350M
3,-2.5704636667828327,16.525545475409167,BabyLM 350M
4,-2.5704636667828327,16.84053148239944,BabyLM 350M
5,-2.5704636667828327,16.965411543136536,BabyLM 350M
6,-2.5704636667828327,16.853025775015034,BabyLM 350M
7,-2.5704636667828327,16.50057337433357,BabyLM 350M
8,-2.5704636667828327,15.99140546749368,BabyLM 350M
9,-2.5704636667828327,15.418771487759788,BabyLM 350M
10,-2.5704636667828327,14.875920868396316,BabyLM 350M
11,-2.5704636667828327,14.456103042667683,BabyLM 350M
12,-2.5704636667828327,14.24888450544348,BabyLM 350M
13,-2.5704636667828327,14.259124168512141,BabyLM 350M
14,-2.5704636667828327,14.406973360580954,BabyLM 350M
15,-2.5704636667828327,14.608900471962368,BabyLM 350M
16,-2.5704636667828327,14.781373892968833,BabyLM 350M
17,-2.5704636667828327,14.840862013912803,BabyLM 350M
18,-2.5704636667828327,14.712364963029117,BabyLM 350M
19,-2.5704636667828327,14.395140587506736,BabyLM 350M
20,-2.5704636667828327,13.926681560038663,BabyLM 350M
21,-2.5704636667828327,13.344796543611322,BabyLM 350M
22,-2.5704636667828327,12.687294201211136,BabyLM 350M
23,-2.5704636667828327,11.991983195824526,BabyLM 350M
0,-2.422682379176277,14.912244306330129,BabyLM 350M
1,-2.422682379176277,15.515638023110876,BabyLM 350M
2,-2.422682379176277,16.07132900715449,BabyLM 350M
3,-2.422682379176277,16.53161452572384,BabyLM 350M
4,-2.422682379176277,16.84879184608179,BabyLM 350M
5,-2.422682379176277,16.97515823549121,BabyLM 350M
6,-2.422682379176277,16.863378825764375,BabyLM 350M
7,-2.422682379176277,16.51063035919158,BabyLM 350M
8,-2.422682379176277,16.00053774717335,BabyLM 350M
9,-2.422682379176277,15.426658243944154,BabyLM 350M
10,-2.422682379176277,14.882549103738446,BabyLM 350M
11,-2.422682379176277,14.461767580790697,BabyLM 350M
12,-2.422682379176277,14.254181649634818,BabyLM 350M
13,-2.422682379176277,14.264805851692122,BabyLM 350M
14,-2.422682379176277,14.413801295271318,BabyLM 350M
15,-2.422682379176277,14.617639808980568,BabyLM 350M
16,-2.422682379176277,14.792793221428035,BabyLM 350M
17,-2.422682379176277,14.855733361221876,BabyLM 350M
18,-2.422682379176277,14.731454060029451,BabyLM 350M
19,-2.422682379176277,14.419122139107419,BabyLM 350M
20,-2.422682379176277,13.956095618607353,BabyLM 350M
21,-2.422682379176277,13.380048148423764,BabyLM 350M
22,-2.422682379176277,12.728653378451158,BabyLM 350M
23,-2.422682379176277,12.039584958584044,BabyLM 350M
0,-2.2749010915697214,14.909515490464457,BabyLM 350M
1,-2.2749010915697214,15.515883907511123,BabyLM 350M
2,-2.2749010915697214,16.074398775704214,BabyLM 350M
3,-2.2749010915697214,16.537206546190156,BabyLM 350M
4,-2.2749010915697214,16.85645367011538,BabyLM 350M
5,-2.2749010915697214,16.984286598626305,BabyLM 350M
6,-2.2749010915697214,16.873220686525087,BabyLM 350M
7,-2.2749010915697214,16.520408630956705,BabyLM 350M
8,-2.2749010915697214,16.009695488161693,BabyLM 350M
9,-2.2749010915697214,15.434886713085193,BabyLM 350M
10,-2.2749010915697214,14.889787760672338,BabyLM 350M
11,-2.2749010915697214,14.468204085868265,BabyLM 350M
12,-2.2749010915697214,14.260248022723129,BabyLM 350M
13,-2.2749010915697214,14.271090124702434,BabyLM 350M
14,-2.2749010915697214,14.420959164687037,BabyLM 350M
15,-2.2749010915697214,14.626390794662811,BabyLM 350M
16,-2.2749010915697214,14.80392066661563,BabyLM 350M
17,-2.2749010915697214,14.870084432531364,BabyLM 350M
18,-2.2749010915697214,14.749923924938312,BabyLM 350M
19,-2.2749010915697214,14.442516251456233,BabyLM 350M
20,-2.2749010915697214,13.9850588102839,BabyLM 350M
21,-2.2749010915697214,13.415064043343875,BabyLM 350M
22,-2.2749010915697214,12.770044392558722,BabyLM 350M
23,-2.2749010915697214,12.087512299851005,BabyLM 350M
0,-2.127119803963166,14.907230854029354,BabyLM 350M
1,-2.127119803963166,15.51625991046991,BabyLM 350M
2,-2.127119803963166,16.07731066915761,BabyLM 350M
3,-2.127119803963166,16.542404832339603,BabyLM 350M
4,-2.127119803963166,16.863564102263027,BabyLM 350M
5,-2.127119803963166,16.992810181175027,BabyLM 350M
6,-2.127119803963166,16.882534492900405,BabyLM 350M
7,-2.127119803963166,16.529864772160437,BabyLM 350M
8,-2.127119803963166,16.018813324425743,BabyLM 350M
9,-2.127119803963166,15.44337493776368,BabyLM 350M
10,-2.127119803963166,14.897544400241605,BabyLM 350M
11,-2.127119803963166,14.475316499926873,BabyLM 350M
12,-2.127119803963166,14.26699136395607,BabyLM 350M
13,-2.127119803963166,14.277891918058074,BabyLM 350M
14,-2.127119803963166,14.428363886554063,BabyLM 350M
15,-2.127119803963166,14.635058332834436,BabyLM 350M
16,-2.127119803963166,14.814626320289598,BabyLM 350M
17,-2.127119803963166,14.883718912309952,BabyLM 350M
18,-2.127119803963166,14.767472582021385,BabyLM 350M
19,-2.127119803963166,14.464878294691985,BabyLM 350M
20,-2.127119803963166,14.0129542221822,BabyLM 350M
21,-2.127119803963166,13.449032810787125,BabyLM 350M
22,-2.127119803963166,12.810446506801858,BabyLM 350M
23,-2.127119803963166,12.134527756521493,BabyLM 350M
0,-1.9793385163566102,14.90559105609899,BabyLM 350M
1,-1.9793385163566102,15.51692672033417,BabyLM 350M
2,-1.9793385163566102,16.080186042294137,BabyLM 350M
3,-1.9793385163566102,16.547292679703673,BabyLM 350M
4,-1.9793385163566102,16.87017029028756,BabyLM 350M
5,-1.9793385163566102,17.00074253177059,BabyLM 350M
6,-1.9793385163566102,16.891303380493554,BabyLM 350M
7,-1.9793385163566102,16.538955365334267,BabyLM 350M
8,-1.9793385163566102,16.027825889932533,BabyLM 350M
9,-1.9793385163566102,15.452040960560389,BabyLM 350M
10,-1.9793385163566102,14.905726583489866,BabyLM 350M
11,-1.9793385163566102,14.483008764992999,BabyLM 350M
12,-1.9793385163566102,14.274319412581288,BabyLM 350M
13,-1.9793385163566102,14.285126162274036,BabyLM 350M
14,-1.9793385163566102,14.435932378598345,BabyLM 350M
15,-1.9793385163566102,14.643547327320782,BabyLM 350M
16,-1.9793385163566102,14.824780274207917,BabyLM 350M
17,-1.9793385163566102,14.896440485026321,BabyLM 350M
18,-1.9793385163566102,14.783798055544361,BabyLM 350M
19,-1.9793385163566102,14.48576363895348,BabyLM 350M
20,-1.9793385163566102,14.039164941416152,BabyLM 350M
21,-1.9793385163566102,13.481143033168987,BabyLM 350M
22,-1.9793385163566102,12.848838984448596,BabyLM 350M
23,-1.9793385163566102,12.179393865491592,BabyLM 350M
0,-1.8315572287500546,14.904795577069764,BabyLM 350M
1,-1.8315572287500546,15.518044124183493,BabyLM 350M
2,-1.8315572287500546,16.08314561763501,BabyLM 350M
3,-1.8315572287500546,16.551953003762105,BabyLM 350M
4,-1.8315572287500546,16.876319228902563,BabyLM 350M
5,-1.8315572287500546,17.00809723939417,BabyLM 350M
6,-1.8315572287500546,16.89951067668646,BabyLM 350M
7,-1.8315572287500546,16.547637290749524,BabyLM 350M
8,-1.8315572287500546,16.036668182812413,BabyLM 350M
9,-1.8315572287500546,15.460803222121166,BabyLM 350M
10,-1.8315572287500546,14.914242277921819,BabyLM 350M
11,-1.8315572287500546,14.491185219460405,BabyLM 350M
12,-1.8315572287500546,14.282140283296735,BabyLM 350M
13,-1.8315572287500546,14.292708154207403,BabyLM 350M
14,-1.8315572287500546,14.443581965185782,BabyLM 350M
15,-1.8315572287500546,14.651763216539022,BabyLM 350M
16,-1.8315572287500546,14.83425340857427,BabyLM 350M
17,-1.8315572287500546,14.908054041598673,BabyLM 350M
18,-1.8315572287500546,14.798600191342949,BabyLM 350M
19,-1.8315572287500546,14.504730275187406,BabyLM 350M
20,-1.8315572287500546,14.06307762259575,BabyLM 350M
21,-1.8315572287500546,13.510587917677015,BabyLM 350M
22,-1.8315572287500546,12.884206844540222,BabyLM 350M
23,-1.8315572287500546,12.220880087294402,BabyLM 350M
0,-1.683775941143499,14.904959423925368,BabyLM 350M
1,-1.683775941143499,15.51970731712067,BabyLM 350M
2,-1.683775941143499,16.086264805054977,BabyLM 350M
3,-1.683775941143499,16.556441482467307,BabyLM 350M
4,-1.683775941143499,16.88204694409667,BabyLM 350M
5,-1.683775941143499,17.014890784682066,BabyLM 350M
6,-1.683775941143499,16.90715345324573,BabyLM 350M
7,-1.683775941143499,16.55588876707944,BabyLM 350M
8,-1.683775941143499,16.04530130003154,BabyLM 350M
9,-1.683775941143499,15.469608691597282,BabyLM 350M
10,-1.683775941143499,14.923028581271936,BabyLM 350M
11,-1.683775941143499,14.499778608550765,BabyLM 350M
12,-1.683775941143499,14.290388998551162,BabyLM 350M
13,-1.683775941143499,14.300579445699512,BabyLM 350M
14,-1.683775941143499,14.4512591137312,BabyLM 350M
15,-1.683775941143499,14.659649752003741,BabyLM 350M
16,-1.683775941143499,14.842973109874645,BabyLM 350M
17,-1.683775941143499,14.918450936701426,BabyLM 350M
18,-1.683775941143499,14.811709383431099,BabyLM 350M
19,-1.683775941143499,14.521524022252645,BabyLM 350M
20,-1.683775941143499,14.084334595441334,BabyLM 350M
21,-1.683775941143499,13.53689211940538,BabyLM 350M
22,-1.683775941143499,12.915947610552998,BabyLM 350M
23,-1.683775941143499,12.258252085292401,BabyLM 350M
0,-1.5359946535369442,14.906058082585114,BabyLM 350M
1,-1.5359946535369442,15.521904810487698,BabyLM 350M
2,-1.5359946535369442,16.089544173499963,BabyLM 350M
3,-1.5359946535369442,16.560768806731595,BabyLM 350M
4,-1.5359946535369442,16.887371345292273,BabyLM 350M
5,-1.5359946535369442,17.021144424291684,BabyLM 350M
6,-1.5359946535369442,16.91425148294081,BabyLM 350M
7,-1.5359946535369442,16.563723256708275,BabyLM 350M
8,-1.5359946535369442,16.053729444868853,BabyLM 350M
9,-1.5359946535369442,15.478451457432499,BabyLM 350M
10,-1.5359946535369442,14.93207070440916,BabyLM 350M
11,-1.5359946535369442,14.50876859580879,BabyLM 350M
12,-1.5359946535369442,14.299045023155836,BabyLM 350M
13,-1.5359946535369442,14.308724952808094,BabyLM 350M
14,-1.5359946535369442,14.458958425956718,BabyLM 350M
15,-1.5359946535369442,14.667213965307354,BabyLM 350M
16,-1.5359946535369442,14.850960093565652,BabyLM 350M
17,-1.5359946535369442,14.927665333437258,BabyLM 350M
18,-1.5359946535369442,14.82317164657486,BabyLM 350M
19,-1.5359946535369442,14.536200926207275,BabyLM 350M
20,-1.5359946535369442,14.103000477140817,BabyLM 350M
21,-1.5359946535369442,13.5601277315502,BabyLM 350M
22,-1.5359946535369442,12.944140121610145,BabyLM 350M
23,-1.5359946535369442,12.29159507949537,BabyLM 350M
0,-1.3882133659303886,14.908053974173358,BabyLM 350M
1,-1.3882133659303886,15.524615125726735,BabyLM 350M
2,-1.3882133659303886,16.092977283788525,BabyLM 350M
3,-1.3882133659303886,16.564941454867142,BabyLM 350M
4,-1.3882133659303886,16.892308645471,BabyLM 350M
5,-1.3882133659303886,17.026879862108512,BabyLM 350M
6,-1.3882133659303886,16.92082666426996,BabyLM 350M
7,-1.3882133659303886,16.571157522252108,BabyLM 350M
8,-1.3882133659303886,16.061960857091567,BabyLM 350M
9,-1.3882133659303886,15.487330020335477,BabyLM 350M
10,-1.3882133659303886,14.941358363530991,BabyLM 350M
11,-1.3882133659303886,14.51813923822525,BabyLM 350M
12,-1.3882133659303886,14.308091983518393,BabyLM 350M
13,-1.3882133659303886,14.317133652229307,BabyLM 350M
14,-1.3882133659303886,14.466679010895644,BabyLM 350M
15,-1.3882133659303886,14.674468813608039,BabyLM 350M
16,-1.3882133659303886,14.85824381445713,BabyLM 350M
17,-1.3882133659303886,14.935744767533553,BabyLM 350M
18,-1.3882133659303886,14.833053186333169,BabyLM 350M
19,-1.3882133659303886,14.548846082878775,BabyLM 350M
20,-1.3882133659303886,14.119179428009168,BabyLM 350M
21,-1.3882133659303886,13.58041810957815,BabyLM 350M
22,-1.3882133659303886,12.968927015439526,BabyLM 350M
23,-1.3882133659303886,12.321071033447097,BabyLM 350M
0,-1.240432078323833,14.910909519814458,BabyLM 350M
1,-1.240432078323833,15.527816784279937,BabyLM 350M
2,-1.240432078323833,16.09655769673922,BabyLM 350M
3,-1.240432078323833,16.568965905186126,BabyLM 350M
4,-1.240432078323833,16.896875057614455,BabyLM 350M
5,-1.240432078323833,17.03211880201802,BabyLM 350M
6,-1.240432078323833,16.926900895731436,BabyLM 350M
7,-1.240432078323833,16.578208326327026,BabyLM 350M
8,-1.240432078323833,16.07000377646688,BabyLM 350M
9,-1.240432078323833,15.496242881014885,BabyLM 350M
10,-1.240432078323833,14.950881274834934,BabyLM 350M
11,-1.240432078323833,14.527874592790916,BabyLM 350M
12,-1.240432078323833,14.317513506046467,BabyLM 350M
13,-1.240432078323833,14.325794520659315,BabyLM 350M
14,-1.240432078323833,14.47441997758129,BabyLM 350M
15,-1.240432078323833,14.681427254063964,BabyLM 350M
16,-1.240432078323833,14.86485372735891,BabyLM 350M
17,-1.240432078323833,14.942736774717694,BabyLM 350M
18,-1.240432078323833,14.84142020826496,BabyLM 350M
19,-1.240432078323833,14.559544588094619,BabyLM 350M
20,-1.240432078323833,14.132975608361361,BabyLM 350M
21,-1.240432078323833,13.597886608955914,BabyLM 350M
22,-1.240432078323833,12.99045092976901,BabyLM 350M
23,-1.240432078323833,12.346841910691376,BabyLM 350M
0,-1.0926507907172773,14.914587140632776,BabyLM 350M
1,-1.0926507907172773,15.53148830758946,BabyLM 350M
2,-1.0926507907172773,16.100278973170617,BabyLM 350M
3,-1.0926507907172773,16.572848636000725,BabyLM 350M
4,-1.0926507907172773,16.901086794704263,BabyLM 350M
5,-1.0926507907172773,17.036882947905696,BabyLM 350M
6,-1.0926507907172773,16.9324960758235,BabyLM 350M
7,-1.0926507907172773,16.584892431549115,BabyLM 350M
8,-1.0926507907172773,16.077866442761998,BabyLM 350M
9,-1.0926507907172773,15.505188540179379,BabyLM 350M
10,-1.0926507907172773,14.960629154518488,BabyLM 350M
11,-1.0926507907172773,14.537958716496554,BabyLM 350M
12,-1.0926507907172773,14.32729321714769,BabyLM 350M
13,-1.0926507907172773,14.334696534794276,BabyLM 350M
14,-1.0926507907172773,14.482180435046969,BabyLM 350M
15,-1.0926507907172773,14.688102243833306,BabyLM 350M
16,-1.0926507907172773,14.870819287080828,BabyLM 350M
17,-1.0926507907172773,14.94868889071707,BabyLM 350M
18,-1.0926507907172773,14.848338917929171,BabyLM 350M
19,-1.0926507907172773,14.568381537682281,BabyLM 350M
20,-1.0926507907172773,14.144493178512363,BabyLM 350M
21,-1.0926507907172773,13.612656585150168,BabyLM 350M
22,-1.0926507907172773,13.008854502326459,BabyLM 350M
23,-1.0926507907172773,12.369069674771993,BabyLM 350M
0,-0.9448695031107217,14.919049257752663,BabyLM 350M
1,-0.9448695031107217,15.535608217097456,BabyLM 350M
2,-0.9448695031107217,16.104134673901267,BabyLM 350M
3,-0.9448695031107217,16.57659612562312,BabyLM 350M
4,-0.9448695031107217,16.90496006972203,BabyLM 350M
5,-0.9448695031107217,17.04119400365702,BabyLM 350M
6,-0.9448695031107217,16.93763410304441,BabyLM 350M
7,-0.9448695031107217,16.591226600534455,BabyLM 350M
8,-0.9448695031107217,16.085557095744125,BabyLM 350M
9,-0.9448695031107217,15.514165498537622,BabyLM 350M
10,-0.9448695031107217,14.970591718779156,BabyLM 350M
11,-0.9448695031107217,14.548375666332934,BabyLM 350M
12,-0.9448695031107217,14.337414743229694,BabyLM 350M
13,-0.9448695031107217,14.343828671330346,BabyLM 350M
14,-0.9448695031107217,14.489959492325987,BabyLM 350M
15,-0.9448695031107217,14.694506740074239,BabyLM 350M
16,-0.9448695031107217,14.876169948432723,BabyLM 350M
17,-0.9448695031107217,14.953648651259062,BabyLM 350M
18,-0.9448695031107217,14.853875520884735,BabyLM 350M
19,-0.9448695031107217,14.57544202746924,BabyLM 350M
20,-0.9448695031107217,14.153836298777142,BabyLM 350M
21,-0.9448695031107217,13.62485139362759,BabyLM 350M
22,-0.9448695031107217,13.024280370839739,BabyLM 350M
23,-0.9448695031107217,12.387916289232734,BabyLM 350M
0,-0.7970882155041661,14.924258292298482,BabyLM 350M
1,-0.7970882155041661,15.540155034246084,BabyLM 350M
2,-0.7970882155041661,16.108118359749735,BabyLM 350M
3,-0.7970882155041661,16.58021485236548,BabyLM 350M
4,-0.7970882155041661,16.908511095649374,BabyLM 350M
5,-0.7970882155041661,17.045073673157464,BabyLM 350M
6,-0.7970882155041661,16.942336875892426,BabyLM 350M
7,-0.7970882155041661,16.597227595899138,BabyLM 350M
8,-0.7970882155041661,16.093083975180466,BabyLM 350M
9,-0.7970882155041661,15.523172256798278,BabyLM 350M
10,-0.7970882155041661,14.980758683814441,BabyLM 350M
11,-0.7970882155041661,14.559109499290825,BabyLM 350M
12,-0.7970882155041661,14.347861710700112,BabyLM 350M
13,-0.7970882155041661,14.353179906963689,BabyLM 350M
14,-0.7970882155041661,14.497756258451659,BabyLM 350M
15,-0.7970882155041661,14.700653699944935,BabyLM 350M
16,-0.7970882155041661,14.880935166224429,BabyLM 350M
17,-0.7970882155041661,14.957663592071055,BabyLM 350M
18,-0.7970882155041661,14.858096222690587,BabyLM 350M
19,-0.7970882155041661,14.580811153282967,BabyLM 350M
20,-0.7970882155041661,14.16110912947067,BabyLM 350M
21,-0.7970882155041661,13.634594389854861,BabyLM 350M
22,-0.7970882155041661,13.036871173036714,BabyLM 350M
23,-0.7970882155041661,12.403543717617396,BabyLM 350M
0,-0.6493069278976105,14.93017666539459,BabyLM 350M
1,-0.6493069278976105,15.545107280477499,BabyLM 350M
2,-0.6493069278976105,16.112223591534576,BabyLM 350M
3,-0.6493069278976105,16.58371129453999,BabyLM 350M
4,-0.6493069278976105,16.911756085467914,BabyLM 350M
5,-0.6493069278976105,17.048543660292513,BabyLM 350M
6,-0.6493069278976105,16.94662629286581,BabyLM 350M
7,-0.6493069278976105,16.602912180259246,BabyLM 350M
8,-0.6493069278976105,16.100455320838226,BabyLM 350M
9,-0.6493069278976105,15.532207315670007,BabyLM 350M
10,-0.6493069278976105,14.991119765821846,BabyLM 350M
11,-0.6493069278976105,14.570144272360997,BabyLM 350M
12,-0.6493069278976105,14.358617745966578,BabyLM 350M
13,-0.6493069278976105,14.362739218390464,BabyLM 350M
14,-0.6493069278976105,14.505569842457295,BabyLM 350M
15,-0.6493069278976105,14.70655608060357,BabyLM 350M
16,-0.6493069278976105,14.885144395265783,BabyLM 350M
17,-0.6493069278976105,14.960781248880433,BabyLM 350M
18,-0.6493069278976105,14.861067228905664,BabyLM 350M
19,-0.6493069278976105,14.584574010950943,BabyLM 350M
20,-0.6493069278976105,14.166415830907916,BabyLM 350M
21,-0.6493069278976105,13.642008929298658,BabyLM 350M
22,-0.6493069278976105,13.04676954664525,BabyLM 350M
23,-0.6493069278976105,12.416113923469762,BabyLM 350M
0,-0.5015256402910548,14.936766798165344,BabyLM 350M
1,-0.5015256402910548,15.550443477233856,BabyLM 350M
2,-0.5015256402910548,16.116443930074354,BabyLM 350M
3,-0.5015256402910548,16.587091930458826,BabyLM 350M
4,-0.5015256402910548,16.91471125215926,BabyLM 350M
5,-0.5015256402910548,17.05162566894765,BabyLM 350M
6,-0.5015256402910548,16.950524252462813,BabyLM 350M
7,-0.5015256402910548,16.60829711623086,BabyLM 350M
8,-0.5015256402910548,16.107679372484608,BabyLM 350M
9,-0.5015256402910548,15.541269175861473,BabyLM 350M
10,-0.5015256402910548,15.001664680998871,BabyLM 350M
11,-0.5015256402910548,14.581464042534218,BabyLM 350M
12,-0.5015256402910548,14.369666475436725,BabyLM 350M
13,-0.5015256402910548,14.37249558230683,BabyLM 350M
14,-0.5015256402910548,14.513399353376204,BabyLM 350M
15,-0.5015256402910548,14.712226839208313,BabyLM 350M
16,-0.5015256402910548,14.888827090366618,BabyLM 350M
17,-0.5015256402910548,14.963049157414584,BabyLM 350M
18,-0.5015256402910548,14.8628547450889,BabyLM 350M
19,-0.5015256402910548,14.586815696300638,BabyLM 350M
20,-0.5015256402910548,14.169860563403848,BabyLM 350M
21,-0.5015256402910548,13.64721836742566,BabyLM 350M
22,-0.5015256402910548,13.05411812939321,BabyLM 350M
23,-0.5015256402910548,12.425788870333626,BabyLM 350M
0,-0.3537443526844992,14.943991111735103,BabyLM 350M
1,-0.3537443526844992,15.556142145957308,BabyLM 350M
2,-0.3537443526844992,16.120772936187624,BabyLM 350M
3,-0.3537443526844992,16.59036323843416,BabyLM 350M
4,-0.3537443526844992,16.917392808705035,BabyLM 350M
5,-0.3537443526844992,17.05434140300835,BabyLM 350M
6,-0.3537443526844992,16.9540526531817,BabyLM 350M
7,-0.3537443526844992,16.61339916643007,BabyLM 350M
8,-0.3537443526844992,16.114764369886817,BabyLM 350M
9,-0.3537443526844992,15.550356338081336,BabyLM 350M
10,-0.3537443526844992,15.01238314554302,BabyLM 350M
11,-0.3537443526844992,14.593052866801258,BabyLM 350M
12,-0.3537443526844992,14.380991525518185,BabyLM 350M
13,-0.3537443526844992,14.382437975408946,BabyLM 350M
14,-0.3537443526844992,14.521243900241698,BabyLM 350M
15,-0.3537443526844992,14.717678932917341,BabyLM 350M
16,-0.3537443526844992,14.892012706336772,BabyLM 350M
17,-0.3537443526844992,14.964514853400889,BabyLM 350M
18,-0.3537443526844992,14.863524976799232,BabyLM 350M
19,-0.3537443526844992,14.587621305159532,BabyLM 350M
20,-0.3537443526844992,14.171547487273438,BabyLM 350M
21,-0.3537443526844992,13.650346059702548,BabyLM 350M
22,-0.3537443526844992,13.059059559008462,BabyLM 350M
23,-0.3537443526844992,12.432730521752775,BabyLM 350M
0,-0.20596306507794448,14.951812027228224,BabyLM 350M
1,-0.20596306507794448,15.562181808090015,BabyLM 350M
2,-0.20596306507794448,16.12520417069295,BabyLM 350M
3,-0.20596306507794448,16.59353169677818,BabyLM 350M
4,-0.20596306507794448,16.919816968086845,BabyLM 350M
5,-0.20596306507794448,17.056712566360094,BabyLM 350M
6,-0.20596306507794448,16.957233393520738,BabyLM 350M
7,-0.20596306507794448,16.61823509347296,BabyLM 350M
8,-0.20596306507794448,16.12171855281206,BabyLM 350M
9,-0.20596306507794448,15.55946730303826,BabyLM 350M
10,-0.20596306507794448,15.023264875651792,BabyLM 350M
11,-0.20596306507794448,14.604894802152886,BabyLM 350M
12,-0.20596306507794448,14.392576522618594,BabyLM 350M
13,-0.20596306507794448,14.392555374392973,BabyLM 350M
14,-0.20596306507794448,14.529102592087089,BabyLM 350M
15,-0.20596306507794448,14.722925318888828,BabyLM 350M
16,-0.20596306507794448,14.89473069798608,BabyLM 350M
17,-0.20596306507794448,14.965225872566732,BabyLM 350M
18,-0.20596306507794448,14.863144129595593,BabyLM 350M
19,-0.20596306507794448,14.587075933355097,BabyLM 350M
20,-0.20596306507794448,14.171580762831653,BabyLM 350M
21,-0.20596306507794448,13.651515361595996,BabyLM 350M
22,-0.20596306507794448,13.061736473218867,BabyLM 350M
23,-0.20596306507794448,12.437100841270999,BabyLM 350M
0,-0.05818177747138886,14.960191965769065,BabyLM 350M
1,-0.05818177747138886,15.56854098507413,BabyLM 350M
2,-0.05818177747138886,16.129731194408894,BabyLM 350M
3,-0.05818177747138886,16.596603783803054,BabyLM 350M
4,-0.05818177747138886,16.92199994328631,BabyLM 350M
5,-0.05818177747138886,17.058760862888363,BabyLM 350M
6,-0.05818177747138886,16.960088371978173,BabyLM 350M
7,-0.05818177747138886,16.622821659975614,BabyLM 350M
8,-0.05818177747138886,16.128550161027537,BabyLM 350M
9,-0.05818177747138886,15.568600571440905,BabyLM 350M
10,-0.05818177747138886,15.034299587522694,BabyLM 350M
11,-0.05818177747138886,14.616973905579869,BabyLM 350M
12,-0.05818177747138886,14.404405093145579,BabyLM 350M
13,-0.05818177747138886,14.40283675595507,BabyLM 350M
14,-0.05818177747138886,14.536974537945685,BabyLM 350M
15,-0.05818177747138886,14.727978954280946,BabyLM 350M
16,-0.05818177747138886,14.897010520124377,BabyLM 350M
17,-0.05818177747138886,14.9652297506395,BabyLM 350M
18,-0.05818177747138886,14.86177840903692,BabyLM 350M
19,-0.05818177747138886,14.58526467671481,BabyLM 350M
20,-0.05818177747138886,14.170064550393464,BabyLM 350M
21,-0.05818177747138886,13.650849628572686,BabyLM 350M
22,-0.05818177747138886,13.062291509752292,BabyLM 350M
23,-0.05818177747138886,12.439061792432087,BabyLM 350M
0,0.08959951013516765,14.969093348481985,BabyLM 350M
1,0.08959951013516765,15.575198198351808,BabyLM 350M
2,0.08959951013516765,16.13434756815401,BabyLM 350M
3,0.08959951013516765,16.59958597782096,BabyLM 350M
4,0.08959951013516765,16.923957947285047,BabyLM 350M
5,0.08959951013516765,17.060507996478638,BabyLM 350M
6,0.08959951013516765,16.96263948705227,BabyLM 350M
7,0.08959951013516765,16.627175628554117,BabyLM 350M
8,0.08959951013516765,16.135267434300452,BabyLM 350M
9,0.08959951013516765,15.577754643997935,BabyLM 350M
10,0.08959951013516765,15.045476997353225,BabyLM 350M
11,0.08959951013516765,14.629274234072978,BabyLM 350M
12,0.08959951013516765,14.416460863506778,BabyLM 350M
13,0.08959951013516765,14.413271096791396,BabyLM 350M
14,0.08959951013516765,14.544858846850799,BabyLM 350M
15,0.08959951013516765,14.732852796251871,BabyLM 350M
16,0.08959951013516765,14.8988816275615,BabyLM 350M
17,0.08959951013516765,14.964574023346577,BabyLM 350M
18,0.08959951013516765,14.859494020682146,BabyLM 350M
19,0.08959951013516765,14.582272631066148,BabyLM 350M
20,0.08959951013516765,14.16710301027384,BabyLM 350M
21,0.08959951013516765,13.648472216099298,BabyLM 350M
22,0.08959951013516765,13.060867306336604,BabyLM 350M
23,0.08959951013516765,12.438775338779829,BabyLM 350M
0,0.2373807977417215,14.97847859649134,BabyLM 350M
1,0.2373807977417215,15.582131969365207,BabyLM 350M
2,0.2373807977417215,16.13904685274686,BabyLM 350M
3,0.2373807977417215,16.602484757144083,BabyLM 350M
4,0.2373807977417215,16.925707193064667,BabyLM 350M
5,0.2373807977417215,17.061975671016395,BabyLM 350M
6,0.2373807977417215,16.964908637241294,BabyLM 350M
7,0.2373807977417215,16.631313761824554,BabyLM 350M
8,0.2373807977417215,16.141878612398013,BabyLM 350M
9,0.2373807977417215,15.58692802141801,BabyLM 350M
10,0.2373807977417215,15.056786821340888,BabyLM 350M
11,0.2373807977417215,14.641779844622983,BabyLM 350M
12,0.2373807977417215,14.428727460109824,BabyLM 350M
13,0.2373807977417215,14.423847373598113,BabyLM 350M
14,0.2373807977417215,14.55275462783574,BabyLM 350M
15,0.2373807977417215,14.737559801959774,BabyLM 350M
16,0.2373807977417215,14.900373475107287,BabyLM 350M
17,0.2373807977417215,14.963306226415346,BabyLM 350M
18,0.2373807977417215,14.85635717009021,BabyLM 350M
19,0.2373807977417215,14.578184892236585,BabyLM 350M
20,0.2373807977417215,14.162800302787751,BabyLM 350M
21,0.2373807977417215,13.64450647964251,BabyLM 350M
22,0.2373807977417215,13.057606500699665,BabyLM 350M
23,0.2373807977417215,12.436403443858016,BabyLM 350M
0,0.3851620853482771,14.988310130921489,BabyLM 350M
1,0.3851620853482771,15.589320819556479,BabyLM 350M
2,0.3851620853482771,16.143822609006,BabyLM 350M
3,0.3851620853482771,16.605306600084596,BabyLM 350M
4,0.3851620853482771,16.92726389360679,BabyLM 350M
5,0.3851620853482771,17.063185590387114,BabyLM 350M
6,0.3851620853482771,16.966917721043494,BabyLM 350M
7,0.3851620853482771,16.63525282240301,BabyLM 350M
8,0.3851620853482771,16.148391935087425,BabyLM 350M
9,0.3851620853482771,15.596119204409794,BabyLM 350M
10,0.3851620853482771,15.068218775683183,BabyLM 350M
11,0.3851620853482771,14.654474794220652,BabyLM 350M
12,0.3851620853482771,14.441188509362346,BabyLM 350M
13,0.3851620853482771,14.434554563071378,BabyLM 350M
14,0.3851620853482771,14.560660989933819,BabyLM 350M
15,0.3851620853482771,14.742112928562829,BabyLM 350M
16,0.3851620853482771,14.901515517571568,BabyLM 350M
17,0.3851620853482771,14.961473895573194,BabyLM 350M
18,0.3851620853482771,14.852434062820045,BabyLM 350M
19,0.3851620853482771,14.573086556053598,BabyLM 350M
20,0.3851620853482771,14.157260588250168,BabyLM 350M
21,0.3851620853482771,13.639075774669,BabyLM 350M
22,0.3851620853482771,13.05265173056934,BabyLM 350M
23,0.3851620853482771,12.432108071210433,BabyLM 350M
0,0.5329433729548327,14.99855037289679,BabyLM 350M
1,0.5329433729548327,15.596743270367783,BabyLM 350M
2,0.5329433729548327,16.14866839775,BabyLM 350M
3,0.5329433729548327,16.608057984954673,BabyLM 350M
4,0.5329433729548327,16.928644261893023,BabyLM 350M
5,0.5329433729548327,17.064159458476283,BabyLM 350M
6,0.5329433729548327,16.96868863695714,BabyLM 350M
7,0.5329433729548327,16.63900957290557,BabyLM 350M
8,0.5329433729548327,16.154815642135887,BabyLM 350M
9,0.5329433729548327,15.605326693681949,BabyLM 350M
10,0.5329433729548327,15.079762576577616,BabyLM 350M
11,0.5329433729548327,14.667343139856753,BabyLM 350M
12,0.5329433729548327,14.453827637671981,BabyLM 350M
13,0.5329433729548327,14.445381641907352,BabyLM 350M
14,0.5329433729548327,14.568577042178347,BabyLM 350M
15,0.5329433729548327,14.746525133219212,BabyLM 350M
16,0.5329433729548327,14.902337209764182,BabyLM 350M
17,0.5329433729548327,14.959124566547503,BabyLM 350M
18,0.5329433729548327,14.847790904430585,BabyLM 350M
19,0.5329433729548327,14.56706271834466,BabyLM 350M
20,0.5329433729548327,14.150588026976056,BabyLM 350M
21,0.5329433729548327,13.632303456645445,BabyLM 350M
22,0.5329433729548327,13.046145633673493,BabyLM 350M
23,0.5329433729548327,12.426051184380874,BabyLM 350M
0,0.680724660561388,15.009161743541602,BabyLM 350M
1,0.680724660561388,15.604377843241272,BabyLM 350M
2,0.680724660561388,16.153577779797413,BabyLM 350M
3,0.680724660561388,16.610745390066494,BabyLM 350M
4,0.680724660561388,16.92986451090499,BabyLM 350M
5,0.680724660561388,17.06491897916937,BabyLM 350M
6,0.680724660561388,16.970243283480478,BabyLM 350M
7,0.680724660561388,16.64260077594832,BabyLM 350M
8,0.680724660561388,16.16115797331061,BabyLM 350M
9,0.680724660561388,15.614548989943135,BabyLM 350M
10,0.680724660561388,15.091407940221687,BabyLM 350M
11,0.680724660561388,14.680368938522056,BabyLM 350M
12,0.680724660561388,14.466628471446361,BabyLM 350M
13,0.680724660561388,14.456317586802195,BabyLM 350M
14,0.680724660561388,14.576501893602638,BabyLM 350M
15,0.680724660561388,14.750809373087094,BabyLM 350M
16,0.680724660561388,14.902868006494966,BabyLM 350M
17,0.680724660561388,14.95630577506566,BabyLM 350M
18,0.680724660561388,14.842493900480768,BabyLM 350M
19,0.680724660561388,14.560198474937248,BabyLM 350M
20,0.680724660561388,14.14288677928039,BabyLM 350M
21,0.680724660561388,13.624312881038525,BabyLM 350M
22,0.680724660561388,13.038230847739994,BabyLM 350M
23,0.680724660561388,12.418394746913126,BabyLM 350M
0,-8.038371308225386,17.75326968960639,BabyLM 1.3B
1,-8.038371308225386,17.70245769908756,BabyLM 1.3B
2,-8.038371308225386,17.632338160847056,BabyLM 1.3B
3,-8.038371308225386,17.523603527163218,BabyLM 1.3B
4,-8.038371308225386,17.356946250314365,BabyLM 1.3B
5,-8.038371308225386,17.113058782578836,BabyLM 1.3B
6,-8.038371308225386,16.772751858103895,BabyLM 1.3B
7,-8.038371308225386,16.331148317178776,BabyLM 1.3B
8,-8.038371308225386,15.81116723929402,BabyLM 1.3B
9,-8.038371308225386,15.238921314401605,BabyLM 1.3B
10,-8.038371308225386,14.640523232453502,BabyLM 1.3B
11,-8.038371308225386,14.042085683401687,BabyLM 1.3B
12,-8.038371308225386,13.469428760443007,BabyLM 1.3B
13,-8.038371308225386,12.941642831406366,BabyLM 1.3B
14,-8.038371308225386,12.47108853875273,BabyLM 1.3B
15,-8.038371308225386,12.06983392818794,BabyLM 1.3B
16,-8.038371308225386,11.74994704541783,BabyLM 1.3B
17,-8.038371308225386,11.523495936148242,BabyLM 1.3B
18,-8.038371308225386,11.40037309059456,BabyLM 1.3B
19,-8.038371308225386,11.371535608592314,BabyLM 1.3B
20,-8.038371308225386,11.418190878334636,BabyLM 1.3B
21,-8.038371308225386,11.521465711885385,BabyLM 1.3B
22,-8.038371308225386,11.66248692130842,BabyLM 1.3B
23,-8.038371308225386,11.822381318667595,BabyLM 1.3B
0,-7.890590020618831,17.75974931975732,BabyLM 1.3B
1,-7.890590020618831,17.707815992511193,BabyLM 1.3B
2,-7.890590020618831,17.636140235188073,BabyLM 1.3B
3,-7.890590020618831,17.524979617710976,BabyLM 1.3B
4,-7.890590020618831,17.354591710002904,BabyLM 1.3B
5,-7.890590020618831,17.105234081986875,BabyLM 1.3B
6,-7.890590020618831,16.75728647063144,BabyLM 1.3B
7,-7.890590020618831,16.30591082541563,BabyLM 1.3B
8,-7.890590020618831,15.774978351520673,BabyLM 1.3B
9,-7.890590020618831,15.191658764357399,BabyLM 1.3B
10,-7.890590020618831,14.583121779336636,BabyLM 1.3B
11,-7.890590020618831,13.976537111869222,BabyLM 1.3B
12,-7.890590020618831,13.398745933575782,BabyLM 1.3B
13,-7.890590020618831,12.8690329089022,BabyLM 1.3B
14,-7.890590020618831,12.399126195119619,BabyLM 1.3B
15,-7.890590020618831,12.000425405708972,BabyLM 1.3B
16,-7.890590020618831,11.684330154151194,BabyLM 1.3B
17,-7.890590020618831,11.462240053927221,BabyLM 1.3B
18,-7.890590020618831,11.343429416872198,BabyLM 1.3B
19,-7.890590020618831,11.318674559015296,BabyLM 1.3B
20,-7.890590020618831,11.369227296417503,BabyLM 1.3B
21,-7.890590020618831,11.476260730264048,BabyLM 1.3B
22,-7.890590020618831,11.620947961740146,BabyLM 1.3B
23,-7.890590020618831,11.784462092031024,BabyLM 1.3B
0,-7.742808733012275,17.765649358040285,BabyLM 1.3B
1,-7.742808733012275,17.7127619500326,BabyLM 1.3B
2,-7.742808733012275,17.63969735251945,BabyLM 1.3B
3,-7.742808733012275,17.526278375995368,BabyLM 1.3B
4,-7.742808733012275,17.352327830954884,BabyLM 1.3B
5,-7.742808733012275,17.097668527892544,BabyLM 1.3B
6,-7.742808733012275,16.74224932203259,BabyLM 1.3B
7,-7.742808733012275,16.281270480894634,BabyLM 1.3B
8,-7.742808733012275,15.739552783481038,BabyLM 1.3B
9,-7.742808733012275,15.145320216496428,BabyLM 1.3B
10,-7.742808733012275,14.526796766645433,BabyLM 1.3B
11,-7.742808733012275,13.91220642063268,BabyLM 1.3B
12,-7.742808733012275,13.329408561442097,BabyLM 1.3B
13,-7.742808733012275,12.797876686481537,BabyLM 1.3B
14,-7.742808733012275,12.328698407582774,BabyLM 1.3B
15,-7.742808733012275,11.932596732856883,BabyLM 1.3B
16,-7.742808733012275,11.620294670414935,BabyLM 1.3B
17,-7.742808733012275,11.40251522836801,BabyLM 1.3B
18,-7.742808733012275,11.287907701383494,BabyLM 1.3B
19,-7.742808733012275,11.267072396748548,BabyLM 1.3B
20,-7.742808733012275,11.321316313354547,BabyLM 1.3B
21,-7.742808733012275,11.431869645891261,BabyLM 1.3B
22,-7.742808733012275,11.579962589048447,BabyLM 1.3B
23,-7.742808733012275,11.74682533751587,BabyLM 1.3B
0,-7.595027445405719,17.77093537504595,BabyLM 1.3B
1,-7.595027445405719,17.71727107772365,BabyLM 1.3B
2,-7.595027445405719,17.64299496169646,BabyLM 1.3B
3,-7.595027445405719,17.527495208259484,BabyLM 1.3B
4,-7.595027445405719,17.35015999870783,BabyLM 1.3B
5,-7.595027445405719,17.090377514336613,BabyLM 1.3B
6,-7.595027445405719,16.72766585091732,BabyLM 1.3B
7,-7.595027445405719,16.2572627558644,BabyLM 1.3B
8,-7.595027445405719,15.704935878543479,BabyLM 1.3B
9,-7.595027445405719,15.09996055918266,BabyLM 1.3B
10,-7.595027445405719,14.471612138010048,BabyLM 1.3B
11,-7.595027445405719,13.849165955253746,BabyLM 1.3B
12,-7.595027445405719,13.261496567888939,BabyLM 1.3B
13,-7.595027445405719,12.728260518073753,BabyLM 1.3B
14,-7.595027445405719,12.25989633314925,BabyLM 1.3B
15,-7.595027445405719,11.866441757203573,BabyLM 1.3B
16,-7.595027445405719,11.557934534324867,BabyLM 1.3B
17,-7.595027445405719,11.34441240860128,BabyLM 1.3B
18,-7.595027445405719,11.233892412501454,BabyLM 1.3B
19,-7.595027445405719,11.21680390328732,BabyLM 1.3B
20,-7.595027445405719,11.274520456518607,BabyLM 1.3B
21,-7.595027445405719,11.388340806583964,BabyLM 1.3B
22,-7.595027445405719,11.539563687872034,BabyLM 1.3B
23,-7.595027445405719,11.709487834771458,BabyLM 1.3B
0,-7.447246157799164,17.775572941364967,BabyLM 1.3B
1,-7.447246157799164,17.721318881656202,BabyLM 1.3B
2,-7.447246157799164,17.646018511574372,BabyLM 1.3B
3,-7.447246157799164,17.528625520746413,BabyLM 1.3B
4,-7.447246157799164,17.34809359879926,BabyLM 1.3B
5,-7.447246157799164,17.083376435359853,BabyLM 1.3B
6,-7.447246157799164,16.71356149589561,BabyLM 1.3B
7,-7.447246157799164,16.233923122573543,BabyLM 1.3B
8,-7.447246157799164,15.671172980076358,BabyLM 1.3B
9,-7.447246157799164,15.055634680780056,BabyLM 1.3B
10,-7.447246157799164,14.417631837060638,BabyLM 1.3B
11,-7.447246157799164,13.787488061294106,BabyLM 1.3B
12,-7.447246157799164,13.195089876763296,BabyLM 1.3B
13,-7.447246157799164,12.660270757608226,BabyLM 1.3B
14,-7.447246157799164,12.192811128826097,BabyLM 1.3B
15,-7.447246157799164,11.802054326320942,BabyLM 1.3B
16,-7.447246157799164,11.497343685996796,BabyLM 1.3B
17,-7.447246157799164,11.288022543757691,BabyLM 1.3B
18,-7.447246157799164,11.18146801859908,BabyLM 1.3B
19,-7.447246157799164,11.167943860126858,BabyLM 1.3B
20,-7.447246157799164,11.228902253282522,BabyLM 1.3B
21,-7.447246157799164,11.3457225601591,BabyLM 1.3B
22,-7.447246157799164,11.49978414284962,BabyLM 1.3B
23,-7.447246157799164,11.67246636344711,BabyLM 1.3B
0,-7.299464870192609,17.779527627588,BabyLM 1.3B
1,-7.299464870192609,17.724880867902115,BabyLM 1.3B
2,-7.299464870192609,17.648753451008456,BabyLM 1.3B
3,-7.299464870192609,17.52966471969924,BabyLM 1.3B
4,-7.299464870192609,17.34613401676669,BabyLM 1.3B
5,-7.299464870192609,17.07668068500303,BabyLM 1.3B
6,-7.299464870192609,16.69996169557744,BabyLM 1.3B
7,-7.299464870192609,16.211287053270684,BabyLM 1.3B
8,-7.299464870192609,15.638309431448041,BabyLM 1.3B
9,-7.299464870192609,15.012397469652576,BabyLM 1.3B
10,-7.299464870192609,14.364919807427357,BabyLM 1.3B
11,-7.299464870192609,13.727245084315447,BabyLM 1.3B
12,-7.299464870192609,13.130268411912157,BabyLM 1.3B
13,-7.299464870192609,12.593993759014333,BabyLM 1.3B
14,-7.299464870192609,12.127533951620368,BabyLM 1.3B
15,-7.299464870192609,11.73952828778089,BabyLM 1.3B
16,-7.299464870192609,11.438616065546531,BabyLM 1.3B
17,-7.299464870192609,11.233436582967922,BabyLM 1.3B
18,-7.299464870192609,11.130718988049374,BabyLM 1.3B
19,-7.299464870192609,11.120567048762412,BabyLM 1.3B
20,-7.299464870192609,11.184524231019129,BabyLM 1.3B
21,-7.299464870192609,11.304063254433604,BabyLM 1.3B
22,-7.299464870192609,11.46065683861992,BabyLM 1.3B
23,-7.299464870192609,11.635777703192154,BabyLM 1.3B
0,-7.151683582586053,17.782765004305702,BabyLM 1.3B
1,-7.151683582586053,17.727932542533253,BabyLM 1.3B
2,-7.151683582586053,17.65118522885398,BabyLM 1.3B
3,-7.151683582586053,17.530608211361052,BabyLM 1.3B
4,-7.151683582586053,17.344286638147643,BabyLM 1.3B
5,-7.151683582586053,17.070305657306925,BabyLM 1.3B
6,-7.151683582586053,16.68689188857278,BabyLM 1.3B
7,-7.151683582586053,16.18939002020444,BabyLM 1.3B
8,-7.151683582586053,15.606390576026895,BabyLM 1.3B
9,-7.151683582586053,14.970303814164188,BabyLM 1.3B
10,-7.151683582586053,14.313539992740361,BabyLM 1.3B
11,-7.151683582586053,13.668509369879457,BabyLM 1.3B
12,-7.151683582586053,13.06711209718251,BabyLM 1.3B
13,-7.151683582586053,12.529515876221454,BabyLM 1.3B
14,-7.151683582586053,12.064155958539116,BabyLM 1.3B
15,-7.151683582586053,11.678957489155318,BabyLM 1.3B
16,-7.151683582586053,11.381845613089883,BabyLM 1.3B
17,-7.151683582586053,11.180745475362636,BabyLM 1.3B
18,-7.151683582586053,11.08172978922534,BabyLM 1.3B
19,-7.151683582586053,11.074748250689229,BabyLM 1.3B
20,-7.151683582586053,11.141448917101268,BabyLM 1.3B
21,-7.151683582586053,11.263411237224421,BabyLM 1.3B
22,-7.151683582586053,11.422214659821648,BabyLM 1.3B
23,-7.151683582586053,11.599438633655913,BabyLM 1.3B
0,-7.003902294979498,17.785250642108743,BabyLM 1.3B
1,-7.003902294979498,17.73044941162148,BabyLM 1.3B
2,-7.003902294979498,17.653299293966214,BabyLM 1.3B
3,-7.003902294979498,17.531451401974934,BabyLM 1.3B
4,-7.003902294979498,17.34255684847963,BabyLM 1.3B
5,-7.003902294979498,17.064266746312306,BabyLM 1.3B
6,-7.003902294979498,16.674377513491617,BabyLM 1.3B
7,-7.003902294979498,16.168267495623425,BabyLM 1.3B
8,-7.003902294979498,15.57546175718128,BabyLM 1.3B
9,-7.003902294979498,14.929408602678853,BabyLM 1.3B
10,-7.003902294979498,14.26355633662981,BabyLM 1.3B
11,-7.003902294979498,13.611353263547821,BabyLM 1.3B
12,-7.003902294979498,13.005700856421345,BabyLM 1.3B
13,-7.003902294979498,12.466923463158963,BabyLM 1.3B
14,-7.003902294979498,12.002768306589388,BabyLM 1.3B
15,-7.003902294979498,11.620435778016121,BabyLM 1.3B
16,-7.003902294979498,11.32712626874266,BabyLM 1.3B
17,-7.003902294979498,11.130040170072503,BabyLM 1.3B
18,-7.003902294979498,11.03458489049998,BabyLM 1.3B
19,-7.003902294979498,11.030562247402555,BabyLM 1.3B
20,-7.003902294979498,11.099738838901779,BabyLM 1.3B
21,-7.003902294979498,11.223814856348485,BabyLM 1.3B
22,-7.003902294979498,11.384490491093516,BabyLM 1.3B
23,-7.003902294979498,11.56346593448771,BabyLM 1.3B
0,-6.856121007372942,17.786950111587764,BabyLM 1.3B
1,-6.856121007372942,17.73240698123865,BabyLM 1.3B
2,-6.856121007372942,17.655081095200423,BabyLM 1.3B
3,-6.856121007372942,17.53218969778397,BabyLM 1.3B
4,-6.856121007372942,17.340950033300178,BabyLM 1.3B
5,-6.856121007372942,17.05857934605994,BabyLM 1.3B
6,-6.856121007372942,16.662444008943922,BabyLM 1.3B
7,-6.856121007372942,16.147954951776256,BabyLM 1.3B
8,-6.856121007372942,15.545568318279562,BabyLM 1.3B
9,-6.856121007372942,14.889766723560532,BabyLM 1.3B
10,-6.856121007372942,14.215032782725856,BabyLM 1.3B
11,-6.856121007372942,13.555849110882228,BabyLM 1.3B
12,-6.856121007372942,12.94611461347565,BabyLM 1.3B
13,-6.856121007372942,12.406302873756243,BabyLM 1.3B
14,-6.856121007372942,11.943462152778245,BabyLM 1.3B
15,-6.856121007372942,11.564057001935204,BabyLM 1.3B
16,-6.856121007372942,11.27455197262067,BabyLM 1.3B
17,-6.856121007372942,11.081411616228191,BabyLM 1.3B
18,-6.856121007372942,10.989368760246299,BabyLM 1.3B
19,-6.856121007372942,10.988083820397641,BabyLM 1.3B
20,-6.856121007372942,11.059456523793497,BabyLM 1.3B
21,-6.856121007372942,11.18532245962274,BabyLM 1.3B
22,-6.856121007372942,11.347517217074241,BabyLM 1.3B
23,-6.856121007372942,11.527876385336867,BabyLM 1.3B
0,-6.7083397197663865,17.78782898333344,BabyLM 1.3B
1,-6.7083397197663865,17.73378075745663,BabyLM 1.3B
2,-6.7083397197663865,17.65651608141188,BabyLM 1.3B
3,-6.7083397197663865,17.53281850503125,BabyLM 1.3B
4,-6.7083397197663865,17.339471578146803,BabyLM 1.3B
5,-6.7083397197663865,17.053258850590602,BabyLM 1.3B
6,-6.7083397197663865,16.65111681353967,BabyLM 1.3B
7,-6.7083397197663865,16.12848786091155,BabyLM 1.3B
8,-6.7083397197663865,15.516755602690107,BabyLM 1.3B
9,-6.7083397197663865,14.85143306517319,BabyLM 1.3B
10,-6.7083397197663865,14.168033274658656,BabyLM 1.3B
11,-6.7083397197663865,13.502069257444361,BabyLM 1.3B
12,-6.7083397197663865,12.888433292192412,BabyLM 1.3B
13,-6.7083397197663865,12.347740461942667,BabyLM 1.3B
14,-6.7083397197663865,11.886328654112733,BabyLM 1.3B
15,-6.7083397197663865,11.509915008484466,BabyLM 1.3B
16,-6.7083397197663865,11.224216664839725,BabyLM 1.3B
17,-6.7083397197663865,11.03495076296037,BabyLM 1.3B
18,-6.7083397197663865,10.946165866837298,BabyLM 1.3B
19,-6.7083397197663865,10.947387751169732,BabyLM 1.3B
20,-6.7083397197663865,11.020664499149266,BabyLM 1.3B
21,-6.7083397197663865,11.147982394864124,BabyLM 1.3B
22,-6.7083397197663865,11.311327722402531,BabyLM 1.3B
23,-6.7083397197663865,11.492686765852717,BabyLM 1.3B
0,-6.560558432159831,17.787852827936426,BabyLM 1.3B
1,-6.560558432159831,17.73454624634728,BabyLM 1.3B
2,-6.560558432159831,17.65758970145585,BabyLM 1.3B
3,-6.560558432159831,17.533333229959858,BabyLM 1.3B
4,-6.560558432159831,17.338126868557023,BabyLM 1.3B
5,-6.560558432159831,17.048320653945062,BabyLM 1.3B
6,-6.560558432159831,16.64042136588884,BabyLM 1.3B
7,-6.560558432159831,16.10990169527793,BabyLM 1.3B
8,-6.560558432159831,15.48906895378128,BabyLM 1.3B
9,-6.560558432159831,14.81446251588079,BabyLM 1.3B
10,-6.560558432159831,14.122621756058365,BabyLM 1.3B
11,-6.560558432159831,13.450086048795908,BabyLM 1.3B
12,-6.560558432159831,12.832736816418622,BabyLM 1.3B
13,-6.560558432159831,12.291322581647615,BabyLM 1.3B
14,-6.560558432159831,11.831458967599904,BabyLM 1.3B
15,-6.560558432159831,11.458103645235804,BabyLM 1.3B
16,-6.560558432159831,11.176214285515632,BabyLM 1.3B
17,-6.560558432159831,10.990748559399707,BabyLM 1.3B
18,-6.560558432159831,10.905060678645977,BabyLM 1.3B
19,-6.560558432159831,10.908548821214074,BabyLM 1.3B
20,-6.560558432159831,10.983425292341918,BabyLM 1.3B
21,-6.560558432159831,11.111843009889574,BabyLM 1.3B
22,-6.560558432159831,11.275954891717106,BabyLM 1.3B
23,-6.560558432159831,11.457913855684575,BabyLM 1.3B
0,-6.412777144553276,17.786987215987377,BabyLM 1.3B
1,-6.412777144553276,17.73467895398246,BabyLM 1.3B
2,-6.412777144553276,17.658287404187607,BabyLM 1.3B
3,-6.412777144553276,17.533729278812885,BabyLM 1.3B
4,-6.412777144553276,17.336921290068357,BabyLM 1.3B
5,-6.412777144553276,17.043780150164096,BabyLM 1.3B
6,-6.412777144553276,16.630383104601417,BabyLM 1.3B
7,-6.412777144553276,16.092231927124008,BabyLM 1.3B
8,-6.412777144553276,15.462553714921441,BabyLM 1.3B
9,-6.412777144553276,14.778909964047294,BabyLM 1.3B
10,-6.412777144553276,14.07886217055514,BabyLM 1.3B
11,-6.412777144553276,13.399971830498556,BabyLM 1.3B
12,-6.412777144553276,12.779105110001266,BabyLM 1.3B
13,-6.412777144553276,12.237135586800465,BabyLM 1.3B
14,-6.412777144553276,11.778944250246811,BabyLM 1.3B
15,-6.412777144553276,11.40871675976112,BabyLM 1.3B
16,-6.412777144553276,11.130638774764202,BabyLM 1.3B
17,-6.412777144553276,10.94889595467687,BabyLM 1.3B
18,-6.412777144553276,10.866137664045347,BabyLM 1.3B
19,-6.412777144553276,10.871641812025917,BabyLM 1.3B
20,-6.412777144553276,10.947801430744299,BabyLM 1.3B
21,-6.412777144553276,11.076952652516034,BabyLM 1.3B
22,-6.412777144553276,11.241431609656676,BabyLM 1.3B
23,-6.412777144553276,11.42357443448177,BabyLM 1.3B
0,-6.264995856946721,17.785197718076954,BabyLM 1.3B
1,-6.264995856946721,17.73415438643403,BabyLM 1.3B
2,-6.264995856946721,17.658594638462414,BabyLM 1.3B
3,-6.264995856946721,17.534002057833412,BabyLM 1.3B
4,-6.264995856946721,17.335860228218326,BabyLM 1.3B
5,-6.264995856946721,17.039652733288467,BabyLM 1.3B
6,-6.264995856946721,16.62102746828737,BabyLM 1.3B
7,-6.264995856946721,16.075514028698397,BabyLM 1.3B
8,-6.264995856946721,15.437255229478957,BabyLM 1.3B
9,-6.264995856946721,14.744830298036666,BabyLM 1.3B
10,-6.264995856946721,14.036818461779138,BabyLM 1.3B
11,-6.264995856946721,13.351798948113993,BabyLM 1.3B
12,-6.264995856946721,12.727618096787335,BabyLM 1.3B
13,-6.264995856946721,12.185265831330593,BabyLM 1.3B
14,-6.264995856946721,11.728875659060508,BabyLM 1.3B
15,-6.264995856946721,11.361848199632313,BabyLM 1.3B
16,-6.264995856946721,11.087584072701242,BabyLM 1.3B
17,-6.264995856946721,10.90948389792253,BabyLM 1.3B
18,-6.264995856946721,10.829481291408406,BabyLM 1.3B
19,-6.264995856946721,10.83674150510051,BabyLM 1.3B
20,-6.264995856946721,10.913855441729241,BabyLM 1.3B
21,-6.264995856946721,11.043359670560443,BabyLM 1.3B
22,-6.264995856946721,11.207790760859957,BabyLM 1.3B
23,-6.264995856946721,11.389685281893627,BabyLM 1.3B
0,-6.117214569340165,17.78244990479582,BabyLM 1.3B
1,-6.117214569340165,17.73294804977386,BabyLM 1.3B
2,-6.117214569340165,17.658496853135546,BabyLM 1.3B
3,-6.117214569340165,17.534146973264527,BabyLM 1.3B
4,-6.117214569340165,17.334949068544447,BabyLM 1.3B
5,-6.117214569340165,17.035953797358953,BabyLM 1.3B
6,-6.117214569340165,16.61237989555668,BabyLM 1.3B
7,-6.117214569340165,16.05978347224972,BabyLM 1.3B
8,-6.117214569340165,15.413218840822195,BabyLM 1.3B
9,-6.117214569340165,14.712278406212867,BabyLM 1.3B
10,-6.117214569340165,13.996554573360514,BabyLM 1.3B
11,-6.117214569340165,13.305639747203902,BabyLM 1.3B
12,-6.117214569340165,12.678355700623817,BabyLM 1.3B
13,-6.117214569340165,12.13579966916738,BabyLM 1.3B
14,-6.117214569340165,11.681344351048045,BabyLM 1.3B
15,-6.117214569340165,11.317591812421282,BabyLM 1.3B
16,-6.117214569340165,11.047144119442562,BabyLM 1.3B
17,-6.117214569340165,10.872603338267355,BabyLM 1.3B
18,-6.117214569340165,10.795176029108159,BabyLM 1.3B
19,-6.117214569340165,10.8039226819331,BabyLM 1.3B
20,-6.117214569340165,10.881649852669588,BabyLM 1.3B
21,-6.117214569340165,11.011112411839738,BabyLM 1.3B
22,-6.117214569340165,11.17506522996566,BabyLM 1.3B
23,-6.117214569340165,11.35626317756947,BabyLM 1.3B
0,-5.969433281733609,17.778709346734626,BabyLM 1.3B
1,-5.969433281733609,17.731035450073804,BabyLM 1.3B
2,-5.969433281733609,17.657979497062268,BabyLM 1.3B
3,-5.969433281733609,17.53415943134932,BabyLM 1.3B
4,-5.969433281733609,17.334193196584238,BabyLM 1.3B
5,-5.969433281733609,17.03269873641632,BabyLM 1.3B
6,-5.969433281733609,16.60446582501932,BabyLM 1.3B
7,-5.969433281733609,16.045075730026593,BabyLM 1.3B
8,-5.969433281733609,15.390489892319515,BabyLM 1.3B
9,-5.969433281733609,14.681309176939864,BabyLM 1.3B
10,-5.969433281733609,13.958134448929423,BabyLM 1.3B
11,-5.969433281733609,13.261566573329972,BabyLM 1.3B
12,-5.969433281733609,12.631397845357698,BabyLM 1.3B
13,-5.969433281733609,12.0888234542402,BabyLM 1.3B
14,-5.969433281733609,11.636441483216474,BabyLM 1.3B
15,-5.969433281733609,11.27604144569993,BabyLM 1.3B
16,-5.969433281733609,11.009412855103971,BabyLM 1.3B
17,-5.969433281733609,10.838345224842012,BabyLM 1.3B
18,-5.969433281733609,10.763306345517604,BabyLM 1.3B
19,-5.969433281733609,10.773260124018933,BabyLM 1.3B
20,-5.969433281733609,10.851247190938176,BabyLM 1.3B
21,-5.969433281733609,10.98025922417086,BabyLM 1.3B
22,-5.969433281733609,11.143287901612501,BabyLM 1.3B
23,-5.969433281733609,11.323324901158623,BabyLM 1.3B
0,-5.821651994127054,17.773941614484034,BabyLM 1.3B
1,-5.821651994127054,17.72839209340572,BabyLM 1.3B
2,-5.821651994127054,17.65702801909785,BabyLM 1.3B
3,-5.821651994127054,17.534034838330868,BabyLM 1.3B
4,-5.821651994127054,17.333597997875216,BabyLM 1.3B
5,-5.821651994127054,17.029902944501348,BabyLM 1.3B
6,-5.821651994127054,16.59731069528527,BabyLM 1.3B
7,-5.821651994127054,16.03142627427763,BabyLM 1.3B
8,-5.821651994127054,15.369113727339283,BabyLM 1.3B
9,-5.821651994127054,14.651977498581617,BabyLM 1.3B
10,-5.821651994127054,13.921622032116021,BabyLM 1.3B
11,-5.821651994127054,13.219651772053888,BabyLM 1.3B
12,-5.821651994127054,12.586824454835972,BabyLM 1.3B
13,-5.821651994127054,12.044423540478435,BabyLM 1.3B
14,-5.821651994127054,11.59425821257285,BabyLM 1.3B
15,-5.821651994127054,11.237290947040153,BabyLM 1.3B
16,-5.821651994127054,10.97448421980128,BabyLM 1.3B
17,-5.821651994127054,10.806800506777172,BabyLM 1.3B
18,-5.821651994127054,10.73395670900975,BabyLM 1.3B
19,-5.821651994127054,10.744828612853256,BabyLM 1.3B
20,-5.821651994127054,10.822709983907846,BabyLM 1.3B
21,-5.821651994127054,10.95084845537075,BabyLM 1.3B
22,-5.821651994127054,11.112491660439193,BabyLM 1.3B
23,-5.821651994127054,11.290887232310409,BabyLM 1.3B
0,-5.673870706520498,17.768112278634707,BabyLM 1.3B
1,-5.673870706520498,17.724993485841477,BabyLM 1.3B
2,-5.673870706520498,17.65562786809756,BabyLM 1.3B
3,-5.673870706520498,17.533768600452266,BabyLM 1.3B
4,-5.673870706520498,17.33316885795491,BabyLM 1.3B
5,-5.673870706520498,17.0275818156548,BabyLM 1.3B
6,-5.673870706520498,16.59093994496451,BabyLM 1.3B
7,-5.673870706520498,16.01887057725145,BabyLM 1.3B
8,-5.673870706520498,15.349135689249865,BabyLM 1.3B
9,-5.673870706520498,14.624338259502089,BabyLM 1.3B
10,-5.673870706520498,13.887081266550465,BabyLM 1.3B
11,-5.673870706520498,13.179967688937339,BabyLM 1.3B
12,-5.673870706520498,12.54471545290562,BabyLM 1.3B
13,-5.673870706520498,12.002686281811458,BabyLM 1.3B
14,-5.673870706520498,11.55488569612422,BabyLM 1.3B
15,-5.673870706520498,11.201434164013854,BabyLM 1.3B
16,-5.673870706520498,10.942452153650297,BabyLM 1.3B
17,-5.673870706520498,10.778060133203502,BabyLM 1.3B
18,-5.673870706520498,10.707211587957596,BabyLM 1.3B
19,-5.673870706520498,10.718702929931318,BabyLM 1.3B
20,-5.673870706520498,10.796100758951434,BabyLM 1.3B
21,-5.673870706520498,10.922928453256343,BabyLM 1.3B
22,-5.673870706520498,11.08270939108445,BabyLM 1.3B
23,-5.673870706520498,11.258966950674154,BabyLM 1.3B
0,-5.5260894189139425,17.761186909777297,BabyLM 1.3B
1,-5.5260894189139425,17.720815133452934,BabyLM 1.3B
2,-5.5260894189139425,17.653764492916665,BabyLM 1.3B
3,-5.5260894189139425,17.533356123956597,BabyLM 1.3B
4,-5.5260894189139425,17.332911162360826,BabyLM 1.3B
5,-5.5260894189139425,17.025750743917445,BabyLM 1.3B
6,-5.5260894189139425,16.585379012667012,BabyLM 1.3B
7,-5.5260894189139425,16.007444111196673,BabyLM 1.3B
8,-5.5260894189139425,15.330601121419623,BabyLM 1.3B
9,-5.5260894189139425,14.598446348065243,BabyLM 1.3B
10,-5.5260894189139425,13.854576095862912,BabyLM 1.3B
11,-5.5260894189139425,13.142586669542007,BabyLM 1.3B
12,-5.5260894189139425,12.505150763413639,BabyLM 1.3B
13,-5.5260894189139425,11.963698032168653,BabyLM 1.3B
14,-5.5260894189139425,11.518415090877642,BabyLM 1.3B
15,-5.5260894189139425,11.168564944192928,BabyLM 1.3B
16,-5.5260894189139425,10.91341059676683,BabyLM 1.3B
17,-5.5260894189139425,10.75221505325167,BabyLM 1.3B
18,-5.5260894189139425,10.683155450734148,BabyLM 1.3B
19,-5.5260894189139425,10.694957856748369,BabyLM 1.3B
20,-5.5260894189139425,10.77148204344178,BabyLM 1.3B
21,-5.5260894189139425,10.896547565644584,BabyLM 1.3B
22,-5.5260894189139425,11.053973978186985,BabyLM 1.3B
23,-5.5260894189139425,11.22758083589918,BabyLM 1.3B
0,-5.378308131307387,17.75313107850247,BabyLM 1.3B
1,-5.378308131307387,17.71583254231195,BabyLM 1.3B
2,-5.378308131307387,17.651423342410443,BabyLM 1.3B
3,-5.378308131307387,17.53279281508695,BabyLM 1.3B
4,-5.378308131307387,17.33283029663049,BabyLM 1.3B
5,-5.378308131307387,17.024425123330065,BabyLM 1.3B
6,-5.378308131307387,16.580653337002758,BabyLM 1.3B
7,-5.378308131307387,15.99718234836191,BabyLM 1.3B
8,-5.378308131307387,15.313555367216924,BabyLM 1.3B
9,-5.378308131307387,14.574356652635043,BabyLM 1.3B
10,-5.378308131307387,13.824170463683515,BabyLM 1.3B
11,-5.378308131307387,13.107581059429585,BabyLM 1.3B
12,-5.378308131307387,12.46821031020701,BabyLM 1.3B
13,-5.378308131307387,11.92754514547939,BabyLM 1.3B
14,-5.378308131307387,11.484937553840163,BabyLM 1.3B
15,-5.378308131307387,11.13877713514928,BabyLM 1.3B
16,-5.378308131307387,10.88745348926669,BabyLM 1.3B
17,-5.378308131307387,10.729356216052345,BabyLM 1.3B
18,-5.378308131307387,10.661872765712406,BabyLM 1.3B
19,-5.378308131307387,10.673668174799651,BabyLM 1.3B
20,-5.378308131307387,10.748916364751722,BabyLM 1.3B
21,-5.378308131307387,10.87175414035241,BabyLM 1.3B
22,-5.378308131307387,11.026318306385509,BabyLM 1.3B
23,-5.378308131307387,11.196745667634815,BabyLM 1.3B
0,-5.230526843700831,17.743910355400878,BabyLM 1.3B
1,-5.230526843700831,17.710021218490393,BabyLM 1.3B
2,-5.230526843700831,17.64858986543415,BabyLM 1.3B
3,-5.230526843700831,17.53207408008641,BabyLM 1.3B
4,-5.230526843700831,17.332931646301418,BabyLM 1.3B
5,-5.230526843700831,17.023620347933424,BabyLM 1.3B
6,-5.230526843700831,16.576788356581723,BabyLM 1.3B
7,-5.230526843700831,15.98812076099578,BabyLM 1.3B
8,-5.230526843700831,15.29804377001013,BabyLM 1.3B
9,-5.230526843700831,14.552124061575451,BabyLM 1.3B
10,-5.230526843700831,13.795928313642433,BabyLM 1.3B
11,-5.230526843700831,13.075023204161754,BabyLM 1.3B
12,-5.230526843700831,12.433974017132726,BabyLM 1.3B
13,-5.230526843700831,11.894313975673054,BabyLM 1.3B
14,-5.230526843700831,11.454544242018839,BabyLM 1.3B
15,-5.230526843700831,11.112164584454808,BabyLM 1.3B
16,-5.230526843700831,10.864674771265685,BabyLM 1.3B
17,-5.230526843700831,10.709574570736198,BabyLM 1.3B
18,-5.230526843700831,10.643448001265376,BabyLM 1.3B
19,-5.230526843700831,10.654908665580418,BabyLM 1.3B
20,-5.230526843700831,10.728466250254101,BabyLM 1.3B
21,-5.230526843700831,10.848596525196761,BabyLM 1.3B
22,-5.230526843700831,10.999775260318742,BabyLM 1.3B
23,-5.230526843700831,11.166478225530383,BabyLM 1.3B
0,-5.082745556094276,17.733491907593624,BabyLM 1.3B
1,-5.082745556094276,17.703357654479383,BabyLM 1.3B
2,-5.082745556094276,17.64524990370431,BabyLM 1.3B
3,-5.082745556094276,17.531195157607574,BabyLM 1.3B
4,-5.082745556094276,17.33321991852835,BabyLM 1.3B
5,-5.082745556094276,17.023350688805802,BabyLM 1.3B
6,-5.082745556094276,16.573808025189674,BabyLM 1.3B
7,-5.082745556094276,15.980293068108754,BabyLM 1.3B
8,-5.082745556094276,15.284109744475938,BabyLM 1.3B
9,-5.082745556094276,14.531801450289528,BabyLM 1.3B
10,-5.082745556094276,13.769911581547825,BabyLM 1.3B
11,-5.082745556094276,13.044983534249136,BabyLM 1.3B
12,-5.082745556094276,12.402520071275637,BabyLM 1.3B
13,-5.082745556094276,11.864089393838725,BabyLM 1.3B
14,-5.082745556094276,11.427325141479006,BabyLM 1.3B
15,-5.082745556094276,11.088820320620963,BabyLM 1.3B
16,-5.082745556094276,10.84516793768908,BabyLM 1.3B
17,-5.082745556094276,10.692960999107841,BabyLM 1.3B
18,-5.082745556094276,10.627965923796435,BabyLM 1.3B
19,-5.082745556094276,10.638754757942765,BabyLM 1.3B
20,-5.082745556094276,10.71019521113692,BabyLM 1.3B
21,-5.082745556094276,10.827124378616944,BabyLM 1.3B
22,-5.082745556094276,10.974379355620883,BabyLM 1.3B
23,-5.082745556094276,11.136797237386777,BabyLM 1.3B
0,-4.93496426848772,17.72192963380753,BabyLM 1.3B
1,-4.93496426848772,17.69587193005225,BabyLM 1.3B
2,-4.93496426848772,17.641410641146653,BabyLM 1.3B
3,-4.93496426848772,17.53014218194044,BabyLM 1.3B
4,-4.93496426848772,17.3336629672833,BabyLM 1.3B
5,-4.93496426848772,17.023569412024923,BabyLM 1.3B
6,-4.93496426848772,16.571655633453773,BabyLM 1.3B
7,-4.93496426848772,15.97363774395034,BabyLM 1.3B
8,-4.93496426848772,15.271691929007718,BabyLM 1.3B
9,-4.93496426848772,14.513332339965975,BabyLM 1.3B
10,-4.93496426848772,13.746073128165182,BabyLM 1.3B
11,-4.93496426848772,13.017428444945413,BabyLM 1.3B
12,-4.93496426848772,12.373832310019846,BabyLM 1.3B
13,-4.93496426848772,11.836875715683167,BabyLM 1.3B
14,-4.93496426848772,11.403306626811563,BabyLM 1.3B
15,-4.93496426848772,11.068792876654337,BabyLM 1.3B
16,-4.93496426848772,10.829002298460784,BabyLM 1.3B
17,-4.93496426848772,10.679602725480207,BabyLM 1.3B
18,-4.93496426848772,10.615527490226,BabyLM 1.3B
19,-4.93496426848772,10.625317048436138,BabyLM 1.3B
20,-4.93496426848772,10.694220204402516,BabyLM 1.3B
21,-4.93496426848772,10.807458558686074,BabyLM 1.3B
22,-4.93496426848772,10.950253711847754,BabyLM 1.3B
23,-4.93496426848772,11.107827264448495,BabyLM 1.3B
0,-4.787182980881165,17.70940690083098,BabyLM 1.3B
1,-4.787182980881165,17.68767411706237,BabyLM 1.3B
2,-4.787182980881165,17.63711112013615,BabyLM 1.3B
3,-4.787182980881165,17.528887696894717,BabyLM 1.3B
4,-4.787182980881165,17.334173634180466,BabyLM 1.3B
5,-4.787182980881165,17.024138718835786,BabyLM 1.3B
6,-4.787182980881165,16.57015406257607,BabyLM 1.3B
7,-4.787182980881165,15.967951086749311,BabyLM 1.3B
8,-4.787182980881165,15.26057255785775,BabyLM 1.3B
9,-4.787182980881165,14.496497013974528,BabyLM 1.3B
10,-4.787182980881165,13.724202993172794,BabyLM 1.3B
11,-4.787182980881165,12.992169033525693,BabyLM 1.3B
12,-4.787182980881165,12.347753730824241,BabyLM 1.3B
13,-4.787182980881165,11.812557008370407,BabyLM 1.3B
14,-4.787182980881165,11.382420116977116,BabyLM 1.3B
15,-4.787182980881165,11.052064365175156,BabyLM 1.3B
16,-4.787182980881165,10.816211061495324,BabyLM 1.3B
17,-4.787182980881165,10.66958151446841,BabyLM 1.3B
18,-4.787182980881165,10.60625782576744,BabyLM 1.3B
19,-4.787182980881165,10.614758629970062,BabyLM 1.3B
20,-4.787182980881165,10.680737967958011,BabyLM 1.3B
21,-4.787182980881165,10.789826206284957,BabyLM 1.3B
22,-4.787182980881165,10.927653711504565,BabyLM 1.3B
23,-4.787182980881165,11.079850850170505,BabyLM 1.3B
0,-4.63940169327461,17.696117651649363,BabyLM 1.3B
1,-4.63940169327461,17.67888082188591,BabyLM 1.3B
2,-4.63940169327461,17.632392985552436,BabyLM 1.3B
3,-4.63940169327461,17.52740313607891,BabyLM 1.3B
4,-4.63940169327461,17.33466026689532,BabyLM 1.3B
5,-4.63940169327461,17.024913371431637,BabyLM 1.3B
6,-4.63940169327461,16.569116357558197,BabyLM 1.3B
7,-4.63940169327461,15.963017780429054,BabyLM 1.3B
8,-4.63940169327461,15.250521088683154,BabyLM 1.3B
9,-4.63940169327461,14.481062420849199,BabyLM 1.3B
10,-4.63940169327461,13.704077915455887,BabyLM 1.3B
11,-4.63940169327461,12.969003711031919,BabyLM 1.3B
12,-4.63940169327461,12.324115825987466,BabyLM 1.3B
13,-4.63940169327461,11.791007516006484,BabyLM 1.3B
14,-4.63940169327461,11.364589274046724,BabyLM 1.3B
15,-4.63940169327461,11.038611472947398,BabyLM 1.3B
16,-4.63940169327461,10.806824485547724,BabyLM 1.3B
17,-4.63940169327461,10.662978684686916,BabyLM 1.3B
18,-4.63940169327461,10.600284029932833,BabyLM 1.3B
19,-4.63940169327461,10.60724688386187,BabyLM 1.3B
20,-4.63940169327461,10.669951756982485,BabyLM 1.3B
21,-4.63940169327461,10.774463144496776,BabyLM 1.3B
22,-4.63940169327461,10.906845541606854,BabyLM 1.3B
23,-4.63940169327461,11.053163443514828,BabyLM 1.3B
0,-4.491620405668054,17.682255829248067,BabyLM 1.3B
1,-4.491620405668054,17.669608650899036,BabyLM 1.3B
2,-4.491620405668054,17.627297882275144,BabyLM 1.3B
3,-4.491620405668054,17.525659933101533,BabyLM 1.3B
4,-4.491620405668054,17.335031213103342,BabyLM 1.3B
5,-4.491620405668054,17.025748132005717,BabyLM 1.3B
6,-4.491620405668054,16.56835556340179,BabyLM 1.3B
7,-4.491620405668054,15.958622508912955,BabyLM 1.3B
8,-4.491620405668054,15.241306979141056,BabyLM 1.3B
9,-4.491620405668054,14.466795509124001,BabyLM 1.3B
10,-4.491620405668054,13.685474633899691,BabyLM 1.3B
11,-4.491620405668054,12.947730888506035,BabyLM 1.3B
12,-4.491620405668054,12.302750087808162,BabyLM 1.3B
13,-4.491620405668054,11.772101482697435,BabyLM 1.3B
14,-4.491620405668054,11.349737760091452,BabyLM 1.3B
15,-4.491620405668054,11.028410886735035,BabyLM 1.3B
16,-4.491620405668054,10.800872829373008,BabyLM 1.3B
17,-4.491620405668054,10.659875554750192,BabyLM 1.3B
18,-4.491620405668054,10.59773320223427,BabyLM 1.3B
19,-4.491620405668054,10.602949191428904,BabyLM 1.3B
20,-4.491620405668054,10.66206482665501,BabyLM 1.3B
21,-4.491620405668054,10.761605196404721,BabyLM 1.3B
22,-4.491620405668054,10.888095389170168,BabyLM 1.3B
23,-4.491620405668054,11.028060493443482,BabyLM 1.3B
0,-4.343839118061498,17.668015376612484,BabyLM 1.3B
1,-4.343839118061498,17.65997421047791,BabyLM 1.3B
2,-4.343839118061498,17.621867455183917,BabyLM 1.3B
3,-4.343839118061498,17.523629521571092,BabyLM 1.3B
4,-4.343839118061498,17.335194820480016,BabyLM 1.3B
5,-4.343839118061498,17.02649776275127,BabyLM 1.3B
6,-4.343839118061498,16.56768472510849,BabyLM 1.3B
7,-4.343839118061498,15.9545499561244,BabyLM 1.3B
8,-4.343839118061498,15.232699686888576,BabyLM 1.3B
9,-4.343839118061498,14.453463227332946,BabyLM 1.3B
10,-4.343839118061498,13.668169887389439,BabyLM 1.3B
11,-4.343839118061498,12.928148976989984,BabyLM 1.3B
12,-4.343839118061498,12.283488008584971,BabyLM 1.3B
13,-4.343839118061498,11.755713152549294,BabyLM 1.3B
14,-4.343839118061498,11.337789237182363,BabyLM 1.3B
15,-4.343839118061498,11.021439293302045,BabyLM 1.3B
16,-4.343839118061498,10.7983863517262,BabyLM 1.3B
17,-4.343839118061498,10.660353443272703,BabyLM 1.3B
18,-4.343839118061498,10.59873244218383,BabyLM 1.3B
19,-4.343839118061498,10.602032933988491,BabyLM 1.3B
20,-4.343839118061498,10.657280432154666,BabyLM 1.3B
21,-4.343839118061498,10.751488185091976,BabyLM 1.3B
22,-4.343839118061498,10.871669441210042,BabyLM 1.3B
23,-4.343839118061498,11.004837448918485,BabyLM 1.3B
0,-4.196057830454943,17.653590236727997,BabyLM 1.3B
1,-4.196057830454943,17.650094106998694,BabyLM 1.3B
2,-4.196057830454943,17.616143349158392,BabyLM 1.3B
3,-4.196057830454943,17.5212833350961,BabyLM 1.3B
4,-4.196057830454943,17.335059436700814,BabyLM 1.3B
5,-4.196057830454943,17.02701702586154,BabyLM 1.3B
6,-4.196057830454943,16.56691688767992,BabyLM 1.3B
7,-4.196057830454943,15.950584805986779,BabyLM 1.3B
8,-4.196057830454943,15.224468669582839,BabyLM 1.3B
9,-4.196057830454943,14.440832524010048,BabyLM 1.3B
10,-4.196057830454943,13.651940414810358,BabyLM 1.3B
11,-4.196057830454943,12.910056387525714,BabyLM 1.3B
12,-4.196057830454943,12.266161080616538,BabyLM 1.3B
13,-4.196057830454943,11.741716769668098,BabyLM 1.3B
14,-4.196057830454943,11.328667367390521,BabyLM 1.3B
15,-4.196057830454943,11.0176733794124,BabyLM 1.3B
16,-4.196057830454943,10.799395311362332,BabyLM 1.3B
17,-4.196057830454943,10.66449366886891,BabyLM 1.3B
18,-4.196057830454943,10.603408849293597,BabyLM 1.3B
19,-4.196057830454943,10.604665492857972,BabyLM 1.3B
20,-4.196057830454943,10.655801828660532,BabyLM 1.3B
21,-4.196057830454943,10.744347933641729,BabyLM 1.3B
22,-4.196057830454943,10.85783388474202,BabyLM 1.3B
23,-4.196057830454943,10.983789758901857,BabyLM 1.3B
0,-4.048276542848388,17.63917435258,BabyLM 1.3B
1,-4.048276542848388,17.640084946837554,BabyLM 1.3B
2,-4.048276542848388,17.61016720907821,BabyLM 1.3B
3,-4.048276542848388,17.518592807285064,BabyLM 1.3B
4,-4.048276542848388,17.33453340944122,BabyLM 1.3B
5,-4.048276542848388,17.027160683529775,BabyLM 1.3B
6,-4.048276542848388,16.565865096117726,BabyLM 1.3B
7,-4.048276542848388,15.946511742423475,BabyLM 1.3B
8,-4.048276542848388,15.216383384880963,BabyLM 1.3B
9,-4.048276542848388,14.428670347689321,BabyLM 1.3B
10,-4.048276542848388,13.636562955047678,BabyLM 1.3B
11,-4.048276542848388,12.893251531155165,BabyLM 1.3B
12,-4.048276542848388,12.250600796201502,BabyLM 1.3B
13,-4.048276542848388,11.729986578159883,BabyLM 1.3B
14,-4.048276542848388,11.322295812786987,BabyLM 1.3B
15,-4.048276542848388,11.017089831830079,BabyLM 1.3B
16,-4.048276542848388,10.803929967036424,BabyLM 1.3B
17,-4.048276542848388,10.672377550153286,BabyLM 1.3B
18,-4.048276542848388,10.611889523075654,BabyLM 1.3B
19,-4.048276542848388,10.611014249354676,BabyLM 1.3B
20,-4.048276542848388,10.657832271351678,BabyLM 1.3B
21,-4.048276542848388,10.740420265137166,BabyLM 1.3B
22,-4.048276542848388,10.846854906781644,BabyLM 1.3B
23,-4.048276542848388,10.965212872355616,BabyLM 1.3B
0,-3.9004952552418324,17.624961667153876,BabyLM 1.3B
1,-3.9004952552418324,17.63006333637065,BabyLM 1.3B
2,-3.9004952552418324,17.603980679823,BabyLM 1.3B
3,-3.9004952552418324,17.515529371746496,BabyLM 1.3B
4,-3.9004952552418324,17.333525086376707,BabyLM 1.3B
5,-3.9004952552418324,17.02678349794921,BabyLM 1.3B
6,-3.9004952552418324,16.564342395423537,BabyLM 1.3B
7,-3.9004952552418324,15.942115449357876,BabyLM 1.3B
8,-3.9004952552418324,15.208213290440073,BabyLM 1.3B
9,-3.9004952552418324,14.416743646904774,BabyLM 1.3B
10,-3.9004952552418324,13.621814246986627,BabyLM 1.3B
11,-3.9004952552418324,12.877532818920285,BabyLM 1.3B
12,-3.9004952552418324,12.236638647638507,BabyLM 1.3B
13,-3.9004952552418324,11.720396822130684,BabyLM 1.3B
14,-3.9004952552418324,11.318598235442824,BabyLM 1.3B
15,-3.9004952552418324,11.019665337319054,BabyLM 1.3B
16,-3.9004952552418324,10.812020577503501,BabyLM 1.3B
17,-3.9004952552418324,10.68408640574029,BabyLM 1.3B
18,-3.9004952552418324,10.624301563042089,BabyLM 1.3B
19,-3.9004952552418324,10.621246584795943,BabyLM 1.3B
20,-3.9004952552418324,10.663575015407186,BabyLM 1.3B
21,-3.9004952552418324,10.739941002661473,BabyLM 1.3B
22,-3.9004952552418324,10.838998694344454,BabyLM 1.3B
23,-3.9004952552418324,10.949402238241783,BabyLM 1.3B
0,-3.7527139676352768,17.611146123435017,BabyLM 1.3B
1,-3.7527139676352768,17.620145881974153,BabyLM 1.3B
2,-3.7527139676352768,17.597625406272407,BabyLM 1.3B
3,-3.7527139676352768,17.5120644620889,BabyLM 1.3B
4,-3.7527139676352768,17.33194281518276,BabyLM 1.3B
5,-3.7527139676352768,17.025740231313097,BabyLM 1.3B
6,-3.7527139676352768,16.56216183059899,BabyLM 1.3B
7,-3.7527139676352768,15.937180610713373,BabyLM 1.3B
8,-3.7527139676352768,15.199727843917291,BabyLM 1.3B
9,-3.7527139676352768,14.404819370190422,BabyLM 1.3B
10,-3.7527139676352768,13.607471029512439,BabyLM 1.3B
11,-3.7527139676352768,12.862698661863014,BabyLM 1.3B
12,-3.7527139676352768,12.224106127226197,BabyLM 1.3B
13,-3.7527139676352768,11.712821745686536,BabyLM 1.3B
14,-3.7527139676352768,11.317498297429095,BabyLM 1.3B
15,-3.7527139676352768,11.025376582643302,BabyLM 1.3B
16,-3.7527139676352768,10.82369740151859,BabyLM 1.3B
17,-3.7527139676352768,10.69970155424439,BabyLM 1.3B
18,-3.7527139676352768,10.640772068704981,BabyLM 1.3B
19,-3.7527139676352768,10.635529880499105,BabyLM 1.3B
20,-3.7527139676352768,10.673233316006131,BabyLM 1.3B
21,-3.7527139676352768,10.743145969297835,BabyLM 1.3B
22,-3.7527139676352768,10.834531434445992,BabyLM 1.3B
23,-3.7527139676352768,10.936653305522375,BabyLM 1.3B
0,-3.604932680028721,17.597921664408812,BabyLM 1.3B
1,-3.604932680028721,17.61044919002422,BabyLM 1.3B
2,-3.604932680028721,17.591143033306068,BabyLM 1.3B
3,-3.604932680028721,17.508169511920798,BabyLM 1.3B
4,-3.604932680028721,17.329694943534854,BabyLM 1.3B
5,-3.604932680028721,17.023885645814676,BabyLM 1.3B
6,-3.604932680028721,16.559136446645716,BabyLM 1.3B
7,-3.604932680028721,15.931491910413346,BabyLM 1.3B
8,-3.604932680028721,15.19069650296974,BabyLM 1.3B
9,-3.604932680028721,14.392664466080278,BabyLM 1.3B
10,-3.604932680028721,13.593310041510339,BabyLM 1.3B
11,-3.604932680028721,12.8485474710253,BabyLM 1.3B
12,-3.604932680028721,12.212834727263212,BabyLM 1.3B
13,-3.604932680028721,11.70713559293348,BabyLM 1.3B
14,-3.604932680028721,11.318919660816864,BabyLM 1.3B
15,-3.604932680028721,11.034200254566798,BabyLM 1.3B
16,-3.604932680028721,10.838990697836717,BabyLM 1.3B
17,-3.604932680028721,10.719304314280052,BabyLM 1.3B
18,-3.604932680028721,10.661428139576415,BabyLM 1.3B
19,-3.604932680028721,10.654031517781497,BabyLM 1.3B
20,-3.604932680028721,10.687010428327591,BabyLM 1.3B
21,-3.604932680028721,10.750270988129444,BabyLM 1.3B
22,-3.604932680028721,10.8337193141018,BabyLM 1.3B
23,-3.604932680028721,10.92726152315941,BabyLM 1.3B
0,-3.4571513924221655,17.585482208297332,BabyLM 1.3B
1,-3.4571513924221655,17.601089853788093,BabyLM 1.3B
2,-3.4571513924221655,17.58457520407675,BabyLM 1.3B
3,-3.4571513924221655,17.5038159639612,BabyLM 1.3B
4,-3.4571513924221655,17.32668983823934,BabyLM 1.3B
5,-3.4571513924221655,17.02107453170906,BabyLM 1.3B
6,-3.4571513924221655,16.555079324195642,BabyLM 1.3B
7,-3.4571513924221655,15.924834073837113,BabyLM 1.3B
8,-3.4571513924221655,15.180888770205359,BabyLM 1.3B
9,-3.4571513924221655,14.380045928611477,BabyLM 1.3B
10,-3.4571513924221655,13.579108064366569,BabyLM 1.3B
11,-3.4571513924221655,12.83487769278173,BabyLM 1.3B
12,-3.4571513924221655,12.202655963486475,BabyLM 1.3B
13,-3.4571513924221655,11.703212615433927,BabyLM 1.3B
14,-3.4571513924221655,11.322785976900805,BabyLM 1.3B
15,-3.4571513924221655,11.046113010482257,BabyLM 1.3B
16,-3.4571513924221655,10.857930678773425,BabyLM 1.3B
17,-3.4571513924221655,10.742975944369444,BabyLM 1.3B
18,-3.4571513924221655,10.686396806524108,BabyLM 1.3B
19,-3.4571513924221655,10.676918805779401,BabyLM 1.3B
20,-3.4571513924221655,10.705109535851241,BabyLM 1.3B
21,-3.4571513924221655,10.761551814035489,BabyLM 1.3B
22,-3.4571513924221655,10.836828457628007,BabyLM 1.3B
23,-3.4571513924221655,10.921522283924663,BabyLM 1.3B
0,-3.30937010481561,17.573954400959963,BabyLM 1.3B
1,-3.30937010481561,17.592148854658383,BabyLM 1.3B
2,-3.30937010481561,17.577958870509537,BabyLM 1.3B
3,-3.30937010481561,17.49900001066617,BabyLM 1.3B
4,-3.30937010481561,17.322887837281012,BabyLM 1.3B
5,-3.30937010481561,17.017237912506808,BabyLM 1.3B
6,-3.30937010481561,16.549900337605827,BabyLM 1.3B
7,-3.30937010481561,15.917104446093985,BabyLM 1.3B
8,-3.30937010481561,15.170196262227757,BabyLM 1.3B
9,-3.30937010481561,14.366854366221036,BabyLM 1.3B
10,-3.30937010481561,13.564757338287718,BabyLM 1.3B
11,-3.30937010481561,12.8215837586417,BabyLM 1.3B
12,-3.30937010481561,12.193465024377959,BabyLM 1.3B
13,-3.30937010481561,11.70094732085642,BabyLM 1.3B
14,-3.30937010481561,11.32899162170194,BabyLM 1.3B
15,-3.30937010481561,11.061011717420467,BabyLM 1.3B
16,-3.30937010481561,10.880421398517948,BabyLM 1.3B
17,-3.30937010481561,10.770634455500327,BabyLM 1.3B
18,-3.30937010481561,10.715618620198494,BabyLM 1.3B
19,-3.30937010481561,10.704162965604928,BabyLM 1.3B
20,-3.30937010481561,10.727539042501677,BabyLM 1.3B
21,-3.30937010481561,10.777038918016164,BabyLM 1.3B
22,-3.30937010481561,10.84395465927581,BabyLM 1.3B
23,-3.30937010481561,10.919578333408033,BabyLM 1.3B
0,-3.1615888172090543,17.56325111650447,BabyLM 1.3B
1,-3.1615888172090543,17.58359400998059,BabyLM 1.3B
2,-3.1615888172090543,17.571316077189834,BabyLM 1.3B
3,-3.1615888172090543,17.493796491865336,BabyLM 1.3B
4,-3.1615888172090543,17.318414427740215,BabyLM 1.3B
5,-3.1615888172090543,17.012549058547602,BabyLM 1.3B
6,-3.1615888172090543,16.54381694317845,BabyLM 1.3B
7,-3.1615888172090543,15.908558244619876,BabyLM 1.3B
8,-3.1615888172090543,15.158898637946645,BabyLM 1.3B
9,-3.1615888172090543,14.353373197494644,BabyLM 1.3B
10,-3.1615888172090543,13.550516997599761,BabyLM 1.3B
11,-3.1615888172090543,12.808865112597886,BabyLM 1.3B
12,-3.1615888172090543,12.185359431646795,BabyLM 1.3B
13,-3.1615888172090543,11.700298584807742,BabyLM 1.3B
14,-3.1615888172090543,11.337337943045448,BabyLM 1.3B
15,-3.1615888172090543,11.078539692146528,BabyLM 1.3B
16,-3.1615888172090543,10.905966017897596,BabyLM 1.3B
17,-3.1615888172090543,10.801679106085263,BabyLM 1.3B
18,-3.1615888172090543,10.748441552052551,BabyLM 1.3B
19,-3.1615888172090543,10.735112108392666,BabyLM 1.3B
20,-3.1615888172090543,10.753688400155298,BabyLM 1.3B
21,-3.1615888172090543,10.796193993484817,BabyLM 1.3B
22,-3.1615888172090543,10.854652454525594,BabyLM 1.3B
23,-3.1615888172090543,10.921087349422002,BabyLM 1.3B
0,-3.0138075296024986,17.55324286330508,BabyLM 1.3B
1,-3.0138075296024986,17.575370710012315,BabyLM 1.3B
2,-3.0138075296024986,17.564665914335247,BabyLM 1.3B
3,-3.0138075296024986,17.488295833889573,BabyLM 1.3B
4,-3.0138075296024986,17.31342782629099,BabyLM 1.3B
5,-3.0138075296024986,17.007229249155188,BabyLM 1.3B
6,-3.0138075296024986,16.537107554449896,BabyLM 1.3B
7,-3.0138075296024986,15.899521610738045,BabyLM 1.3B
8,-3.0138075296024986,15.14735245930882,BabyLM 1.3B
9,-3.0138075296024986,14.339963688956113,BabyLM 1.3B
10,-3.0138075296024986,13.53671888847382,BabyLM 1.3B
11,-3.0138075296024986,12.796981646655837,BabyLM 1.3B
12,-3.0138075296024986,12.178476805824918,BabyLM 1.3B
13,-3.0138075296024986,11.701238039467516,BabyLM 1.3B
14,-3.0138075296024986,11.34760785223379,BabyLM 1.3B
15,-3.0138075296024986,11.098290002302752,BabyLM 1.3B
16,-3.0138075296024986,10.933988247853419,BabyLM 1.3B
17,-3.0138075296024986,10.835406347064804,BabyLM 1.3B
18,-3.0138075296024986,10.784096134952573,BabyLM 1.3B
19,-3.0138075296024986,10.76899085603658,BabyLM 1.3B
20,-3.0138075296024986,10.782824395475014,BabyLM 1.3B
21,-3.0138075296024986,10.818362048679267,BabyLM 1.3B
22,-3.0138075296024986,10.868369111060732,BabyLM 1.3B
23,-3.0138075296024986,10.925610878030803,BabyLM 1.3B
0,-2.866026241995943,17.543800149736008,BabyLM 1.3B
1,-2.866026241995943,17.56742434501116,BabyLM 1.3B
2,-2.866026241995943,17.55802747216338,BabyLM 1.3B
3,-2.866026241995943,17.482588463069764,BabyLM 1.3B
4,-2.866026241995943,17.308086249607378,BabyLM 1.3B
5,-2.866026241995943,17.001499763653296,BabyLM 1.3B
6,-2.866026241995943,16.530050584956552,BabyLM 1.3B
7,-2.866026241995943,15.890320685771757,BabyLM 1.3B
8,-2.866026241995943,15.135914288261077,BabyLM 1.3B
9,-2.866026241995943,14.32698710712925,BabyLM 1.3B
10,-2.866026241995943,13.523694857081013,BabyLM 1.3B
11,-2.866026241995943,12.786193252821102,BabyLM 1.3B
12,-2.866026241995943,12.17295476744426,BabyLM 1.3B
13,-2.866026241995943,11.703737317015365,BabyLM 1.3B
14,-2.866026241995943,11.359584260569425,BabyLM 1.3B
15,-2.866026241995943,11.119855715531457,BabyLM 1.3B
16,-2.866026241995943,10.963911799326475,BabyLM 1.3B
17,-2.866026241995943,10.871112629379496,BabyLM 1.3B
18,-2.866026241995943,10.821812901764858,BabyLM 1.3B
19,-2.866026241995943,10.805023830430642,BabyLM 1.3B
20,-2.866026241995943,10.814213815123747,BabyLM 1.3B
21,-2.866026241995943,10.84288809183734,BabyLM 1.3B
22,-2.866026241995943,10.884551896564595,BabyLM 1.3B
23,-2.866026241995943,10.932710465298678,BabyLM 1.3B
0,-2.7182449543893874,17.534793484171487,BabyLM 1.3B
1,-2.7182449543893874,17.559700305234713,BabyLM 1.3B
2,-2.7182449543893874,17.551419840891842,BabyLM 1.3B
3,-2.7182449543893874,17.476764805736778,BabyLM 1.3B
4,-2.7182449543893874,17.302547914363416,BabyLM 1.3B
5,-2.7182449543893874,16.99558188136567,BabyLM 1.3B
6,-2.7182449543893874,16.522924448234807,BabyLM 1.3B
7,-2.7182449543893874,15.881281611044269,BabyLM 1.3B
8,-2.7182449543893874,15.124940686750213,BabyLM 1.3B
9,-2.7182449543893874,14.314804718537864,BabyLM 1.3B
10,-2.7182449543893874,13.511776749592459,BabyLM 1.3B
11,-2.7182449543893874,12.776759823099226,BabyLM 1.3B
12,-2.7182449543893874,12.168930937036757,BabyLM 1.3B
13,-2.7182449543893874,11.70776804963091,BabyLM 1.3B
14,-2.7182449543893874,11.373050079354813,BabyLM 1.3B
15,-2.7182449543893874,11.14282989947495,BabyLM 1.3B
16,-2.7182449543893874,10.995160383257813,BabyLM 1.3B
17,-2.7182449543893874,10.908094403969884,BabyLM 1.3B
18,-2.7182449543893874,10.860822385355704,BabyLM 1.3B
19,-2.7182449543893874,10.842435653468813,BabyLM 1.3B
20,-2.7182449543893874,10.847123445764405,BabyLM 1.3B
21,-2.7182449543893874,10.869117131196857,BabyLM 1.3B
22,-2.7182449543893874,10.90264807872055,BabyLM 1.3B
23,-2.7182449543893874,10.941947657289862,BabyLM 1.3B
0,-2.5704636667828327,17.526093374985738,BabyLM 1.3B
1,-2.5704636667828327,17.55214398094058,BabyLM 1.3B
2,-2.5704636667828327,17.54486211073823,BabyLM 1.3B
3,-2.5704636667828327,17.470915288221487,BabyLM 1.3B
4,-2.5704636667828327,17.296971037233156,BabyLM 1.3B
5,-2.5704636667828327,16.98969688161604,BabyLM 1.3B
6,-2.5704636667828327,16.51600755782104,BabyLM 1.3B
7,-2.5704636667828327,15.872730527878847,BabyLM 1.3B
8,-2.5704636667828327,15.11478821672302,BabyLM 1.3B
9,-2.5704636667828327,14.303777789705766,BabyLM 1.3B
10,-2.5704636667828327,13.50129641217928,BabyLM 1.3B
11,-2.5704636667828327,12.768941249495757,BabyLM 1.3B
12,-2.5704636667828327,12.166542935134341,BabyLM 1.3B
13,-2.5704636667828327,11.713301869493774,BabyLM 1.3B
14,-2.5704636667828327,11.387788219892414,BabyLM 1.3B
15,-2.5704636667828327,11.166805621775554,BabyLM 1.3B
16,-2.5704636667828327,11.02715771058849,BabyLM 1.3B
17,-2.5704636667828327,10.945648121776514,BabyLM 1.3B
18,-2.5704636667828327,10.900355118591406,BabyLM 1.3B
19,-2.5704636667828327,10.880450947045063,BabyLM 1.3B
20,-2.5704636667828327,10.880820074059905,BabyLM 1.3B
21,-2.5704636667828327,10.89639417499564,BabyLM 1.3B
22,-2.5704636667828327,10.92210492521197,BabyLM 1.3B
23,-2.5704636667828327,10.952884000068597,BabyLM 1.3B
0,-2.422682379176277,17.517570330552978,BabyLM 1.3B
1,-2.422682379176277,17.54470076238636,BabyLM 1.3B
2,-2.422682379176277,17.53837337192015,BabyLM 1.3B
3,-2.422682379176277,17.465130336854774,BabyLM 1.3B
4,-2.422682379176277,17.291513834890633,BabyLM 1.3B
5,-2.422682379176277,16.98406604372815,BabyLM 1.3B
6,-2.422682379176277,16.509578327251646,BabyLM 1.3B
7,-2.422682379176277,15.864993577598748,BabyLM 1.3B
8,-2.422682379176277,15.105813440126301,BabyLM 1.3B
9,-2.422682379176277,14.294267587156764,BabyLM 1.3B
10,-2.422682379176277,13.492585691012593,BabyLM 1.3B
11,-2.422682379176277,12.762997424016245,BabyLM 1.3B
12,-2.422682379176277,12.165928382268946,BabyLM 1.3B
13,-2.422682379176277,11.72031040878358,BabyLM 1.3B
14,-2.422682379176277,11.403581593484688,BabyLM 1.3B
15,-2.422682379176277,11.191375950075576,BabyLM 1.3B
16,-2.422682379176277,11.059327492259557,BabyLM 1.3B
17,-2.422682379176277,10.983070233739937,BabyLM 1.3B
18,-2.422682379176277,10.939641634338265,BabyLM 1.3B
19,-2.422682379176277,10.918294333053355,BabyLM 1.3B
20,-2.422682379176277,10.914570486673163,BabyLM 1.3B
21,-2.422682379176277,10.924064231471515,BabyLM 1.3B
22,-2.422682379176277,10.942369703722225,BabyLM 1.3B
23,-2.422682379176277,10.965081039699115,BabyLM 1.3B
0,-2.2749010915697214,17.50909485924744,BabyLM 1.3B
1,-2.2749010915697214,17.537316039829644,BabyLM 1.3B
2,-2.2749010915697214,17.53197271465521,BabyLM 1.3B
3,-2.2749010915697214,17.459500377967505,BabyLM 1.3B
4,-2.2749010915697214,17.28633452400989,BabyLM 1.3B
5,-2.2749010915697214,16.97891064702573,BabyLM 1.3B
6,-2.2749010915697214,16.503915170063003,BabyLM 1.3B
7,-2.2749010915697214,15.858396901527236,BabyLM 1.3B
8,-2.2749010915697214,15.098372918906849,BabyLM 1.3B
9,-2.2749010915697214,14.286635377414667,BabyLM 1.3B
10,-2.2749010915697214,13.485976432263518,BabyLM 1.3B
11,-2.2749010915697214,12.759188238666233,BabyLM 1.3B
12,-2.2749010915697214,12.167224898972506,BabyLM 1.3B
13,-2.2749010915697214,11.72876529967995,BabyLM 1.3B
14,-2.2749010915697214,11.420213111434093,BabyLM 1.3B
15,-2.2749010915697214,11.216133952017334,BabyLM 1.3B
16,-2.2749010915697214,11.091093439212068,BabyLM 1.3B
17,-2.2749010915697214,11.019657190800697,BabyLM 1.3B
18,-2.2749010915697214,10.977912465462573,BabyLM 1.3B
19,-2.2749010915697214,10.955190433387656,BabyLM 1.3B
20,-2.2749010915697214,10.947641470267094,BabyLM 1.3B
21,-2.2749010915697214,10.9514723088623,BabyLM 1.3B
22,-2.2749010915697214,10.962889681934685,BabyLM 1.3B
23,-2.2749010915697214,10.978100322245659,BabyLM 1.3B
0,-2.127119803963166,17.50053746944334,BabyLM 1.3B
1,-2.127119803963166,17.529935203528034,BabyLM 1.3B
2,-2.127119803963166,17.52567922916101,BabyLM 1.3B
3,-2.127119803963166,17.454115837890562,BabyLM 1.3B
4,-2.127119803963166,17.281591321264973,BabyLM 1.3B
5,-2.127119803963166,16.97445197083253,BabyLM 1.3B
6,-2.127119803963166,16.499296499791498,BabyLM 1.3B
7,-2.127119803963166,15.853266640987572,BabyLM 1.3B
8,-2.127119803963166,15.092823215011457,BabyLM 1.3B
9,-2.127119803963166,14.281242427003283,BabyLM 1.3B
10,-2.127119803963166,13.481800482103178,BabyLM 1.3B
11,-2.127119803963166,12.757773585451273,BabyLM 1.3B
12,-2.127119803963166,12.170570105776957,BabyLM 1.3B
13,-2.127119803963166,11.738638174362505,BabyLM 1.3B
14,-2.127119803963166,11.437465685043088,BabyLM 1.3B
15,-2.127119803963166,11.240672695243138,BabyLM 1.3B
16,-2.127119803963166,11.121879262387079,BabyLM 1.3B
17,-2.127119803963166,11.054705443899339,BabyLM 1.3B
18,-2.127119803963166,11.014398144830633,BabyLM 1.3B
19,-2.127119803963166,10.990363869941934,BabyLM 1.3B
20,-2.127119803963166,10.979299811504612,BabyLM 1.3B
21,-2.127119803963166,10.977963415405824,BabyLM 1.3B
22,-2.127119803963166,10.983112127532722,BabyLM 1.3B
23,-2.127119803963166,10.991503393772465,BabyLM 1.3B
0,-1.9793385163566102,17.491768669514904,BabyLM 1.3B
1,-1.9793385163566102,17.522503643739125,BabyLM 1.3B
2,-1.9793385163566102,17.519512005655155,BabyLM 1.3B
3,-1.9793385163566102,17.449067142954817,BabyLM 1.3B
4,-1.9793385163566102,17.277442443329917,BabyLM 1.3B
5,-1.9793385163566102,16.970911294472277,BabyLM 1.3B
6,-1.9793385163566102,16.496000729973517,BabyLM 1.3B
7,-1.9793385163566102,15.849928937303018,BabyLM 1.3B
8,-1.9793385163566102,15.089520890386925,BabyLM 1.3B
9,-1.9793385163566102,14.278450002446423,BabyLM 1.3B
10,-1.9793385163566102,13.48038968670269,BabyLM 1.3B
11,-1.9793385163566102,12.759013356376911,BabyLM 1.3B
12,-1.9793385163566102,12.17610162321423,BabyLM 1.3B
13,-1.9793385163566102,11.749900665010868,BabyLM 1.3B
14,-1.9793385163566102,11.455122225614137,BabyLM 1.3B
15,-1.9793385163566102,11.264585247395305,BabyLM 1.3B
16,-1.9793385163566102,11.15110867272564,BabyLM 1.3B
17,-1.9793385163566102,11.087511443976412,BabyLM 1.3B
18,-1.9793385163566102,11.048329205308734,BabyLM 1.3B
19,-1.9793385163566102,11.023039264610155,BabyLM 1.3B
20,-1.9793385163566102,11.008812297048632,BabyLM 1.3B
21,-1.9793385163566102,11.002882559339904,BabyLM 1.3B
22,-1.9793385163566102,11.002484308199705,BabyLM 1.3B
23,-1.9793385163566102,11.004851800343772,BabyLM 1.3B
0,-1.8315572287500546,17.482659689793874,BabyLM 1.3B
1,-1.8315572287500546,17.514967047925882,BabyLM 1.3B
2,-1.8315572287500546,17.513490009954005,BabyLM 1.3B
3,-1.8315572287500546,17.44444417977436,BabyLM 1.3B
4,-1.8315572287500546,17.274045161283066,BabyLM 1.3B
5,-1.8315572287500546,16.968508558376236,BabyLM 1.3B
6,-1.8315572287500546,16.494304557833768,BabyLM 1.3B
7,-1.8315572287500546,15.848707875373371,BabyLM 1.3B
8,-1.8315572287500546,15.08882020440188,BabyLM 1.3B
9,-1.8315572287500546,14.278616976188285,BabyLM 1.3B
10,-1.8315572287500546,13.482073622001577,BabyLM 1.3B
11,-1.8315572287500546,12.763165573110744,BabyLM 1.3B
12,-1.8315572287500546,12.18395593390955,BabyLM 1.3B
13,-1.8315572287500546,11.762524290661506,BabyLM 1.3B
14,-1.8315572287500546,11.472966711499872,BabyLM 1.3B
15,-1.8315572287500546,11.287466937682677,BabyLM 1.3B
16,-1.8315572287500546,11.178208710467956,BabyLM 1.3B
17,-1.8315572287500546,11.11737577111374,BabyLM 1.3B
18,-1.8315572287500546,11.078940715103602,BabyLM 1.3B
19,-1.8315572287500546,11.05244579506936,BabyLM 1.3B
20,-1.8315572287500546,11.035449980727668,BabyLM 1.3B
21,-1.8315572287500546,11.025578495655392,BabyLM 1.3B
22,-1.8315572287500546,11.02045656342939,BabyLM 1.3B
23,-1.8315572287500546,11.017709407626526,BabyLM 1.3B
0,-1.683775941143499,17.47313350182277,BabyLM 1.3B
1,-1.683775941143499,17.5072924036487,BabyLM 1.3B
2,-1.683775941143499,17.50762329229226,BabyLM 1.3B
3,-1.683775941143499,17.44029815457107,BabyLM 1.3B
4,-1.683775941143499,17.27148897730276,BabyLM 1.3B
5,-1.683775941143499,16.967367747304955,BabyLM 1.3B
6,-1.683775941143499,16.494361676067808,BabyLM 1.3B
7,-1.683775941143499,15.849780160457058,BabyLM 1.3B
8,-1.683775941143499,15.09091039538196,BabyLM 1.3B
9,-1.683775941143499,14.281930641909948,BabyLM 1.3B
10,-1.683775941143499,13.487019161108464,BabyLM 1.3B
11,-1.683775941143499,12.770354214044941,BabyLM 1.3B
12,-1.683775941143499,12.194187969053932,BabyLM 1.3B
13,-1.683775941143499,11.776472461613468,BabyLM 1.3B
14,-1.683775941143499,11.490859594345078,BabyLM 1.3B
15,-1.683775941143499,11.309075177137402,BabyLM 1.3B
16,-1.683775941143499,11.202845019879069,BabyLM 1.3B
17,-1.683775941143499,11.143894932458718,BabyLM 1.3B
18,-1.683775941143499,11.105792780944975,BabyLM 1.3B
19,-1.683775941143499,11.078139142602698,BabyLM 1.3B
20,-1.683775941143499,11.058789735355218,BabyLM 1.3B
21,-1.683775941143499,11.045668501428839,BabyLM 1.3B
22,-1.683775941143499,11.03669938304986,BabyLM 1.3B
23,-1.683775941143499,11.029806322444584,BabyLM 1.3B
0,-1.5359946535369442,17.463198535853206,BabyLM 1.3B
1,-1.5359946535369442,17.499481878913176,BabyLM 1.3B
2,-1.5359946535369442,17.501907177425895,BabyLM 1.3B
3,-1.5359946535369442,17.436616386844122,BabyLM 1.3B
4,-1.5359946535369442,17.269751462620597,BabyLM 1.3B
5,-1.5359946535369442,16.967454360208077,BabyLM 1.3B
6,-1.5359946535369442,16.496122616136407,BabyLM 1.3B
7,-1.5359946535369442,15.853079077264258,BabyLM 1.3B
8,-1.5359946535369442,15.095708143568238,BabyLM 1.3B
9,-1.5359946535369442,14.288294904106598,BabyLM 1.3B
10,-1.5359946535369442,13.495124447937588,BabyLM 1.3B
11,-1.5359946535369442,12.780481864119455,BabyLM 1.3B
12,-1.5359946535369442,12.206717964878889,BabyLM 1.3B
13,-1.5359946535369442,11.791695195316636,BabyLM 1.3B
14,-1.5359946535369442,11.508787633407508,BabyLM 1.3B
15,-1.5359946535369442,11.32943508029475,BabyLM 1.3B
16,-1.5359946535369442,11.225077337121611,BabyLM 1.3B
17,-1.5359946535369442,11.16715420503134,BabyLM 1.3B
18,-1.5359946535369442,11.128982361564232,BabyLM 1.3B
19,-1.5359946535369442,11.100214260308995,BabyLM 1.3B
20,-1.5359946535369442,11.07891354167075,BabyLM 1.3B
21,-1.5359946535369442,11.063213359995249,BabyLM 1.3B
22,-1.5359946535369442,11.05124686962824,BabyLM 1.3B
23,-1.5359946535369442,11.041147224915484,BabyLM 1.3B
0,-1.3882133659303886,17.452871224516326,BabyLM 1.3B
1,-1.3882133659303886,17.491540936032493,BabyLM 1.3B
2,-1.3882133659303886,17.496335611212583,BabyLM 1.3B
3,-1.3882133659303886,17.433380213720522,BabyLM 1.3B
4,-1.3882133659303886,17.26879970722024,BabyLM 1.3B
5,-1.3882133659303886,16.968719055375654,BabyLM 1.3B
6,-1.3882133659303886,16.49951888542047,BabyLM 1.3B
7,-1.3882133659303886,15.858515116530896,BabyLM 1.3B
8,-1.3882133659303886,15.103104606779763,BabyLM 1.3B
9,-1.3882133659303886,14.297587130623763,BabyLM 1.3B
10,-1.3882133659303886,13.506262462519594,BabyLM 1.3B
11,-1.3882133659303886,12.793430376923952,BabyLM 1.3B
12,-1.3882133659303886,12.221453544738916,BabyLM 1.3B
13,-1.3882133659303886,11.808141255110419,BabyLM 1.3B
14,-1.3882133659303886,11.526749415428243,BabyLM 1.3B
15,-1.3882133659303886,11.348596829527553,BabyLM 1.3B
16,-1.3882133659303886,11.24500230124352,BabyLM 1.3B
17,-1.3882133659303886,11.187284634411307,BabyLM 1.3B
18,-1.3882133659303886,11.148656686677658,BabyLM 1.3B
19,-1.3882133659303886,11.118816598864118,BabyLM 1.3B
20,-1.3882133659303886,11.095950678873727,BabyLM 1.3B
21,-1.3882133659303886,11.078315384750702,BabyLM 1.3B
22,-1.3882133659303886,11.064167174539254,BabyLM 1.3B
23,-1.3882133659303886,11.051762506283593,BabyLM 1.3B
0,-1.240432078323833,17.44216800044328,BabyLM 1.3B
1,-1.240432078323833,17.483475037319835,BabyLM 1.3B
2,-1.240432078323833,17.490902539509978,BabyLM 1.3B
3,-1.240432078323833,17.43057097232729,BabyLM 1.3B
4,-1.240432078323833,17.26860080108535,BabyLM 1.3B
5,-1.240432078323833,16.971112491097745,BabyLM 1.3B
6,-1.240432078323833,16.504481991300885,BabyLM 1.3B
7,-1.240432078323833,15.865998768992895,BabyLM 1.3B
8,-1.240432078323833,15.112990942835575,BabyLM 1.3B
9,-1.240432078323833,14.30968468930697,BabyLM 1.3B
10,-1.240432078323833,13.52030618488513,BabyLM 1.3B
11,-1.240432078323833,12.809081606048101,BabyLM 1.3B
12,-1.240432078323833,12.23830233198851,BabyLM 1.3B
13,-1.240432078323833,11.825759404334226,BabyLM 1.3B
14,-1.240432078323833,11.544743527148372,BabyLM 1.3B
15,-1.240432078323833,11.366610607208639,BabyLM 1.3B
16,-1.240432078323833,11.262716551292723,BabyLM 1.3B
17,-1.240432078323833,11.20441726617832,BabyLM 1.3B
18,-1.240432078323833,11.164962986001537,BabyLM 1.3B
19,-1.240432078323833,11.134091608943923,BabyLM 1.3B
20,-1.240432078323833,11.110030426163616,BabyLM 1.3B
21,-1.240432078323833,11.091076889091294,BabyLM 1.3B
22,-1.240432078323833,11.075528449157623,BabyLM 1.3B
23,-1.240432078323833,11.061682557793281,BabyLM 1.3B
0,-1.0926507907172773,17.431105296265212,BabyLM 1.3B
1,-1.0926507907172773,17.4752896450884,BabyLM 1.3B
2,-1.0926507907172773,17.485601908175752,BabyLM 1.3B
3,-1.0926507907172773,17.42816999979143,BabyLM 1.3B
4,-1.0926507907172773,17.269121834199588,BabyLM 1.3B
5,-1.0926507907172773,16.9745853256644,BabyLM 1.3B
6,-1.0926507907172773,16.510943441158545,BabyLM 1.3B
7,-1.0926507907172773,15.87544052538618,BabyLM 1.3B
8,-1.0926507907172773,15.125258309554722,BabyLM 1.3B
9,-1.0926507907172773,14.324464948001747,BabyLM 1.3B
10,-1.0926507907172773,13.537128595064837,BabyLM 1.3B
11,-1.0926507907172773,12.82731740508157,BabyLM 1.3B
12,-1.0926507907172773,12.257171949982162,BabyLM 1.3B
13,-1.0926507907172773,11.844498406327467,BabyLM 1.3B
14,-1.0926507907172773,11.56276855530898,BabyLM 1.3B
15,-1.0926507907172773,11.38352659571083,BabyLM 1.3B
16,-1.0926507907172773,11.278316726317152,BabyLM 1.3B
17,-1.0926507907172773,11.218683145912076,BabyLM 1.3B
18,-1.0926507907172773,11.178048489252152,BabyLM 1.3B
19,-1.0926507907172773,11.146184741224271,BabyLM 1.3B
20,-1.0926507907172773,11.12128206273988,BabyLM 1.3B
21,-1.0926507907172773,11.101600186413105,BabyLM 1.3B
22,-1.0926507907172773,11.085398844858073,BabyLM 1.3B
23,-1.0926507907172773,11.070937770688914,BabyLM 1.3B
0,-0.9448695031107217,17.41969954461327,BabyLM 1.3B
1,-0.9448695031107217,17.46699022165137,BabyLM 1.3B
2,-0.9448695031107217,17.480427663067566,BabyLM 1.3B
3,-0.9448695031107217,17.42615863323995,BabyLM 1.3B
4,-0.9448695031107217,17.270329896546624,BabyLM 1.3B
5,-0.9448695031107217,16.979088217365675,BabyLM 1.3B
6,-0.9448695031107217,16.518834742374345,BabyLM 1.3B
7,-0.9448695031107217,15.886750876446673,BabyLM 1.3B
8,-0.9448695031107217,15.139797864756247,BabyLM 1.3B
9,-0.9448695031107217,14.341805274553625,BabyLM 1.3B
10,-0.9448695031107217,13.556602673089365,BabyLM 1.3B
11,-0.9448695031107217,12.848019627614029,BabyLM 1.3B
12,-0.9448695031107217,12.277970022074367,BabyLM 1.3B
13,-0.9448695031107217,11.864307024429547,BabyLM 1.3B
14,-0.9448695031107217,11.580823086651153,BabyLM 1.3B
15,-0.9448695031107217,11.399394977406956,BabyLM 1.3B
16,-0.9448695031107217,11.29189946536474,BabyLM 1.3B
17,-0.9448695031107217,11.230213319192274,BabyLM 1.3B
18,-0.9448695031107217,11.188060426145787,BabyLM 1.3B
19,-0.9448695031107217,11.155241446381025,BabyLM 1.3B
20,-0.9448695031107217,11.129834867801979,BabyLM 1.3B
21,-0.9448695031107217,11.109987590112224,BabyLM 1.3B
22,-0.9448695031107217,11.093846513015329,BabyLM 1.3B
23,-0.9448695031107217,11.079558536214863,BabyLM 1.3B
0,-0.7970882155041661,17.407967178118597,BabyLM 1.3B
1,-0.7970882155041661,17.458582229321934,BabyLM 1.3B
2,-0.7970882155041661,17.475373750043087,BabyLM 1.3B
3,-0.7970882155041661,17.424518209799874,BabyLM 1.3B
4,-0.7970882155041661,17.27219207811011,BabyLM 1.3B
5,-0.7970882155041661,16.984571824491617,BabyLM 1.3B
6,-0.7970882155041661,16.528087402329177,BabyLM 1.3B
7,-0.7970882155041661,15.899840312910298,BabyLM 1.3B
8,-0.7970882155041661,15.156500766259196,BabyLM 1.3B
9,-0.7970882155041661,14.361583036808128,BabyLM 1.3B
10,-0.7970882155041661,13.578601398989358,BabyLM 1.3B
11,-0.7970882155041661,12.871070127235146,BabyLM 1.3B
12,-0.7970882155041661,12.300604171619621,BabyLM 1.3B
13,-0.7970882155041661,11.885134021979878,BabyLM 1.3B
14,-0.7970882155041661,11.598905707915977,BabyLM 1.3B
15,-0.7970882155041661,11.414265934669846,BabyLM 1.3B
16,-0.7970882155041661,11.303561407483414,BabyLM 1.3B
17,-0.7970882155041661,11.239138831598613,BabyLM 1.3B
18,-0.7970882155041661,11.19514602639873,BabyLM 1.3B
19,-0.7970882155041661,11.161407175090044,BabyLM 1.3B
20,-0.7970882155041661,11.13581812054938,BabyLM 1.3B
21,-0.7970882155041661,11.11634141358474,BabyLM 1.3B
22,-0.7970882155041661,11.100939605004115,BabyLM 1.3B
23,-0.7970882155041661,11.087575245615493,BabyLM 1.3B
0,-0.6493069278976105,17.39592462941235,BabyLM 1.3B
1,-0.6493069278976105,17.45007113041328,BabyLM 1.3B
2,-0.6493069278976105,17.470434114959975,BabyLM 1.3B
3,-0.6493069278976105,17.4232300665982,BabyLM 1.3B
4,-0.6493069278976105,17.274675468873717,BabyLM 1.3B
5,-0.6493069278976105,16.99098680533229,BabyLM 1.3B
6,-0.6493069278976105,16.538632928403935,BabyLM 1.3B
7,-0.6493069278976105,15.91461932551298,BabyLM 1.3B
8,-0.6493069278976105,15.17525817188261,BabyLM 1.3B
9,-0.6493069278976105,14.383675602610786,BabyLM 1.3B
10,-0.6493069278976105,13.60299775279546,BabyLM 1.3B
11,-0.6493069278976105,12.896350757534588,BabyLM 1.3B
12,-0.6493069278976105,12.324982021972415,BabyLM 1.3B
13,-0.6493069278976105,11.906928162317866,BabyLM 1.3B
14,-0.6493069278976105,11.61701500584454,BabyLM 1.3B
15,-0.6493069278976105,11.428189649872325,BabyLM 1.3B
16,-0.6493069278976105,11.313399191721112,BabyLM 1.3B
17,-0.6493069278976105,11.245590728710793,BabyLM 1.3B
18,-0.6493069278976105,11.199452519727261,BabyLM 1.3B
19,-0.6493069278976105,11.164827378027187,BabyLM 1.3B
20,-0.6493069278976105,11.13936110018155,BabyLM 1.3B
21,-0.6493069278976105,11.12076397022674,BabyLM 1.3B
22,-0.6493069278976105,11.106746272199153,BabyLM 1.3B
23,-0.6493069278976105,11.095018290135174,BabyLM 1.3B
0,-0.5015256402910548,17.38358833112567,BabyLM 1.3B
1,-0.5015256402910548,17.4414623872386,BabyLM 1.3B
2,-0.5015256402910548,17.465602703675902,BabyLM 1.3B
3,-0.5015256402910548,17.422275540761948,BabyLM 1.3B
4,-0.5015256402910548,17.277747158821104,BabyLM 1.3B
5,-0.5015256402910548,16.998283818177743,BabyLM 1.3B
6,-0.5015256402910548,16.550402827979518,BabyLM 1.3B
7,-0.5015256402910548,15.930998404990639,BabyLM 1.3B
8,-0.5015256402910548,15.19596123944554,BabyLM 1.3B
9,-0.5015256402910548,14.407960339807127,BabyLM 1.3B
10,-0.5015256402910548,13.629664714538318,BabyLM 1.3B
11,-0.5015256402910548,12.923743372102026,BabyLM 1.3B
12,-0.5015256402910548,12.351011196487248,BabyLM 1.3B
13,-0.5015256402910548,11.929638208782922,BabyLM 1.3B
14,-0.5015256402910548,11.635149567177924,BabyLM 1.3B
15,-0.5015256402910548,11.441216305387218,BabyLM 1.3B
16,-0.5015256402910548,11.32150945712576,BabyLM 1.3B
17,-0.5015256402910548,11.249700056108512,BabyLM 1.3B
18,-0.5015256402910548,11.201127135847667,BabyLM 1.3B
19,-0.5015256402910548,11.165647505868314,BabyLM 1.3B
20,-0.5015256402910548,11.140593085897944,BabyLM 1.3B
21,-0.5015256402910548,11.123357573434312,BabyLM 1.3B
22,-0.5015256402910548,11.111334665975168,BabyLM 1.3B
23,-0.5015256402910548,11.101918061018273,BabyLM 1.3B
0,-0.3537443526844992,17.3709747158897,BabyLM 1.3B
1,-0.3537443526844992,17.432761462111078,BabyLM 1.3B
2,-0.3537443526844992,17.460873462048525,BabyLM 1.3B
3,-0.3537443526844992,17.42163596941812,BabyLM 1.3B
4,-0.3537443526844992,17.28137423793593,BabyLM 1.3B
5,-0.3537443526844992,17.006413521318027,BabyLM 1.3B
6,-0.3537443526844992,16.563328608436805,BabyLM 1.3B
7,-0.3537443526844992,15.9488880420792,BabyLM 1.3B
8,-0.3537443526844992,15.218501126767023,BabyLM 1.3B
9,-0.3537443526844992,14.434314616242679,BabyLM 1.3B
10,-0.3537443526844992,13.658475264248576,BabyLM 1.3B
11,-0.3537443526844992,12.953129824527124,BabyLM 1.3B
12,-0.3537443526844992,12.378599318518608,BabyLM 1.3B
13,-0.3537443526844992,11.953212924714453,BabyLM 1.3B
14,-0.3537443526844992,11.653307978657221,BabyLM 1.3B
15,-0.3537443526844992,11.453396083587354,BabyLM 1.3B
16,-0.3537443526844992,11.327988842745292,BabyLM 1.3B
17,-0.3537443526844992,11.251597859371474,BabyLM 1.3B
18,-0.3537443526844992,11.20031710447623,BabyLM 1.3B
19,-0.3537443526844992,11.164013009289292,BabyLM 1.3B
20,-0.3537443526844992,11.139643356898034,BabyLM 1.3B
21,-0.3537443526844992,11.12422453660354,BabyLM 1.3B
22,-0.3537443526844992,11.114772937706888,BabyLM 1.3B
23,-0.3537443526844992,11.108304949509158,BabyLM 1.3B
0,-0.20596306507794448,17.358100216335597,BabyLM 1.3B
1,-0.20596306507794448,17.423973817343906,BabyLM 1.3B
2,-0.20596306507794448,17.45624033593552,BabyLM 1.3B
3,-0.20596306507794448,17.421292689693736,BabyLM 1.3B
4,-0.20596306507794448,17.28552379620186,BabyLM 1.3B
5,-0.20596306507794448,17.015326573043204,BabyLM 1.3B
6,-0.20596306507794448,16.577341777156704,BabyLM 1.3B
7,-0.20596306507794448,15.96819872751459,BabyLM 1.3B
8,-0.20596306507794448,15.242768991666109,BabyLM 1.3B
9,-0.20596306507794448,14.462615799762968,BabyLM 1.3B
10,-0.20596306507794448,13.68930238195688,BabyLM 1.3B
11,-0.20596306507794448,12.984391968399555,BabyLM 1.3B
12,-0.20596306507794448,12.407654011420995,BabyLM 1.3B
13,-0.20596306507794448,11.977601073451867,BabyLM 1.3B
14,-0.20596306507794448,11.671488827023513,BabyLM 1.3B
15,-0.20596306507794448,11.46477916684556,BabyLM 1.3B
16,-0.20596306507794448,11.332933987627637,BabyLM 1.3B
17,-0.20596306507794448,11.251415184079372,BabyLM 1.3B
18,-0.20596306507794448,11.197169655329235,BabyLM 1.3B
19,-0.20596306507794448,11.160069338965974,BabyLM 1.3B
20,-0.20596306507794448,11.13664119238128,BabyLM 1.3B
21,-0.20596306507794448,11.123467173130514,BabyLM 1.3B
22,-0.20596306507794448,11.117129238769033,BabyLM 1.3B
23,-0.20596306507794448,11.114209346852196,BabyLM 1.3B
0,-0.05818177747138886,17.3449812650945,BabyLM 1.3B
1,-0.05818177747138886,17.415104915250268,BabyLM 1.3B
2,-0.05818177747138886,17.451697271194536,BabyLM 1.3B
3,-0.05818177747138886,17.421227038715802,BabyLM 1.3B
4,-0.05818177747138886,17.290162923602562,BabyLM 1.3B
5,-0.05818177747138886,17.02497363164332,BabyLM 1.3B
6,-0.05818177747138886,16.5923738415201,BabyLM 1.3B
7,-0.05818177747138886,15.98884095203273,BabyLM 1.3B
8,-0.05818177747138886,15.26865599196184,BabyLM 1.3B
9,-0.05818177747138886,14.492741258213526,BabyLM 1.3B
10,-0.05818177747138886,13.722019047693877,BabyLM 1.3B
11,-0.05818177747138886,13.017411657308985,BabyLM 1.3B
12,-0.05818177747138886,12.438082898548899,BabyLM 1.3B
13,-0.05818177747138886,12.002751418334574,BabyLM 1.3B
14,-0.05818177747138886,11.689690699017888,BabyLM 1.3B
15,-0.05818177747138886,11.475415737534663,BabyLM 1.3B
16,-0.05818177747138886,11.336441530820727,BabyLM 1.3B
17,-0.05818177747138886,11.249283075811908,BabyLM 1.3B
18,-0.05818177747138886,11.191832018122966,BabyLM 1.3B
19,-0.05818177747138886,11.153961945574222,BabyLM 1.3B
20,-0.05818177747138886,11.131715871547145,BabyLM 1.3B
21,-0.05818177747138886,11.12118779641132,BabyLM 1.3B
22,-0.05818177747138886,11.118471720536329,BabyLM 1.3B
23,-0.05818177747138886,11.119661644291757,BabyLM 1.3B
0,0.08959951013516765,17.33163429479756,BabyLM 1.3B
1,0.08959951013516765,17.40616021814336,BabyLM 1.3B
2,0.08959951013516765,17.44723821368325,BabyLM 1.3B
3,0.08959951013516765,17.42142035361133,BabyLM 1.3B
4,0.08959951013516765,17.295258710121693,BabyLM 1.3B
5,0.08959951013516765,17.03530535540843,BabyLM 1.3B
6,0.08959951013516765,16.60835630890789,BabyLM 1.3B
7,0.08959951013516765,16.010725206369543,BabyLM 1.3B
8,0.08959951013516765,15.296053285473263,BabyLM 1.3B
9,0.08959951013516765,14.524568359439877,BabyLM 1.3B
10,0.08959951013516765,13.75649824149021,BabyLM 1.3B
11,0.08959951013516765,13.052070744845084,BabyLM 1.3B
12,0.08959951013516765,12.469793603256816,BabyLM 1.3B
13,0.08959951013516765,12.028612722701983,BabyLM 1.3B
14,0.08959951013516765,11.70791218138143,BabyLM 1.3B
15,0.08959951013516765,11.485355978027489,BabyLM 1.3B
16,0.08959951013516765,11.338608111372494,BabyLM 1.3B
17,0.08959951013516765,11.24533258014878,BabyLM 1.3B
18,0.08959951013516765,11.18445142257371,BabyLM 1.3B
19,0.08959951013516765,11.1458362797899,BabyLM 1.3B
20,0.08959951013516765,11.124996673595096,BabyLM 1.3B
21,0.08959951013516765,11.117488719842047,BabyLM 1.3B
22,0.08959951013516765,11.118868534383502,BabyLM 1.3B
23,0.08959951013516765,11.124692233072206,BabyLM 1.3B
0,0.2373807977417215,17.318075738075922,BabyLM 1.3B
1,0.2373807977417215,17.39714518833636,BabyLM 1.3B
2,0.2373807977417215,17.44285710925932,BabyLM 1.3B
3,0.2373807977417215,17.421853971507332,BabyLM 1.3B
4,0.2373807977417215,17.30077824574291,BabyLM 1.3B
5,0.2373807977417215,17.04627240262859,BabyLM 1.3B
6,0.2373807977417215,16.625220686700967,BabyLM 1.3B
7,0.2373807977417215,16.03376198126095,BabyLM 1.3B
8,0.2373807977417215,15.324852030019418,BabyLM 1.3B
9,0.2373807977417215,14.557974471287551,BabyLM 1.3B
10,0.2373807977417215,13.792612943376524,BabyLM 1.3B
11,0.2373807977417215,13.08825108459752,BabyLM 1.3B
12,0.2373807977417215,12.50269374889924,BabyLM 1.3B
13,0.2373807977417215,12.0551337498935,BabyLM 1.3B
14,0.2373807977417215,11.726151860855227,BabyLM 1.3B
15,0.2373807977417215,11.494650070696867,BabyLM 1.3B
16,0.2373807977417215,11.33953036833087,BabyLM 1.3B
17,0.2373807977417215,11.239694742669691,BabyLM 1.3B
18,0.2373807977417215,11.175175098397748,BabyLM 1.3B
19,0.2373807977417215,11.135837792288868,BabyLM 1.3B
20,0.2373807977417215,11.116612877724593,BabyLM 1.3B
21,0.2373807977417215,11.11247225681878,BabyLM 1.3B
22,0.2373807977417215,11.118387831685272,BabyLM 1.3B
23,0.2373807977417215,11.129331504437916,BabyLM 1.3B
0,0.3851620853482771,17.304322027560737,BabyLM 1.3B
1,0.3851620853482771,17.388065288142464,BabyLM 1.3B
2,0.3851620853482771,17.438547903780417,BabyLM 1.3B
3,0.3851620853482771,17.422509229530817,BabyLM 1.3B
4,0.3851620853482771,17.306688620449883,BabyLM 1.3B
5,0.3851620853482771,17.057825431593848,BabyLM 1.3B
6,0.3851620853482771,16.642898482280224,BabyLM 1.3B
7,0.3851620853482771,16.05786176744288,BabyLM 1.3B
8,0.3851620853482771,15.354943383419354,BabyLM 1.3B
9,0.3851620853482771,14.592836961602075,BabyLM 1.3B
10,0.3851620853482771,13.830236133383467,BabyLM 1.3B
11,0.3851620853482771,13.12583453015596,BabyLM 1.3B
12,0.3851620853482771,12.536690958830665,BabyLM 1.3B
13,0.3851620853482771,12.082263263248537,BabyLM 1.3B
14,0.3851620853482771,11.744408324180364,BabyLM 1.3B
15,0.3851620853482771,11.50334819791562,BabyLM 1.3B
16,0.3851620853482771,11.339304940743785,BabyLM 1.3B
17,0.3851620853482771,11.232500608954334,BabyLM 1.3B
18,0.3851620853482771,11.164150275311364,BabyLM 1.3B
19,0.3851620853482771,11.124111933746981,BabyLM 1.3B
20,0.3851620853482771,11.106693763135103,BabyLM 1.3B
21,0.3851620853482771,11.106240720737608,BabyLM 1.3B
22,0.3851620853482771,11.117097763816366,BabyLM 1.3B
23,0.3851620853482771,11.13360984963325,BabyLM 1.3B
0,0.5329433729548327,17.29038959588315,BabyLM 1.3B
1,0.5329433729548327,17.378925979874857,BabyLM 1.3B
2,0.5329433729548327,17.434304543104197,BabyLM 1.3B
3,0.5329433729548327,17.423367464808795,BabyLM 1.3B
4,0.5329433729548327,17.312956924226274,BabyLM 1.3B
5,0.5329433729548327,17.06991510059427,BabyLM 1.3B
6,0.5329433729548327,16.661321203026553,BabyLM 1.3B
7,0.5329433729548327,16.08293505565125,BabyLM 1.3B
8,0.5329433729548327,15.386218503492113,BabyLM 1.3B
9,0.5329433729548327,14.629033198228978,BabyLM 1.3B
10,0.5329433729548327,13.869240791541683,BabyLM 1.3B
11,0.5329433729548327,13.164702935110073,BabyLM 1.3B
12,0.5329433729548327,12.571692856405585,BabyLM 1.3B
13,0.5329433729548327,12.1099500261065,BabyLM 1.3B
14,0.5329433729548327,11.762680158097927,BabyLM 1.3B
15,0.5329433729548327,11.51150054205658,BabyLM 1.3B
16,0.5329433729548327,11.338028467659171,BabyLM 1.3B
17,0.5329433729548327,11.223881224582414,BabyLM 1.3B
18,0.5329433729548327,11.151524183030846,BabyLM 1.3B
19,0.5329433729548327,11.110804154840105,BabyLM 1.3B
20,0.5329433729548327,11.095368609026089,BabyLM 1.3B
21,0.5329433729548327,11.098896424994617,BabyLM 1.3B
22,0.5329433729548327,11.115066482151507,BabyLM 1.3B
23,0.5329433729548327,11.13755765990258,BabyLM 1.3B
0,0.680724660561388,17.276294875674303,BabyLM 1.3B
1,0.680724660561388,17.36973272584673,BabyLM 1.3B
2,0.680724660561388,17.430120973088332,BabyLM 1.3B
3,0.680724660561388,17.42441001446828,BabyLM 1.3B
4,0.680724660561388,17.319550247055744,BabyLM 1.3B
5,0.680724660561388,17.082492067919897,BabyLM 1.3B
6,0.680724660561388,16.680420356320848,BabyLM 1.3B
7,0.680724660561388,16.10889233662199,BabyLM 1.3B
8,0.680724660561388,15.418568548056744,BabyLM 1.3B
9,0.680724660561388,14.666440549013787,BabyLM 1.3B
10,0.680724660561388,13.909499897881819,BabyLM 1.3B
11,0.680724660561388,13.204738153049528,BabyLM 1.3B
12,0.680724660561388,12.607607064978497,BabyLM 1.3B
13,0.680724660561388,12.138142801806799,BabyLM 1.3B
14,0.680724660561388,11.780965949349005,BabyLM 1.3B
15,0.680724660561388,11.519157285492572,BabyLM 1.3B
16,0.680724660561388,11.335797588124958,BabyLM 1.3B
17,0.680724660561388,11.213967635133624,BabyLM 1.3B
18,0.680724660561388,11.137444051272475,BabyLM 1.3B
19,0.680724660561388,11.0960599062441,BabyLM 1.3B
20,0.680724660561388,11.082766694597014,BabyLM 1.3B
21,0.680724660561388,11.090541682985895,BabyLM 1.3B
22,0.680724660561388,11.112362138065421,BabyLM 1.3B
23,0.680724660561388,11.141205326490269,BabyLM 1.3B
