c_log_freq,c_log_ftp,fit,freq_mean,freq_sd,ftp_mean,ftp_sd,label
-2.0002518273016485,-2.5386149095746635,10.787273331405622,6.870363873208706,1.867199722705874,-3.474173282823083,1.7979087762338164,BabyLM 125M — first layer
-1.846600082908886,-2.5386149095746635,10.794690506728596,6.870363873208706,1.867199722705874,-3.474173282823083,1.7979087762338164,BabyLM 125M — first layer
-1.6929483385161237,-2.5386149095746635,10.802564576158561,6.870363873208706,1.867199722705874,-3.474173282823083,1.7979087762338164,BabyLM 125M — first layer
-1.5392965941233612,-2.5386149095746635,10.810895539695517,6.870363873208706,1.867199722705874,-3.474173282823083,1.7979087762338164,BabyLM 125M — first layer
-1.3856448497305989,-2.5386149095746635,10.819683397339464,6.870363873208706,1.867199722705874,-3.474173282823083,1.7979087762338164,BabyLM 125M — first layer
-1.2319931053378363,-2.5386149095746635,10.828928149090402,6.870363873208706,1.867199722705874,-3.474173282823083,1.7979087762338164,BabyLM 125M — first layer
-1.0783413609450738,-2.5386149095746635,10.83862979494833,6.870363873208706,1.867199722705874,-3.474173282823083,1.7979087762338164,BabyLM 125M — first layer
-0.9246896165523115,-2.5386149095746635,10.84878833491325,6.870363873208706,1.867199722705874,-3.474173282823083,1.7979087762338164,BabyLM 125M — first layer
-0.771037872159549,-2.5386149095746635,10.85940376898516,6.870363873208706,1.867199722705874,-3.474173282823083,1.7979087762338164,BabyLM 125M — first layer
-0.6173861277667865,-2.5386149095746635,10.870476097164062,6.870363873208706,1.867199722705874,-3.474173282823083,1.7979087762338164,BabyLM 125M — first layer
-0.4637343833740242,-2.5386149095746635,10.882005319449954,6.870363873208706,1.867199722705874,-3.474173282823083,1.7979087762338164,BabyLM 125M — first layer
-0.31008263898126165,-2.5386149095746635,10.893991435842837,6.870363873208706,1.867199722705874,-3.474173282823083,1.7979087762338164,BabyLM 125M — first layer
-0.15643089458849913,-2.5386149095746635,10.906434446342711,6.870363873208706,1.867199722705874,-3.474173282823083,1.7979087762338164,BabyLM 125M — first layer
-0.0027791501957368236,-2.5386149095746635,10.919334350949576,6.870363873208706,1.867199722705874,-3.474173282823083,1.7979087762338164,BabyLM 125M — first layer
0.15087259419702548,-2.5386149095746635,10.932691149663432,6.870363873208706,1.867199722705874,-3.474173282823083,1.7979087762338164,BabyLM 125M — first layer
0.304524338589788,-2.5386149095746635,10.946504842484279,6.870363873208706,1.867199722705874,-3.474173282823083,1.7979087762338164,BabyLM 125M — first layer
0.4581760829825505,-2.5386149095746635,10.960775429412116,6.870363873208706,1.867199722705874,-3.474173282823083,1.7979087762338164,BabyLM 125M — first layer
0.611827827375313,-2.5386149095746635,10.975502910446945,6.870363873208706,1.867199722705874,-3.474173282823083,1.7979087762338164,BabyLM 125M — first layer
0.7654795717680756,-2.5386149095746635,10.990687285588766,6.870363873208706,1.867199722705874,-3.474173282823083,1.7979087762338164,BabyLM 125M — first layer
0.9191313161608377,-2.5386149095746635,11.006328554837577,6.870363873208706,1.867199722705874,-3.474173282823083,1.7979087762338164,BabyLM 125M — first layer
1.0727830605536002,-2.5386149095746635,11.022426718193378,6.870363873208706,1.867199722705874,-3.474173282823083,1.7979087762338164,BabyLM 125M — first layer
1.2264348049463627,-2.5386149095746635,11.03898177565617,6.870363873208706,1.867199722705874,-3.474173282823083,1.7979087762338164,BabyLM 125M — first layer
1.3800865493391252,-2.5386149095746635,11.055993727225953,6.870363873208706,1.867199722705874,-3.474173282823083,1.7979087762338164,BabyLM 125M — first layer
1.5337382937318877,-2.5386149095746635,11.073462572902727,6.870363873208706,1.867199722705874,-3.474173282823083,1.7979087762338164,BabyLM 125M — first layer
1.6873900381246503,-2.5386149095746635,11.091388312686492,6.870363873208706,1.867199722705874,-3.474173282823083,1.7979087762338164,BabyLM 125M — first layer
1.8410417825174124,-2.5386149095746635,11.109770946577248,6.870363873208706,1.867199722705874,-3.474173282823083,1.7979087762338164,BabyLM 125M — first layer
1.9946935269101749,-2.5386149095746635,11.128610474574996,6.870363873208706,1.867199722705874,-3.474173282823083,1.7979087762338164,BabyLM 125M — first layer
2.148345271302937,-2.5386149095746635,11.147906896679734,6.870363873208706,1.867199722705874,-3.474173282823083,1.7979087762338164,BabyLM 125M — first layer
2.3019970156956995,-2.5386149095746635,11.167660212891462,6.870363873208706,1.867199722705874,-3.474173282823083,1.7979087762338164,BabyLM 125M — first layer
2.455648760088462,-2.5386149095746635,11.187870423210182,6.870363873208706,1.867199722705874,-3.474173282823083,1.7979087762338164,BabyLM 125M — first layer
-2.0002518273016485,-2.3713881371951944,10.781666989894568,6.870363873208706,1.867199722705874,-3.474173282823083,1.7979087762338164,BabyLM 125M — first layer
-1.846600082908886,-2.3713881371951944,10.788498083677176,6.870363873208706,1.867199722705874,-3.474173282823083,1.7979087762338164,BabyLM 125M — first layer
-1.6929483385161237,-2.3713881371951944,10.795786071566775,6.870363873208706,1.867199722705874,-3.474173282823083,1.7979087762338164,BabyLM 125M — first layer
-1.5392965941233612,-2.3713881371951944,10.803530953563365,6.870363873208706,1.867199722705874,-3.474173282823083,1.7979087762338164,BabyLM 125M — first layer
-1.3856448497305989,-2.3713881371951944,10.811732729666947,6.870363873208706,1.867199722705874,-3.474173282823083,1.7979087762338164,BabyLM 125M — first layer
-1.2319931053378363,-2.3713881371951944,10.820391399877519,6.870363873208706,1.867199722705874,-3.474173282823083,1.7979087762338164,BabyLM 125M — first layer
-1.0783413609450738,-2.3713881371951944,10.829506964195081,6.870363873208706,1.867199722705874,-3.474173282823083,1.7979087762338164,BabyLM 125M — first layer
-0.9246896165523115,-2.3713881371951944,10.839079422619635,6.870363873208706,1.867199722705874,-3.474173282823083,1.7979087762338164,BabyLM 125M — first layer
-0.771037872159549,-2.3713881371951944,10.84910877515118,6.870363873208706,1.867199722705874,-3.474173282823083,1.7979087762338164,BabyLM 125M — first layer
-0.6173861277667865,-2.3713881371951944,10.859595021789715,6.870363873208706,1.867199722705874,-3.474173282823083,1.7979087762338164,BabyLM 125M — first layer
-0.4637343833740242,-2.3713881371951944,10.870538162535242,6.870363873208706,1.867199722705874,-3.474173282823083,1.7979087762338164,BabyLM 125M — first layer
-0.31008263898126165,-2.3713881371951944,10.88193819738776,6.870363873208706,1.867199722705874,-3.474173282823083,1.7979087762338164,BabyLM 125M — first layer
-0.15643089458849913,-2.3713881371951944,10.893795126347268,6.870363873208706,1.867199722705874,-3.474173282823083,1.7979087762338164,BabyLM 125M — first layer
-0.0027791501957368236,-2.3713881371951944,10.906108949413767,6.870363873208706,1.867199722705874,-3.474173282823083,1.7979087762338164,BabyLM 125M — first layer
0.15087259419702548,-2.3713881371951944,10.918879666587257,6.870363873208706,1.867199722705874,-3.474173282823083,1.7979087762338164,BabyLM 125M — first layer
0.304524338589788,-2.3713881371951944,10.932107277867738,6.870363873208706,1.867199722705874,-3.474173282823083,1.7979087762338164,BabyLM 125M — first layer
0.4581760829825505,-2.3713881371951944,10.94579178325521,6.870363873208706,1.867199722705874,-3.474173282823083,1.7979087762338164,BabyLM 125M — first layer
0.611827827375313,-2.3713881371951944,10.959933182749673,6.870363873208706,1.867199722705874,-3.474173282823083,1.7979087762338164,BabyLM 125M — first layer
0.7654795717680756,-2.3713881371951944,10.974531476351126,6.870363873208706,1.867199722705874,-3.474173282823083,1.7979087762338164,BabyLM 125M — first layer
0.9191313161608377,-2.3713881371951944,10.989586664059571,6.870363873208706,1.867199722705874,-3.474173282823083,1.7979087762338164,BabyLM 125M — first layer
1.0727830605536002,-2.3713881371951944,11.005098745875006,6.870363873208706,1.867199722705874,-3.474173282823083,1.7979087762338164,BabyLM 125M — first layer
1.2264348049463627,-2.3713881371951944,11.021067721797435,6.870363873208706,1.867199722705874,-3.474173282823083,1.7979087762338164,BabyLM 125M — first layer
1.3800865493391252,-2.3713881371951944,11.037493591826852,6.870363873208706,1.867199722705874,-3.474173282823083,1.7979087762338164,BabyLM 125M — first layer
1.5337382937318877,-2.3713881371951944,11.05437635596326,6.870363873208706,1.867199722705874,-3.474173282823083,1.7979087762338164,BabyLM 125M — first layer
1.6873900381246503,-2.3713881371951944,11.07171601420666,6.870363873208706,1.867199722705874,-3.474173282823083,1.7979087762338164,BabyLM 125M — first layer
1.8410417825174124,-2.3713881371951944,11.08951256655705,6.870363873208706,1.867199722705874,-3.474173282823083,1.7979087762338164,BabyLM 125M — first layer
1.9946935269101749,-2.3713881371951944,11.10776601301443,6.870363873208706,1.867199722705874,-3.474173282823083,1.7979087762338164,BabyLM 125M — first layer
2.148345271302937,-2.3713881371951944,11.126476353578802,6.870363873208706,1.867199722705874,-3.474173282823083,1.7979087762338164,BabyLM 125M — first layer
2.3019970156956995,-2.3713881371951944,11.145643588250165,6.870363873208706,1.867199722705874,-3.474173282823083,1.7979087762338164,BabyLM 125M — first layer
2.455648760088462,-2.3713881371951944,11.165267717028518,6.870363873208706,1.867199722705874,-3.474173282823083,1.7979087762338164,BabyLM 125M — first layer
-2.0002518273016485,-2.2041613648157248,10.776387565164008,6.870363873208706,1.867199722705874,-3.474173282823083,1.7979087762338164,BabyLM 125M — first layer
-1.846600082908886,-2.2041613648157248,10.78263257740625,6.870363873208706,1.867199722705874,-3.474173282823083,1.7979087762338164,BabyLM 125M — first layer
-1.6929483385161237,-2.2041613648157248,10.789334483755484,6.870363873208706,1.867199722705874,-3.474173282823083,1.7979087762338164,BabyLM 125M — first layer
-1.5392965941233612,-2.2041613648157248,10.796493284211707,6.870363873208706,1.867199722705874,-3.474173282823083,1.7979087762338164,BabyLM 125M — first layer
-1.3856448497305989,-2.2041613648157248,10.804108978774922,6.870363873208706,1.867199722705874,-3.474173282823083,1.7979087762338164,BabyLM 125M — first layer
-1.2319931053378363,-2.2041613648157248,10.812181567445128,6.870363873208706,1.867199722705874,-3.474173282823083,1.7979087762338164,BabyLM 125M — first layer
-1.0783413609450738,-2.2041613648157248,10.820711050222325,6.870363873208706,1.867199722705874,-3.474173282823083,1.7979087762338164,BabyLM 125M — first layer
-0.9246896165523115,-2.2041613648157248,10.829697427106513,6.870363873208706,1.867199722705874,-3.474173282823083,1.7979087762338164,BabyLM 125M — first layer
-0.771037872159549,-2.2041613648157248,10.839140698097692,6.870363873208706,1.867199722705874,-3.474173282823083,1.7979087762338164,BabyLM 125M — first layer
-0.6173861277667865,-2.2041613648157248,10.849040863195862,6.870363873208706,1.867199722705874,-3.474173282823083,1.7979087762338164,BabyLM 125M — first layer
-0.4637343833740242,-2.2041613648157248,10.859397922401023,6.870363873208706,1.867199722705874,-3.474173282823083,1.7979087762338164,BabyLM 125M — first layer
-0.31008263898126165,-2.2041613648157248,10.870211875713174,6.870363873208706,1.867199722705874,-3.474173282823083,1.7979087762338164,BabyLM 125M — first layer
-0.15643089458849913,-2.2041613648157248,10.881482723132317,6.870363873208706,1.867199722705874,-3.474173282823083,1.7979087762338164,BabyLM 125M — first layer
-0.0027791501957368236,-2.2041613648157248,10.89321046465845,6.870363873208706,1.867199722705874,-3.474173282823083,1.7979087762338164,BabyLM 125M — first layer
0.15087259419702548,-2.2041613648157248,10.905395100291575,6.870363873208706,1.867199722705874,-3.474173282823083,1.7979087762338164,BabyLM 125M — first layer
0.304524338589788,-2.2041613648157248,10.91803663003169,6.870363873208706,1.867199722705874,-3.474173282823083,1.7979087762338164,BabyLM 125M — first layer
0.4581760829825505,-2.2041613648157248,10.931135053878796,6.870363873208706,1.867199722705874,-3.474173282823083,1.7979087762338164,BabyLM 125M — first layer
0.611827827375313,-2.2041613648157248,10.944690371832893,6.870363873208706,1.867199722705874,-3.474173282823083,1.7979087762338164,BabyLM 125M — first layer
0.7654795717680756,-2.2041613648157248,10.958702583893981,6.870363873208706,1.867199722705874,-3.474173282823083,1.7979087762338164,BabyLM 125M — first layer
0.9191313161608377,-2.2041613648157248,10.97317169006206,6.870363873208706,1.867199722705874,-3.474173282823083,1.7979087762338164,BabyLM 125M — first layer
1.0727830605536002,-2.2041613648157248,10.98809769033713,6.870363873208706,1.867199722705874,-3.474173282823083,1.7979087762338164,BabyLM 125M — first layer
1.2264348049463627,-2.2041613648157248,11.00348058471919,6.870363873208706,1.867199722705874,-3.474173282823083,1.7979087762338164,BabyLM 125M — first layer
1.3800865493391252,-2.2041613648157248,11.019320373208242,6.870363873208706,1.867199722705874,-3.474173282823083,1.7979087762338164,BabyLM 125M — first layer
1.5337382937318877,-2.2041613648157248,11.035617055804284,6.870363873208706,1.867199722705874,-3.474173282823083,1.7979087762338164,BabyLM 125M — first layer
1.6873900381246503,-2.2041613648157248,11.052370632507317,6.870363873208706,1.867199722705874,-3.474173282823083,1.7979087762338164,BabyLM 125M — first layer
1.8410417825174124,-2.2041613648157248,11.069581103317342,6.870363873208706,1.867199722705874,-3.474173282823083,1.7979087762338164,BabyLM 125M — first layer
1.9946935269101749,-2.2041613648157248,11.087248468234357,6.870363873208706,1.867199722705874,-3.474173282823083,1.7979087762338164,BabyLM 125M — first layer
2.148345271302937,-2.2041613648157248,11.105372727258363,6.870363873208706,1.867199722705874,-3.474173282823083,1.7979087762338164,BabyLM 125M — first layer
2.3019970156956995,-2.2041613648157248,11.12395388038936,6.870363873208706,1.867199722705874,-3.474173282823083,1.7979087762338164,BabyLM 125M — first layer
2.455648760088462,-2.2041613648157248,11.142991927627348,6.870363873208706,1.867199722705874,-3.474173282823083,1.7979087762338164,BabyLM 125M — first layer
-2.0002518273016485,-2.0369345924362556,10.771435057213939,6.870363873208706,1.867199722705874,-3.474173282823083,1.7979087762338164,BabyLM 125M — first layer
-1.846600082908886,-2.0369345924362556,10.777093987915814,6.870363873208706,1.867199722705874,-3.474173282823083,1.7979087762338164,BabyLM 125M — first layer
-1.6929483385161237,-2.0369345924362556,10.783209812724682,6.870363873208706,1.867199722705874,-3.474173282823083,1.7979087762338164,BabyLM 125M — first layer
-1.5392965941233612,-2.0369345924362556,10.78978253164054,6.870363873208706,1.867199722705874,-3.474173282823083,1.7979087762338164,BabyLM 125M — first layer
-1.3856448497305989,-2.0369345924362556,10.79681214466339,6.870363873208706,1.867199722705874,-3.474173282823083,1.7979087762338164,BabyLM 125M — first layer
-1.2319931053378363,-2.0369345924362556,10.80429865179323,6.870363873208706,1.867199722705874,-3.474173282823083,1.7979087762338164,BabyLM 125M — first layer
-1.0783413609450738,-2.0369345924362556,10.812242053030062,6.870363873208706,1.867199722705874,-3.474173282823083,1.7979087762338164,BabyLM 125M — first layer
-0.9246896165523115,-2.0369345924362556,10.820642348373884,6.870363873208706,1.867199722705874,-3.474173282823083,1.7979087762338164,BabyLM 125M — first layer
-0.771037872159549,-2.0369345924362556,10.829499537824697,6.870363873208706,1.867199722705874,-3.474173282823083,1.7979087762338164,BabyLM 125M — first layer
-0.6173861277667865,-2.0369345924362556,10.8388136213825,6.870363873208706,1.867199722705874,-3.474173282823083,1.7979087762338164,BabyLM 125M — first layer
-0.4637343833740242,-2.0369345924362556,10.848584599047294,6.870363873208706,1.867199722705874,-3.474173282823083,1.7979087762338164,BabyLM 125M — first layer
-0.31008263898126165,-2.0369345924362556,10.85881247081908,6.870363873208706,1.867199722705874,-3.474173282823083,1.7979087762338164,BabyLM 125M — first layer
-0.15643089458849913,-2.0369345924362556,10.869497236697857,6.870363873208706,1.867199722705874,-3.474173282823083,1.7979087762338164,BabyLM 125M — first layer
-0.0027791501957368236,-2.0369345924362556,10.880638896683624,6.870363873208706,1.867199722705874,-3.474173282823083,1.7979087762338164,BabyLM 125M — first layer
0.15087259419702548,-2.0369345924362556,10.892237450776383,6.870363873208706,1.867199722705874,-3.474173282823083,1.7979087762338164,BabyLM 125M — first layer
0.304524338589788,-2.0369345924362556,10.904292898976133,6.870363873208706,1.867199722705874,-3.474173282823083,1.7979087762338164,BabyLM 125M — first layer
0.4581760829825505,-2.0369345924362556,10.916805241282873,6.870363873208706,1.867199722705874,-3.474173282823083,1.7979087762338164,BabyLM 125M — first layer
0.611827827375313,-2.0369345924362556,10.929774477696604,6.870363873208706,1.867199722705874,-3.474173282823083,1.7979087762338164,BabyLM 125M — first layer
0.7654795717680756,-2.0369345924362556,10.943200608217326,6.870363873208706,1.867199722705874,-3.474173282823083,1.7979087762338164,BabyLM 125M — first layer
0.9191313161608377,-2.0369345924362556,10.95708363284504,6.870363873208706,1.867199722705874,-3.474173282823083,1.7979087762338164,BabyLM 125M — first layer
1.0727830605536002,-2.0369345924362556,10.971423551579743,6.870363873208706,1.867199722705874,-3.474173282823083,1.7979087762338164,BabyLM 125M — first layer
1.2264348049463627,-2.0369345924362556,10.986220364421436,6.870363873208706,1.867199722705874,-3.474173282823083,1.7979087762338164,BabyLM 125M — first layer
1.3800865493391252,-2.0369345924362556,11.001474071370122,6.870363873208706,1.867199722705874,-3.474173282823083,1.7979087762338164,BabyLM 125M — first layer
1.5337382937318877,-2.0369345924362556,11.017184672425799,6.870363873208706,1.867199722705874,-3.474173282823083,1.7979087762338164,BabyLM 125M — first layer
1.6873900381246503,-2.0369345924362556,11.033352167588466,6.870363873208706,1.867199722705874,-3.474173282823083,1.7979087762338164,BabyLM 125M — first layer
1.8410417825174124,-2.0369345924362556,11.049976556858125,6.870363873208706,1.867199722705874,-3.474173282823083,1.7979087762338164,BabyLM 125M — first layer
1.9946935269101749,-2.0369345924362556,11.067057840234774,6.870363873208706,1.867199722705874,-3.474173282823083,1.7979087762338164,BabyLM 125M — first layer
2.148345271302937,-2.0369345924362556,11.084596017718415,6.870363873208706,1.867199722705874,-3.474173282823083,1.7979087762338164,BabyLM 125M — first layer
2.3019970156956995,-2.0369345924362556,11.102591089309046,6.870363873208706,1.867199722705874,-3.474173282823083,1.7979087762338164,BabyLM 125M — first layer
2.455648760088462,-2.0369345924362556,11.121043055006668,6.870363873208706,1.867199722705874,-3.474173282823083,1.7979087762338164,BabyLM 125M — first layer
-2.0002518273016485,-1.8697078200567863,10.76680946604436,6.870363873208706,1.867199722705874,-3.474173282823083,1.7979087762338164,BabyLM 125M — first layer
-1.846600082908886,-1.8697078200567863,10.771882315205872,6.870363873208706,1.867199722705874,-3.474173282823083,1.7979087762338164,BabyLM 125M — first layer
-1.6929483385161237,-1.8697078200567863,10.777412058474374,6.870363873208706,1.867199722705874,-3.474173282823083,1.7979087762338164,BabyLM 125M — first layer
-1.5392965941233612,-1.8697078200567863,10.783398695849865,6.870363873208706,1.867199722705874,-3.474173282823083,1.7979087762338164,BabyLM 125M — first layer
-1.3856448497305989,-1.8697078200567863,10.789842227332349,6.870363873208706,1.867199722705874,-3.474173282823083,1.7979087762338164,BabyLM 125M — first layer
-1.2319931053378363,-1.8697078200567863,10.796742652921823,6.870363873208706,1.867199722705874,-3.474173282823083,1.7979087762338164,BabyLM 125M — first layer
-1.0783413609450738,-1.8697078200567863,10.804099972618289,6.870363873208706,1.867199722705874,-3.474173282823083,1.7979087762338164,BabyLM 125M — first layer
-0.9246896165523115,-1.8697078200567863,10.811914186421745,6.870363873208706,1.867199722705874,-3.474173282823083,1.7979087762338164,BabyLM 125M — first layer
-0.771037872159549,-1.8697078200567863,10.820185294332193,6.870363873208706,1.867199722705874,-3.474173282823083,1.7979087762338164,BabyLM 125M — first layer
-0.6173861277667865,-1.8697078200567863,10.82891329634963,6.870363873208706,1.867199722705874,-3.474173282823083,1.7979087762338164,BabyLM 125M — first layer
-0.4637343833740242,-1.8697078200567863,10.838098192474058,6.870363873208706,1.867199722705874,-3.474173282823083,1.7979087762338164,BabyLM 125M — first layer
-0.31008263898126165,-1.8697078200567863,10.847739982705479,6.870363873208706,1.867199722705874,-3.474173282823083,1.7979087762338164,BabyLM 125M — first layer
-0.15643089458849913,-1.8697078200567863,10.85783866704389,6.870363873208706,1.867199722705874,-3.474173282823083,1.7979087762338164,BabyLM 125M — first layer
-0.0027791501957368236,-1.8697078200567863,10.868394245489291,6.870363873208706,1.867199722705874,-3.474173282823083,1.7979087762338164,BabyLM 125M — first layer
0.15087259419702548,-1.8697078200567863,10.879406718041684,6.870363873208706,1.867199722705874,-3.474173282823083,1.7979087762338164,BabyLM 125M — first layer
0.304524338589788,-1.8697078200567863,10.890876084701066,6.870363873208706,1.867199722705874,-3.474173282823083,1.7979087762338164,BabyLM 125M — first layer
0.4581760829825505,-1.8697078200567863,10.90280234546744,6.870363873208706,1.867199722705874,-3.474173282823083,1.7979087762338164,BabyLM 125M — first layer
0.611827827375313,-1.8697078200567863,10.915185500340806,6.870363873208706,1.867199722705874,-3.474173282823083,1.7979087762338164,BabyLM 125M — first layer
0.7654795717680756,-1.8697078200567863,10.928025549321163,6.870363873208706,1.867199722705874,-3.474173282823083,1.7979087762338164,BabyLM 125M — first layer
0.9191313161608377,-1.8697078200567863,10.94132249240851,6.870363873208706,1.867199722705874,-3.474173282823083,1.7979087762338164,BabyLM 125M — first layer
1.0727830605536002,-1.8697078200567863,10.955076329602848,6.870363873208706,1.867199722705874,-3.474173282823083,1.7979087762338164,BabyLM 125M — first layer
1.2264348049463627,-1.8697078200567863,10.969287060904177,6.870363873208706,1.867199722705874,-3.474173282823083,1.7979087762338164,BabyLM 125M — first layer
1.3800865493391252,-1.8697078200567863,10.983954686312497,6.870363873208706,1.867199722705874,-3.474173282823083,1.7979087762338164,BabyLM 125M — first layer
1.5337382937318877,-1.8697078200567863,10.999079205827808,6.870363873208706,1.867199722705874,-3.474173282823083,1.7979087762338164,BabyLM 125M — first layer
1.6873900381246503,-1.8697078200567863,11.01466061945011,6.870363873208706,1.867199722705874,-3.474173282823083,1.7979087762338164,BabyLM 125M — first layer
1.8410417825174124,-1.8697078200567863,11.030698927179401,6.870363873208706,1.867199722705874,-3.474173282823083,1.7979087762338164,BabyLM 125M — first layer
1.9946935269101749,-1.8697078200567863,11.047194129015685,6.870363873208706,1.867199722705874,-3.474173282823083,1.7979087762338164,BabyLM 125M — first layer
2.148345271302937,-1.8697078200567863,11.064146224958959,6.870363873208706,1.867199722705874,-3.474173282823083,1.7979087762338164,BabyLM 125M — first layer
2.3019970156956995,-1.8697078200567863,11.081555215009224,6.870363873208706,1.867199722705874,-3.474173282823083,1.7979087762338164,BabyLM 125M — first layer
2.455648760088462,-1.8697078200567863,11.09942109916648,6.870363873208706,1.867199722705874,-3.474173282823083,1.7979087762338164,BabyLM 125M — first layer
-2.0002518273016485,-1.702481047677317,10.762510791655275,6.870363873208706,1.867199722705874,-3.474173282823083,1.7979087762338164,BabyLM 125M — first layer
-1.846600082908886,-1.702481047677317,10.76699755927642,6.870363873208706,1.867199722705874,-3.474173282823083,1.7979087762338164,BabyLM 125M — first layer
-1.6929483385161237,-1.702481047677317,10.771941221004557,6.870363873208706,1.867199722705874,-3.474173282823083,1.7979087762338164,BabyLM 125M — first layer
-1.5392965941233612,-1.702481047677317,10.777341776839682,6.870363873208706,1.867199722705874,-3.474173282823083,1.7979087762338164,BabyLM 125M — first layer
-1.3856448497305989,-1.702481047677317,10.7831992267818,6.870363873208706,1.867199722705874,-3.474173282823083,1.7979087762338164,BabyLM 125M — first layer
-1.2319931053378363,-1.702481047677317,10.78951357083091,6.870363873208706,1.867199722705874,-3.474173282823083,1.7979087762338164,BabyLM 125M — first layer
-1.0783413609450738,-1.702481047677317,10.796284808987009,6.870363873208706,1.867199722705874,-3.474173282823083,1.7979087762338164,BabyLM 125M — first layer
-0.9246896165523115,-1.702481047677317,10.803512941250098,6.870363873208706,1.867199722705874,-3.474173282823083,1.7979087762338164,BabyLM 125M — first layer
-0.771037872159549,-1.702481047677317,10.81119796762018,6.870363873208706,1.867199722705874,-3.474173282823083,1.7979087762338164,BabyLM 125M — first layer
-0.6173861277667865,-1.702481047677317,10.819339888097252,6.870363873208706,1.867199722705874,-3.474173282823083,1.7979087762338164,BabyLM 125M — first layer
-0.4637343833740242,-1.702481047677317,10.827938702681315,6.870363873208706,1.867199722705874,-3.474173282823083,1.7979087762338164,BabyLM 125M — first layer
-0.31008263898126165,-1.702481047677317,10.83699441137237,6.870363873208706,1.867199722705874,-3.474173282823083,1.7979087762338164,BabyLM 125M — first layer
-0.15643089458849913,-1.702481047677317,10.846507014170413,6.870363873208706,1.867199722705874,-3.474173282823083,1.7979087762338164,BabyLM 125M — first layer
-0.0027791501957368236,-1.702481047677317,10.85647651107545,6.870363873208706,1.867199722705874,-3.474173282823083,1.7979087762338164,BabyLM 125M — first layer
0.15087259419702548,-1.702481047677317,10.866902902087476,6.870363873208706,1.867199722705874,-3.474173282823083,1.7979087762338164,BabyLM 125M — first layer
0.304524338589788,-1.702481047677317,10.877786187206494,6.870363873208706,1.867199722705874,-3.474173282823083,1.7979087762338164,BabyLM 125M — first layer
0.4581760829825505,-1.702481047677317,10.889126366432503,6.870363873208706,1.867199722705874,-3.474173282823083,1.7979087762338164,BabyLM 125M — first layer
0.611827827375313,-1.702481047677317,10.900923439765501,6.870363873208706,1.867199722705874,-3.474173282823083,1.7979087762338164,BabyLM 125M — first layer
0.7654795717680756,-1.702481047677317,10.913177407205492,6.870363873208706,1.867199722705874,-3.474173282823083,1.7979087762338164,BabyLM 125M — first layer
0.9191313161608377,-1.702481047677317,10.925888268752473,6.870363873208706,1.867199722705874,-3.474173282823083,1.7979087762338164,BabyLM 125M — first layer
1.0727830605536002,-1.702481047677317,10.939056024406446,6.870363873208706,1.867199722705874,-3.474173282823083,1.7979087762338164,BabyLM 125M — first layer
1.2264348049463627,-1.702481047677317,10.952680674167409,6.870363873208706,1.867199722705874,-3.474173282823083,1.7979087762338164,BabyLM 125M — first layer
1.3800865493391252,-1.702481047677317,10.966762218035363,6.870363873208706,1.867199722705874,-3.474173282823083,1.7979087762338164,BabyLM 125M — first layer
1.5337382937318877,-1.702481047677317,10.981300656010307,6.870363873208706,1.867199722705874,-3.474173282823083,1.7979087762338164,BabyLM 125M — first layer
1.6873900381246503,-1.702481047677317,10.996295988092243,6.870363873208706,1.867199722705874,-3.474173282823083,1.7979087762338164,BabyLM 125M — first layer
1.8410417825174124,-1.702481047677317,11.01174821428117,6.870363873208706,1.867199722705874,-3.474173282823083,1.7979087762338164,BabyLM 125M — first layer
1.9946935269101749,-1.702481047677317,11.027657334577087,6.870363873208706,1.867199722705874,-3.474173282823083,1.7979087762338164,BabyLM 125M — first layer
2.148345271302937,-1.702481047677317,11.044023348979996,6.870363873208706,1.867199722705874,-3.474173282823083,1.7979087762338164,BabyLM 125M — first layer
2.3019970156956995,-1.702481047677317,11.060846257489896,6.870363873208706,1.867199722705874,-3.474173282823083,1.7979087762338164,BabyLM 125M — first layer
2.455648760088462,-1.702481047677317,11.078126060106786,6.870363873208706,1.867199722705874,-3.474173282823083,1.7979087762338164,BabyLM 125M — first layer
-2.0002518273016485,-1.5352542752978477,10.758539034046683,6.870363873208706,1.867199722705874,-3.474173282823083,1.7979087762338164,BabyLM 125M — first layer
-1.846600082908886,-1.5352542752978477,10.762439720127462,6.870363873208706,1.867199722705874,-3.474173282823083,1.7979087762338164,BabyLM 125M — first layer
-1.6929483385161237,-1.5352542752978477,10.76679730031523,6.870363873208706,1.867199722705874,-3.474173282823083,1.7979087762338164,BabyLM 125M — first layer
-1.5392965941233612,-1.5352542752978477,10.771611774609992,6.870363873208706,1.867199722705874,-3.474173282823083,1.7979087762338164,BabyLM 125M — first layer
-1.3856448497305989,-1.5352542752978477,10.776883143011744,6.870363873208706,1.867199722705874,-3.474173282823083,1.7979087762338164,BabyLM 125M — first layer
-1.2319931053378363,-1.5352542752978477,10.782611405520486,6.870363873208706,1.867199722705874,-3.474173282823083,1.7979087762338164,BabyLM 125M — first layer
-1.0783413609450738,-1.5352542752978477,10.78879656213622,6.870363873208706,1.867199722705874,-3.474173282823083,1.7979087762338164,BabyLM 125M — first layer
-0.9246896165523115,-1.5352542752978477,10.795438612858945,6.870363873208706,1.867199722705874,-3.474173282823083,1.7979087762338164,BabyLM 125M — first layer
-0.771037872159549,-1.5352542752978477,10.802537557688659,6.870363873208706,1.867199722705874,-3.474173282823083,1.7979087762338164,BabyLM 125M — first layer
-0.6173861277667865,-1.5352542752978477,10.810093396625366,6.870363873208706,1.867199722705874,-3.474173282823083,1.7979087762338164,BabyLM 125M — first layer
-0.4637343833740242,-1.5352542752978477,10.818106129669063,6.870363873208706,1.867199722705874,-3.474173282823083,1.7979087762338164,BabyLM 125M — first layer
-0.31008263898126165,-1.5352542752978477,10.826575756819752,6.870363873208706,1.867199722705874,-3.474173282823083,1.7979087762338164,BabyLM 125M — first layer
-0.15643089458849913,-1.5352542752978477,10.83550227807743,6.870363873208706,1.867199722705874,-3.474173282823083,1.7979087762338164,BabyLM 125M — first layer
-0.0027791501957368236,-1.5352542752978477,10.8448856934421,6.870363873208706,1.867199722705874,-3.474173282823083,1.7979087762338164,BabyLM 125M — first layer
0.15087259419702548,-1.5352542752978477,10.854726002913761,6.870363873208706,1.867199722705874,-3.474173282823083,1.7979087762338164,BabyLM 125M — first layer
0.304524338589788,-1.5352542752978477,10.865023206492413,6.870363873208706,1.867199722705874,-3.474173282823083,1.7979087762338164,BabyLM 125M — first layer
0.4581760829825505,-1.5352542752978477,10.875777304178055,6.870363873208706,1.867199722705874,-3.474173282823083,1.7979087762338164,BabyLM 125M — first layer
0.611827827375313,-1.5352542752978477,10.886988295970689,6.870363873208706,1.867199722705874,-3.474173282823083,1.7979087762338164,BabyLM 125M — first layer
0.7654795717680756,-1.5352542752978477,10.898656181870313,6.870363873208706,1.867199722705874,-3.474173282823083,1.7979087762338164,BabyLM 125M — first layer
0.9191313161608377,-1.5352542752978477,10.91078096187693,6.870363873208706,1.867199722705874,-3.474173282823083,1.7979087762338164,BabyLM 125M — first layer
1.0727830605536002,-1.5352542752978477,10.923362635990534,6.870363873208706,1.867199722705874,-3.474173282823083,1.7979087762338164,BabyLM 125M — first layer
1.2264348049463627,-1.5352542752978477,10.936401204211132,6.870363873208706,1.867199722705874,-3.474173282823083,1.7979087762338164,BabyLM 125M — first layer
1.3800865493391252,-1.5352542752978477,10.94989666653872,6.870363873208706,1.867199722705874,-3.474173282823083,1.7979087762338164,BabyLM 125M — first layer
1.5337382937318877,-1.5352542752978477,10.9638490229733,6.870363873208706,1.867199722705874,-3.474173282823083,1.7979087762338164,BabyLM 125M — first layer
1.6873900381246503,-1.5352542752978477,10.97825827351487,6.870363873208706,1.867199722705874,-3.474173282823083,1.7979087762338164,BabyLM 125M — first layer
1.8410417825174124,-1.5352542752978477,10.993124418163429,6.870363873208706,1.867199722705874,-3.474173282823083,1.7979087762338164,BabyLM 125M — first layer
1.9946935269101749,-1.5352542752978477,11.008447456918981,6.870363873208706,1.867199722705874,-3.474173282823083,1.7979087762338164,BabyLM 125M — first layer
2.148345271302937,-1.5352542752978477,11.024227389781524,6.870363873208706,1.867199722705874,-3.474173282823083,1.7979087762338164,BabyLM 125M — first layer
2.3019970156956995,-1.5352542752978477,11.040464216751058,6.870363873208706,1.867199722705874,-3.474173282823083,1.7979087762338164,BabyLM 125M — first layer
2.455648760088462,-1.5352542752978477,11.057157937827583,6.870363873208706,1.867199722705874,-3.474173282823083,1.7979087762338164,BabyLM 125M — first layer
-2.0002518273016485,-1.3680275029183784,10.75489419321858,6.870363873208706,1.867199722705874,-3.474173282823083,1.7979087762338164,BabyLM 125M — first layer
-1.846600082908886,-1.3680275029183784,10.758208797758995,6.870363873208706,1.867199722705874,-3.474173282823083,1.7979087762338164,BabyLM 125M — first layer
-1.6929483385161237,-1.3680275029183784,10.761980296406398,6.870363873208706,1.867199722705874,-3.474173282823083,1.7979087762338164,BabyLM 125M — first layer
-1.5392965941233612,-1.3680275029183784,10.766208689160793,6.870363873208706,1.867199722705874,-3.474173282823083,1.7979087762338164,BabyLM 125M — first layer
-1.3856448497305989,-1.3680275029183784,10.77089397602218,6.870363873208706,1.867199722705874,-3.474173282823083,1.7979087762338164,BabyLM 125M — first layer
-1.2319931053378363,-1.3680275029183784,10.776036156990555,6.870363873208706,1.867199722705874,-3.474173282823083,1.7979087762338164,BabyLM 125M — first layer
-1.0783413609450738,-1.3680275029183784,10.781635232065923,6.870363873208706,1.867199722705874,-3.474173282823083,1.7979087762338164,BabyLM 125M — first layer
-0.9246896165523115,-1.3680275029183784,10.787691201248283,6.870363873208706,1.867199722705874,-3.474173282823083,1.7979087762338164,BabyLM 125M — first layer
-0.771037872159549,-1.3680275029183784,10.794204064537631,6.870363873208706,1.867199722705874,-3.474173282823083,1.7979087762338164,BabyLM 125M — first layer
-0.6173861277667865,-1.3680275029183784,10.801173821933972,6.870363873208706,1.867199722705874,-3.474173282823083,1.7979087762338164,BabyLM 125M — first layer
-0.4637343833740242,-1.3680275029183784,10.808600473437304,6.870363873208706,1.867199722705874,-3.474173282823083,1.7979087762338164,BabyLM 125M — first layer
-0.31008263898126165,-1.3680275029183784,10.816484019047625,6.870363873208706,1.867199722705874,-3.474173282823083,1.7979087762338164,BabyLM 125M — first layer
-0.15643089458849913,-1.3680275029183784,10.824824458764938,6.870363873208706,1.867199722705874,-3.474173282823083,1.7979087762338164,BabyLM 125M — first layer
-0.0027791501957368236,-1.3680275029183784,10.833621792589243,6.870363873208706,1.867199722705874,-3.474173282823083,1.7979087762338164,BabyLM 125M — first layer
0.15087259419702548,-1.3680275029183784,10.842876020520537,6.870363873208706,1.867199722705874,-3.474173282823083,1.7979087762338164,BabyLM 125M — first layer
0.304524338589788,-1.3680275029183784,10.852587142558823,6.870363873208706,1.867199722705874,-3.474173282823083,1.7979087762338164,BabyLM 125M — first layer
0.4581760829825505,-1.3680275029183784,10.8627551587041,6.870363873208706,1.867199722705874,-3.474173282823083,1.7979087762338164,BabyLM 125M — first layer
0.611827827375313,-1.3680275029183784,10.873380068956367,6.870363873208706,1.867199722705874,-3.474173282823083,1.7979087762338164,BabyLM 125M — first layer
0.7654795717680756,-1.3680275029183784,10.884461873315626,6.870363873208706,1.867199722705874,-3.474173282823083,1.7979087762338164,BabyLM 125M — first layer
0.9191313161608377,-1.3680275029183784,10.896000571781876,6.870363873208706,1.867199722705874,-3.474173282823083,1.7979087762338164,BabyLM 125M — first layer
1.0727830605536002,-1.3680275029183784,10.907996164355117,6.870363873208706,1.867199722705874,-3.474173282823083,1.7979087762338164,BabyLM 125M — first layer
1.2264348049463627,-1.3680275029183784,10.920448651035347,6.870363873208706,1.867199722705874,-3.474173282823083,1.7979087762338164,BabyLM 125M — first layer
1.3800865493391252,-1.3680275029183784,10.93335803182257,6.870363873208706,1.867199722705874,-3.474173282823083,1.7979087762338164,BabyLM 125M — first layer
1.5337382937318877,-1.3680275029183784,10.946724306716783,6.870363873208706,1.867199722705874,-3.474173282823083,1.7979087762338164,BabyLM 125M — first layer
1.6873900381246503,-1.3680275029183784,10.960547475717988,6.870363873208706,1.867199722705874,-3.474173282823083,1.7979087762338164,BabyLM 125M — first layer
1.8410417825174124,-1.3680275029183784,10.974827538826181,6.870363873208706,1.867199722705874,-3.474173282823083,1.7979087762338164,BabyLM 125M — first layer
1.9946935269101749,-1.3680275029183784,10.989564496041368,6.870363873208706,1.867199722705874,-3.474173282823083,1.7979087762338164,BabyLM 125M — first layer
2.148345271302937,-1.3680275029183784,11.004758347363545,6.870363873208706,1.867199722705874,-3.474173282823083,1.7979087762338164,BabyLM 125M — first layer
2.3019970156956995,-1.3680275029183784,11.020409092792713,6.870363873208706,1.867199722705874,-3.474173282823083,1.7979087762338164,BabyLM 125M — first layer
2.455648760088462,-1.3680275029183784,11.03651673232887,6.870363873208706,1.867199722705874,-3.474173282823083,1.7979087762338164,BabyLM 125M — first layer
-2.0002518273016485,-1.200800730538909,10.751576269170972,6.870363873208706,1.867199722705874,-3.474173282823083,1.7979087762338164,BabyLM 125M — first layer
-1.846600082908886,-1.200800730538909,10.754304792171018,6.870363873208706,1.867199722705874,-3.474173282823083,1.7979087762338164,BabyLM 125M — first layer
-1.6929483385161237,-1.200800730538909,10.757490209278057,6.870363873208706,1.867199722705874,-3.474173282823083,1.7979087762338164,BabyLM 125M — first layer
-1.5392965941233612,-1.200800730538909,10.761132520492087,6.870363873208706,1.867199722705874,-3.474173282823083,1.7979087762338164,BabyLM 125M — first layer
-1.3856448497305989,-1.200800730538909,10.765231725813106,6.870363873208706,1.867199722705874,-3.474173282823083,1.7979087762338164,BabyLM 125M — first layer
-1.2319931053378363,-1.200800730538909,10.769787825241117,6.870363873208706,1.867199722705874,-3.474173282823083,1.7979087762338164,BabyLM 125M — first layer
-1.0783413609450738,-1.200800730538909,10.774800818776118,6.870363873208706,1.867199722705874,-3.474173282823083,1.7979087762338164,BabyLM 125M — first layer
-0.9246896165523115,-1.200800730538909,10.780270706418111,6.870363873208706,1.867199722705874,-3.474173282823083,1.7979087762338164,BabyLM 125M — first layer
-0.771037872159549,-1.200800730538909,10.786197488167096,6.870363873208706,1.867199722705874,-3.474173282823083,1.7979087762338164,BabyLM 125M — first layer
-0.6173861277667865,-1.200800730538909,10.792581164023069,6.870363873208706,1.867199722705874,-3.474173282823083,1.7979087762338164,BabyLM 125M — first layer
-0.4637343833740242,-1.200800730538909,10.799421733986035,6.870363873208706,1.867199722705874,-3.474173282823083,1.7979087762338164,BabyLM 125M — first layer
-0.31008263898126165,-1.200800730538909,10.80671919805599,6.870363873208706,1.867199722705874,-3.474173282823083,1.7979087762338164,BabyLM 125M — first layer
-0.15643089458849913,-1.200800730538909,10.814473556232938,6.870363873208706,1.867199722705874,-3.474173282823083,1.7979087762338164,BabyLM 125M — first layer
-0.0027791501957368236,-1.200800730538909,10.822684808516877,6.870363873208706,1.867199722705874,-3.474173282823083,1.7979087762338164,BabyLM 125M — first layer
0.15087259419702548,-1.200800730538909,10.831352954907805,6.870363873208706,1.867199722705874,-3.474173282823083,1.7979087762338164,BabyLM 125M — first layer
0.304524338589788,-1.200800730538909,10.840477995405726,6.870363873208706,1.867199722705874,-3.474173282823083,1.7979087762338164,BabyLM 125M — first layer
0.4581760829825505,-1.200800730538909,10.850059930010637,6.870363873208706,1.867199722705874,-3.474173282823083,1.7979087762338164,BabyLM 125M — first layer
0.611827827375313,-1.200800730538909,10.860098758722538,6.870363873208706,1.867199722705874,-3.474173282823083,1.7979087762338164,BabyLM 125M — first layer
0.7654795717680756,-1.200800730538909,10.870594481541431,6.870363873208706,1.867199722705874,-3.474173282823083,1.7979087762338164,BabyLM 125M — first layer
0.9191313161608377,-1.200800730538909,10.881547098467315,6.870363873208706,1.867199722705874,-3.474173282823083,1.7979087762338164,BabyLM 125M — first layer
1.0727830605536002,-1.200800730538909,10.892956609500189,6.870363873208706,1.867199722705874,-3.474173282823083,1.7979087762338164,BabyLM 125M — first layer
1.2264348049463627,-1.200800730538909,10.904823014640055,6.870363873208706,1.867199722705874,-3.474173282823083,1.7979087762338164,BabyLM 125M — first layer
1.3800865493391252,-1.200800730538909,10.917146313886912,6.870363873208706,1.867199722705874,-3.474173282823083,1.7979087762338164,BabyLM 125M — first layer
1.5337382937318877,-1.200800730538909,10.929926507240758,6.870363873208706,1.867199722705874,-3.474173282823083,1.7979087762338164,BabyLM 125M — first layer
1.6873900381246503,-1.200800730538909,10.943163594701597,6.870363873208706,1.867199722705874,-3.474173282823083,1.7979087762338164,BabyLM 125M — first layer
1.8410417825174124,-1.200800730538909,10.956857576269426,6.870363873208706,1.867199722705874,-3.474173282823083,1.7979087762338164,BabyLM 125M — first layer
1.9946935269101749,-1.200800730538909,10.971008451944245,6.870363873208706,1.867199722705874,-3.474173282823083,1.7979087762338164,BabyLM 125M — first layer
2.148345271302937,-1.200800730538909,10.985616221726056,6.870363873208706,1.867199722705874,-3.474173282823083,1.7979087762338164,BabyLM 125M — first layer
2.3019970156956995,-1.200800730538909,11.000680885614859,6.870363873208706,1.867199722705874,-3.474173282823083,1.7979087762338164,BabyLM 125M — first layer
2.455648760088462,-1.200800730538909,11.016202443610652,6.870363873208706,1.867199722705874,-3.474173282823083,1.7979087762338164,BabyLM 125M — first layer
-2.0002518273016485,-1.0335739581594396,10.748585261903854,6.870363873208706,1.867199722705874,-3.474173282823083,1.7979087762338164,BabyLM 125M — first layer
-1.846600082908886,-1.0335739581594396,10.750727703363536,6.870363873208706,1.867199722705874,-3.474173282823083,1.7979087762338164,BabyLM 125M — first layer
-1.6929483385161237,-1.0335739581594396,10.753327038930207,6.870363873208706,1.867199722705874,-3.474173282823083,1.7979087762338164,BabyLM 125M — first layer
-1.5392965941233612,-1.0335739581594396,10.756383268603871,6.870363873208706,1.867199722705874,-3.474173282823083,1.7979087762338164,BabyLM 125M — first layer
-1.3856448497305989,-1.0335739581594396,10.759896392384524,6.870363873208706,1.867199722705874,-3.474173282823083,1.7979087762338164,BabyLM 125M — first layer
-1.2319931053378363,-1.0335739581594396,10.76386641027217,6.870363873208706,1.867199722705874,-3.474173282823083,1.7979087762338164,BabyLM 125M — first layer
-1.0783413609450738,-1.0335739581594396,10.768293322266805,6.870363873208706,1.867199722705874,-3.474173282823083,1.7979087762338164,BabyLM 125M — first layer
-0.9246896165523115,-1.0335739581594396,10.773177128368433,6.870363873208706,1.867199722705874,-3.474173282823083,1.7979087762338164,BabyLM 125M — first layer
-0.771037872159549,-1.0335739581594396,10.77851782857705,6.870363873208706,1.867199722705874,-3.474173282823083,1.7979087762338164,BabyLM 125M — first layer
-0.6173861277667865,-1.0335739581594396,10.784315422892659,6.870363873208706,1.867199722705874,-3.474173282823083,1.7979087762338164,BabyLM 125M — first layer
-0.4637343833740242,-1.0335739581594396,10.79056991131526,6.870363873208706,1.867199722705874,-3.474173282823083,1.7979087762338164,BabyLM 125M — first layer
-0.31008263898126165,-1.0335739581594396,10.797281293844849,6.870363873208706,1.867199722705874,-3.474173282823083,1.7979087762338164,BabyLM 125M — first layer
-0.15643089458849913,-1.0335739581594396,10.804449570481431,6.870363873208706,1.867199722705874,-3.474173282823083,1.7979087762338164,BabyLM 125M — first layer
-0.0027791501957368236,-1.0335739581594396,10.812074741225002,6.870363873208706,1.867199722705874,-3.474173282823083,1.7979087762338164,BabyLM 125M — first layer
0.15087259419702548,-1.0335739581594396,10.820156806075566,6.870363873208706,1.867199722705874,-3.474173282823083,1.7979087762338164,BabyLM 125M — first layer
0.304524338589788,-1.0335739581594396,10.82869576503312,6.870363873208706,1.867199722705874,-3.474173282823083,1.7979087762338164,BabyLM 125M — first layer
0.4581760829825505,-1.0335739581594396,10.837691618097665,6.870363873208706,1.867199722705874,-3.474173282823083,1.7979087762338164,BabyLM 125M — first layer
0.611827827375313,-1.0335739581594396,10.847144365269202,6.870363873208706,1.867199722705874,-3.474173282823083,1.7979087762338164,BabyLM 125M — first layer
0.7654795717680756,-1.0335739581594396,10.857054006547727,6.870363873208706,1.867199722705874,-3.474173282823083,1.7979087762338164,BabyLM 125M — first layer
0.9191313161608377,-1.0335739581594396,10.867420541933246,6.870363873208706,1.867199722705874,-3.474173282823083,1.7979087762338164,BabyLM 125M — first layer
1.0727830605536002,-1.0335739581594396,10.878243971425754,6.870363873208706,1.867199722705874,-3.474173282823083,1.7979087762338164,BabyLM 125M — first layer
1.2264348049463627,-1.0335739581594396,10.889524295025254,6.870363873208706,1.867199722705874,-3.474173282823083,1.7979087762338164,BabyLM 125M — first layer
1.3800865493391252,-1.0335739581594396,10.901261512731745,6.870363873208706,1.867199722705874,-3.474173282823083,1.7979087762338164,BabyLM 125M — first layer
1.5337382937318877,-1.0335739581594396,10.913455624545225,6.870363873208706,1.867199722705874,-3.474173282823083,1.7979087762338164,BabyLM 125M — first layer
1.6873900381246503,-1.0335739581594396,10.926106630465698,6.870363873208706,1.867199722705874,-3.474173282823083,1.7979087762338164,BabyLM 125M — first layer
1.8410417825174124,-1.0335739581594396,10.939214530493162,6.870363873208706,1.867199722705874,-3.474173282823083,1.7979087762338164,BabyLM 125M — first layer
1.9946935269101749,-1.0335739581594396,10.952779324627615,6.870363873208706,1.867199722705874,-3.474173282823083,1.7979087762338164,BabyLM 125M — first layer
2.148345271302937,-1.0335739581594396,10.96680101286906,6.870363873208706,1.867199722705874,-3.474173282823083,1.7979087762338164,BabyLM 125M — first layer
2.3019970156956995,-1.0335739581594396,10.981279595217497,6.870363873208706,1.867199722705874,-3.474173282823083,1.7979087762338164,BabyLM 125M — first layer
2.455648760088462,-1.0335739581594396,10.996215071672923,6.870363873208706,1.867199722705874,-3.474173282823083,1.7979087762338164,BabyLM 125M — first layer
-2.0002518273016485,-0.8663471857799703,10.745921171417228,6.870363873208706,1.867199722705874,-3.474173282823083,1.7979087762338164,BabyLM 125M — first layer
-1.846600082908886,-0.8663471857799703,10.747477531336544,6.870363873208706,1.867199722705874,-3.474173282823083,1.7979087762338164,BabyLM 125M — first layer
-1.6929483385161237,-0.8663471857799703,10.74949078536285,6.870363873208706,1.867199722705874,-3.474173282823083,1.7979087762338164,BabyLM 125M — first layer
-1.5392965941233612,-0.8663471857799703,10.751960933496148,6.870363873208706,1.867199722705874,-3.474173282823083,1.7979087762338164,BabyLM 125M — first layer
-1.3856448497305989,-0.8663471857799703,10.754887975736436,6.870363873208706,1.867199722705874,-3.474173282823083,1.7979087762338164,BabyLM 125M — first layer
-1.2319931053378363,-0.8663471857799703,10.758271912083716,6.870363873208706,1.867199722705874,-3.474173282823083,1.7979087762338164,BabyLM 125M — first layer
-1.0783413609450738,-0.8663471857799703,10.762112742537985,6.870363873208706,1.867199722705874,-3.474173282823083,1.7979087762338164,BabyLM 125M — first layer
-0.9246896165523115,-0.8663471857799703,10.766410467099245,6.870363873208706,1.867199722705874,-3.474173282823083,1.7979087762338164,BabyLM 125M — first layer
-0.771037872159549,-0.8663471857799703,10.771165085767498,6.870363873208706,1.867199722705874,-3.474173282823083,1.7979087762338164,BabyLM 125M — first layer
-0.6173861277667865,-0.8663471857799703,10.77637659854274,6.870363873208706,1.867199722705874,-3.474173282823083,1.7979087762338164,BabyLM 125M — first layer
-0.4637343833740242,-0.8663471857799703,10.782045005424974,6.870363873208706,1.867199722705874,-3.474173282823083,1.7979087762338164,BabyLM 125M — first layer
-0.31008263898126165,-0.8663471857799703,10.7881703064142,6.870363873208706,1.867199722705874,-3.474173282823083,1.7979087762338164,BabyLM 125M — first layer
-0.15643089458849913,-0.8663471857799703,10.794752501510414,6.870363873208706,1.867199722705874,-3.474173282823083,1.7979087762338164,BabyLM 125M — first layer
-0.0027791501957368236,-0.8663471857799703,10.801791590713622,6.870363873208706,1.867199722705874,-3.474173282823083,1.7979087762338164,BabyLM 125M — first layer
0.15087259419702548,-0.8663471857799703,10.809287574023818,6.870363873208706,1.867199722705874,-3.474173282823083,1.7979087762338164,BabyLM 125M — first layer
0.304524338589788,-0.8663471857799703,10.817240451441007,6.870363873208706,1.867199722705874,-3.474173282823083,1.7979087762338164,BabyLM 125M — first layer
0.4581760829825505,-0.8663471857799703,10.825650222965185,6.870363873208706,1.867199722705874,-3.474173282823083,1.7979087762338164,BabyLM 125M — first layer
0.611827827375313,-0.8663471857799703,10.834516888596356,6.870363873208706,1.867199722705874,-3.474173282823083,1.7979087762338164,BabyLM 125M — first layer
0.7654795717680756,-0.8663471857799703,10.843840448334516,6.870363873208706,1.867199722705874,-3.474173282823083,1.7979087762338164,BabyLM 125M — first layer
0.9191313161608377,-0.8663471857799703,10.853620902179669,6.870363873208706,1.867199722705874,-3.474173282823083,1.7979087762338164,BabyLM 125M — first layer
1.0727830605536002,-0.8663471857799703,10.86385825013181,6.870363873208706,1.867199722705874,-3.474173282823083,1.7979087762338164,BabyLM 125M — first layer
1.2264348049463627,-0.8663471857799703,10.874552492190945,6.870363873208706,1.867199722705874,-3.474173282823083,1.7979087762338164,BabyLM 125M — first layer
1.3800865493391252,-0.8663471857799703,10.885703628357069,6.870363873208706,1.867199722705874,-3.474173282823083,1.7979087762338164,BabyLM 125M — first layer
1.5337382937318877,-0.8663471857799703,10.897311658630185,6.870363873208706,1.867199722705874,-3.474173282823083,1.7979087762338164,BabyLM 125M — first layer
1.6873900381246503,-0.8663471857799703,10.909376583010292,6.870363873208706,1.867199722705874,-3.474173282823083,1.7979087762338164,BabyLM 125M — first layer
1.8410417825174124,-0.8663471857799703,10.921898401497389,6.870363873208706,1.867199722705874,-3.474173282823083,1.7979087762338164,BabyLM 125M — first layer
1.9946935269101749,-0.8663471857799703,10.934877114091478,6.870363873208706,1.867199722705874,-3.474173282823083,1.7979087762338164,BabyLM 125M — first layer
2.148345271302937,-0.8663471857799703,10.948312720792556,6.870363873208706,1.867199722705874,-3.474173282823083,1.7979087762338164,BabyLM 125M — first layer
2.3019970156956995,-0.8663471857799703,10.962205221600627,6.870363873208706,1.867199722705874,-3.474173282823083,1.7979087762338164,BabyLM 125M — first layer
2.455648760088462,-0.8663471857799703,10.976554616515688,6.870363873208706,1.867199722705874,-3.474173282823083,1.7979087762338164,BabyLM 125M — first layer
-2.0002518273016485,-0.6991204134005011,10.743583997711095,6.870363873208706,1.867199722705874,-3.474173282823083,1.7979087762338164,BabyLM 125M — first layer
-1.846600082908886,-0.6991204134005011,10.744554276090044,6.870363873208706,1.867199722705874,-3.474173282823083,1.7979087762338164,BabyLM 125M — first layer
-1.6929483385161237,-0.6991204134005011,10.745981448575986,6.870363873208706,1.867199722705874,-3.474173282823083,1.7979087762338164,BabyLM 125M — first layer
-1.5392965941233612,-0.6991204134005011,10.747865515168916,6.870363873208706,1.867199722705874,-3.474173282823083,1.7979087762338164,BabyLM 125M — first layer
-1.3856448497305989,-0.6991204134005011,10.750206475868838,6.870363873208706,1.867199722705874,-3.474173282823083,1.7979087762338164,BabyLM 125M — first layer
-1.2319931053378363,-0.6991204134005011,10.753004330675752,6.870363873208706,1.867199722705874,-3.474173282823083,1.7979087762338164,BabyLM 125M — first layer
-1.0783413609450738,-0.6991204134005011,10.756259079589656,6.870363873208706,1.867199722705874,-3.474173282823083,1.7979087762338164,BabyLM 125M — first layer
-0.9246896165523115,-0.6991204134005011,10.759970722610552,6.870363873208706,1.867199722705874,-3.474173282823083,1.7979087762338164,BabyLM 125M — first layer
-0.771037872159549,-0.6991204134005011,10.764139259738437,6.870363873208706,1.867199722705874,-3.474173282823083,1.7979087762338164,BabyLM 125M — first layer
-0.6173861277667865,-0.6991204134005011,10.768764690973315,6.870363873208706,1.867199722705874,-3.474173282823083,1.7979087762338164,BabyLM 125M — first layer
-0.4637343833740242,-0.6991204134005011,10.773847016315182,6.870363873208706,1.867199722705874,-3.474173282823083,1.7979087762338164,BabyLM 125M — first layer
-0.31008263898126165,-0.6991204134005011,10.77938623576404,6.870363873208706,1.867199722705874,-3.474173282823083,1.7979087762338164,BabyLM 125M — first layer
-0.15643089458849913,-0.6991204134005011,10.78538234931989,6.870363873208706,1.867199722705874,-3.474173282823083,1.7979087762338164,BabyLM 125M — first layer
-0.0027791501957368236,-0.6991204134005011,10.79183535698273,6.870363873208706,1.867199722705874,-3.474173282823083,1.7979087762338164,BabyLM 125M — first layer
0.15087259419702548,-0.6991204134005011,10.798745258752563,6.870363873208706,1.867199722705874,-3.474173282823083,1.7979087762338164,BabyLM 125M — first layer
0.304524338589788,-0.6991204134005011,10.806112054629384,6.870363873208706,1.867199722705874,-3.474173282823083,1.7979087762338164,BabyLM 125M — first layer
0.4581760829825505,-0.6991204134005011,10.813935744613199,6.870363873208706,1.867199722705874,-3.474173282823083,1.7979087762338164,BabyLM 125M — first layer
0.611827827375313,-0.6991204134005011,10.822216328704002,6.870363873208706,1.867199722705874,-3.474173282823083,1.7979087762338164,BabyLM 125M — first layer
0.7654795717680756,-0.6991204134005011,10.830953806901798,6.870363873208706,1.867199722705874,-3.474173282823083,1.7979087762338164,BabyLM 125M — first layer
0.9191313161608377,-0.6991204134005011,10.840148179206583,6.870363873208706,1.867199722705874,-3.474173282823083,1.7979087762338164,BabyLM 125M — first layer
1.0727830605536002,-0.6991204134005011,10.84979944561836,6.870363873208706,1.867199722705874,-3.474173282823083,1.7979087762338164,BabyLM 125M — first layer
1.2264348049463627,-0.6991204134005011,10.859907606137128,6.870363873208706,1.867199722705874,-3.474173282823083,1.7979087762338164,BabyLM 125M — first layer
1.3800865493391252,-0.6991204134005011,10.870472660762887,6.870363873208706,1.867199722705874,-3.474173282823083,1.7979087762338164,BabyLM 125M — first layer
1.5337382937318877,-0.6991204134005011,10.881494609495636,6.870363873208706,1.867199722705874,-3.474173282823083,1.7979087762338164,BabyLM 125M — first layer
1.6873900381246503,-0.6991204134005011,10.892973452335378,6.870363873208706,1.867199722705874,-3.474173282823083,1.7979087762338164,BabyLM 125M — first layer
1.8410417825174124,-0.6991204134005011,10.904909189282108,6.870363873208706,1.867199722705874,-3.474173282823083,1.7979087762338164,BabyLM 125M — first layer
1.9946935269101749,-0.6991204134005011,10.917301820335831,6.870363873208706,1.867199722705874,-3.474173282823083,1.7979087762338164,BabyLM 125M — first layer
2.148345271302937,-0.6991204134005011,10.930151345496544,6.870363873208706,1.867199722705874,-3.474173282823083,1.7979087762338164,BabyLM 125M — first layer
2.3019970156956995,-0.6991204134005011,10.943457764764249,6.870363873208706,1.867199722705874,-3.474173282823083,1.7979087762338164,BabyLM 125M — first layer
2.455648760088462,-0.6991204134005011,10.957221078138945,6.870363873208706,1.867199722705874,-3.474173282823083,1.7979087762338164,BabyLM 125M — first layer
-2.0002518273016485,-0.531893641021032,10.741573740785453,6.870363873208706,1.867199722705874,-3.474173282823083,1.7979087762338164,BabyLM 125M — first layer
-1.846600082908886,-0.531893641021032,10.741957937624036,6.870363873208706,1.867199722705874,-3.474173282823083,1.7979087762338164,BabyLM 125M — first layer
-1.6929483385161237,-0.531893641021032,10.742799028569612,6.870363873208706,1.867199722705874,-3.474173282823083,1.7979087762338164,BabyLM 125M — first layer
-1.5392965941233612,-0.531893641021032,10.744097013622177,6.870363873208706,1.867199722705874,-3.474173282823083,1.7979087762338164,BabyLM 125M — first layer
-1.3856448497305989,-0.531893641021032,10.745851892781733,6.870363873208706,1.867199722705874,-3.474173282823083,1.7979087762338164,BabyLM 125M — first layer
-1.2319931053378363,-0.531893641021032,10.748063666048282,6.870363873208706,1.867199722705874,-3.474173282823083,1.7979087762338164,BabyLM 125M — first layer
-1.0783413609450738,-0.531893641021032,10.75073233342182,6.870363873208706,1.867199722705874,-3.474173282823083,1.7979087762338164,BabyLM 125M — first layer
-0.9246896165523115,-0.531893641021032,10.753857894902348,6.870363873208706,1.867199722705874,-3.474173282823083,1.7979087762338164,BabyLM 125M — first layer
-0.771037872159549,-0.531893641021032,10.757440350489869,6.870363873208706,1.867199722705874,-3.474173282823083,1.7979087762338164,BabyLM 125M — first layer
-0.6173861277667865,-0.531893641021032,10.76147970018438,6.870363873208706,1.867199722705874,-3.474173282823083,1.7979087762338164,BabyLM 125M — first layer
-0.4637343833740242,-0.531893641021032,10.765975943985882,6.870363873208706,1.867199722705874,-3.474173282823083,1.7979087762338164,BabyLM 125M — first layer
-0.31008263898126165,-0.531893641021032,10.770929081894375,6.870363873208706,1.867199722705874,-3.474173282823083,1.7979087762338164,BabyLM 125M — first layer
-0.15643089458849913,-0.531893641021032,10.776339113909858,6.870363873208706,1.867199722705874,-3.474173282823083,1.7979087762338164,BabyLM 125M — first layer
-0.0027791501957368236,-0.531893641021032,10.782206040032333,6.870363873208706,1.867199722705874,-3.474173282823083,1.7979087762338164,BabyLM 125M — first layer
0.15087259419702548,-0.531893641021032,10.788529860261798,6.870363873208706,1.867199722705874,-3.474173282823083,1.7979087762338164,BabyLM 125M — first layer
0.304524338589788,-0.531893641021032,10.795310574598256,6.870363873208706,1.867199722705874,-3.474173282823083,1.7979087762338164,BabyLM 125M — first layer
0.4581760829825505,-0.531893641021032,10.802548183041703,6.870363873208706,1.867199722705874,-3.474173282823083,1.7979087762338164,BabyLM 125M — first layer
0.611827827375313,-0.531893641021032,10.81024268559214,6.870363873208706,1.867199722705874,-3.474173282823083,1.7979087762338164,BabyLM 125M — first layer
0.7654795717680756,-0.531893641021032,10.81839408224957,6.870363873208706,1.867199722705874,-3.474173282823083,1.7979087762338164,BabyLM 125M — first layer
0.9191313161608377,-0.531893641021032,10.82700237301399,6.870363873208706,1.867199722705874,-3.474173282823083,1.7979087762338164,BabyLM 125M — first layer
1.0727830605536002,-0.531893641021032,10.836067557885402,6.870363873208706,1.867199722705874,-3.474173282823083,1.7979087762338164,BabyLM 125M — first layer
1.2264348049463627,-0.531893641021032,10.845589636863803,6.870363873208706,1.867199722705874,-3.474173282823083,1.7979087762338164,BabyLM 125M — first layer
1.3800865493391252,-0.531893641021032,10.855568609949197,6.870363873208706,1.867199722705874,-3.474173282823083,1.7979087762338164,BabyLM 125M — first layer
1.5337382937318877,-0.531893641021032,10.86600447714158,6.870363873208706,1.867199722705874,-3.474173282823083,1.7979087762338164,BabyLM 125M — first layer
1.6873900381246503,-0.531893641021032,10.876897238440955,6.870363873208706,1.867199722705874,-3.474173282823083,1.7979087762338164,BabyLM 125M — first layer
1.8410417825174124,-0.531893641021032,10.88824689384732,6.870363873208706,1.867199722705874,-3.474173282823083,1.7979087762338164,BabyLM 125M — first layer
1.9946935269101749,-0.531893641021032,10.900053443360678,6.870363873208706,1.867199722705874,-3.474173282823083,1.7979087762338164,BabyLM 125M — first layer
2.148345271302937,-0.531893641021032,10.912316886981024,6.870363873208706,1.867199722705874,-3.474173282823083,1.7979087762338164,BabyLM 125M — first layer
2.3019970156956995,-0.531893641021032,10.925037224708364,6.870363873208706,1.867199722705874,-3.474173282823083,1.7979087762338164,BabyLM 125M — first layer
2.455648760088462,-0.531893641021032,10.938214456542692,6.870363873208706,1.867199722705874,-3.474173282823083,1.7979087762338164,BabyLM 125M — first layer
-2.0002518273016485,-0.3646668686415624,10.739890400640304,6.870363873208706,1.867199722705874,-3.474173282823083,1.7979087762338164,BabyLM 125M — first layer
-1.846600082908886,-0.3646668686415624,10.739688515938521,6.870363873208706,1.867199722705874,-3.474173282823083,1.7979087762338164,BabyLM 125M — first layer
-1.6929483385161237,-0.3646668686415624,10.73994352534373,6.870363873208706,1.867199722705874,-3.474173282823083,1.7979087762338164,BabyLM 125M — first layer
-1.5392965941233612,-0.3646668686415624,10.740655428855929,6.870363873208706,1.867199722705874,-3.474173282823083,1.7979087762338164,BabyLM 125M — first layer
-1.3856448497305989,-0.3646668686415624,10.74182422647512,6.870363873208706,1.867199722705874,-3.474173282823083,1.7979087762338164,BabyLM 125M — first layer
-1.2319931053378363,-0.3646668686415624,10.743449918201302,6.870363873208706,1.867199722705874,-3.474173282823083,1.7979087762338164,BabyLM 125M — first layer
-1.0783413609450738,-0.3646668686415624,10.745532504034474,6.870363873208706,1.867199722705874,-3.474173282823083,1.7979087762338164,BabyLM 125M — first layer
-0.9246896165523115,-0.3646668686415624,10.748071983974638,6.870363873208706,1.867199722705874,-3.474173282823083,1.7979087762338164,BabyLM 125M — first layer
-0.771037872159549,-0.3646668686415624,10.751068358021792,6.870363873208706,1.867199722705874,-3.474173282823083,1.7979087762338164,BabyLM 125M — first layer
-0.6173861277667865,-0.3646668686415624,10.754521626175936,6.870363873208706,1.867199722705874,-3.474173282823083,1.7979087762338164,BabyLM 125M — first layer
-0.4637343833740242,-0.3646668686415624,10.758431788437074,6.870363873208706,1.867199722705874,-3.474173282823083,1.7979087762338164,BabyLM 125M — first layer
-0.31008263898126165,-0.3646668686415624,10.7627988448052,6.870363873208706,1.867199722705874,-3.474173282823083,1.7979087762338164,BabyLM 125M — first layer
-0.15643089458849913,-0.3646668686415624,10.767622795280317,6.870363873208706,1.867199722705874,-3.474173282823083,1.7979087762338164,BabyLM 125M — first layer
-0.0027791501957368236,-0.3646668686415624,10.772903639862427,6.870363873208706,1.867199722705874,-3.474173282823083,1.7979087762338164,BabyLM 125M — first layer
0.15087259419702548,-0.3646668686415624,10.778641378551526,6.870363873208706,1.867199722705874,-3.474173282823083,1.7979087762338164,BabyLM 125M — first layer
0.304524338589788,-0.3646668686415624,10.784836011347616,6.870363873208706,1.867199722705874,-3.474173282823083,1.7979087762338164,BabyLM 125M — first layer
0.4581760829825505,-0.3646668686415624,10.7914875382507,6.870363873208706,1.867199722705874,-3.474173282823083,1.7979087762338164,BabyLM 125M — first layer
0.611827827375313,-0.3646668686415624,10.798595959260771,6.870363873208706,1.867199722705874,-3.474173282823083,1.7979087762338164,BabyLM 125M — first layer
0.7654795717680756,-0.3646668686415624,10.806161274377835,6.870363873208706,1.867199722705874,-3.474173282823083,1.7979087762338164,BabyLM 125M — first layer
0.9191313161608377,-0.3646668686415624,10.814183483601889,6.870363873208706,1.867199722705874,-3.474173282823083,1.7979087762338164,BabyLM 125M — first layer
1.0727830605536002,-0.3646668686415624,10.822662586932934,6.870363873208706,1.867199722705874,-3.474173282823083,1.7979087762338164,BabyLM 125M — first layer
1.2264348049463627,-0.3646668686415624,10.83159858437097,6.870363873208706,1.867199722705874,-3.474173282823083,1.7979087762338164,BabyLM 125M — first layer
1.3800865493391252,-0.3646668686415624,10.840991475915997,6.870363873208706,1.867199722705874,-3.474173282823083,1.7979087762338164,BabyLM 125M — first layer
1.5337382937318877,-0.3646668686415624,10.850841261568016,6.870363873208706,1.867199722705874,-3.474173282823083,1.7979087762338164,BabyLM 125M — first layer
1.6873900381246503,-0.3646668686415624,10.861147941327024,6.870363873208706,1.867199722705874,-3.474173282823083,1.7979087762338164,BabyLM 125M — first layer
1.8410417825174124,-0.3646668686415624,10.871911515193023,6.870363873208706,1.867199722705874,-3.474173282823083,1.7979087762338164,BabyLM 125M — first layer
1.9946935269101749,-0.3646668686415624,10.883131983166015,6.870363873208706,1.867199722705874,-3.474173282823083,1.7979087762338164,BabyLM 125M — first layer
2.148345271302937,-0.3646668686415624,10.894809345245996,6.870363873208706,1.867199722705874,-3.474173282823083,1.7979087762338164,BabyLM 125M — first layer
2.3019970156956995,-0.3646668686415624,10.90694360143297,6.870363873208706,1.867199722705874,-3.474173282823083,1.7979087762338164,BabyLM 125M — first layer
2.455648760088462,-0.3646668686415624,10.919534751726932,6.870363873208706,1.867199722705874,-3.474173282823083,1.7979087762338164,BabyLM 125M — first layer
-2.0002518273016485,-0.19744009626209325,10.738533977275646,6.870363873208706,1.867199722705874,-3.474173282823083,1.7979087762338164,BabyLM 125M — first layer
-1.846600082908886,-0.19744009626209325,10.737746011033497,6.870363873208706,1.867199722705874,-3.474173282823083,1.7979087762338164,BabyLM 125M — first layer
-1.6929483385161237,-0.19744009626209325,10.73741493889834,6.870363873208706,1.867199722705874,-3.474173282823083,1.7979087762338164,BabyLM 125M — first layer
-1.5392965941233612,-0.19744009626209325,10.737540760870175,6.870363873208706,1.867199722705874,-3.474173282823083,1.7979087762338164,BabyLM 125M — first layer
-1.3856448497305989,-0.19744009626209325,10.738123476949,6.870363873208706,1.867199722705874,-3.474173282823083,1.7979087762338164,BabyLM 125M — first layer
-1.2319931053378363,-0.19744009626209325,10.739163087134814,6.870363873208706,1.867199722705874,-3.474173282823083,1.7979087762338164,BabyLM 125M — first layer
-1.0783413609450738,-0.19744009626209325,10.74065959142762,6.870363873208706,1.867199722705874,-3.474173282823083,1.7979087762338164,BabyLM 125M — first layer
-0.9246896165523115,-0.19744009626209325,10.74261298982742,6.870363873208706,1.867199722705874,-3.474173282823083,1.7979087762338164,BabyLM 125M — first layer
-0.771037872159549,-0.19744009626209325,10.745023282334207,6.870363873208706,1.867199722705874,-3.474173282823083,1.7979087762338164,BabyLM 125M — first layer
-0.6173861277667865,-0.19744009626209325,10.747890468947986,6.870363873208706,1.867199722705874,-3.474173282823083,1.7979087762338164,BabyLM 125M — first layer
-0.4637343833740242,-0.19744009626209325,10.751214549668756,6.870363873208706,1.867199722705874,-3.474173282823083,1.7979087762338164,BabyLM 125M — first layer
-0.31008263898126165,-0.19744009626209325,10.754995524496518,6.870363873208706,1.867199722705874,-3.474173282823083,1.7979087762338164,BabyLM 125M — first layer
-0.15643089458849913,-0.19744009626209325,10.75923339343127,6.870363873208706,1.867199722705874,-3.474173282823083,1.7979087762338164,BabyLM 125M — first layer
-0.0027791501957368236,-0.19744009626209325,10.763928156473012,6.870363873208706,1.867199722705874,-3.474173282823083,1.7979087762338164,BabyLM 125M — first layer
0.15087259419702548,-0.19744009626209325,10.769079813621747,6.870363873208706,1.867199722705874,-3.474173282823083,1.7979087762338164,BabyLM 125M — first layer
0.304524338589788,-0.19744009626209325,10.774688364877472,6.870363873208706,1.867199722705874,-3.474173282823083,1.7979087762338164,BabyLM 125M — first layer
0.4581760829825505,-0.19744009626209325,10.780753810240187,6.870363873208706,1.867199722705874,-3.474173282823083,1.7979087762338164,BabyLM 125M — first layer
0.611827827375313,-0.19744009626209325,10.787276149709895,6.870363873208706,1.867199722705874,-3.474173282823083,1.7979087762338164,BabyLM 125M — first layer
0.7654795717680756,-0.19744009626209325,10.794255383286592,6.870363873208706,1.867199722705874,-3.474173282823083,1.7979087762338164,BabyLM 125M — first layer
0.9191313161608377,-0.19744009626209325,10.80169151097028,6.870363873208706,1.867199722705874,-3.474173282823083,1.7979087762338164,BabyLM 125M — first layer
1.0727830605536002,-0.19744009626209325,10.809584532760958,6.870363873208706,1.867199722705874,-3.474173282823083,1.7979087762338164,BabyLM 125M — first layer
1.2264348049463627,-0.19744009626209325,10.81793444865863,6.870363873208706,1.867199722705874,-3.474173282823083,1.7979087762338164,BabyLM 125M — first layer
1.3800865493391252,-0.19744009626209325,10.82674125866329,6.870363873208706,1.867199722705874,-3.474173282823083,1.7979087762338164,BabyLM 125M — first layer
1.5337382937318877,-0.19744009626209325,10.836004962774943,6.870363873208706,1.867199722705874,-3.474173282823083,1.7979087762338164,BabyLM 125M — first layer
1.6873900381246503,-0.19744009626209325,10.845725560993586,6.870363873208706,1.867199722705874,-3.474173282823083,1.7979087762338164,BabyLM 125M — first layer
1.8410417825174124,-0.19744009626209325,10.855903053319219,6.870363873208706,1.867199722705874,-3.474173282823083,1.7979087762338164,BabyLM 125M — first layer
1.9946935269101749,-0.19744009626209325,10.866537439751845,6.870363873208706,1.867199722705874,-3.474173282823083,1.7979087762338164,BabyLM 125M — first layer
2.148345271302937,-0.19744009626209325,10.87762872029146,6.870363873208706,1.867199722705874,-3.474173282823083,1.7979087762338164,BabyLM 125M — first layer
2.3019970156956995,-0.19744009626209325,10.889176894938066,6.870363873208706,1.867199722705874,-3.474173282823083,1.7979087762338164,BabyLM 125M — first layer
2.455648760088462,-0.19744009626209325,10.901181963691664,6.870363873208706,1.867199722705874,-3.474173282823083,1.7979087762338164,BabyLM 125M — first layer
-2.0002518273016485,-0.030213323882623655,10.73750447069148,6.870363873208706,1.867199722705874,-3.474173282823083,1.7979087762338164,BabyLM 125M — first layer
-1.846600082908886,-0.030213323882623655,10.736130422908966,6.870363873208706,1.867199722705874,-3.474173282823083,1.7979087762338164,BabyLM 125M — first layer
-1.6929483385161237,-0.030213323882623655,10.735213269233443,6.870363873208706,1.867199722705874,-3.474173282823083,1.7979087762338164,BabyLM 125M — first layer
-1.5392965941233612,-0.030213323882623655,10.73475300966491,6.870363873208706,1.867199722705874,-3.474173282823083,1.7979087762338164,BabyLM 125M — first layer
-1.3856448497305989,-0.030213323882623655,10.734749644203369,6.870363873208706,1.867199722705874,-3.474173282823083,1.7979087762338164,BabyLM 125M — first layer
-1.2319931053378363,-0.030213323882623655,10.73520317284882,6.870363873208706,1.867199722705874,-3.474173282823083,1.7979087762338164,BabyLM 125M — first layer
-1.0783413609450738,-0.030213323882623655,10.73611359560126,6.870363873208706,1.867199722705874,-3.474173282823083,1.7979087762338164,BabyLM 125M — first layer
-0.9246896165523115,-0.030213323882623655,10.737480912460692,6.870363873208706,1.867199722705874,-3.474173282823083,1.7979087762338164,BabyLM 125M — first layer
-0.771037872159549,-0.030213323882623655,10.739305123427114,6.870363873208706,1.867199722705874,-3.474173282823083,1.7979087762338164,BabyLM 125M — first layer
-0.6173861277667865,-0.030213323882623655,10.741586228500527,6.870363873208706,1.867199722705874,-3.474173282823083,1.7979087762338164,BabyLM 125M — first layer
-0.4637343833740242,-0.030213323882623655,10.744324227680933,6.870363873208706,1.867199722705874,-3.474173282823083,1.7979087762338164,BabyLM 125M — first layer
-0.31008263898126165,-0.030213323882623655,10.747519120968327,6.870363873208706,1.867199722705874,-3.474173282823083,1.7979087762338164,BabyLM 125M — first layer
-0.15643089458849913,-0.030213323882623655,10.751170908362713,6.870363873208706,1.867199722705874,-3.474173282823083,1.7979087762338164,BabyLM 125M — first layer
-0.0027791501957368236,-0.030213323882623655,10.75527958986409,6.870363873208706,1.867199722705874,-3.474173282823083,1.7979087762338164,BabyLM 125M — first layer
0.15087259419702548,-0.030213323882623655,10.75984516547246,6.870363873208706,1.867199722705874,-3.474173282823083,1.7979087762338164,BabyLM 125M — first layer
0.304524338589788,-0.030213323882623655,10.764867635187818,6.870363873208706,1.867199722705874,-3.474173282823083,1.7979087762338164,BabyLM 125M — first layer
0.4581760829825505,-0.030213323882623655,10.770346999010167,6.870363873208706,1.867199722705874,-3.474173282823083,1.7979087762338164,BabyLM 125M — first layer
0.611827827375313,-0.030213323882623655,10.776283256939507,6.870363873208706,1.867199722705874,-3.474173282823083,1.7979087762338164,BabyLM 125M — first layer
0.7654795717680756,-0.030213323882623655,10.78267640897584,6.870363873208706,1.867199722705874,-3.474173282823083,1.7979087762338164,BabyLM 125M — first layer
0.9191313161608377,-0.030213323882623655,10.789526455119162,6.870363873208706,1.867199722705874,-3.474173282823083,1.7979087762338164,BabyLM 125M — first layer
1.0727830605536002,-0.030213323882623655,10.796833395369475,6.870363873208706,1.867199722705874,-3.474173282823083,1.7979087762338164,BabyLM 125M — first layer
1.2264348049463627,-0.030213323882623655,10.804597229726781,6.870363873208706,1.867199722705874,-3.474173282823083,1.7979087762338164,BabyLM 125M — first layer
1.3800865493391252,-0.030213323882623655,10.812817958191076,6.870363873208706,1.867199722705874,-3.474173282823083,1.7979087762338164,BabyLM 125M — first layer
1.5337382937318877,-0.030213323882623655,10.821495580762361,6.870363873208706,1.867199722705874,-3.474173282823083,1.7979087762338164,BabyLM 125M — first layer
1.6873900381246503,-0.030213323882623655,10.830630097440638,6.870363873208706,1.867199722705874,-3.474173282823083,1.7979087762338164,BabyLM 125M — first layer
1.8410417825174124,-0.030213323882623655,10.840221508225907,6.870363873208706,1.867199722705874,-3.474173282823083,1.7979087762338164,BabyLM 125M — first layer
1.9946935269101749,-0.030213323882623655,10.850269813118166,6.870363873208706,1.867199722705874,-3.474173282823083,1.7979087762338164,BabyLM 125M — first layer
2.148345271302937,-0.030213323882623655,10.860775012117415,6.870363873208706,1.867199722705874,-3.474173282823083,1.7979087762338164,BabyLM 125M — first layer
2.3019970156956995,-0.030213323882623655,10.871737105223657,6.870363873208706,1.867199722705874,-3.474173282823083,1.7979087762338164,BabyLM 125M — first layer
2.455648760088462,-0.030213323882623655,10.883156092436888,6.870363873208706,1.867199722705874,-3.474173282823083,1.7979087762338164,BabyLM 125M — first layer
-2.0002518273016485,0.1370134484968455,10.736801880887805,6.870363873208706,1.867199722705874,-3.474173282823083,1.7979087762338164,BabyLM 125M — first layer
-1.846600082908886,0.1370134484968455,10.734841751564925,6.870363873208706,1.867199722705874,-3.474173282823083,1.7979087762338164,BabyLM 125M — first layer
-1.6929483385161237,0.1370134484968455,10.733338516349036,6.870363873208706,1.867199722705874,-3.474173282823083,1.7979087762338164,BabyLM 125M — first layer
-1.5392965941233612,0.1370134484968455,10.732292175240138,6.870363873208706,1.867199722705874,-3.474173282823083,1.7979087762338164,BabyLM 125M — first layer
-1.3856448497305989,0.1370134484968455,10.731702728238233,6.870363873208706,1.867199722705874,-3.474173282823083,1.7979087762338164,BabyLM 125M — first layer
-1.2319931053378363,0.1370134484968455,10.731570175343316,6.870363873208706,1.867199722705874,-3.474173282823083,1.7979087762338164,BabyLM 125M — first layer
-1.0783413609450738,0.1370134484968455,10.731894516555391,6.870363873208706,1.867199722705874,-3.474173282823083,1.7979087762338164,BabyLM 125M — first layer
-0.9246896165523115,0.1370134484968455,10.732675751874456,6.870363873208706,1.867199722705874,-3.474173282823083,1.7979087762338164,BabyLM 125M — first layer
-0.771037872159549,0.1370134484968455,10.733913881300513,6.870363873208706,1.867199722705874,-3.474173282823083,1.7979087762338164,BabyLM 125M — first layer
-0.6173861277667865,0.1370134484968455,10.73560890483356,6.870363873208706,1.867199722705874,-3.474173282823083,1.7979087762338164,BabyLM 125M — first layer
-0.4637343833740242,0.1370134484968455,10.7377608224736,6.870363873208706,1.867199722705874,-3.474173282823083,1.7979087762338164,BabyLM 125M — first layer
-0.31008263898126165,0.1370134484968455,10.74036963422063,6.870363873208706,1.867199722705874,-3.474173282823083,1.7979087762338164,BabyLM 125M — first layer
-0.15643089458849913,0.1370134484968455,10.74343534007465,6.870363873208706,1.867199722705874,-3.474173282823083,1.7979087762338164,BabyLM 125M — first layer
-0.0027791501957368236,0.1370134484968455,10.74695794003566,6.870363873208706,1.867199722705874,-3.474173282823083,1.7979087762338164,BabyLM 125M — first layer
0.15087259419702548,0.1370134484968455,10.750937434103662,6.870363873208706,1.867199722705874,-3.474173282823083,1.7979087762338164,BabyLM 125M — first layer
0.304524338589788,0.1370134484968455,10.755373822278655,6.870363873208706,1.867199722705874,-3.474173282823083,1.7979087762338164,BabyLM 125M — first layer
0.4581760829825505,0.1370134484968455,10.76026710456064,6.870363873208706,1.867199722705874,-3.474173282823083,1.7979087762338164,BabyLM 125M — first layer
0.611827827375313,0.1370134484968455,10.765617280949614,6.870363873208706,1.867199722705874,-3.474173282823083,1.7979087762338164,BabyLM 125M — first layer
0.7654795717680756,0.1370134484968455,10.77142435144558,6.870363873208706,1.867199722705874,-3.474173282823083,1.7979087762338164,BabyLM 125M — first layer
0.9191313161608377,0.1370134484968455,10.777688316048536,6.870363873208706,1.867199722705874,-3.474173282823083,1.7979087762338164,BabyLM 125M — first layer
1.0727830605536002,0.1370134484968455,10.784409174758485,6.870363873208706,1.867199722705874,-3.474173282823083,1.7979087762338164,BabyLM 125M — first layer
1.2264348049463627,0.1370134484968455,10.791586927575423,6.870363873208706,1.867199722705874,-3.474173282823083,1.7979087762338164,BabyLM 125M — first layer
1.3800865493391252,0.1370134484968455,10.799221574499352,6.870363873208706,1.867199722705874,-3.474173282823083,1.7979087762338164,BabyLM 125M — first layer
1.5337382937318877,0.1370134484968455,10.807313115530272,6.870363873208706,1.867199722705874,-3.474173282823083,1.7979087762338164,BabyLM 125M — first layer
1.6873900381246503,0.1370134484968455,10.815861550668185,6.870363873208706,1.867199722705874,-3.474173282823083,1.7979087762338164,BabyLM 125M — first layer
1.8410417825174124,0.1370134484968455,10.824866879913086,6.870363873208706,1.867199722705874,-3.474173282823083,1.7979087762338164,BabyLM 125M — first layer
1.9946935269101749,0.1370134484968455,10.834329103264979,6.870363873208706,1.867199722705874,-3.474173282823083,1.7979087762338164,BabyLM 125M — first layer
2.148345271302937,0.1370134484968455,10.844248220723863,6.870363873208706,1.867199722705874,-3.474173282823083,1.7979087762338164,BabyLM 125M — first layer
2.3019970156956995,0.1370134484968455,10.854624232289739,6.870363873208706,1.867199722705874,-3.474173282823083,1.7979087762338164,BabyLM 125M — first layer
2.455648760088462,0.1370134484968455,10.865457137962604,6.870363873208706,1.867199722705874,-3.474173282823083,1.7979087762338164,BabyLM 125M — first layer
-2.0002518273016485,0.30424022087631464,10.736426207864623,6.870363873208706,1.867199722705874,-3.474173282823083,1.7979087762338164,BabyLM 125M — first layer
-1.846600082908886,0.30424022087631464,10.733879997001377,6.870363873208706,1.867199722705874,-3.474173282823083,1.7979087762338164,BabyLM 125M — first layer
-1.6929483385161237,0.30424022087631464,10.731790680245123,6.870363873208706,1.867199722705874,-3.474173282823083,1.7979087762338164,BabyLM 125M — first layer
-1.5392965941233612,0.30424022087631464,10.730158257595859,6.870363873208706,1.867199722705874,-3.474173282823083,1.7979087762338164,BabyLM 125M — first layer
-1.3856448497305989,0.30424022087631464,10.728982729053586,6.870363873208706,1.867199722705874,-3.474173282823083,1.7979087762338164,BabyLM 125M — first layer
-1.2319931053378363,0.30424022087631464,10.728264094618304,6.870363873208706,1.867199722705874,-3.474173282823083,1.7979087762338164,BabyLM 125M — first layer
-1.0783413609450738,0.30424022087631464,10.728002354290014,6.870363873208706,1.867199722705874,-3.474173282823083,1.7979087762338164,BabyLM 125M — first layer
-0.9246896165523115,0.30424022087631464,10.728197508068714,6.870363873208706,1.867199722705874,-3.474173282823083,1.7979087762338164,BabyLM 125M — first layer
-0.771037872159549,0.30424022087631464,10.728849555954405,6.870363873208706,1.867199722705874,-3.474173282823083,1.7979087762338164,BabyLM 125M — first layer
-0.6173861277667865,0.30424022087631464,10.729958497947086,6.870363873208706,1.867199722705874,-3.474173282823083,1.7979087762338164,BabyLM 125M — first layer
-0.4637343833740242,0.30424022087631464,10.731524334046759,6.870363873208706,1.867199722705874,-3.474173282823083,1.7979087762338164,BabyLM 125M — first layer
-0.31008263898126165,0.30424022087631464,10.733547064253422,6.870363873208706,1.867199722705874,-3.474173282823083,1.7979087762338164,BabyLM 125M — first layer
-0.15643089458849913,0.30424022087631464,10.736026688567076,6.870363873208706,1.867199722705874,-3.474173282823083,1.7979087762338164,BabyLM 125M — first layer
-0.0027791501957368236,0.30424022087631464,10.738963206987721,6.870363873208706,1.867199722705874,-3.474173282823083,1.7979087762338164,BabyLM 125M — first layer
0.15087259419702548,0.30424022087631464,10.742356619515357,6.870363873208706,1.867199722705874,-3.474173282823083,1.7979087762338164,BabyLM 125M — first layer
0.304524338589788,0.30424022087631464,10.746206926149986,6.870363873208706,1.867199722705874,-3.474173282823083,1.7979087762338164,BabyLM 125M — first layer
0.4581760829825505,0.30424022087631464,10.750514126891604,6.870363873208706,1.867199722705874,-3.474173282823083,1.7979087762338164,BabyLM 125M — first layer
0.611827827375313,0.30424022087631464,10.755278221740213,6.870363873208706,1.867199722705874,-3.474173282823083,1.7979087762338164,BabyLM 125M — first layer
0.7654795717680756,0.30424022087631464,10.760499210695812,6.870363873208706,1.867199722705874,-3.474173282823083,1.7979087762338164,BabyLM 125M — first layer
0.9191313161608377,0.30424022087631464,10.766177093758403,6.870363873208706,1.867199722705874,-3.474173282823083,1.7979087762338164,BabyLM 125M — first layer
1.0727830605536002,0.30424022087631464,10.772311870927984,6.870363873208706,1.867199722705874,-3.474173282823083,1.7979087762338164,BabyLM 125M — first layer
1.2264348049463627,0.30424022087631464,10.778903542204558,6.870363873208706,1.867199722705874,-3.474173282823083,1.7979087762338164,BabyLM 125M — first layer
1.3800865493391252,0.30424022087631464,10.785952107588122,6.870363873208706,1.867199722705874,-3.474173282823083,1.7979087762338164,BabyLM 125M — first layer
1.5337382937318877,0.30424022087631464,10.793457567078676,6.870363873208706,1.867199722705874,-3.474173282823083,1.7979087762338164,BabyLM 125M — first layer
1.6873900381246503,0.30424022087631464,10.80141992067622,6.870363873208706,1.867199722705874,-3.474173282823083,1.7979087762338164,BabyLM 125M — first layer
1.8410417825174124,0.30424022087631464,10.809839168380757,6.870363873208706,1.867199722705874,-3.474173282823083,1.7979087762338164,BabyLM 125M — first layer
1.9946935269101749,0.30424022087631464,10.818715310192285,6.870363873208706,1.867199722705874,-3.474173282823083,1.7979087762338164,BabyLM 125M — first layer
2.148345271302937,0.30424022087631464,10.828048346110803,6.870363873208706,1.867199722705874,-3.474173282823083,1.7979087762338164,BabyLM 125M — first layer
2.3019970156956995,0.30424022087631464,10.837838276136312,6.870363873208706,1.867199722705874,-3.474173282823083,1.7979087762338164,BabyLM 125M — first layer
2.455648760088462,0.30424022087631464,10.848085100268811,6.870363873208706,1.867199722705874,-3.474173282823083,1.7979087762338164,BabyLM 125M — first layer
-2.0002518273016485,0.47146699325578423,10.736377451621934,6.870363873208706,1.867199722705874,-3.474173282823083,1.7979087762338164,BabyLM 125M — first layer
-1.846600082908886,0.47146699325578423,10.733245159218322,6.870363873208706,1.867199722705874,-3.474173282823083,1.7979087762338164,BabyLM 125M — first layer
-1.6929483385161237,0.47146699325578423,10.730569760921702,6.870363873208706,1.867199722705874,-3.474173282823083,1.7979087762338164,BabyLM 125M — first layer
-1.5392965941233612,0.47146699325578423,10.728351256732072,6.870363873208706,1.867199722705874,-3.474173282823083,1.7979087762338164,BabyLM 125M — first layer
-1.3856448497305989,0.47146699325578423,10.726589646649433,6.870363873208706,1.867199722705874,-3.474173282823083,1.7979087762338164,BabyLM 125M — first layer
-1.2319931053378363,0.47146699325578423,10.725284930673785,6.870363873208706,1.867199722705874,-3.474173282823083,1.7979087762338164,BabyLM 125M — first layer
-1.0783413609450738,0.47146699325578423,10.724437108805128,6.870363873208706,1.867199722705874,-3.474173282823083,1.7979087762338164,BabyLM 125M — first layer
-0.9246896165523115,0.47146699325578423,10.724046181043462,6.870363873208706,1.867199722705874,-3.474173282823083,1.7979087762338164,BabyLM 125M — first layer
-0.771037872159549,0.47146699325578423,10.724112147388787,6.870363873208706,1.867199722705874,-3.474173282823083,1.7979087762338164,BabyLM 125M — first layer
-0.6173861277667865,0.47146699325578423,10.724635007841103,6.870363873208706,1.867199722705874,-3.474173282823083,1.7979087762338164,BabyLM 125M — first layer
-0.4637343833740242,0.47146699325578423,10.72561476240041,6.870363873208706,1.867199722705874,-3.474173282823083,1.7979087762338164,BabyLM 125M — first layer
-0.31008263898126165,0.47146699325578423,10.727051411066707,6.870363873208706,1.867199722705874,-3.474173282823083,1.7979087762338164,BabyLM 125M — first layer
-0.15643089458849913,0.47146699325578423,10.728944953839996,6.870363873208706,1.867199722705874,-3.474173282823083,1.7979087762338164,BabyLM 125M — first layer
-0.0027791501957368236,0.47146699325578423,10.731295390720275,6.870363873208706,1.867199722705874,-3.474173282823083,1.7979087762338164,BabyLM 125M — first layer
0.15087259419702548,0.47146699325578423,10.734102721707545,6.870363873208706,1.867199722705874,-3.474173282823083,1.7979087762338164,BabyLM 125M — first layer
0.304524338589788,0.47146699325578423,10.737366946801806,6.870363873208706,1.867199722705874,-3.474173282823083,1.7979087762338164,BabyLM 125M — first layer
0.4581760829825505,0.47146699325578423,10.741088066003059,6.870363873208706,1.867199722705874,-3.474173282823083,1.7979087762338164,BabyLM 125M — first layer
0.611827827375313,0.47146699325578423,10.745266079311303,6.870363873208706,1.867199722705874,-3.474173282823083,1.7979087762338164,BabyLM 125M — first layer
0.7654795717680756,0.47146699325578423,10.749900986726537,6.870363873208706,1.867199722705874,-3.474173282823083,1.7979087762338164,BabyLM 125M — first layer
0.9191313161608377,0.47146699325578423,10.754992788248762,6.870363873208706,1.867199722705874,-3.474173282823083,1.7979087762338164,BabyLM 125M — first layer
1.0727830605536002,0.47146699325578423,10.760541483877978,6.870363873208706,1.867199722705874,-3.474173282823083,1.7979087762338164,BabyLM 125M — first layer
1.2264348049463627,0.47146699325578423,10.766547073614184,6.870363873208706,1.867199722705874,-3.474173282823083,1.7979087762338164,BabyLM 125M — first layer
1.3800865493391252,0.47146699325578423,10.773009557457382,6.870363873208706,1.867199722705874,-3.474173282823083,1.7979087762338164,BabyLM 125M — first layer
1.5337382937318877,0.47146699325578423,10.77992893540757,6.870363873208706,1.867199722705874,-3.474173282823083,1.7979087762338164,BabyLM 125M — first layer
1.6873900381246503,0.47146699325578423,10.78730520746475,6.870363873208706,1.867199722705874,-3.474173282823083,1.7979087762338164,BabyLM 125M — first layer
1.8410417825174124,0.47146699325578423,10.795138373628921,6.870363873208706,1.867199722705874,-3.474173282823083,1.7979087762338164,BabyLM 125M — first layer
1.9946935269101749,0.47146699325578423,10.803428433900082,6.870363873208706,1.867199722705874,-3.474173282823083,1.7979087762338164,BabyLM 125M — first layer
2.148345271302937,0.47146699325578423,10.812175388278234,6.870363873208706,1.867199722705874,-3.474173282823083,1.7979087762338164,BabyLM 125M — first layer
2.3019970156956995,0.47146699325578423,10.821379236763377,6.870363873208706,1.867199722705874,-3.474173282823083,1.7979087762338164,BabyLM 125M — first layer
2.455648760088462,0.47146699325578423,10.831039979355511,6.870363873208706,1.867199722705874,-3.474173282823083,1.7979087762338164,BabyLM 125M — first layer
-2.0002518273016485,0.6386937656352534,10.736655612159735,6.870363873208706,1.867199722705874,-3.474173282823083,1.7979087762338164,BabyLM 125M — first layer
-1.846600082908886,0.6386937656352534,10.732937238215758,6.870363873208706,1.867199722705874,-3.474173282823083,1.7979087762338164,BabyLM 125M — first layer
-1.6929483385161237,0.6386937656352534,10.729675758378772,6.870363873208706,1.867199722705874,-3.474173282823083,1.7979087762338164,BabyLM 125M — first layer
-1.5392965941233612,0.6386937656352534,10.726871172648776,6.870363873208706,1.867199722705874,-3.474173282823083,1.7979087762338164,BabyLM 125M — first layer
-1.3856448497305989,0.6386937656352534,10.724523481025772,6.870363873208706,1.867199722705874,-3.474173282823083,1.7979087762338164,BabyLM 125M — first layer
-1.2319931053378363,0.6386937656352534,10.722632683509758,6.870363873208706,1.867199722705874,-3.474173282823083,1.7979087762338164,BabyLM 125M — first layer
-1.0783413609450738,0.6386937656352534,10.721198780100735,6.870363873208706,1.867199722705874,-3.474173282823083,1.7979087762338164,BabyLM 125M — first layer
-0.9246896165523115,0.6386937656352534,10.720221770798704,6.870363873208706,1.867199722705874,-3.474173282823083,1.7979087762338164,BabyLM 125M — first layer
-0.771037872159549,0.6386937656352534,10.719701655603663,6.870363873208706,1.867199722705874,-3.474173282823083,1.7979087762338164,BabyLM 125M — first layer
-0.6173861277667865,0.6386937656352534,10.719638434515613,6.870363873208706,1.867199722705874,-3.474173282823083,1.7979087762338164,BabyLM 125M — first layer
-0.4637343833740242,0.6386937656352534,10.720032107534553,6.870363873208706,1.867199722705874,-3.474173282823083,1.7979087762338164,BabyLM 125M — first layer
-0.31008263898126165,0.6386937656352534,10.720882674660485,6.870363873208706,1.867199722705874,-3.474173282823083,1.7979087762338164,BabyLM 125M — first layer
-0.15643089458849913,0.6386937656352534,10.722190135893408,6.870363873208706,1.867199722705874,-3.474173282823083,1.7979087762338164,BabyLM 125M — first layer
-0.0027791501957368236,0.6386937656352534,10.723954491233322,6.870363873208706,1.867199722705874,-3.474173282823083,1.7979087762338164,BabyLM 125M — first layer
0.15087259419702548,0.6386937656352534,10.726175740680226,6.870363873208706,1.867199722705874,-3.474173282823083,1.7979087762338164,BabyLM 125M — first layer
0.304524338589788,0.6386937656352534,10.728853884234121,6.870363873208706,1.867199722705874,-3.474173282823083,1.7979087762338164,BabyLM 125M — first layer
0.4581760829825505,0.6386937656352534,10.731988921895008,6.870363873208706,1.867199722705874,-3.474173282823083,1.7979087762338164,BabyLM 125M — first layer
0.611827827375313,0.6386937656352534,10.735580853662885,6.870363873208706,1.867199722705874,-3.474173282823083,1.7979087762338164,BabyLM 125M — first layer
0.7654795717680756,0.6386937656352534,10.739629679537753,6.870363873208706,1.867199722705874,-3.474173282823083,1.7979087762338164,BabyLM 125M — first layer
0.9191313161608377,0.6386937656352534,10.744135399519612,6.870363873208706,1.867199722705874,-3.474173282823083,1.7979087762338164,BabyLM 125M — first layer
1.0727830605536002,0.6386937656352534,10.749098013608462,6.870363873208706,1.867199722705874,-3.474173282823083,1.7979087762338164,BabyLM 125M — first layer
1.2264348049463627,0.6386937656352534,10.754517521804303,6.870363873208706,1.867199722705874,-3.474173282823083,1.7979087762338164,BabyLM 125M — first layer
1.3800865493391252,0.6386937656352534,10.760393924107134,6.870363873208706,1.867199722705874,-3.474173282823083,1.7979087762338164,BabyLM 125M — first layer
1.5337382937318877,0.6386937656352534,10.766727220516957,6.870363873208706,1.867199722705874,-3.474173282823083,1.7979087762338164,BabyLM 125M — first layer
1.6873900381246503,0.6386937656352534,10.77351741103377,6.870363873208706,1.867199722705874,-3.474173282823083,1.7979087762338164,BabyLM 125M — first layer
1.8410417825174124,0.6386937656352534,10.780764495657575,6.870363873208706,1.867199722705874,-3.474173282823083,1.7979087762338164,BabyLM 125M — first layer
1.9946935269101749,0.6386937656352534,10.78846847438837,6.870363873208706,1.867199722705874,-3.474173282823083,1.7979087762338164,BabyLM 125M — first layer
2.148345271302937,0.6386937656352534,10.796629347226158,6.870363873208706,1.867199722705874,-3.474173282823083,1.7979087762338164,BabyLM 125M — first layer
2.3019970156956995,0.6386937656352534,10.805247114170935,6.870363873208706,1.867199722705874,-3.474173282823083,1.7979087762338164,BabyLM 125M — first layer
2.455648760088462,0.6386937656352534,10.814321775222703,6.870363873208706,1.867199722705874,-3.474173282823083,1.7979087762338164,BabyLM 125M — first layer
-2.0002518273016485,0.805920538014723,10.73726068947803,6.870363873208706,1.867199722705874,-3.474173282823083,1.7979087762338164,BabyLM 125M — first layer
-1.846600082908886,0.805920538014723,10.732956233993685,6.870363873208706,1.867199722705874,-3.474173282823083,1.7979087762338164,BabyLM 125M — first layer
-1.6929483385161237,0.805920538014723,10.729108672616332,6.870363873208706,1.867199722705874,-3.474173282823083,1.7979087762338164,BabyLM 125M — first layer
-1.5392965941233612,0.805920538014723,10.725718005345971,6.870363873208706,1.867199722705874,-3.474173282823083,1.7979087762338164,BabyLM 125M — first layer
-1.3856448497305989,0.805920538014723,10.722784232182601,6.870363873208706,1.867199722705874,-3.474173282823083,1.7979087762338164,BabyLM 125M — first layer
-1.2319931053378363,0.805920538014723,10.720307353126222,6.870363873208706,1.867199722705874,-3.474173282823083,1.7979087762338164,BabyLM 125M — first layer
-1.0783413609450738,0.805920538014723,10.718287368176833,6.870363873208706,1.867199722705874,-3.474173282823083,1.7979087762338164,BabyLM 125M — first layer
-0.9246896165523115,0.805920538014723,10.716724277334436,6.870363873208706,1.867199722705874,-3.474173282823083,1.7979087762338164,BabyLM 125M — first layer
-0.771037872159549,0.805920538014723,10.715618080599029,6.870363873208706,1.867199722705874,-3.474173282823083,1.7979087762338164,BabyLM 125M — first layer
-0.6173861277667865,0.805920538014723,10.714968777970613,6.870363873208706,1.867199722705874,-3.474173282823083,1.7979087762338164,BabyLM 125M — first layer
-0.4637343833740242,0.805920538014723,10.714776369449188,6.870363873208706,1.867199722705874,-3.474173282823083,1.7979087762338164,BabyLM 125M — first layer
-0.31008263898126165,0.805920538014723,10.715040855034754,6.870363873208706,1.867199722705874,-3.474173282823083,1.7979087762338164,BabyLM 125M — first layer
-0.15643089458849913,0.805920538014723,10.715762234727311,6.870363873208706,1.867199722705874,-3.474173282823083,1.7979087762338164,BabyLM 125M — first layer
-0.0027791501957368236,0.805920538014723,10.716940508526859,6.870363873208706,1.867199722705874,-3.474173282823083,1.7979087762338164,BabyLM 125M — first layer
0.15087259419702548,0.805920538014723,10.718575676433398,6.870363873208706,1.867199722705874,-3.474173282823083,1.7979087762338164,BabyLM 125M — first layer
0.304524338589788,0.805920538014723,10.720667738446927,6.870363873208706,1.867199722705874,-3.474173282823083,1.7979087762338164,BabyLM 125M — first layer
0.4581760829825505,0.805920538014723,10.723216694567448,6.870363873208706,1.867199722705874,-3.474173282823083,1.7979087762338164,BabyLM 125M — first layer
0.611827827375313,0.805920538014723,10.72622254479496,6.870363873208706,1.867199722705874,-3.474173282823083,1.7979087762338164,BabyLM 125M — first layer
0.7654795717680756,0.805920538014723,10.729685289129462,6.870363873208706,1.867199722705874,-3.474173282823083,1.7979087762338164,BabyLM 125M — first layer
0.9191313161608377,0.805920538014723,10.733604927570955,6.870363873208706,1.867199722705874,-3.474173282823083,1.7979087762338164,BabyLM 125M — first layer
1.0727830605536002,0.805920538014723,10.737981460119439,6.870363873208706,1.867199722705874,-3.474173282823083,1.7979087762338164,BabyLM 125M — first layer
1.2264348049463627,0.805920538014723,10.742814886774914,6.870363873208706,1.867199722705874,-3.474173282823083,1.7979087762338164,BabyLM 125M — first layer
1.3800865493391252,0.805920538014723,10.74810520753738,6.870363873208706,1.867199722705874,-3.474173282823083,1.7979087762338164,BabyLM 125M — first layer
1.5337382937318877,0.805920538014723,10.753852422406837,6.870363873208706,1.867199722705874,-3.474173282823083,1.7979087762338164,BabyLM 125M — first layer
1.6873900381246503,0.805920538014723,10.760056531383285,6.870363873208706,1.867199722705874,-3.474173282823083,1.7979087762338164,BabyLM 125M — first layer
1.8410417825174124,0.805920538014723,10.766717534466723,6.870363873208706,1.867199722705874,-3.474173282823083,1.7979087762338164,BabyLM 125M — first layer
1.9946935269101749,0.805920538014723,10.773835431657153,6.870363873208706,1.867199722705874,-3.474173282823083,1.7979087762338164,BabyLM 125M — first layer
2.148345271302937,0.805920538014723,10.781410222954573,6.870363873208706,1.867199722705874,-3.474173282823083,1.7979087762338164,BabyLM 125M — first layer
2.3019970156956995,0.805920538014723,10.789441908358985,6.870363873208706,1.867199722705874,-3.474173282823083,1.7979087762338164,BabyLM 125M — first layer
2.455648760088462,0.805920538014723,10.797930487870387,6.870363873208706,1.867199722705874,-3.474173282823083,1.7979087762338164,BabyLM 125M — first layer
-2.0002518273016485,0.9731473103941921,10.738192683576814,6.870363873208706,1.867199722705874,-3.474173282823083,1.7979087762338164,BabyLM 125M — first layer
-1.846600082908886,0.9731473103941921,10.733302146552106,6.870363873208706,1.867199722705874,-3.474173282823083,1.7979087762338164,BabyLM 125M — first layer
-1.6929483385161237,0.9731473103941921,10.728868503634388,6.870363873208706,1.867199722705874,-3.474173282823083,1.7979087762338164,BabyLM 125M — first layer
-1.5392965941233612,0.9731473103941921,10.724891754823659,6.870363873208706,1.867199722705874,-3.474173282823083,1.7979087762338164,BabyLM 125M — first layer
-1.3856448497305989,0.9731473103941921,10.721371900119923,6.870363873208706,1.867199722705874,-3.474173282823083,1.7979087762338164,BabyLM 125M — first layer
-1.2319931053378363,0.9731473103941921,10.718308939523178,6.870363873208706,1.867199722705874,-3.474173282823083,1.7979087762338164,BabyLM 125M — first layer
-1.0783413609450738,0.9731473103941921,10.715702873033424,6.870363873208706,1.867199722705874,-3.474173282823083,1.7979087762338164,BabyLM 125M — first layer
-0.9246896165523115,0.9731473103941921,10.71355370065066,6.870363873208706,1.867199722705874,-3.474173282823083,1.7979087762338164,BabyLM 125M — first layer
-0.771037872159549,0.9731473103941921,10.711861422374888,6.870363873208706,1.867199722705874,-3.474173282823083,1.7979087762338164,BabyLM 125M — first layer
-0.6173861277667865,0.9731473103941921,10.710626038206106,6.870363873208706,1.867199722705874,-3.474173282823083,1.7979087762338164,BabyLM 125M — first layer
-0.4637343833740242,0.9731473103941921,10.709847548144316,6.870363873208706,1.867199722705874,-3.474173282823083,1.7979087762338164,BabyLM 125M — first layer
-0.31008263898126165,0.9731473103941921,10.709525952189514,6.870363873208706,1.867199722705874,-3.474173282823083,1.7979087762338164,BabyLM 125M — first layer
-0.15643089458849913,0.9731473103941921,10.709661250341705,6.870363873208706,1.867199722705874,-3.474173282823083,1.7979087762338164,BabyLM 125M — first layer
-0.0027791501957368236,0.9731473103941921,10.710253442600887,6.870363873208706,1.867199722705874,-3.474173282823083,1.7979087762338164,BabyLM 125M — first layer
0.15087259419702548,0.9731473103941921,10.71130252896706,6.870363873208706,1.867199722705874,-3.474173282823083,1.7979087762338164,BabyLM 125M — first layer
0.304524338589788,0.9731473103941921,10.712808509440224,6.870363873208706,1.867199722705874,-3.474173282823083,1.7979087762338164,BabyLM 125M — first layer
0.4581760829825505,0.9731473103941921,10.714771384020379,6.870363873208706,1.867199722705874,-3.474173282823083,1.7979087762338164,BabyLM 125M — first layer
0.611827827375313,0.9731473103941921,10.717191152707525,6.870363873208706,1.867199722705874,-3.474173282823083,1.7979087762338164,BabyLM 125M — first layer
0.7654795717680756,0.9731473103941921,10.720067815501661,6.870363873208706,1.867199722705874,-3.474173282823083,1.7979087762338164,BabyLM 125M — first layer
0.9191313161608377,0.9731473103941921,10.723401372402789,6.870363873208706,1.867199722705874,-3.474173282823083,1.7979087762338164,BabyLM 125M — first layer
1.0727830605536002,0.9731473103941921,10.727191823410907,6.870363873208706,1.867199722705874,-3.474173282823083,1.7979087762338164,BabyLM 125M — first layer
1.2264348049463627,0.9731473103941921,10.731439168526016,6.870363873208706,1.867199722705874,-3.474173282823083,1.7979087762338164,BabyLM 125M — first layer
1.3800865493391252,0.9731473103941921,10.736143407748116,6.870363873208706,1.867199722705874,-3.474173282823083,1.7979087762338164,BabyLM 125M — first layer
1.5337382937318877,0.9731473103941921,10.741304541077207,6.870363873208706,1.867199722705874,-3.474173282823083,1.7979087762338164,BabyLM 125M — first layer
1.6873900381246503,0.9731473103941921,10.74692256851329,6.870363873208706,1.867199722705874,-3.474173282823083,1.7979087762338164,BabyLM 125M — first layer
1.8410417825174124,0.9731473103941921,10.752997490056362,6.870363873208706,1.867199722705874,-3.474173282823083,1.7979087762338164,BabyLM 125M — first layer
1.9946935269101749,0.9731473103941921,10.759529305706426,6.870363873208706,1.867199722705874,-3.474173282823083,1.7979087762338164,BabyLM 125M — first layer
2.148345271302937,0.9731473103941921,10.76651801546348,6.870363873208706,1.867199722705874,-3.474173282823083,1.7979087762338164,BabyLM 125M — first layer
2.3019970156956995,0.9731473103941921,10.773963619327526,6.870363873208706,1.867199722705874,-3.474173282823083,1.7979087762338164,BabyLM 125M — first layer
2.455648760088462,0.9731473103941921,10.781866117298563,6.870363873208706,1.867199722705874,-3.474173282823083,1.7979087762338164,BabyLM 125M — first layer
-2.0002518273016485,1.1403740827736613,10.739451594456092,6.870363873208706,1.867199722705874,-3.474173282823083,1.7979087762338164,BabyLM 125M — first layer
-1.846600082908886,1.1403740827736613,10.733974975891018,6.870363873208706,1.867199722705874,-3.474173282823083,1.7979087762338164,BabyLM 125M — first layer
-1.6929483385161237,1.1403740827736613,10.728955251432932,6.870363873208706,1.867199722705874,-3.474173282823083,1.7979087762338164,BabyLM 125M — first layer
-1.5392965941233612,1.1403740827736613,10.72439242108184,6.870363873208706,1.867199722705874,-3.474173282823083,1.7979087762338164,BabyLM 125M — first layer
-1.3856448497305989,1.1403740827736613,10.720286484837738,6.870363873208706,1.867199722705874,-3.474173282823083,1.7979087762338164,BabyLM 125M — first layer
-1.2319931053378363,1.1403740827736613,10.716637442700627,6.870363873208706,1.867199722705874,-3.474173282823083,1.7979087762338164,BabyLM 125M — first layer
-1.0783413609450738,1.1403740827736613,10.713445294670507,6.870363873208706,1.867199722705874,-3.474173282823083,1.7979087762338164,BabyLM 125M — first layer
-0.9246896165523115,1.1403740827736613,10.710710040747376,6.870363873208706,1.867199722705874,-3.474173282823083,1.7979087762338164,BabyLM 125M — first layer
-0.771037872159549,1.1403740827736613,10.708431680931238,6.870363873208706,1.867199722705874,-3.474173282823083,1.7979087762338164,BabyLM 125M — first layer
-0.6173861277667865,1.1403740827736613,10.70661021522209,6.870363873208706,1.867199722705874,-3.474173282823083,1.7979087762338164,BabyLM 125M — first layer
-0.4637343833740242,1.1403740827736613,10.705245643619934,6.870363873208706,1.867199722705874,-3.474173282823083,1.7979087762338164,BabyLM 125M — first layer
-0.31008263898126165,1.1403740827736613,10.704337966124768,6.870363873208706,1.867199722705874,-3.474173282823083,1.7979087762338164,BabyLM 125M — first layer
-0.15643089458849913,1.1403740827736613,10.703887182736594,6.870363873208706,1.867199722705874,-3.474173282823083,1.7979087762338164,BabyLM 125M — first layer
-0.0027791501957368236,1.1403740827736613,10.703893293455408,6.870363873208706,1.867199722705874,-3.474173282823083,1.7979087762338164,BabyLM 125M — first layer
0.15087259419702548,1.1403740827736613,10.704356298281215,6.870363873208706,1.867199722705874,-3.474173282823083,1.7979087762338164,BabyLM 125M — first layer
0.304524338589788,1.1403740827736613,10.705276197214014,6.870363873208706,1.867199722705874,-3.474173282823083,1.7979087762338164,BabyLM 125M — first layer
0.4581760829825505,1.1403740827736613,10.706652990253803,6.870363873208706,1.867199722705874,-3.474173282823083,1.7979087762338164,BabyLM 125M — first layer
0.611827827375313,1.1403740827736613,10.708486677400582,6.870363873208706,1.867199722705874,-3.474173282823083,1.7979087762338164,BabyLM 125M — first layer
0.7654795717680756,1.1403740827736613,10.710777258654353,6.870363873208706,1.867199722705874,-3.474173282823083,1.7979087762338164,BabyLM 125M — first layer
0.9191313161608377,1.1403740827736613,10.713524734015115,6.870363873208706,1.867199722705874,-3.474173282823083,1.7979087762338164,BabyLM 125M — first layer
1.0727830605536002,1.1403740827736613,10.716729103482868,6.870363873208706,1.867199722705874,-3.474173282823083,1.7979087762338164,BabyLM 125M — first layer
1.2264348049463627,1.1403740827736613,10.72039036705761,6.870363873208706,1.867199722705874,-3.474173282823083,1.7979087762338164,BabyLM 125M — first layer
1.3800865493391252,1.1403740827736613,10.724508524739344,6.870363873208706,1.867199722705874,-3.474173282823083,1.7979087762338164,BabyLM 125M — first layer
1.5337382937318877,1.1403740827736613,10.729083576528069,6.870363873208706,1.867199722705874,-3.474173282823083,1.7979087762338164,BabyLM 125M — first layer
1.6873900381246503,1.1403740827736613,10.734115522423785,6.870363873208706,1.867199722705874,-3.474173282823083,1.7979087762338164,BabyLM 125M — first layer
1.8410417825174124,1.1403740827736613,10.739604362426492,6.870363873208706,1.867199722705874,-3.474173282823083,1.7979087762338164,BabyLM 125M — first layer
1.9946935269101749,1.1403740827736613,10.74555009653619,6.870363873208706,1.867199722705874,-3.474173282823083,1.7979087762338164,BabyLM 125M — first layer
2.148345271302937,1.1403740827736613,10.75195272475288,6.870363873208706,1.867199722705874,-3.474173282823083,1.7979087762338164,BabyLM 125M — first layer
2.3019970156956995,1.1403740827736613,10.758812247076559,6.870363873208706,1.867199722705874,-3.474173282823083,1.7979087762338164,BabyLM 125M — first layer
2.455648760088462,1.1403740827736613,10.76612866350723,6.870363873208706,1.867199722705874,-3.474173282823083,1.7979087762338164,BabyLM 125M — first layer
-2.0002518273016485,1.3076008551531308,10.74103742211586,6.870363873208706,1.867199722705874,-3.474173282823083,1.7979087762338164,BabyLM 125M — first layer
-1.846600082908886,1.3076008551531308,10.73497472201042,6.870363873208706,1.867199722705874,-3.474173282823083,1.7979087762338164,BabyLM 125M — first layer
-1.6929483385161237,1.3076008551531308,10.729368916011971,6.870363873208706,1.867199722705874,-3.474173282823083,1.7979087762338164,BabyLM 125M — first layer
-1.5392965941233612,1.3076008551531308,10.724220004120511,6.870363873208706,1.867199722705874,-3.474173282823083,1.7979087762338164,BabyLM 125M — first layer
-1.3856448497305989,1.3076008551531308,10.719527986336043,6.870363873208706,1.867199722705874,-3.474173282823083,1.7979087762338164,BabyLM 125M — first layer
-1.2319931053378363,1.3076008551531308,10.715292862658567,6.870363873208706,1.867199722705874,-3.474173282823083,1.7979087762338164,BabyLM 125M — first layer
-1.0783413609450738,1.3076008551531308,10.71151463308808,6.870363873208706,1.867199722705874,-3.474173282823083,1.7979087762338164,BabyLM 125M — first layer
-0.9246896165523115,1.3076008551531308,10.708193297624584,6.870363873208706,1.867199722705874,-3.474173282823083,1.7979087762338164,BabyLM 125M — first layer
-0.771037872159549,1.3076008551531308,10.70532885626808,6.870363873208706,1.867199722705874,-3.474173282823083,1.7979087762338164,BabyLM 125M — first layer
-0.6173861277667865,1.3076008551531308,10.702921309018567,6.870363873208706,1.867199722705874,-3.474173282823083,1.7979087762338164,BabyLM 125M — first layer
-0.4637343833740242,1.3076008551531308,10.700970655876045,6.870363873208706,1.867199722705874,-3.474173282823083,1.7979087762338164,BabyLM 125M — first layer
-0.31008263898126165,1.3076008551531308,10.699476896840514,6.870363873208706,1.867199722705874,-3.474173282823083,1.7979087762338164,BabyLM 125M — first layer
-0.15643089458849913,1.3076008551531308,10.698440031911971,6.870363873208706,1.867199722705874,-3.474173282823083,1.7979087762338164,BabyLM 125M — first layer
-0.0027791501957368236,1.3076008551531308,10.697860061090422,6.870363873208706,1.867199722705874,-3.474173282823083,1.7979087762338164,BabyLM 125M — first layer
0.15087259419702548,1.3076008551531308,10.697736984375863,6.870363873208706,1.867199722705874,-3.474173282823083,1.7979087762338164,BabyLM 125M — first layer
0.304524338589788,1.3076008551531308,10.698070801768296,6.870363873208706,1.867199722705874,-3.474173282823083,1.7979087762338164,BabyLM 125M — first layer
0.4581760829825505,1.3076008551531308,10.698861513267719,6.870363873208706,1.867199722705874,-3.474173282823083,1.7979087762338164,BabyLM 125M — first layer
0.611827827375313,1.3076008551531308,10.700109118874131,6.870363873208706,1.867199722705874,-3.474173282823083,1.7979087762338164,BabyLM 125M — first layer
0.7654795717680756,1.3076008551531308,10.701813618587536,6.870363873208706,1.867199722705874,-3.474173282823083,1.7979087762338164,BabyLM 125M — first layer
0.9191313161608377,1.3076008551531308,10.703975012407932,6.870363873208706,1.867199722705874,-3.474173282823083,1.7979087762338164,BabyLM 125M — first layer
1.0727830605536002,1.3076008551531308,10.706593300335319,6.870363873208706,1.867199722705874,-3.474173282823083,1.7979087762338164,BabyLM 125M — first layer
1.2264348049463627,1.3076008551531308,10.709668482369697,6.870363873208706,1.867199722705874,-3.474173282823083,1.7979087762338164,BabyLM 125M — first layer
1.3800865493391252,1.3076008551531308,10.713200558511065,6.870363873208706,1.867199722705874,-3.474173282823083,1.7979087762338164,BabyLM 125M — first layer
1.5337382937318877,1.3076008551531308,10.717189528759423,6.870363873208706,1.867199722705874,-3.474173282823083,1.7979087762338164,BabyLM 125M — first layer
1.6873900381246503,1.3076008551531308,10.721635393114774,6.870363873208706,1.867199722705874,-3.474173282823083,1.7979087762338164,BabyLM 125M — first layer
1.8410417825174124,1.3076008551531308,10.726538151577115,6.870363873208706,1.867199722705874,-3.474173282823083,1.7979087762338164,BabyLM 125M — first layer
1.9946935269101749,1.3076008551531308,10.731897804146447,6.870363873208706,1.867199722705874,-3.474173282823083,1.7979087762338164,BabyLM 125M — first layer
2.148345271302937,1.3076008551531308,10.73771435082277,6.870363873208706,1.867199722705874,-3.474173282823083,1.7979087762338164,BabyLM 125M — first layer
2.3019970156956995,1.3076008551531308,10.743987791606084,6.870363873208706,1.867199722705874,-3.474173282823083,1.7979087762338164,BabyLM 125M — first layer
2.455648760088462,1.3076008551531308,10.75071812649639,6.870363873208706,1.867199722705874,-3.474173282823083,1.7979087762338164,BabyLM 125M — first layer
-2.0002518273016485,1.4748276275325995,10.742950166556122,6.870363873208706,1.867199722705874,-3.474173282823083,1.7979087762338164,BabyLM 125M — first layer
-1.846600082908886,1.4748276275325995,10.736301384910316,6.870363873208706,1.867199722705874,-3.474173282823083,1.7979087762338164,BabyLM 125M — first layer
-1.6929483385161237,1.4748276275325995,10.730109497371501,6.870363873208706,1.867199722705874,-3.474173282823083,1.7979087762338164,BabyLM 125M — first layer
-1.5392965941233612,1.4748276275325995,10.724374503939675,6.870363873208706,1.867199722705874,-3.474173282823083,1.7979087762338164,BabyLM 125M — first layer
-1.3856448497305989,1.4748276275325995,10.719096404614842,6.870363873208706,1.867199722705874,-3.474173282823083,1.7979087762338164,BabyLM 125M — first layer
-1.2319931053378363,1.4748276275325995,10.714275199397,6.870363873208706,1.867199722705874,-3.474173282823083,1.7979087762338164,BabyLM 125M — first layer
-1.0783413609450738,1.4748276275325995,10.709910888286146,6.870363873208706,1.867199722705874,-3.474173282823083,1.7979087762338164,BabyLM 125M — first layer
-0.9246896165523115,1.4748276275325995,10.706003471282285,6.870363873208706,1.867199722705874,-3.474173282823083,1.7979087762338164,BabyLM 125M — first layer
-0.771037872159549,1.4748276275325995,10.702552948385415,6.870363873208706,1.867199722705874,-3.474173282823083,1.7979087762338164,BabyLM 125M — first layer
-0.6173861277667865,1.4748276275325995,10.699559319595537,6.870363873208706,1.867199722705874,-3.474173282823083,1.7979087762338164,BabyLM 125M — first layer
-0.4637343833740242,1.4748276275325995,10.697022584912647,6.870363873208706,1.867199722705874,-3.474173282823083,1.7979087762338164,BabyLM 125M — first layer
-0.31008263898126165,1.4748276275325995,10.69494274433675,6.870363873208706,1.867199722705874,-3.474173282823083,1.7979087762338164,BabyLM 125M — first layer
-0.15643089458849913,1.4748276275325995,10.693319797867844,6.870363873208706,1.867199722705874,-3.474173282823083,1.7979087762338164,BabyLM 125M — first layer
-0.0027791501957368236,1.4748276275325995,10.692153745505927,6.870363873208706,1.867199722705874,-3.474173282823083,1.7979087762338164,BabyLM 125M — first layer
0.15087259419702548,1.4748276275325995,10.691444587251002,6.870363873208706,1.867199722705874,-3.474173282823083,1.7979087762338164,BabyLM 125M — first layer
0.304524338589788,1.4748276275325995,10.691192323103069,6.870363873208706,1.867199722705874,-3.474173282823083,1.7979087762338164,BabyLM 125M — first layer
0.4581760829825505,1.4748276275325995,10.691396953062126,6.870363873208706,1.867199722705874,-3.474173282823083,1.7979087762338164,BabyLM 125M — first layer
0.611827827375313,1.4748276275325995,10.692058477128173,6.870363873208706,1.867199722705874,-3.474173282823083,1.7979087762338164,BabyLM 125M — first layer
0.7654795717680756,1.4748276275325995,10.693176895301212,6.870363873208706,1.867199722705874,-3.474173282823083,1.7979087762338164,BabyLM 125M — first layer
0.9191313161608377,1.4748276275325995,10.694752207581242,6.870363873208706,1.867199722705874,-3.474173282823083,1.7979087762338164,BabyLM 125M — first layer
1.0727830605536002,1.4748276275325995,10.696784413968263,6.870363873208706,1.867199722705874,-3.474173282823083,1.7979087762338164,BabyLM 125M — first layer
1.2264348049463627,1.4748276275325995,10.699273514462275,6.870363873208706,1.867199722705874,-3.474173282823083,1.7979087762338164,BabyLM 125M — first layer
1.3800865493391252,1.4748276275325995,10.702219509063276,6.870363873208706,1.867199722705874,-3.474173282823083,1.7979087762338164,BabyLM 125M — first layer
1.5337382937318877,1.4748276275325995,10.70562239777127,6.870363873208706,1.867199722705874,-3.474173282823083,1.7979087762338164,BabyLM 125M — first layer
1.6873900381246503,1.4748276275325995,10.709482180586255,6.870363873208706,1.867199722705874,-3.474173282823083,1.7979087762338164,BabyLM 125M — first layer
1.8410417825174124,1.4748276275325995,10.71379885750823,6.870363873208706,1.867199722705874,-3.474173282823083,1.7979087762338164,BabyLM 125M — first layer
1.9946935269101749,1.4748276275325995,10.718572428537197,6.870363873208706,1.867199722705874,-3.474173282823083,1.7979087762338164,BabyLM 125M — first layer
2.148345271302937,1.4748276275325995,10.723802893673152,6.870363873208706,1.867199722705874,-3.474173282823083,1.7979087762338164,BabyLM 125M — first layer
2.3019970156956995,1.4748276275325995,10.7294902529161,6.870363873208706,1.867199722705874,-3.474173282823083,1.7979087762338164,BabyLM 125M — first layer
2.455648760088462,1.4748276275325995,10.73563450626604,6.870363873208706,1.867199722705874,-3.474173282823083,1.7979087762338164,BabyLM 125M — first layer
-2.0002518273016485,1.6420543999120696,10.745189827776876,6.870363873208706,1.867199722705874,-3.474173282823083,1.7979087762338164,BabyLM 125M — first layer
-1.846600082908886,1.6420543999120696,10.737954964590704,6.870363873208706,1.867199722705874,-3.474173282823083,1.7979087762338164,BabyLM 125M — first layer
-1.6929483385161237,1.6420543999120696,10.731176995511522,6.870363873208706,1.867199722705874,-3.474173282823083,1.7979087762338164,BabyLM 125M — first layer
-1.5392965941233612,1.6420543999120696,10.724855920539332,6.870363873208706,1.867199722705874,-3.474173282823083,1.7979087762338164,BabyLM 125M — first layer
-1.3856448497305989,1.6420543999120696,10.71899173967413,6.870363873208706,1.867199722705874,-3.474173282823083,1.7979087762338164,BabyLM 125M — first layer
-1.2319931053378363,1.6420543999120696,10.713584452915923,6.870363873208706,1.867199722705874,-3.474173282823083,1.7979087762338164,BabyLM 125M — first layer
-1.0783413609450738,1.6420543999120696,10.708634060264705,6.870363873208706,1.867199722705874,-3.474173282823083,1.7979087762338164,BabyLM 125M — first layer
-0.9246896165523115,1.6420543999120696,10.704140561720477,6.870363873208706,1.867199722705874,-3.474173282823083,1.7979087762338164,BabyLM 125M — first layer
-0.771037872159549,1.6420543999120696,10.700103957283241,6.870363873208706,1.867199722705874,-3.474173282823083,1.7979087762338164,BabyLM 125M — first layer
-0.6173861277667865,1.6420543999120696,10.696524246952997,6.870363873208706,1.867199722705874,-3.474173282823083,1.7979087762338164,BabyLM 125M — first layer
-0.4637343833740242,1.6420543999120696,10.693401430729741,6.870363873208706,1.867199722705874,-3.474173282823083,1.7979087762338164,BabyLM 125M — first layer
-0.31008263898126165,1.6420543999120696,10.690735508613479,6.870363873208706,1.867199722705874,-3.474173282823083,1.7979087762338164,BabyLM 125M — first layer
-0.15643089458849913,1.6420543999120696,10.688526480604207,6.870363873208706,1.867199722705874,-3.474173282823083,1.7979087762338164,BabyLM 125M — first layer
-0.0027791501957368236,1.6420543999120696,10.686774346701924,6.870363873208706,1.867199722705874,-3.474173282823083,1.7979087762338164,BabyLM 125M — first layer
0.15087259419702548,1.6420543999120696,10.685479106906634,6.870363873208706,1.867199722705874,-3.474173282823083,1.7979087762338164,BabyLM 125M — first layer
0.304524338589788,1.6420543999120696,10.684640761218335,6.870363873208706,1.867199722705874,-3.474173282823083,1.7979087762338164,BabyLM 125M — first layer
0.4581760829825505,1.6420543999120696,10.684259309637024,6.870363873208706,1.867199722705874,-3.474173282823083,1.7979087762338164,BabyLM 125M — first layer
0.611827827375313,1.6420543999120696,10.684334752162707,6.870363873208706,1.867199722705874,-3.474173282823083,1.7979087762338164,BabyLM 125M — first layer
0.7654795717680756,1.6420543999120696,10.68486708879538,6.870363873208706,1.867199722705874,-3.474173282823083,1.7979087762338164,BabyLM 125M — first layer
0.9191313161608377,1.6420543999120696,10.685856319535045,6.870363873208706,1.867199722705874,-3.474173282823083,1.7979087762338164,BabyLM 125M — first layer
1.0727830605536002,1.6420543999120696,10.687302444381698,6.870363873208706,1.867199722705874,-3.474173282823083,1.7979087762338164,BabyLM 125M — first layer
1.2264348049463627,1.6420543999120696,10.689205463335345,6.870363873208706,1.867199722705874,-3.474173282823083,1.7979087762338164,BabyLM 125M — first layer
1.3800865493391252,1.6420543999120696,10.691565376395982,6.870363873208706,1.867199722705874,-3.474173282823083,1.7979087762338164,BabyLM 125M — first layer
1.5337382937318877,1.6420543999120696,10.69438218356361,6.870363873208706,1.867199722705874,-3.474173282823083,1.7979087762338164,BabyLM 125M — first layer
1.6873900381246503,1.6420543999120696,10.697655884838227,6.870363873208706,1.867199722705874,-3.474173282823083,1.7979087762338164,BabyLM 125M — first layer
1.8410417825174124,1.6420543999120696,10.701386480219837,6.870363873208706,1.867199722705874,-3.474173282823083,1.7979087762338164,BabyLM 125M — first layer
1.9946935269101749,1.6420543999120696,10.705573969708437,6.870363873208706,1.867199722705874,-3.474173282823083,1.7979087762338164,BabyLM 125M — first layer
2.148345271302937,1.6420543999120696,10.710218353304029,6.870363873208706,1.867199722705874,-3.474173282823083,1.7979087762338164,BabyLM 125M — first layer
2.3019970156956995,1.6420543999120696,10.71531963100661,6.870363873208706,1.867199722705874,-3.474173282823083,1.7979087762338164,BabyLM 125M — first layer
2.455648760088462,1.6420543999120696,10.720877802816183,6.870363873208706,1.867199722705874,-3.474173282823083,1.7979087762338164,BabyLM 125M — first layer
-2.0002518273016485,1.8092811722915387,10.747756405778121,6.870363873208706,1.867199722705874,-3.474173282823083,1.7979087762338164,BabyLM 125M — first layer
-1.846600082908886,1.8092811722915387,10.739935461051584,6.870363873208706,1.867199722705874,-3.474173282823083,1.7979087762338164,BabyLM 125M — first layer
-1.6929483385161237,1.8092811722915387,10.732571410432035,6.870363873208706,1.867199722705874,-3.474173282823083,1.7979087762338164,BabyLM 125M — first layer
-1.5392965941233612,1.8092811722915387,10.72566425391948,6.870363873208706,1.867199722705874,-3.474173282823083,1.7979087762338164,BabyLM 125M — first layer
-1.3856448497305989,1.8092811722915387,10.719213991513913,6.870363873208706,1.867199722705874,-3.474173282823083,1.7979087762338164,BabyLM 125M — first layer
-1.2319931053378363,1.8092811722915387,10.713220623215339,6.870363873208706,1.867199722705874,-3.474173282823083,1.7979087762338164,BabyLM 125M — first layer
-1.0783413609450738,1.8092811722915387,10.707684149023756,6.870363873208706,1.867199722705874,-3.474173282823083,1.7979087762338164,BabyLM 125M — first layer
-0.9246896165523115,1.8092811722915387,10.702604568939162,6.870363873208706,1.867199722705874,-3.474173282823083,1.7979087762338164,BabyLM 125M — first layer
-0.771037872159549,1.8092811722915387,10.69798188296156,6.870363873208706,1.867199722705874,-3.474173282823083,1.7979087762338164,BabyLM 125M — first layer
-0.6173861277667865,1.8092811722915387,10.693816091090948,6.870363873208706,1.867199722705874,-3.474173282823083,1.7979087762338164,BabyLM 125M — first layer
-0.4637343833740242,1.8092811722915387,10.690107193327329,6.870363873208706,1.867199722705874,-3.474173282823083,1.7979087762338164,BabyLM 125M — first layer
-0.31008263898126165,1.8092811722915387,10.6868551896707,6.870363873208706,1.867199722705874,-3.474173282823083,1.7979087762338164,BabyLM 125M — first layer
-0.15643089458849913,1.8092811722915387,10.68406008012106,6.870363873208706,1.867199722705874,-3.474173282823083,1.7979087762338164,BabyLM 125M — first layer
-0.0027791501957368236,1.8092811722915387,10.681721864678414,6.870363873208706,1.867199722705874,-3.474173282823083,1.7979087762338164,BabyLM 125M — first layer
0.15087259419702548,1.8092811722915387,10.679840543342756,6.870363873208706,1.867199722705874,-3.474173282823083,1.7979087762338164,BabyLM 125M — first layer
0.304524338589788,1.8092811722915387,10.678416116114091,6.870363873208706,1.867199722705874,-3.474173282823083,1.7979087762338164,BabyLM 125M — first layer
0.4581760829825505,1.8092811722915387,10.677448582992417,6.870363873208706,1.867199722705874,-3.474173282823083,1.7979087762338164,BabyLM 125M — first layer
0.611827827375313,1.8092811722915387,10.676937943977732,6.870363873208706,1.867199722705874,-3.474173282823083,1.7979087762338164,BabyLM 125M — first layer
0.7654795717680756,1.8092811722915387,10.67688419907004,6.870363873208706,1.867199722705874,-3.474173282823083,1.7979087762338164,BabyLM 125M — first layer
0.9191313161608377,1.8092811722915387,10.677287348269338,6.870363873208706,1.867199722705874,-3.474173282823083,1.7979087762338164,BabyLM 125M — first layer
1.0727830605536002,1.8092811722915387,10.678147391575626,6.870363873208706,1.867199722705874,-3.474173282823083,1.7979087762338164,BabyLM 125M — first layer
1.2264348049463627,1.8092811722915387,10.679464328988907,6.870363873208706,1.867199722705874,-3.474173282823083,1.7979087762338164,BabyLM 125M — first layer
1.3800865493391252,1.8092811722915387,10.681238160509178,6.870363873208706,1.867199722705874,-3.474173282823083,1.7979087762338164,BabyLM 125M — first layer
1.5337382937318877,1.8092811722915387,10.683468886136438,6.870363873208706,1.867199722705874,-3.474173282823083,1.7979087762338164,BabyLM 125M — first layer
1.6873900381246503,1.8092811722915387,10.686156505870692,6.870363873208706,1.867199722705874,-3.474173282823083,1.7979087762338164,BabyLM 125M — first layer
1.8410417825174124,1.8092811722915387,10.689301019711936,6.870363873208706,1.867199722705874,-3.474173282823083,1.7979087762338164,BabyLM 125M — first layer
1.9946935269101749,1.8092811722915387,10.69290242766017,6.870363873208706,1.867199722705874,-3.474173282823083,1.7979087762338164,BabyLM 125M — first layer
2.148345271302937,1.8092811722915387,10.696960729715395,6.870363873208706,1.867199722705874,-3.474173282823083,1.7979087762338164,BabyLM 125M — first layer
2.3019970156956995,1.8092811722915387,10.701475925877611,6.870363873208706,1.867199722705874,-3.474173282823083,1.7979087762338164,BabyLM 125M — first layer
2.455648760088462,1.8092811722915387,10.706448016146819,6.870363873208706,1.867199722705874,-3.474173282823083,1.7979087762338164,BabyLM 125M — first layer
-2.0002518273016485,1.9765079446710079,10.750649900559859,6.870363873208706,1.867199722705874,-3.474173282823083,1.7979087762338164,BabyLM 125M — first layer
-1.846600082908886,1.9765079446710079,10.742242874292954,6.870363873208706,1.867199722705874,-3.474173282823083,1.7979087762338164,BabyLM 125M — first layer
-1.6929483385161237,1.9765079446710079,10.734292742133041,6.870363873208706,1.867199722705874,-3.474173282823083,1.7979087762338164,BabyLM 125M — first layer
-1.5392965941233612,1.9765079446710079,10.726799504080118,6.870363873208706,1.867199722705874,-3.474173282823083,1.7979087762338164,BabyLM 125M — first layer
-1.3856448497305989,1.9765079446710079,10.719763160134187,6.870363873208706,1.867199722705874,-3.474173282823083,1.7979087762338164,BabyLM 125M — first layer
-1.2319931053378363,1.9765079446710079,10.713183710295246,6.870363873208706,1.867199722705874,-3.474173282823083,1.7979087762338164,BabyLM 125M — first layer
-1.0783413609450738,1.9765079446710079,10.707061154563297,6.870363873208706,1.867199722705874,-3.474173282823083,1.7979087762338164,BabyLM 125M — first layer
-0.9246896165523115,1.9765079446710079,10.701395492938337,6.870363873208706,1.867199722705874,-3.474173282823083,1.7979087762338164,BabyLM 125M — first layer
-0.771037872159549,1.9765079446710079,10.69618672542037,6.870363873208706,1.867199722705874,-3.474173282823083,1.7979087762338164,BabyLM 125M — first layer
-0.6173861277667865,1.9765079446710079,10.691434852009394,6.870363873208706,1.867199722705874,-3.474173282823083,1.7979087762338164,BabyLM 125M — first layer
-0.4637343833740242,1.9765079446710079,10.687139872705407,6.870363873208706,1.867199722705874,-3.474173282823083,1.7979087762338164,BabyLM 125M — first layer
-0.31008263898126165,1.9765079446710079,10.683301787508412,6.870363873208706,1.867199722705874,-3.474173282823083,1.7979087762338164,BabyLM 125M — first layer
-0.15643089458849913,1.9765079446710079,10.679920596418407,6.870363873208706,1.867199722705874,-3.474173282823083,1.7979087762338164,BabyLM 125M — first layer
-0.0027791501957368236,1.9765079446710079,10.676996299435395,6.870363873208706,1.867199722705874,-3.474173282823083,1.7979087762338164,BabyLM 125M — first layer
0.15087259419702548,1.9765079446710079,10.674528896559371,6.870363873208706,1.867199722705874,-3.474173282823083,1.7979087762338164,BabyLM 125M — first layer
0.304524338589788,1.9765079446710079,10.67251838779034,6.870363873208706,1.867199722705874,-3.474173282823083,1.7979087762338164,BabyLM 125M — first layer
0.4581760829825505,1.9765079446710079,10.6709647731283,6.870363873208706,1.867199722705874,-3.474173282823083,1.7979087762338164,BabyLM 125M — first layer
0.611827827375313,1.9765079446710079,10.66986805257325,6.870363873208706,1.867199722705874,-3.474173282823083,1.7979087762338164,BabyLM 125M — first layer
0.7654795717680756,1.9765079446710079,10.669228226125192,6.870363873208706,1.867199722705874,-3.474173282823083,1.7979087762338164,BabyLM 125M — first layer
0.9191313161608377,1.9765079446710079,10.669045293784123,6.870363873208706,1.867199722705874,-3.474173282823083,1.7979087762338164,BabyLM 125M — first layer
1.0727830605536002,1.9765079446710079,10.669319255550047,6.870363873208706,1.867199722705874,-3.474173282823083,1.7979087762338164,BabyLM 125M — first layer
1.2264348049463627,1.9765079446710079,10.670050111422961,6.870363873208706,1.867199722705874,-3.474173282823083,1.7979087762338164,BabyLM 125M — first layer
1.3800865493391252,1.9765079446710079,10.671237861402865,6.870363873208706,1.867199722705874,-3.474173282823083,1.7979087762338164,BabyLM 125M — first layer
1.5337382937318877,1.9765079446710079,10.672882505489762,6.870363873208706,1.867199722705874,-3.474173282823083,1.7979087762338164,BabyLM 125M — first layer
1.6873900381246503,1.9765079446710079,10.674984043683649,6.870363873208706,1.867199722705874,-3.474173282823083,1.7979087762338164,BabyLM 125M — first layer
1.8410417825174124,1.9765079446710079,10.677542475984525,6.870363873208706,1.867199722705874,-3.474173282823083,1.7979087762338164,BabyLM 125M — first layer
1.9946935269101749,1.9765079446710079,10.680557802392395,6.870363873208706,1.867199722705874,-3.474173282823083,1.7979087762338164,BabyLM 125M — first layer
2.148345271302937,1.9765079446710079,10.684030022907255,6.870363873208706,1.867199722705874,-3.474173282823083,1.7979087762338164,BabyLM 125M — first layer
2.3019970156956995,1.9765079446710079,10.687959137529104,6.870363873208706,1.867199722705874,-3.474173282823083,1.7979087762338164,BabyLM 125M — first layer
2.455648760088462,1.9765079446710079,10.692345146257946,6.870363873208706,1.867199722705874,-3.474173282823083,1.7979087762338164,BabyLM 125M — first layer
-2.0002518273016485,2.143734717050477,10.753870312122087,6.870363873208706,1.867199722705874,-3.474173282823083,1.7979087762338164,BabyLM 125M — first layer
-1.846600082908886,2.143734717050477,10.744877204314818,6.870363873208706,1.867199722705874,-3.474173282823083,1.7979087762338164,BabyLM 125M — first layer
-1.6929483385161237,2.143734717050477,10.736340990614538,6.870363873208706,1.867199722705874,-3.474173282823083,1.7979087762338164,BabyLM 125M — first layer
-1.5392965941233612,2.143734717050477,10.72826167102125,6.870363873208706,1.867199722705874,-3.474173282823083,1.7979087762338164,BabyLM 125M — first layer
-1.3856448497305989,2.143734717050477,10.720639245534953,6.870363873208706,1.867199722705874,-3.474173282823083,1.7979087762338164,BabyLM 125M — first layer
-1.2319931053378363,2.143734717050477,10.713473714155645,6.870363873208706,1.867199722705874,-3.474173282823083,1.7979087762338164,BabyLM 125M — first layer
-1.0783413609450738,2.143734717050477,10.70676507688333,6.870363873208706,1.867199722705874,-3.474173282823083,1.7979087762338164,BabyLM 125M — first layer
-0.9246896165523115,2.143734717050477,10.700513333718005,6.870363873208706,1.867199722705874,-3.474173282823083,1.7979087762338164,BabyLM 125M — first layer
-0.771037872159549,2.143734717050477,10.694718484659672,6.870363873208706,1.867199722705874,-3.474173282823083,1.7979087762338164,BabyLM 125M — first layer
-0.6173861277667865,2.143734717050477,10.689380529708329,6.870363873208706,1.867199722705874,-3.474173282823083,1.7979087762338164,BabyLM 125M — first layer
-0.4637343833740242,2.143734717050477,10.684499468863978,6.870363873208706,1.867199722705874,-3.474173282823083,1.7979087762338164,BabyLM 125M — first layer
-0.31008263898126165,2.143734717050477,10.680075302126616,6.870363873208706,1.867199722705874,-3.474173282823083,1.7979087762338164,BabyLM 125M — first layer
-0.15643089458849913,2.143734717050477,10.676108029496246,6.870363873208706,1.867199722705874,-3.474173282823083,1.7979087762338164,BabyLM 125M — first layer
-0.0027791501957368236,2.143734717050477,10.672597650972866,6.870363873208706,1.867199722705874,-3.474173282823083,1.7979087762338164,BabyLM 125M — first layer
0.15087259419702548,2.143734717050477,10.669544166556479,6.870363873208706,1.867199722705874,-3.474173282823083,1.7979087762338164,BabyLM 125M — first layer
0.304524338589788,2.143734717050477,10.666947576247082,6.870363873208706,1.867199722705874,-3.474173282823083,1.7979087762338164,BabyLM 125M — first layer
0.4581760829825505,2.143734717050477,10.664807880044675,6.870363873208706,1.867199722705874,-3.474173282823083,1.7979087762338164,BabyLM 125M — first layer
0.611827827375313,2.143734717050477,10.66312507794926,6.870363873208706,1.867199722705874,-3.474173282823083,1.7979087762338164,BabyLM 125M — first layer
0.7654795717680756,2.143734717050477,10.661899169960835,6.870363873208706,1.867199722705874,-3.474173282823083,1.7979087762338164,BabyLM 125M — first layer
0.9191313161608377,2.143734717050477,10.661130156079402,6.870363873208706,1.867199722705874,-3.474173282823083,1.7979087762338164,BabyLM 125M — first layer
1.0727830605536002,2.143734717050477,10.660818036304958,6.870363873208706,1.867199722705874,-3.474173282823083,1.7979087762338164,BabyLM 125M — first layer
1.2264348049463627,2.143734717050477,10.660962810637507,6.870363873208706,1.867199722705874,-3.474173282823083,1.7979087762338164,BabyLM 125M — first layer
1.3800865493391252,2.143734717050477,10.661564479077045,6.870363873208706,1.867199722705874,-3.474173282823083,1.7979087762338164,BabyLM 125M — first layer
1.5337382937318877,2.143734717050477,10.662623041623576,6.870363873208706,1.867199722705874,-3.474173282823083,1.7979087762338164,BabyLM 125M — first layer
1.6873900381246503,2.143734717050477,10.664138498277097,6.870363873208706,1.867199722705874,-3.474173282823083,1.7979087762338164,BabyLM 125M — first layer
1.8410417825174124,2.143734717050477,10.666110849037608,6.870363873208706,1.867199722705874,-3.474173282823083,1.7979087762338164,BabyLM 125M — first layer
1.9946935269101749,2.143734717050477,10.668540093905111,6.870363873208706,1.867199722705874,-3.474173282823083,1.7979087762338164,BabyLM 125M — first layer
2.148345271302937,2.143734717050477,10.671426232879604,6.870363873208706,1.867199722705874,-3.474173282823083,1.7979087762338164,BabyLM 125M — first layer
2.3019970156956995,2.143734717050477,10.674769265961089,6.870363873208706,1.867199722705874,-3.474173282823083,1.7979087762338164,BabyLM 125M — first layer
2.455648760088462,2.143734717050477,10.678569193149565,6.870363873208706,1.867199722705874,-3.474173282823083,1.7979087762338164,BabyLM 125M — first layer
-2.0002518273016485,2.3109614894299457,10.757417640464809,6.870363873208706,1.867199722705874,-3.474173282823083,1.7979087762338164,BabyLM 125M — first layer
-1.846600082908886,2.3109614894299457,10.747838451117174,6.870363873208706,1.867199722705874,-3.474173282823083,1.7979087762338164,BabyLM 125M — first layer
-1.6929483385161237,2.3109614894299457,10.738716155876528,6.870363873208706,1.867199722705874,-3.474173282823083,1.7979087762338164,BabyLM 125M — first layer
-1.5392965941233612,2.3109614894299457,10.730050754742873,6.870363873208706,1.867199722705874,-3.474173282823083,1.7979087762338164,BabyLM 125M — first layer
-1.3856448497305989,2.3109614894299457,10.72184224771621,6.870363873208706,1.867199722705874,-3.474173282823083,1.7979087762338164,BabyLM 125M — first layer
-1.2319931053378363,2.3109614894299457,10.714090634796538,6.870363873208706,1.867199722705874,-3.474173282823083,1.7979087762338164,BabyLM 125M — first layer
-1.0783413609450738,2.3109614894299457,10.706795915983857,6.870363873208706,1.867199722705874,-3.474173282823083,1.7979087762338164,BabyLM 125M — first layer
-0.9246896165523115,2.3109614894299457,10.699958091278166,6.870363873208706,1.867199722705874,-3.474173282823083,1.7979087762338164,BabyLM 125M — first layer
-0.771037872159549,2.3109614894299457,10.693577160679466,6.870363873208706,1.867199722705874,-3.474173282823083,1.7979087762338164,BabyLM 125M — first layer
-0.6173861277667865,2.3109614894299457,10.687653124187758,6.870363873208706,1.867199722705874,-3.474173282823083,1.7979087762338164,BabyLM 125M — first layer
-0.4637343833740242,2.3109614894299457,10.68218598180304,6.870363873208706,1.867199722705874,-3.474173282823083,1.7979087762338164,BabyLM 125M — first layer
-0.31008263898126165,2.3109614894299457,10.677175733525313,6.870363873208706,1.867199722705874,-3.474173282823083,1.7979087762338164,BabyLM 125M — first layer
-0.15643089458849913,2.3109614894299457,10.672622379354577,6.870363873208706,1.867199722705874,-3.474173282823083,1.7979087762338164,BabyLM 125M — first layer
-0.0027791501957368236,2.3109614894299457,10.668525919290833,6.870363873208706,1.867199722705874,-3.474173282823083,1.7979087762338164,BabyLM 125M — first layer
0.15087259419702548,2.3109614894299457,10.664886353334078,6.870363873208706,1.867199722705874,-3.474173282823083,1.7979087762338164,BabyLM 125M — first layer
0.304524338589788,2.3109614894299457,10.661703681484315,6.870363873208706,1.867199722705874,-3.474173282823083,1.7979087762338164,BabyLM 125M — first layer
0.4581760829825505,2.3109614894299457,10.658977903741542,6.870363873208706,1.867199722705874,-3.474173282823083,1.7979087762338164,BabyLM 125M — first layer
0.611827827375313,2.3109614894299457,10.656709020105762,6.870363873208706,1.867199722705874,-3.474173282823083,1.7979087762338164,BabyLM 125M — first layer
0.7654795717680756,2.3109614894299457,10.65489703057697,6.870363873208706,1.867199722705874,-3.474173282823083,1.7979087762338164,BabyLM 125M — first layer
0.9191313161608377,2.3109614894299457,10.653541935155172,6.870363873208706,1.867199722705874,-3.474173282823083,1.7979087762338164,BabyLM 125M — first layer
1.0727830605536002,2.3109614894299457,10.652643733840362,6.870363873208706,1.867199722705874,-3.474173282823083,1.7979087762338164,BabyLM 125M — first layer
1.2264348049463627,2.3109614894299457,10.652202426632545,6.870363873208706,1.867199722705874,-3.474173282823083,1.7979087762338164,BabyLM 125M — first layer
1.3800865493391252,2.3109614894299457,10.652218013531717,6.870363873208706,1.867199722705874,-3.474173282823083,1.7979087762338164,BabyLM 125M — first layer
1.5337382937318877,2.3109614894299457,10.652690494537882,6.870363873208706,1.867199722705874,-3.474173282823083,1.7979087762338164,BabyLM 125M — first layer
1.6873900381246503,2.3109614894299457,10.653619869651036,6.870363873208706,1.867199722705874,-3.474173282823083,1.7979087762338164,BabyLM 125M — first layer
1.8410417825174124,2.3109614894299457,10.655006138871183,6.870363873208706,1.867199722705874,-3.474173282823083,1.7979087762338164,BabyLM 125M — first layer
1.9946935269101749,2.3109614894299457,10.656849302198319,6.870363873208706,1.867199722705874,-3.474173282823083,1.7979087762338164,BabyLM 125M — first layer
2.148345271302937,2.3109614894299457,10.659149359632448,6.870363873208706,1.867199722705874,-3.474173282823083,1.7979087762338164,BabyLM 125M — first layer
2.3019970156956995,2.3109614894299457,10.661906311173565,6.870363873208706,1.867199722705874,-3.474173282823083,1.7979087762338164,BabyLM 125M — first layer
2.455648760088462,2.3109614894299457,10.665120156821676,6.870363873208706,1.867199722705874,-3.474173282823083,1.7979087762338164,BabyLM 125M — first layer
-2.0002518273016485,-2.5386149095746635,13.325639536334982,6.870363873208706,1.867199722705874,-3.474173282823083,1.7979087762338164,BabyLM 350M — first layer
-1.846600082908886,-2.5386149095746635,13.324274451726346,6.870363873208706,1.867199722705874,-3.474173282823083,1.7979087762338164,BabyLM 350M — first layer
-1.6929483385161237,-2.5386149095746635,13.322427408824966,6.870363873208706,1.867199722705874,-3.474173282823083,1.7979087762338164,BabyLM 350M — first layer
-1.5392965941233612,-2.5386149095746635,13.320098407630846,6.870363873208706,1.867199722705874,-3.474173282823083,1.7979087762338164,BabyLM 350M — first layer
-1.3856448497305989,-2.5386149095746635,13.317287448143983,6.870363873208706,1.867199722705874,-3.474173282823083,1.7979087762338164,BabyLM 350M — first layer
-1.2319931053378363,-2.5386149095746635,13.313994530364377,6.870363873208706,1.867199722705874,-3.474173282823083,1.7979087762338164,BabyLM 350M — first layer
-1.0783413609450738,-2.5386149095746635,13.310219654292029,6.870363873208706,1.867199722705874,-3.474173282823083,1.7979087762338164,BabyLM 350M — first layer
-0.9246896165523115,-2.5386149095746635,13.305962819926938,6.870363873208706,1.867199722705874,-3.474173282823083,1.7979087762338164,BabyLM 350M — first layer
-0.771037872159549,-2.5386149095746635,13.301224027269106,6.870363873208706,1.867199722705874,-3.474173282823083,1.7979087762338164,BabyLM 350M — first layer
-0.6173861277667865,-2.5386149095746635,13.29600327631853,6.870363873208706,1.867199722705874,-3.474173282823083,1.7979087762338164,BabyLM 350M — first layer
-0.4637343833740242,-2.5386149095746635,13.290300567075212,6.870363873208706,1.867199722705874,-3.474173282823083,1.7979087762338164,BabyLM 350M — first layer
-0.31008263898126165,-2.5386149095746635,13.284115899539152,6.870363873208706,1.867199722705874,-3.474173282823083,1.7979087762338164,BabyLM 350M — first layer
-0.15643089458849913,-2.5386149095746635,13.277449273710351,6.870363873208706,1.867199722705874,-3.474173282823083,1.7979087762338164,BabyLM 350M — first layer
-0.0027791501957368236,-2.5386149095746635,13.270300689588806,6.870363873208706,1.867199722705874,-3.474173282823083,1.7979087762338164,BabyLM 350M — first layer
0.15087259419702548,-2.5386149095746635,13.26267014717452,6.870363873208706,1.867199722705874,-3.474173282823083,1.7979087762338164,BabyLM 350M — first layer
0.304524338589788,-2.5386149095746635,13.254557646467491,6.870363873208706,1.867199722705874,-3.474173282823083,1.7979087762338164,BabyLM 350M — first layer
0.4581760829825505,-2.5386149095746635,13.24596318746772,6.870363873208706,1.867199722705874,-3.474173282823083,1.7979087762338164,BabyLM 350M — first layer
0.611827827375313,-2.5386149095746635,13.236886770175206,6.870363873208706,1.867199722705874,-3.474173282823083,1.7979087762338164,BabyLM 350M — first layer
0.7654795717680756,-2.5386149095746635,13.22732839458995,6.870363873208706,1.867199722705874,-3.474173282823083,1.7979087762338164,BabyLM 350M — first layer
0.9191313161608377,-2.5386149095746635,13.217288060711951,6.870363873208706,1.867199722705874,-3.474173282823083,1.7979087762338164,BabyLM 350M — first layer
1.0727830605536002,-2.5386149095746635,13.20676576854121,6.870363873208706,1.867199722705874,-3.474173282823083,1.7979087762338164,BabyLM 350M — first layer
1.2264348049463627,-2.5386149095746635,13.195761518077727,6.870363873208706,1.867199722705874,-3.474173282823083,1.7979087762338164,BabyLM 350M — first layer
1.3800865493391252,-2.5386149095746635,13.184275309321503,6.870363873208706,1.867199722705874,-3.474173282823083,1.7979087762338164,BabyLM 350M — first layer
1.5337382937318877,-2.5386149095746635,13.172307142272535,6.870363873208706,1.867199722705874,-3.474173282823083,1.7979087762338164,BabyLM 350M — first layer
1.6873900381246503,-2.5386149095746635,13.159857016930825,6.870363873208706,1.867199722705874,-3.474173282823083,1.7979087762338164,BabyLM 350M — first layer
1.8410417825174124,-2.5386149095746635,13.146924933296372,6.870363873208706,1.867199722705874,-3.474173282823083,1.7979087762338164,BabyLM 350M — first layer
1.9946935269101749,-2.5386149095746635,13.133510891369179,6.870363873208706,1.867199722705874,-3.474173282823083,1.7979087762338164,BabyLM 350M — first layer
2.148345271302937,-2.5386149095746635,13.119614891149242,6.870363873208706,1.867199722705874,-3.474173282823083,1.7979087762338164,BabyLM 350M — first layer
2.3019970156956995,-2.5386149095746635,13.105236932636561,6.870363873208706,1.867199722705874,-3.474173282823083,1.7979087762338164,BabyLM 350M — first layer
2.455648760088462,-2.5386149095746635,13.090377015831141,6.870363873208706,1.867199722705874,-3.474173282823083,1.7979087762338164,BabyLM 350M — first layer
-2.0002518273016485,-2.3713881371951944,13.340558291719557,6.870363873208706,1.867199722705874,-3.474173282823083,1.7979087762338164,BabyLM 350M — first layer
-1.846600082908886,-2.3713881371951944,13.339237777248384,6.870363873208706,1.867199722705874,-3.474173282823083,1.7979087762338164,BabyLM 350M — first layer
-1.6929483385161237,-2.3713881371951944,13.33743530448447,6.870363873208706,1.867199722705874,-3.474173282823083,1.7979087762338164,BabyLM 350M — first layer
-1.5392965941233612,-2.3713881371951944,13.335150873427814,6.870363873208706,1.867199722705874,-3.474173282823083,1.7979087762338164,BabyLM 350M — first layer
-1.3856448497305989,-2.3713881371951944,13.332384484078414,6.870363873208706,1.867199722705874,-3.474173282823083,1.7979087762338164,BabyLM 350M — first layer
-1.2319931053378363,-2.3713881371951944,13.329136136436274,6.870363873208706,1.867199722705874,-3.474173282823083,1.7979087762338164,BabyLM 350M — first layer
-1.0783413609450738,-2.3713881371951944,13.32540583050139,6.870363873208706,1.867199722705874,-3.474173282823083,1.7979087762338164,BabyLM 350M — first layer
-0.9246896165523115,-2.3713881371951944,13.321193566273763,6.870363873208706,1.867199722705874,-3.474173282823083,1.7979087762338164,BabyLM 350M — first layer
-0.771037872159549,-2.3713881371951944,13.316499343753396,6.870363873208706,1.867199722705874,-3.474173282823083,1.7979087762338164,BabyLM 350M — first layer
-0.6173861277667865,-2.3713881371951944,13.311323162940285,6.870363873208706,1.867199722705874,-3.474173282823083,1.7979087762338164,BabyLM 350M — first layer
-0.4637343833740242,-2.3713881371951944,13.305665023834433,6.870363873208706,1.867199722705874,-3.474173282823083,1.7979087762338164,BabyLM 350M — first layer
-0.31008263898126165,-2.3713881371951944,13.299524926435836,6.870363873208706,1.867199722705874,-3.474173282823083,1.7979087762338164,BabyLM 350M — first layer
-0.15643089458849913,-2.3713881371951944,13.292902870744499,6.870363873208706,1.867199722705874,-3.474173282823083,1.7979087762338164,BabyLM 350M — first layer
-0.0027791501957368236,-2.3713881371951944,13.285798856760419,6.870363873208706,1.867199722705874,-3.474173282823083,1.7979087762338164,BabyLM 350M — first layer
0.15087259419702548,-2.3713881371951944,13.278212884483597,6.870363873208706,1.867199722705874,-3.474173282823083,1.7979087762338164,BabyLM 350M — first layer
0.304524338589788,-2.3713881371951944,13.270144953914032,6.870363873208706,1.867199722705874,-3.474173282823083,1.7979087762338164,BabyLM 350M — first layer
0.4581760829825505,-2.3713881371951944,13.261595065051726,6.870363873208706,1.867199722705874,-3.474173282823083,1.7979087762338164,BabyLM 350M — first layer
0.611827827375313,-2.3713881371951944,13.252563217896677,6.870363873208706,1.867199722705874,-3.474173282823083,1.7979087762338164,BabyLM 350M — first layer
0.7654795717680756,-2.3713881371951944,13.243049412448885,6.870363873208706,1.867199722705874,-3.474173282823083,1.7979087762338164,BabyLM 350M — first layer
0.9191313161608377,-2.3713881371951944,13.233053648708351,6.870363873208706,1.867199722705874,-3.474173282823083,1.7979087762338164,BabyLM 350M — first layer
1.0727830605536002,-2.3713881371951944,13.222575926675075,6.870363873208706,1.867199722705874,-3.474173282823083,1.7979087762338164,BabyLM 350M — first layer
1.2264348049463627,-2.3713881371951944,13.211616246349056,6.870363873208706,1.867199722705874,-3.474173282823083,1.7979087762338164,BabyLM 350M — first layer
1.3800865493391252,-2.3713881371951944,13.200174607730295,6.870363873208706,1.867199722705874,-3.474173282823083,1.7979087762338164,BabyLM 350M — first layer
1.5337382937318877,-2.3713881371951944,13.188251010818792,6.870363873208706,1.867199722705874,-3.474173282823083,1.7979087762338164,BabyLM 350M — first layer
1.6873900381246503,-2.3713881371951944,13.175845455614548,6.870363873208706,1.867199722705874,-3.474173282823083,1.7979087762338164,BabyLM 350M — first layer
1.8410417825174124,-2.3713881371951944,13.16295794211756,6.870363873208706,1.867199722705874,-3.474173282823083,1.7979087762338164,BabyLM 350M — first layer
1.9946935269101749,-2.3713881371951944,13.14958847032783,6.870363873208706,1.867199722705874,-3.474173282823083,1.7979087762338164,BabyLM 350M — first layer
2.148345271302937,-2.3713881371951944,13.135737040245356,6.870363873208706,1.867199722705874,-3.474173282823083,1.7979087762338164,BabyLM 350M — first layer
2.3019970156956995,-2.3713881371951944,13.121403651870143,6.870363873208706,1.867199722705874,-3.474173282823083,1.7979087762338164,BabyLM 350M — first layer
2.455648760088462,-2.3713881371951944,13.106588305202186,6.870363873208706,1.867199722705874,-3.474173282823083,1.7979087762338164,BabyLM 350M — first layer
-2.0002518273016485,-2.2041613648157248,13.354831715783428,6.870363873208706,1.867199722705874,-3.474173282823083,1.7979087762338164,BabyLM 350M — first layer
-1.846600082908886,-2.2041613648157248,13.35355577144972,6.870363873208706,1.867199722705874,-3.474173282823083,1.7979087762338164,BabyLM 350M — first layer
-1.6929483385161237,-2.2041613648157248,13.35179786882327,6.870363873208706,1.867199722705874,-3.474173282823083,1.7979087762338164,BabyLM 350M — first layer
-1.5392965941233612,-2.2041613648157248,13.349558007904077,6.870363873208706,1.867199722705874,-3.474173282823083,1.7979087762338164,BabyLM 350M — first layer
-1.3856448497305989,-2.2041613648157248,13.346836188692144,6.870363873208706,1.867199722705874,-3.474173282823083,1.7979087762338164,BabyLM 350M — first layer
-1.2319931053378363,-2.2041613648157248,13.343632411187468,6.870363873208706,1.867199722705874,-3.474173282823083,1.7979087762338164,BabyLM 350M — first layer
-1.0783413609450738,-2.2041613648157248,13.339946675390047,6.870363873208706,1.867199722705874,-3.474173282823083,1.7979087762338164,BabyLM 350M — first layer
-0.9246896165523115,-2.2041613648157248,13.335778981299887,6.870363873208706,1.867199722705874,-3.474173282823083,1.7979087762338164,BabyLM 350M — first layer
-0.771037872159549,-2.2041613648157248,13.331129328916983,6.870363873208706,1.867199722705874,-3.474173282823083,1.7979087762338164,BabyLM 350M — first layer
-0.6173861277667865,-2.2041613648157248,13.325997718241336,6.870363873208706,1.867199722705874,-3.474173282823083,1.7979087762338164,BabyLM 350M — first layer
-0.4637343833740242,-2.2041613648157248,13.320384149272948,6.870363873208706,1.867199722705874,-3.474173282823083,1.7979087762338164,BabyLM 350M — first layer
-0.31008263898126165,-2.2041613648157248,13.314288622011818,6.870363873208706,1.867199722705874,-3.474173282823083,1.7979087762338164,BabyLM 350M — first layer
-0.15643089458849913,-2.2041613648157248,13.307711136457945,6.870363873208706,1.867199722705874,-3.474173282823083,1.7979087762338164,BabyLM 350M — first layer
-0.0027791501957368236,-2.2041613648157248,13.300651692611329,6.870363873208706,1.867199722705874,-3.474173282823083,1.7979087762338164,BabyLM 350M — first layer
0.15087259419702548,-2.2041613648157248,13.29311029047197,6.870363873208706,1.867199722705874,-3.474173282823083,1.7979087762338164,BabyLM 350M — first layer
0.304524338589788,-2.2041613648157248,13.28508693003987,6.870363873208706,1.867199722705874,-3.474173282823083,1.7979087762338164,BabyLM 350M — first layer
0.4581760829825505,-2.2041613648157248,13.276581611315029,6.870363873208706,1.867199722705874,-3.474173282823083,1.7979087762338164,BabyLM 350M — first layer
0.611827827375313,-2.2041613648157248,13.267594334297444,6.870363873208706,1.867199722705874,-3.474173282823083,1.7979087762338164,BabyLM 350M — first layer
0.7654795717680756,-2.2041613648157248,13.258125098987117,6.870363873208706,1.867199722705874,-3.474173282823083,1.7979087762338164,BabyLM 350M — first layer
0.9191313161608377,-2.2041613648157248,13.248173905384048,6.870363873208706,1.867199722705874,-3.474173282823083,1.7979087762338164,BabyLM 350M — first layer
1.0727830605536002,-2.2041613648157248,13.237740753488236,6.870363873208706,1.867199722705874,-3.474173282823083,1.7979087762338164,BabyLM 350M — first layer
1.2264348049463627,-2.2041613648157248,13.226825643299682,6.870363873208706,1.867199722705874,-3.474173282823083,1.7979087762338164,BabyLM 350M — first layer
1.3800865493391252,-2.2041613648157248,13.215428574818386,6.870363873208706,1.867199722705874,-3.474173282823083,1.7979087762338164,BabyLM 350M — first layer
1.5337382937318877,-2.2041613648157248,13.203549548044347,6.870363873208706,1.867199722705874,-3.474173282823083,1.7979087762338164,BabyLM 350M — first layer
1.6873900381246503,-2.2041613648157248,13.191188562977567,6.870363873208706,1.867199722705874,-3.474173282823083,1.7979087762338164,BabyLM 350M — first layer
1.8410417825174124,-2.2041613648157248,13.178345619618042,6.870363873208706,1.867199722705874,-3.474173282823083,1.7979087762338164,BabyLM 350M — first layer
1.9946935269101749,-2.2041613648157248,13.165020717965778,6.870363873208706,1.867199722705874,-3.474173282823083,1.7979087762338164,BabyLM 350M — first layer
2.148345271302937,-2.2041613648157248,13.15121385802077,6.870363873208706,1.867199722705874,-3.474173282823083,1.7979087762338164,BabyLM 350M — first layer
2.3019970156956995,-2.2041613648157248,13.13692503978302,6.870363873208706,1.867199722705874,-3.474173282823083,1.7979087762338164,BabyLM 350M — first layer
2.455648760088462,-2.2041613648157248,13.122154263252527,6.870363873208706,1.867199722705874,-3.474173282823083,1.7979087762338164,BabyLM 350M — first layer
-2.0002518273016485,-2.0369345924362556,13.368459808526596,6.870363873208706,1.867199722705874,-3.474173282823083,1.7979087762338164,BabyLM 350M — first layer
-1.846600082908886,-2.0369345924362556,13.367228434330352,6.870363873208706,1.867199722705874,-3.474173282823083,1.7979087762338164,BabyLM 350M — first layer
-1.6929483385161237,-2.0369345924362556,13.365515101841368,6.870363873208706,1.867199722705874,-3.474173282823083,1.7979087762338164,BabyLM 350M — first layer
-1.5392965941233612,-2.0369345924362556,13.36331981105964,6.870363873208706,1.867199722705874,-3.474173282823083,1.7979087762338164,BabyLM 350M — first layer
-1.3856448497305989,-2.0369345924362556,13.36064256198517,6.870363873208706,1.867199722705874,-3.474173282823083,1.7979087762338164,BabyLM 350M — first layer
-1.2319931053378363,-2.0369345924362556,13.357483354617958,6.870363873208706,1.867199722705874,-3.474173282823083,1.7979087762338164,BabyLM 350M — first layer
-1.0783413609450738,-2.0369345924362556,13.353842188958003,6.870363873208706,1.867199722705874,-3.474173282823083,1.7979087762338164,BabyLM 350M — first layer
-0.9246896165523115,-2.0369345924362556,13.349719065005306,6.870363873208706,1.867199722705874,-3.474173282823083,1.7979087762338164,BabyLM 350M — first layer
-0.771037872159549,-2.0369345924362556,13.345113982759868,6.870363873208706,1.867199722705874,-3.474173282823083,1.7979087762338164,BabyLM 350M — first layer
-0.6173861277667865,-2.0369345924362556,13.340026942221686,6.870363873208706,1.867199722705874,-3.474173282823083,1.7979087762338164,BabyLM 350M — first layer
-0.4637343833740242,-2.0369345924362556,13.334457943390762,6.870363873208706,1.867199722705874,-3.474173282823083,1.7979087762338164,BabyLM 350M — first layer
-0.31008263898126165,-2.0369345924362556,13.328406986267096,6.870363873208706,1.867199722705874,-3.474173282823083,1.7979087762338164,BabyLM 350M — first layer
-0.15643089458849913,-2.0369345924362556,13.321874070850686,6.870363873208706,1.867199722705874,-3.474173282823083,1.7979087762338164,BabyLM 350M — first layer
-0.0027791501957368236,-2.0369345924362556,13.314859197141535,6.870363873208706,1.867199722705874,-3.474173282823083,1.7979087762338164,BabyLM 350M — first layer
0.15087259419702548,-2.0369345924362556,13.307362365139642,6.870363873208706,1.867199722705874,-3.474173282823083,1.7979087762338164,BabyLM 350M — first layer
0.304524338589788,-2.0369345924362556,13.299383574845008,6.870363873208706,1.867199722705874,-3.474173282823083,1.7979087762338164,BabyLM 350M — first layer
0.4581760829825505,-2.0369345924362556,13.29092282625763,6.870363873208706,1.867199722705874,-3.474173282823083,1.7979087762338164,BabyLM 350M — first layer
0.611827827375313,-2.0369345924362556,13.28198011937751,6.870363873208706,1.867199722705874,-3.474173282823083,1.7979087762338164,BabyLM 350M — first layer
0.7654795717680756,-2.0369345924362556,13.272555454204646,6.870363873208706,1.867199722705874,-3.474173282823083,1.7979087762338164,BabyLM 350M — first layer
0.9191313161608377,-2.0369345924362556,13.262648830739042,6.870363873208706,1.867199722705874,-3.474173282823083,1.7979087762338164,BabyLM 350M — first layer
1.0727830605536002,-2.0369345924362556,13.252260248980695,6.870363873208706,1.867199722705874,-3.474173282823083,1.7979087762338164,BabyLM 350M — first layer
1.2264348049463627,-2.0369345924362556,13.241389708929605,6.870363873208706,1.867199722705874,-3.474173282823083,1.7979087762338164,BabyLM 350M — first layer
1.3800865493391252,-2.0369345924362556,13.230037210585774,6.870363873208706,1.867199722705874,-3.474173282823083,1.7979087762338164,BabyLM 350M — first layer
1.5337382937318877,-2.0369345924362556,13.2182027539492,6.870363873208706,1.867199722705874,-3.474173282823083,1.7979087762338164,BabyLM 350M — first layer
1.6873900381246503,-2.0369345924362556,13.205886339019882,6.870363873208706,1.867199722705874,-3.474173282823083,1.7979087762338164,BabyLM 350M — first layer
1.8410417825174124,-2.0369345924362556,13.193087965797824,6.870363873208706,1.867199722705874,-3.474173282823083,1.7979087762338164,BabyLM 350M — first layer
1.9946935269101749,-2.0369345924362556,13.179807634283023,6.870363873208706,1.867199722705874,-3.474173282823083,1.7979087762338164,BabyLM 350M — first layer
2.148345271302937,-2.0369345924362556,13.16604534447548,6.870363873208706,1.867199722705874,-3.474173282823083,1.7979087762338164,BabyLM 350M — first layer
2.3019970156956995,-2.0369345924362556,13.151801096375193,6.870363873208706,1.867199722705874,-3.474173282823083,1.7979087762338164,BabyLM 350M — first layer
2.455648760088462,-2.0369345924362556,13.137074889982166,6.870363873208706,1.867199722705874,-3.474173282823083,1.7979087762338164,BabyLM 350M — first layer
-2.0002518273016485,-1.8697078200567863,13.381442569949062,6.870363873208706,1.867199722705874,-3.474173282823083,1.7979087762338164,BabyLM 350M — first layer
-1.846600082908886,-1.8697078200567863,13.380255765890283,6.870363873208706,1.867199722705874,-3.474173282823083,1.7979087762338164,BabyLM 350M — first layer
-1.6929483385161237,-1.8697078200567863,13.378587003538762,6.870363873208706,1.867199722705874,-3.474173282823083,1.7979087762338164,BabyLM 350M — first layer
-1.5392965941233612,-1.8697078200567863,13.376436282894499,6.870363873208706,1.867199722705874,-3.474173282823083,1.7979087762338164,BabyLM 350M — first layer
-1.3856448497305989,-1.8697078200567863,13.373803603957494,6.870363873208706,1.867199722705874,-3.474173282823083,1.7979087762338164,BabyLM 350M — first layer
-1.2319931053378363,-1.8697078200567863,13.370688966727746,6.870363873208706,1.867199722705874,-3.474173282823083,1.7979087762338164,BabyLM 350M — first layer
-1.0783413609450738,-1.8697078200567863,13.367092371205256,6.870363873208706,1.867199722705874,-3.474173282823083,1.7979087762338164,BabyLM 350M — first layer
-0.9246896165523115,-1.8697078200567863,13.363013817390023,6.870363873208706,1.867199722705874,-3.474173282823083,1.7979087762338164,BabyLM 350M — first layer
-0.771037872159549,-1.8697078200567863,13.358453305282048,6.870363873208706,1.867199722705874,-3.474173282823083,1.7979087762338164,BabyLM 350M — first layer
-0.6173861277667865,-1.8697078200567863,13.35341083488133,6.870363873208706,1.867199722705874,-3.474173282823083,1.7979087762338164,BabyLM 350M — first layer
-0.4637343833740242,-1.8697078200567863,13.347886406187872,6.870363873208706,1.867199722705874,-3.474173282823083,1.7979087762338164,BabyLM 350M — first layer
-0.31008263898126165,-1.8697078200567863,13.34188001920167,6.870363873208706,1.867199722705874,-3.474173282823083,1.7979087762338164,BabyLM 350M — first layer
-0.15643089458849913,-1.8697078200567863,13.335391673922727,6.870363873208706,1.867199722705874,-3.474173282823083,1.7979087762338164,BabyLM 350M — first layer
-0.0027791501957368236,-1.8697078200567863,13.32842137035104,6.870363873208706,1.867199722705874,-3.474173282823083,1.7979087762338164,BabyLM 350M — first layer
0.15087259419702548,-1.8697078200567863,13.320969108486612,6.870363873208706,1.867199722705874,-3.474173282823083,1.7979087762338164,BabyLM 350M — first layer
0.304524338589788,-1.8697078200567863,13.31303488832944,6.870363873208706,1.867199722705874,-3.474173282823083,1.7979087762338164,BabyLM 350M — first layer
0.4581760829825505,-1.8697078200567863,13.304618709879527,6.870363873208706,1.867199722705874,-3.474173282823083,1.7979087762338164,BabyLM 350M — first layer
0.611827827375313,-1.8697078200567863,13.29572057313687,6.870363873208706,1.867199722705874,-3.474173282823083,1.7979087762338164,BabyLM 350M — first layer
0.7654795717680756,-1.8697078200567863,13.286340478101472,6.870363873208706,1.867199722705874,-3.474173282823083,1.7979087762338164,BabyLM 350M — first layer
0.9191313161608377,-1.8697078200567863,13.276478424773332,6.870363873208706,1.867199722705874,-3.474173282823083,1.7979087762338164,BabyLM 350M — first layer
1.0727830605536002,-1.8697078200567863,13.26613441315245,6.870363873208706,1.867199722705874,-3.474173282823083,1.7979087762338164,BabyLM 350M — first layer
1.2264348049463627,-1.8697078200567863,13.255308443238825,6.870363873208706,1.867199722705874,-3.474173282823083,1.7979087762338164,BabyLM 350M — first layer
1.3800865493391252,-1.8697078200567863,13.244000515032457,6.870363873208706,1.867199722705874,-3.474173282823083,1.7979087762338164,BabyLM 350M — first layer
1.5337382937318877,-1.8697078200567863,13.232210628533348,6.870363873208706,1.867199722705874,-3.474173282823083,1.7979087762338164,BabyLM 350M — first layer
1.6873900381246503,-1.8697078200567863,13.219938783741496,6.870363873208706,1.867199722705874,-3.474173282823083,1.7979087762338164,BabyLM 350M — first layer
1.8410417825174124,-1.8697078200567863,13.207184980656901,6.870363873208706,1.867199722705874,-3.474173282823083,1.7979087762338164,BabyLM 350M — first layer
1.9946935269101749,-1.8697078200567863,13.193949219279565,6.870363873208706,1.867199722705874,-3.474173282823083,1.7979087762338164,BabyLM 350M — first layer
2.148345271302937,-1.8697078200567863,13.180231499609487,6.870363873208706,1.867199722705874,-3.474173282823083,1.7979087762338164,BabyLM 350M — first layer
2.3019970156956995,-1.8697078200567863,13.166031821646666,6.870363873208706,1.867199722705874,-3.474173282823083,1.7979087762338164,BabyLM 350M — first layer
2.455648760088462,-1.8697078200567863,13.151350185391102,6.870363873208706,1.867199722705874,-3.474173282823083,1.7979087762338164,BabyLM 350M — first layer
-2.0002518273016485,-1.702481047677317,13.393780000050825,6.870363873208706,1.867199722705874,-3.474173282823083,1.7979087762338164,BabyLM 350M — first layer
-1.846600082908886,-1.702481047677317,13.39263776612951,6.870363873208706,1.867199722705874,-3.474173282823083,1.7979087762338164,BabyLM 350M — first layer
-1.6929483385161237,-1.702481047677317,13.391013573915453,6.870363873208706,1.867199722705874,-3.474173282823083,1.7979087762338164,BabyLM 350M — first layer
-1.5392965941233612,-1.702481047677317,13.388907423408655,6.870363873208706,1.867199722705874,-3.474173282823083,1.7979087762338164,BabyLM 350M — first layer
-1.3856448497305989,-1.702481047677317,13.386319314609114,6.870363873208706,1.867199722705874,-3.474173282823083,1.7979087762338164,BabyLM 350M — first layer
-1.2319931053378363,-1.702481047677317,13.383249247516831,6.870363873208706,1.867199722705874,-3.474173282823083,1.7979087762338164,BabyLM 350M — first layer
-1.0783413609450738,-1.702481047677317,13.379697222131805,6.870363873208706,1.867199722705874,-3.474173282823083,1.7979087762338164,BabyLM 350M — first layer
-0.9246896165523115,-1.702481047677317,13.375663238454038,6.870363873208706,1.867199722705874,-3.474173282823083,1.7979087762338164,BabyLM 350M — first layer
-0.771037872159549,-1.702481047677317,13.371147296483526,6.870363873208706,1.867199722705874,-3.474173282823083,1.7979087762338164,BabyLM 350M — first layer
-0.6173861277667865,-1.702481047677317,13.366149396220274,6.870363873208706,1.867199722705874,-3.474173282823083,1.7979087762338164,BabyLM 350M — first layer
-0.4637343833740242,-1.702481047677317,13.360669537664279,6.870363873208706,1.867199722705874,-3.474173282823083,1.7979087762338164,BabyLM 350M — first layer
-0.31008263898126165,-1.702481047677317,13.354707720815542,6.870363873208706,1.867199722705874,-3.474173282823083,1.7979087762338164,BabyLM 350M — first layer
-0.15643089458849913,-1.702481047677317,13.348263945674063,6.870363873208706,1.867199722705874,-3.474173282823083,1.7979087762338164,BabyLM 350M — first layer
-0.0027791501957368236,-1.702481047677317,13.34133821223984,6.870363873208706,1.867199722705874,-3.474173282823083,1.7979087762338164,BabyLM 350M — first layer
0.15087259419702548,-1.702481047677317,13.333930520512876,6.870363873208706,1.867199722705874,-3.474173282823083,1.7979087762338164,BabyLM 350M — first layer
0.304524338589788,-1.702481047677317,13.32604087049317,6.870363873208706,1.867199722705874,-3.474173282823083,1.7979087762338164,BabyLM 350M — first layer
0.4581760829825505,-1.702481047677317,13.317669262180722,6.870363873208706,1.867199722705874,-3.474173282823083,1.7979087762338164,BabyLM 350M — first layer
0.611827827375313,-1.702481047677317,13.30881569557553,6.870363873208706,1.867199722705874,-3.474173282823083,1.7979087762338164,BabyLM 350M — first layer
0.7654795717680756,-1.702481047677317,13.299480170677597,6.870363873208706,1.867199722705874,-3.474173282823083,1.7979087762338164,BabyLM 350M — first layer
0.9191313161608377,-1.702481047677317,13.28966268748692,6.870363873208706,1.867199722705874,-3.474173282823083,1.7979087762338164,BabyLM 350M — first layer
1.0727830605536002,-1.702481047677317,13.279363246003502,6.870363873208706,1.867199722705874,-3.474173282823083,1.7979087762338164,BabyLM 350M — first layer
1.2264348049463627,-1.702481047677317,13.268581846227342,6.870363873208706,1.867199722705874,-3.474173282823083,1.7979087762338164,BabyLM 350M — first layer
1.3800865493391252,-1.702481047677317,13.25731848815844,6.870363873208706,1.867199722705874,-3.474173282823083,1.7979087762338164,BabyLM 350M — first layer
1.5337382937318877,-1.702481047677317,13.245573171796794,6.870363873208706,1.867199722705874,-3.474173282823083,1.7979087762338164,BabyLM 350M — first layer
1.6873900381246503,-1.702481047677317,13.233345897142406,6.870363873208706,1.867199722705874,-3.474173282823083,1.7979087762338164,BabyLM 350M — first layer
1.8410417825174124,-1.702481047677317,13.220636664195277,6.870363873208706,1.867199722705874,-3.474173282823083,1.7979087762338164,BabyLM 350M — first layer
1.9946935269101749,-1.702481047677317,13.207445472955404,6.870363873208706,1.867199722705874,-3.474173282823083,1.7979087762338164,BabyLM 350M — first layer
2.148345271302937,-1.702481047677317,13.19377232342279,6.870363873208706,1.867199722705874,-3.474173282823083,1.7979087762338164,BabyLM 350M — first layer
2.3019970156956995,-1.702481047677317,13.179617215597434,6.870363873208706,1.867199722705874,-3.474173282823083,1.7979087762338164,BabyLM 350M — first layer
2.455648760088462,-1.702481047677317,13.164980149479335,6.870363873208706,1.867199722705874,-3.474173282823083,1.7979087762338164,BabyLM 350M — first layer
-2.0002518273016485,-1.5352542752978477,13.405472098831885,6.870363873208706,1.867199722705874,-3.474173282823083,1.7979087762338164,BabyLM 350M — first layer
-1.846600082908886,-1.5352542752978477,13.404374435048034,6.870363873208706,1.867199722705874,-3.474173282823083,1.7979087762338164,BabyLM 350M — first layer
-1.6929483385161237,-1.5352542752978477,13.402794812971443,6.870363873208706,1.867199722705874,-3.474173282823083,1.7979087762338164,BabyLM 350M — first layer
-1.5392965941233612,-1.5352542752978477,13.400733232602109,6.870363873208706,1.867199722705874,-3.474173282823083,1.7979087762338164,BabyLM 350M — first layer
-1.3856448497305989,-1.5352542752978477,13.398189693940031,6.870363873208706,1.867199722705874,-3.474173282823083,1.7979087762338164,BabyLM 350M — first layer
-1.2319931053378363,-1.5352542752978477,13.395164196985213,6.870363873208706,1.867199722705874,-3.474173282823083,1.7979087762338164,BabyLM 350M — first layer
-1.0783413609450738,-1.5352542752978477,13.391656741737652,6.870363873208706,1.867199722705874,-3.474173282823083,1.7979087762338164,BabyLM 350M — first layer
-0.9246896165523115,-1.5352542752978477,13.387667328197349,6.870363873208706,1.867199722705874,-3.474173282823083,1.7979087762338164,BabyLM 350M — first layer
-0.771037872159549,-1.5352542752978477,13.383195956364302,6.870363873208706,1.867199722705874,-3.474173282823083,1.7979087762338164,BabyLM 350M — first layer
-0.6173861277667865,-1.5352542752978477,13.378242626238515,6.870363873208706,1.867199722705874,-3.474173282823083,1.7979087762338164,BabyLM 350M — first layer
-0.4637343833740242,-1.5352542752978477,13.372807337819983,6.870363873208706,1.867199722705874,-3.474173282823083,1.7979087762338164,BabyLM 350M — first layer
-0.31008263898126165,-1.5352542752978477,13.366890091108711,6.870363873208706,1.867199722705874,-3.474173282823083,1.7979087762338164,BabyLM 350M — first layer
-0.15643089458849913,-1.5352542752978477,13.360490886104696,6.870363873208706,1.867199722705874,-3.474173282823083,1.7979087762338164,BabyLM 350M — first layer
-0.0027791501957368236,-1.5352542752978477,13.353609722807938,6.870363873208706,1.867199722705874,-3.474173282823083,1.7979087762338164,BabyLM 350M — first layer
0.15087259419702548,-1.5352542752978477,13.34624660121844,6.870363873208706,1.867199722705874,-3.474173282823083,1.7979087762338164,BabyLM 350M — first layer
0.304524338589788,-1.5352542752978477,13.338401521336197,6.870363873208706,1.867199722705874,-3.474173282823083,1.7979087762338164,BabyLM 350M — first layer
0.4581760829825505,-1.5352542752978477,13.330074483161214,6.870363873208706,1.867199722705874,-3.474173282823083,1.7979087762338164,BabyLM 350M — first layer
0.611827827375313,-1.5352542752978477,13.321265486693486,6.870363873208706,1.867199722705874,-3.474173282823083,1.7979087762338164,BabyLM 350M — first layer
0.7654795717680756,-1.5352542752978477,13.311974531933018,6.870363873208706,1.867199722705874,-3.474173282823083,1.7979087762338164,BabyLM 350M — first layer
0.9191313161608377,-1.5352542752978477,13.302201618879806,6.870363873208706,1.867199722705874,-3.474173282823083,1.7979087762338164,BabyLM 350M — first layer
1.0727830605536002,-1.5352542752978477,13.291946747533853,6.870363873208706,1.867199722705874,-3.474173282823083,1.7979087762338164,BabyLM 350M — first layer
1.2264348049463627,-1.5352542752978477,13.281209917895156,6.870363873208706,1.867199722705874,-3.474173282823083,1.7979087762338164,BabyLM 350M — first layer
1.3800865493391252,-1.5352542752978477,13.269991129963719,6.870363873208706,1.867199722705874,-3.474173282823083,1.7979087762338164,BabyLM 350M — first layer
1.5337382937318877,-1.5352542752978477,13.258290383739538,6.870363873208706,1.867199722705874,-3.474173282823083,1.7979087762338164,BabyLM 350M — first layer
1.6873900381246503,-1.5352542752978477,13.246107679222614,6.870363873208706,1.867199722705874,-3.474173282823083,1.7979087762338164,BabyLM 350M — first layer
1.8410417825174124,-1.5352542752978477,13.23344301641295,6.870363873208706,1.867199722705874,-3.474173282823083,1.7979087762338164,BabyLM 350M — first layer
1.9946935269101749,-1.5352542752978477,13.220296395310543,6.870363873208706,1.867199722705874,-3.474173282823083,1.7979087762338164,BabyLM 350M — first layer
2.148345271302937,-1.5352542752978477,13.206667815915392,6.870363873208706,1.867199722705874,-3.474173282823083,1.7979087762338164,BabyLM 350M — first layer
2.3019970156956995,-1.5352542752978477,13.1925572782275,6.870363873208706,1.867199722705874,-3.474173282823083,1.7979087762338164,BabyLM 350M — first layer
2.455648760088462,-1.5352542752978477,13.177964782246866,6.870363873208706,1.867199722705874,-3.474173282823083,1.7979087762338164,BabyLM 350M — first layer
-2.0002518273016485,-1.3680275029183784,13.416518866292241,6.870363873208706,1.867199722705874,-3.474173282823083,1.7979087762338164,BabyLM 350M — first layer
-1.846600082908886,-1.3680275029183784,13.415465772645856,6.870363873208706,1.867199722705874,-3.474173282823083,1.7979087762338164,BabyLM 350M — first layer
-1.6929483385161237,-1.3680275029183784,13.413930720706729,6.870363873208706,1.867199722705874,-3.474173282823083,1.7979087762338164,BabyLM 350M — first layer
-1.5392965941233612,-1.3680275029183784,13.41191371047486,6.870363873208706,1.867199722705874,-3.474173282823083,1.7979087762338164,BabyLM 350M — first layer
-1.3856448497305989,-1.3680275029183784,13.409414741950247,6.870363873208706,1.867199722705874,-3.474173282823083,1.7979087762338164,BabyLM 350M — first layer
-1.2319931053378363,-1.3680275029183784,13.406433815132893,6.870363873208706,1.867199722705874,-3.474173282823083,1.7979087762338164,BabyLM 350M — first layer
-1.0783413609450738,-1.3680275029183784,13.402970930022796,6.870363873208706,1.867199722705874,-3.474173282823083,1.7979087762338164,BabyLM 350M — first layer
-0.9246896165523115,-1.3680275029183784,13.399026086619957,6.870363873208706,1.867199722705874,-3.474173282823083,1.7979087762338164,BabyLM 350M — first layer
-0.771037872159549,-1.3680275029183784,13.394599284924375,6.870363873208706,1.867199722705874,-3.474173282823083,1.7979087762338164,BabyLM 350M — first layer
-0.6173861277667865,-1.3680275029183784,13.389690524936052,6.870363873208706,1.867199722705874,-3.474173282823083,1.7979087762338164,BabyLM 350M — first layer
-0.4637343833740242,-1.3680275029183784,13.384299806654987,6.870363873208706,1.867199722705874,-3.474173282823083,1.7979087762338164,BabyLM 350M — first layer
-0.31008263898126165,-1.3680275029183784,13.378427130081178,6.870363873208706,1.867199722705874,-3.474173282823083,1.7979087762338164,BabyLM 350M — first layer
-0.15643089458849913,-1.3680275029183784,13.372072495214628,6.870363873208706,1.867199722705874,-3.474173282823083,1.7979087762338164,BabyLM 350M — first layer
-0.0027791501957368236,-1.3680275029183784,13.365235902055334,6.870363873208706,1.867199722705874,-3.474173282823083,1.7979087762338164,BabyLM 350M — first layer
0.15087259419702548,-1.3680275029183784,13.3579173506033,6.870363873208706,1.867199722705874,-3.474173282823083,1.7979087762338164,BabyLM 350M — first layer
0.304524338589788,-1.3680275029183784,13.350116840858522,6.870363873208706,1.867199722705874,-3.474173282823083,1.7979087762338164,BabyLM 350M — first layer
0.4581760829825505,-1.3680275029183784,13.341834372821003,6.870363873208706,1.867199722705874,-3.474173282823083,1.7979087762338164,BabyLM 350M — first layer
0.611827827375313,-1.3680275029183784,13.33306994649074,6.870363873208706,1.867199722705874,-3.474173282823083,1.7979087762338164,BabyLM 350M — first layer
0.7654795717680756,-1.3680275029183784,13.323823561867735,6.870363873208706,1.867199722705874,-3.474173282823083,1.7979087762338164,BabyLM 350M — first layer
0.9191313161608377,-1.3680275029183784,13.314095218951989,6.870363873208706,1.867199722705874,-3.474173282823083,1.7979087762338164,BabyLM 350M — first layer
1.0727830605536002,-1.3680275029183784,13.303884917743499,6.870363873208706,1.867199722705874,-3.474173282823083,1.7979087762338164,BabyLM 350M — first layer
1.2264348049463627,-1.3680275029183784,13.293192658242267,6.870363873208706,1.867199722705874,-3.474173282823083,1.7979087762338164,BabyLM 350M — first layer
1.3800865493391252,-1.3680275029183784,13.282018440448294,6.870363873208706,1.867199722705874,-3.474173282823083,1.7979087762338164,BabyLM 350M — first layer
1.5337382937318877,-1.3680275029183784,13.270362264361578,6.870363873208706,1.867199722705874,-3.474173282823083,1.7979087762338164,BabyLM 350M — first layer
1.6873900381246503,-1.3680275029183784,13.25822412998212,6.870363873208706,1.867199722705874,-3.474173282823083,1.7979087762338164,BabyLM 350M — first layer
1.8410417825174124,-1.3680275029183784,13.245604037309919,6.870363873208706,1.867199722705874,-3.474173282823083,1.7979087762338164,BabyLM 350M — first layer
1.9946935269101749,-1.3680275029183784,13.232501986344976,6.870363873208706,1.867199722705874,-3.474173282823083,1.7979087762338164,BabyLM 350M — first layer
2.148345271302937,-1.3680275029183784,13.21891797708729,6.870363873208706,1.867199722705874,-3.474173282823083,1.7979087762338164,BabyLM 350M — first layer
2.3019970156956995,-1.3680275029183784,13.204852009536863,6.870363873208706,1.867199722705874,-3.474173282823083,1.7979087762338164,BabyLM 350M — first layer
2.455648760088462,-1.3680275029183784,13.190304083693693,6.870363873208706,1.867199722705874,-3.474173282823083,1.7979087762338164,BabyLM 350M — first layer
-2.0002518273016485,-1.200800730538909,13.426920302431895,6.870363873208706,1.867199722705874,-3.474173282823083,1.7979087762338164,BabyLM 350M — first layer
-1.846600082908886,-1.200800730538909,13.425911778922973,6.870363873208706,1.867199722705874,-3.474173282823083,1.7979087762338164,BabyLM 350M — first layer
-1.6929483385161237,-1.200800730538909,13.424421297121311,6.870363873208706,1.867199722705874,-3.474173282823083,1.7979087762338164,BabyLM 350M — first layer
-1.5392965941233612,-1.200800730538909,13.422448857026906,6.870363873208706,1.867199722705874,-3.474173282823083,1.7979087762338164,BabyLM 350M — first layer
-1.3856448497305989,-1.200800730538909,13.419994458639758,6.870363873208706,1.867199722705874,-3.474173282823083,1.7979087762338164,BabyLM 350M — first layer
-1.2319931053378363,-1.200800730538909,13.417058101959869,6.870363873208706,1.867199722705874,-3.474173282823083,1.7979087762338164,BabyLM 350M — first layer
-1.0783413609450738,-1.200800730538909,13.413639786987236,6.870363873208706,1.867199722705874,-3.474173282823083,1.7979087762338164,BabyLM 350M — first layer
-0.9246896165523115,-1.200800730538909,13.409739513721863,6.870363873208706,1.867199722705874,-3.474173282823083,1.7979087762338164,BabyLM 350M — first layer
-0.771037872159549,-1.200800730538909,13.405357282163745,6.870363873208706,1.867199722705874,-3.474173282823083,1.7979087762338164,BabyLM 350M — first layer
-0.6173861277667865,-1.200800730538909,13.400493092312887,6.870363873208706,1.867199722705874,-3.474173282823083,1.7979087762338164,BabyLM 350M — first layer
-0.4637343833740242,-1.200800730538909,13.395146944169285,6.870363873208706,1.867199722705874,-3.474173282823083,1.7979087762338164,BabyLM 350M — first layer
-0.31008263898126165,-1.200800730538909,13.389318837732942,6.870363873208706,1.867199722705874,-3.474173282823083,1.7979087762338164,BabyLM 350M — first layer
-0.15643089458849913,-1.200800730538909,13.383008773003855,6.870363873208706,1.867199722705874,-3.474173282823083,1.7979087762338164,BabyLM 350M — first layer
-0.0027791501957368236,-1.200800730538909,13.376216749982028,6.870363873208706,1.867199722705874,-3.474173282823083,1.7979087762338164,BabyLM 350M — first layer
0.15087259419702548,-1.200800730538909,13.368942768667457,6.870363873208706,1.867199722705874,-3.474173282823083,1.7979087762338164,BabyLM 350M — first layer
0.304524338589788,-1.200800730538909,13.361186829060143,6.870363873208706,1.867199722705874,-3.474173282823083,1.7979087762338164,BabyLM 350M — first layer
0.4581760829825505,-1.200800730538909,13.352948931160087,6.870363873208706,1.867199722705874,-3.474173282823083,1.7979087762338164,BabyLM 350M — first layer
0.611827827375313,-1.200800730538909,13.34422907496729,6.870363873208706,1.867199722705874,-3.474173282823083,1.7979087762338164,BabyLM 350M — first layer
0.7654795717680756,-1.200800730538909,13.33502726048175,6.870363873208706,1.867199722705874,-3.474173282823083,1.7979087762338164,BabyLM 350M — first layer
0.9191313161608377,-1.200800730538909,13.325343487703469,6.870363873208706,1.867199722705874,-3.474173282823083,1.7979087762338164,BabyLM 350M — first layer
1.0727830605536002,-1.200800730538909,13.315177756632444,6.870363873208706,1.867199722705874,-3.474173282823083,1.7979087762338164,BabyLM 350M — first layer
1.2264348049463627,-1.200800730538909,13.304530067268677,6.870363873208706,1.867199722705874,-3.474173282823083,1.7979087762338164,BabyLM 350M — first layer
1.3800865493391252,-1.200800730538909,13.293400419612167,6.870363873208706,1.867199722705874,-3.474173282823083,1.7979087762338164,BabyLM 350M — first layer
1.5337382937318877,-1.200800730538909,13.281788813662915,6.870363873208706,1.867199722705874,-3.474173282823083,1.7979087762338164,BabyLM 350M — first layer
1.6873900381246503,-1.200800730538909,13.269695249420922,6.870363873208706,1.867199722705874,-3.474173282823083,1.7979087762338164,BabyLM 350M — first layer
1.8410417825174124,-1.200800730538909,13.257119726886186,6.870363873208706,1.867199722705874,-3.474173282823083,1.7979087762338164,BabyLM 350M — first layer
1.9946935269101749,-1.200800730538909,13.244062246058707,6.870363873208706,1.867199722705874,-3.474173282823083,1.7979087762338164,BabyLM 350M — first layer
2.148345271302937,-1.200800730538909,13.230522806938486,6.870363873208706,1.867199722705874,-3.474173282823083,1.7979087762338164,BabyLM 350M — first layer
2.3019970156956995,-1.200800730538909,13.216501409525524,6.870363873208706,1.867199722705874,-3.474173282823083,1.7979087762338164,BabyLM 350M — first layer
2.455648760088462,-1.200800730538909,13.201998053819818,6.870363873208706,1.867199722705874,-3.474173282823083,1.7979087762338164,BabyLM 350M — first layer
-2.0002518273016485,-1.0335739581594396,13.436676407250847,6.870363873208706,1.867199722705874,-3.474173282823083,1.7979087762338164,BabyLM 350M — first layer
-1.846600082908886,-1.0335739581594396,13.43571245387939,6.870363873208706,1.867199722705874,-3.474173282823083,1.7979087762338164,BabyLM 350M — first layer
-1.6929483385161237,-1.0335739581594396,13.434266542215191,6.870363873208706,1.867199722705874,-3.474173282823083,1.7979087762338164,BabyLM 350M — first layer
-1.5392965941233612,-1.0335739581594396,13.43233867225825,6.870363873208706,1.867199722705874,-3.474173282823083,1.7979087762338164,BabyLM 350M — first layer
-1.3856448497305989,-1.0335739581594396,13.429928844008568,6.870363873208706,1.867199722705874,-3.474173282823083,1.7979087762338164,BabyLM 350M — first layer
-1.2319931053378363,-1.0335739581594396,13.427037057466142,6.870363873208706,1.867199722705874,-3.474173282823083,1.7979087762338164,BabyLM 350M — first layer
-1.0783413609450738,-1.0335739581594396,13.423663312630975,6.870363873208706,1.867199722705874,-3.474173282823083,1.7979087762338164,BabyLM 350M — first layer
-0.9246896165523115,-1.0335739581594396,13.419807609503065,6.870363873208706,1.867199722705874,-3.474173282823083,1.7979087762338164,BabyLM 350M — first layer
-0.771037872159549,-1.0335739581594396,13.415469948082412,6.870363873208706,1.867199722705874,-3.474173282823083,1.7979087762338164,BabyLM 350M — first layer
-0.6173861277667865,-1.0335739581594396,13.410650328369018,6.870363873208706,1.867199722705874,-3.474173282823083,1.7979087762338164,BabyLM 350M — first layer
-0.4637343833740242,-1.0335739581594396,13.405348750362881,6.870363873208706,1.867199722705874,-3.474173282823083,1.7979087762338164,BabyLM 350M — first layer
-0.31008263898126165,-1.0335739581594396,13.399565214064003,6.870363873208706,1.867199722705874,-3.474173282823083,1.7979087762338164,BabyLM 350M — first layer
-0.15643089458849913,-1.0335739581594396,13.393299719472381,6.870363873208706,1.867199722705874,-3.474173282823083,1.7979087762338164,BabyLM 350M — first layer
-0.0027791501957368236,-1.0335739581594396,13.386552266588017,6.870363873208706,1.867199722705874,-3.474173282823083,1.7979087762338164,BabyLM 350M — first layer
0.15087259419702548,-1.0335739581594396,13.37932285541091,6.870363873208706,1.867199722705874,-3.474173282823083,1.7979087762338164,BabyLM 350M — first layer
0.304524338589788,-1.0335739581594396,13.371611485941061,6.870363873208706,1.867199722705874,-3.474173282823083,1.7979087762338164,BabyLM 350M — first layer
0.4581760829825505,-1.0335739581594396,13.36341815817847,6.870363873208706,1.867199722705874,-3.474173282823083,1.7979087762338164,BabyLM 350M — first layer
0.611827827375313,-1.0335739581594396,13.354742872123138,6.870363873208706,1.867199722705874,-3.474173282823083,1.7979087762338164,BabyLM 350M — first layer
0.7654795717680756,-1.0335739581594396,13.345585627775062,6.870363873208706,1.867199722705874,-3.474173282823083,1.7979087762338164,BabyLM 350M — first layer
0.9191313161608377,-1.0335739581594396,13.335946425134244,6.870363873208706,1.867199722705874,-3.474173282823083,1.7979087762338164,BabyLM 350M — first layer
1.0727830605536002,-1.0335739581594396,13.325825264200684,6.870363873208706,1.867199722705874,-3.474173282823083,1.7979087762338164,BabyLM 350M — first layer
1.2264348049463627,-1.0335739581594396,13.315222144974383,6.870363873208706,1.867199722705874,-3.474173282823083,1.7979087762338164,BabyLM 350M — first layer
1.3800865493391252,-1.0335739581594396,13.304137067455338,6.870363873208706,1.867199722705874,-3.474173282823083,1.7979087762338164,BabyLM 350M — first layer
1.5337382937318877,-1.0335739581594396,13.29257003164355,6.870363873208706,1.867199722705874,-3.474173282823083,1.7979087762338164,BabyLM 350M — first layer
1.6873900381246503,-1.0335739581594396,13.280521037539021,6.870363873208706,1.867199722705874,-3.474173282823083,1.7979087762338164,BabyLM 350M — first layer
1.8410417825174124,-1.0335739581594396,13.267990085141749,6.870363873208706,1.867199722705874,-3.474173282823083,1.7979087762338164,BabyLM 350M — first layer
1.9946935269101749,-1.0335739581594396,13.254977174451735,6.870363873208706,1.867199722705874,-3.474173282823083,1.7979087762338164,BabyLM 350M — first layer
2.148345271302937,-1.0335739581594396,13.24148230546898,6.870363873208706,1.867199722705874,-3.474173282823083,1.7979087762338164,BabyLM 350M — first layer
2.3019970156956995,-1.0335739581594396,13.22750547819348,6.870363873208706,1.867199722705874,-3.474173282823083,1.7979087762338164,BabyLM 350M — first layer
2.455648760088462,-1.0335739581594396,13.21304669262524,6.870363873208706,1.867199722705874,-3.474173282823083,1.7979087762338164,BabyLM 350M — first layer
-2.0002518273016485,-0.8663471857799703,13.445787180749095,6.870363873208706,1.867199722705874,-3.474173282823083,1.7979087762338164,BabyLM 350M — first layer
-1.846600082908886,-0.8663471857799703,13.444867797515103,6.870363873208706,1.867199722705874,-3.474173282823083,1.7979087762338164,BabyLM 350M — first layer
-1.6929483385161237,-0.8663471857799703,13.44346645598837,6.870363873208706,1.867199722705874,-3.474173282823083,1.7979087762338164,BabyLM 350M — first layer
-1.5392965941233612,-0.8663471857799703,13.441583156168893,6.870363873208706,1.867199722705874,-3.474173282823083,1.7979087762338164,BabyLM 350M — first layer
-1.3856448497305989,-0.8663471857799703,13.439217898056674,6.870363873208706,1.867199722705874,-3.474173282823083,1.7979087762338164,BabyLM 350M — first layer
-1.2319931053378363,-0.8663471857799703,13.436370681651713,6.870363873208706,1.867199722705874,-3.474173282823083,1.7979087762338164,BabyLM 350M — first layer
-1.0783413609450738,-0.8663471857799703,13.43304150695401,6.870363873208706,1.867199722705874,-3.474173282823083,1.7979087762338164,BabyLM 350M — first layer
-0.9246896165523115,-0.8663471857799703,13.429230373963565,6.870363873208706,1.867199722705874,-3.474173282823083,1.7979087762338164,BabyLM 350M — first layer
-0.771037872159549,-0.8663471857799703,13.424937282680377,6.870363873208706,1.867199722705874,-3.474173282823083,1.7979087762338164,BabyLM 350M — first layer
-0.6173861277667865,-0.8663471857799703,13.420162233104447,6.870363873208706,1.867199722705874,-3.474173282823083,1.7979087762338164,BabyLM 350M — first layer
-0.4637343833740242,-0.8663471857799703,13.414905225235774,6.870363873208706,1.867199722705874,-3.474173282823083,1.7979087762338164,BabyLM 350M — first layer
-0.31008263898126165,-0.8663471857799703,13.409166259074361,6.870363873208706,1.867199722705874,-3.474173282823083,1.7979087762338164,BabyLM 350M — first layer
-0.15643089458849913,-0.8663471857799703,13.402945334620203,6.870363873208706,1.867199722705874,-3.474173282823083,1.7979087762338164,BabyLM 350M — first layer
-0.0027791501957368236,-0.8663471857799703,13.396242451873304,6.870363873208706,1.867199722705874,-3.474173282823083,1.7979087762338164,BabyLM 350M — first layer
0.15087259419702548,-0.8663471857799703,13.389057610833662,6.870363873208706,1.867199722705874,-3.474173282823083,1.7979087762338164,BabyLM 350M — first layer
0.304524338589788,-0.8663471857799703,13.381390811501278,6.870363873208706,1.867199722705874,-3.474173282823083,1.7979087762338164,BabyLM 350M — first layer
0.4581760829825505,-0.8663471857799703,13.373242053876151,6.870363873208706,1.867199722705874,-3.474173282823083,1.7979087762338164,BabyLM 350M — first layer
0.611827827375313,-0.8663471857799703,13.364611337958284,6.870363873208706,1.867199722705874,-3.474173282823083,1.7979087762338164,BabyLM 350M — first layer
0.7654795717680756,-0.8663471857799703,13.355498663747673,6.870363873208706,1.867199722705874,-3.474173282823083,1.7979087762338164,BabyLM 350M — first layer
0.9191313161608377,-0.8663471857799703,13.345904031244318,6.870363873208706,1.867199722705874,-3.474173282823083,1.7979087762338164,BabyLM 350M — first layer
1.0727830605536002,-0.8663471857799703,13.335827440448224,6.870363873208706,1.867199722705874,-3.474173282823083,1.7979087762338164,BabyLM 350M — first layer
1.2264348049463627,-0.8663471857799703,13.325268891359386,6.870363873208706,1.867199722705874,-3.474173282823083,1.7979087762338164,BabyLM 350M — first layer
1.3800865493391252,-0.8663471857799703,13.314228383977804,6.870363873208706,1.867199722705874,-3.474173282823083,1.7979087762338164,BabyLM 350M — first layer
1.5337382937318877,-0.8663471857799703,13.302705918303483,6.870363873208706,1.867199722705874,-3.474173282823083,1.7979087762338164,BabyLM 350M — first layer
1.6873900381246503,-0.8663471857799703,13.290701494336417,6.870363873208706,1.867199722705874,-3.474173282823083,1.7979087762338164,BabyLM 350M — first layer
1.8410417825174124,-0.8663471857799703,13.27821511207661,6.870363873208706,1.867199722705874,-3.474173282823083,1.7979087762338164,BabyLM 350M — first layer
1.9946935269101749,-0.8663471857799703,13.26524677152406,6.870363873208706,1.867199722705874,-3.474173282823083,1.7979087762338164,BabyLM 350M — first layer
2.148345271302937,-0.8663471857799703,13.25179647267877,6.870363873208706,1.867199722705874,-3.474173282823083,1.7979087762338164,BabyLM 350M — first layer
2.3019970156956995,-0.8663471857799703,13.237864215540734,6.870363873208706,1.867199722705874,-3.474173282823083,1.7979087762338164,BabyLM 350M — first layer
2.455648760088462,-0.8663471857799703,13.223450000109958,6.870363873208706,1.867199722705874,-3.474173282823083,1.7979087762338164,BabyLM 350M — first layer
-2.0002518273016485,-0.6991204134005011,13.45425262292664,6.870363873208706,1.867199722705874,-3.474173282823083,1.7979087762338164,BabyLM 350M — first layer
-1.846600082908886,-0.6991204134005011,13.453377809830112,6.870363873208706,1.867199722705874,-3.474173282823083,1.7979087762338164,BabyLM 350M — first layer
-1.6929483385161237,-0.6991204134005011,13.452021038440844,6.870363873208706,1.867199722705874,-3.474173282823083,1.7979087762338164,BabyLM 350M — first layer
-1.5392965941233612,-0.6991204134005011,13.450182308758832,6.870363873208706,1.867199722705874,-3.474173282823083,1.7979087762338164,BabyLM 350M — first layer
-1.3856448497305989,-0.6991204134005011,13.447861620784078,6.870363873208706,1.867199722705874,-3.474173282823083,1.7979087762338164,BabyLM 350M — first layer
-1.2319931053378363,-0.6991204134005011,13.44505897451658,6.870363873208706,1.867199722705874,-3.474173282823083,1.7979087762338164,BabyLM 350M — first layer
-1.0783413609450738,-0.6991204134005011,13.441774369956343,6.870363873208706,1.867199722705874,-3.474173282823083,1.7979087762338164,BabyLM 350M — first layer
-0.9246896165523115,-0.6991204134005011,13.438007807103363,6.870363873208706,1.867199722705874,-3.474173282823083,1.7979087762338164,BabyLM 350M — first layer
-0.771037872159549,-0.6991204134005011,13.433759285957638,6.870363873208706,1.867199722705874,-3.474173282823083,1.7979087762338164,BabyLM 350M — first layer
-0.6173861277667865,-0.6991204134005011,13.429028806519174,6.870363873208706,1.867199722705874,-3.474173282823083,1.7979087762338164,BabyLM 350M — first layer
-0.4637343833740242,-0.6991204134005011,13.423816368787966,6.870363873208706,1.867199722705874,-3.474173282823083,1.7979087762338164,BabyLM 350M — first layer
-0.31008263898126165,-0.6991204134005011,13.418121972764014,6.870363873208706,1.867199722705874,-3.474173282823083,1.7979087762338164,BabyLM 350M — first layer
-0.15643089458849913,-0.6991204134005011,13.411945618447323,6.870363873208706,1.867199722705874,-3.474173282823083,1.7979087762338164,BabyLM 350M — first layer
-0.0027791501957368236,-0.6991204134005011,13.405287305837888,6.870363873208706,1.867199722705874,-3.474173282823083,1.7979087762338164,BabyLM 350M — first layer
0.15087259419702548,-0.6991204134005011,13.398147034935711,6.870363873208706,1.867199722705874,-3.474173282823083,1.7979087762338164,BabyLM 350M — first layer
0.304524338589788,-0.6991204134005011,13.39052480574079,6.870363873208706,1.867199722705874,-3.474173282823083,1.7979087762338164,BabyLM 350M — first layer
0.4581760829825505,-0.6991204134005011,13.382420618253128,6.870363873208706,1.867199722705874,-3.474173282823083,1.7979087762338164,BabyLM 350M — first layer
0.611827827375313,-0.6991204134005011,13.373834472472724,6.870363873208706,1.867199722705874,-3.474173282823083,1.7979087762338164,BabyLM 350M — first layer
0.7654795717680756,-0.6991204134005011,13.364766368399579,6.870363873208706,1.867199722705874,-3.474173282823083,1.7979087762338164,BabyLM 350M — first layer
0.9191313161608377,-0.6991204134005011,13.35521630603369,6.870363873208706,1.867199722705874,-3.474173282823083,1.7979087762338164,BabyLM 350M — first layer
1.0727830605536002,-0.6991204134005011,13.345184285375058,6.870363873208706,1.867199722705874,-3.474173282823083,1.7979087762338164,BabyLM 350M — first layer
1.2264348049463627,-0.6991204134005011,13.334670306423686,6.870363873208706,1.867199722705874,-3.474173282823083,1.7979087762338164,BabyLM 350M — first layer
1.3800865493391252,-0.6991204134005011,13.32367436917957,6.870363873208706,1.867199722705874,-3.474173282823083,1.7979087762338164,BabyLM 350M — first layer
1.5337382937318877,-0.6991204134005011,13.312196473642711,6.870363873208706,1.867199722705874,-3.474173282823083,1.7979087762338164,BabyLM 350M — first layer
1.6873900381246503,-0.6991204134005011,13.300236619813111,6.870363873208706,1.867199722705874,-3.474173282823083,1.7979087762338164,BabyLM 350M — first layer
1.8410417825174124,-0.6991204134005011,13.287794807690767,6.870363873208706,1.867199722705874,-3.474173282823083,1.7979087762338164,BabyLM 350M — first layer
1.9946935269101749,-0.6991204134005011,13.274871037275682,6.870363873208706,1.867199722705874,-3.474173282823083,1.7979087762338164,BabyLM 350M — first layer
2.148345271302937,-0.6991204134005011,13.261465308567855,6.870363873208706,1.867199722705874,-3.474173282823083,1.7979087762338164,BabyLM 350M — first layer
2.3019970156956995,-0.6991204134005011,13.247577621567286,6.870363873208706,1.867199722705874,-3.474173282823083,1.7979087762338164,BabyLM 350M — first layer
2.455648760088462,-0.6991204134005011,13.233207976273974,6.870363873208706,1.867199722705874,-3.474173282823083,1.7979087762338164,BabyLM 350M — first layer
-2.0002518273016485,-0.531893641021032,13.462072733783483,6.870363873208706,1.867199722705874,-3.474173282823083,1.7979087762338164,BabyLM 350M — first layer
-1.846600082908886,-0.531893641021032,13.46124249082442,6.870363873208706,1.867199722705874,-3.474173282823083,1.7979087762338164,BabyLM 350M — first layer
-1.6929483385161237,-0.531893641021032,13.459930289572615,6.870363873208706,1.867199722705874,-3.474173282823083,1.7979087762338164,BabyLM 350M — first layer
-1.5392965941233612,-0.531893641021032,13.458136130028068,6.870363873208706,1.867199722705874,-3.474173282823083,1.7979087762338164,BabyLM 350M — first layer
-1.3856448497305989,-0.531893641021032,13.455860012190778,6.870363873208706,1.867199722705874,-3.474173282823083,1.7979087762338164,BabyLM 350M — first layer
-1.2319931053378363,-0.531893641021032,13.453101936060747,6.870363873208706,1.867199722705874,-3.474173282823083,1.7979087762338164,BabyLM 350M — first layer
-1.0783413609450738,-0.531893641021032,13.449861901637972,6.870363873208706,1.867199722705874,-3.474173282823083,1.7979087762338164,BabyLM 350M — first layer
-0.9246896165523115,-0.531893641021032,13.446139908922456,6.870363873208706,1.867199722705874,-3.474173282823083,1.7979087762338164,BabyLM 350M — first layer
-0.771037872159549,-0.531893641021032,13.441935957914197,6.870363873208706,1.867199722705874,-3.474173282823083,1.7979087762338164,BabyLM 350M — first layer
-0.6173861277667865,-0.531893641021032,13.437250048613196,6.870363873208706,1.867199722705874,-3.474173282823083,1.7979087762338164,BabyLM 350M — first layer
-0.4637343833740242,-0.531893641021032,13.432082181019453,6.870363873208706,1.867199722705874,-3.474173282823083,1.7979087762338164,BabyLM 350M — first layer
-0.31008263898126165,-0.531893641021032,13.426432355132967,6.870363873208706,1.867199722705874,-3.474173282823083,1.7979087762338164,BabyLM 350M — first layer
-0.15643089458849913,-0.531893641021032,13.420300570953739,6.870363873208706,1.867199722705874,-3.474173282823083,1.7979087762338164,BabyLM 350M — first layer
-0.0027791501957368236,-0.531893641021032,13.413686828481769,6.870363873208706,1.867199722705874,-3.474173282823083,1.7979087762338164,BabyLM 350M — first layer
0.15087259419702548,-0.531893641021032,13.406591127717055,6.870363873208706,1.867199722705874,-3.474173282823083,1.7979087762338164,BabyLM 350M — first layer
0.304524338589788,-0.531893641021032,13.399013468659602,6.870363873208706,1.867199722705874,-3.474173282823083,1.7979087762338164,BabyLM 350M — first layer
0.4581760829825505,-0.531893641021032,13.390953851309403,6.870363873208706,1.867199722705874,-3.474173282823083,1.7979087762338164,BabyLM 350M — first layer
0.611827827375313,-0.531893641021032,13.382412275666464,6.870363873208706,1.867199722705874,-3.474173282823083,1.7979087762338164,BabyLM 350M — first layer
0.7654795717680756,-0.531893641021032,13.373388741730782,6.870363873208706,1.867199722705874,-3.474173282823083,1.7979087762338164,BabyLM 350M — first layer
0.9191313161608377,-0.531893641021032,13.363883249502358,6.870363873208706,1.867199722705874,-3.474173282823083,1.7979087762338164,BabyLM 350M — first layer
1.0727830605536002,-0.531893641021032,13.353895798981192,6.870363873208706,1.867199722705874,-3.474173282823083,1.7979087762338164,BabyLM 350M — first layer
1.2264348049463627,-0.531893641021032,13.343426390167282,6.870363873208706,1.867199722705874,-3.474173282823083,1.7979087762338164,BabyLM 350M — first layer
1.3800865493391252,-0.531893641021032,13.332475023060631,6.870363873208706,1.867199722705874,-3.474173282823083,1.7979087762338164,BabyLM 350M — first layer
1.5337382937318877,-0.531893641021032,13.321041697661238,6.870363873208706,1.867199722705874,-3.474173282823083,1.7979087762338164,BabyLM 350M — first layer
1.6873900381246503,-0.531893641021032,13.309126413969102,6.870363873208706,1.867199722705874,-3.474173282823083,1.7979087762338164,BabyLM 350M — first layer
1.8410417825174124,-0.531893641021032,13.296729171984223,6.870363873208706,1.867199722705874,-3.474173282823083,1.7979087762338164,BabyLM 350M — first layer
1.9946935269101749,-0.531893641021032,13.283849971706603,6.870363873208706,1.867199722705874,-3.474173282823083,1.7979087762338164,BabyLM 350M — first layer
2.148345271302937,-0.531893641021032,13.27048881313624,6.870363873208706,1.867199722705874,-3.474173282823083,1.7979087762338164,BabyLM 350M — first layer
2.3019970156956995,-0.531893641021032,13.256645696273134,6.870363873208706,1.867199722705874,-3.474173282823083,1.7979087762338164,BabyLM 350M — first layer
2.455648760088462,-0.531893641021032,13.242320621117287,6.870363873208706,1.867199722705874,-3.474173282823083,1.7979087762338164,BabyLM 350M — first layer
-2.0002518273016485,-0.3646668686415624,13.469247513319623,6.870363873208706,1.867199722705874,-3.474173282823083,1.7979087762338164,BabyLM 350M — first layer
-1.846600082908886,-0.3646668686415624,13.468461840498025,6.870363873208706,1.867199722705874,-3.474173282823083,1.7979087762338164,BabyLM 350M — first layer
-1.6929483385161237,-0.3646668686415624,13.467194209383683,6.870363873208706,1.867199722705874,-3.474173282823083,1.7979087762338164,BabyLM 350M — first layer
-1.5392965941233612,-0.3646668686415624,13.465444619976601,6.870363873208706,1.867199722705874,-3.474173282823083,1.7979087762338164,BabyLM 350M — first layer
-1.3856448497305989,-0.3646668686415624,13.463213072276776,6.870363873208706,1.867199722705874,-3.474173282823083,1.7979087762338164,BabyLM 350M — first layer
-1.2319931053378363,-0.3646668686415624,13.46049956628421,6.870363873208706,1.867199722705874,-3.474173282823083,1.7979087762338164,BabyLM 350M — first layer
-1.0783413609450738,-0.3646668686415624,13.457304101998899,6.870363873208706,1.867199722705874,-3.474173282823083,1.7979087762338164,BabyLM 350M — first layer
-0.9246896165523115,-0.3646668686415624,13.453626679420847,6.870363873208706,1.867199722705874,-3.474173282823083,1.7979087762338164,BabyLM 350M — first layer
-0.771037872159549,-0.3646668686415624,13.449467298550053,6.870363873208706,1.867199722705874,-3.474173282823083,1.7979087762338164,BabyLM 350M — first layer
-0.6173861277667865,-0.3646668686415624,13.444825959386517,6.870363873208706,1.867199722705874,-3.474173282823083,1.7979087762338164,BabyLM 350M — first layer
-0.4637343833740242,-0.3646668686415624,13.439702661930237,6.870363873208706,1.867199722705874,-3.474173282823083,1.7979087762338164,BabyLM 350M — first layer
-0.31008263898126165,-0.3646668686415624,13.434097406181216,6.870363873208706,1.867199722705874,-3.474173282823083,1.7979087762338164,BabyLM 350M — first layer
-0.15643089458849913,-0.3646668686415624,13.428010192139453,6.870363873208706,1.867199722705874,-3.474173282823083,1.7979087762338164,BabyLM 350M — first layer
-0.0027791501957368236,-0.3646668686415624,13.421441019804947,6.870363873208706,1.867199722705874,-3.474173282823083,1.7979087762338164,BabyLM 350M — first layer
0.15087259419702548,-0.3646668686415624,13.414389889177698,6.870363873208706,1.867199722705874,-3.474173282823083,1.7979087762338164,BabyLM 350M — first layer
0.304524338589788,-0.3646668686415624,13.406856800257708,6.870363873208706,1.867199722705874,-3.474173282823083,1.7979087762338164,BabyLM 350M — first layer
0.4581760829825505,-0.3646668686415624,13.398841753044975,6.870363873208706,1.867199722705874,-3.474173282823083,1.7979087762338164,BabyLM 350M — first layer
0.611827827375313,-0.3646668686415624,13.390344747539501,6.870363873208706,1.867199722705874,-3.474173282823083,1.7979087762338164,BabyLM 350M — first layer
0.7654795717680756,-0.3646668686415624,13.381365783741282,6.870363873208706,1.867199722705874,-3.474173282823083,1.7979087762338164,BabyLM 350M — first layer
0.9191313161608377,-0.3646668686415624,13.371904861650323,6.870363873208706,1.867199722705874,-3.474173282823083,1.7979087762338164,BabyLM 350M — first layer
1.0727830605536002,-0.3646668686415624,13.36196198126662,6.870363873208706,1.867199722705874,-3.474173282823083,1.7979087762338164,BabyLM 350M — first layer
1.2264348049463627,-0.3646668686415624,13.351537142590177,6.870363873208706,1.867199722705874,-3.474173282823083,1.7979087762338164,BabyLM 350M — first layer
1.3800865493391252,-0.3646668686415624,13.34063034562099,6.870363873208706,1.867199722705874,-3.474173282823083,1.7979087762338164,BabyLM 350M — first layer
1.5337382937318877,-0.3646668686415624,13.32924159035906,6.870363873208706,1.867199722705874,-3.474173282823083,1.7979087762338164,BabyLM 350M — first layer
1.6873900381246503,-0.3646668686415624,13.31737087680439,6.870363873208706,1.867199722705874,-3.474173282823083,1.7979087762338164,BabyLM 350M — first layer
1.8410417825174124,-0.3646668686415624,13.305018204956976,6.870363873208706,1.867199722705874,-3.474173282823083,1.7979087762338164,BabyLM 350M — first layer
1.9946935269101749,-0.3646668686415624,13.29218357481682,6.870363873208706,1.867199722705874,-3.474173282823083,1.7979087762338164,BabyLM 350M — first layer
2.148345271302937,-0.3646668686415624,13.278866986383921,6.870363873208706,1.867199722705874,-3.474173282823083,1.7979087762338164,BabyLM 350M — first layer
2.3019970156956995,-0.3646668686415624,13.26506843965828,6.870363873208706,1.867199722705874,-3.474173282823083,1.7979087762338164,BabyLM 350M — first layer
2.455648760088462,-0.3646668686415624,13.250787934639897,6.870363873208706,1.867199722705874,-3.474173282823083,1.7979087762338164,BabyLM 350M — first layer
-2.0002518273016485,-0.19744009626209325,13.47577696153506,6.870363873208706,1.867199722705874,-3.474173282823083,1.7979087762338164,BabyLM 350M — first layer
-1.846600082908886,-0.19744009626209325,13.475035858850925,6.870363873208706,1.867199722705874,-3.474173282823083,1.7979087762338164,BabyLM 350M — first layer
-1.6929483385161237,-0.19744009626209325,13.47381279787405,6.870363873208706,1.867199722705874,-3.474173282823083,1.7979087762338164,BabyLM 350M — first layer
-1.5392965941233612,-0.19744009626209325,13.472107778604432,6.870363873208706,1.867199722705874,-3.474173282823083,1.7979087762338164,BabyLM 350M — first layer
-1.3856448497305989,-0.19744009626209325,13.46992080104207,6.870363873208706,1.867199722705874,-3.474173282823083,1.7979087762338164,BabyLM 350M — first layer
-1.2319931053378363,-0.19744009626209325,13.467251865186968,6.870363873208706,1.867199722705874,-3.474173282823083,1.7979087762338164,BabyLM 350M — first layer
-1.0783413609450738,-0.19744009626209325,13.464100971039123,6.870363873208706,1.867199722705874,-3.474173282823083,1.7979087762338164,BabyLM 350M — first layer
-0.9246896165523115,-0.19744009626209325,13.460468118598536,6.870363873208706,1.867199722705874,-3.474173282823083,1.7979087762338164,BabyLM 350M — first layer
-0.771037872159549,-0.19744009626209325,13.456353307865205,6.870363873208706,1.867199722705874,-3.474173282823083,1.7979087762338164,BabyLM 350M — first layer
-0.6173861277667865,-0.19744009626209325,13.451756538839135,6.870363873208706,1.867199722705874,-3.474173282823083,1.7979087762338164,BabyLM 350M — first layer
-0.4637343833740242,-0.19744009626209325,13.446677811520319,6.870363873208706,1.867199722705874,-3.474173282823083,1.7979087762338164,BabyLM 350M — first layer
-0.31008263898126165,-0.19744009626209325,13.441117125908763,6.870363873208706,1.867199722705874,-3.474173282823083,1.7979087762338164,BabyLM 350M — first layer
-0.15643089458849913,-0.19744009626209325,13.435074482004463,6.870363873208706,1.867199722705874,-3.474173282823083,1.7979087762338164,BabyLM 350M — first layer
-0.0027791501957368236,-0.19744009626209325,13.428549879807422,6.870363873208706,1.867199722705874,-3.474173282823083,1.7979087762338164,BabyLM 350M — first layer
0.15087259419702548,-0.19744009626209325,13.421543319317639,6.870363873208706,1.867199722705874,-3.474173282823083,1.7979087762338164,BabyLM 350M — first layer
0.304524338589788,-0.19744009626209325,13.414054800535112,6.870363873208706,1.867199722705874,-3.474173282823083,1.7979087762338164,BabyLM 350M — first layer
0.4581760829825505,-0.19744009626209325,13.406084323459844,6.870363873208706,1.867199722705874,-3.474173282823083,1.7979087762338164,BabyLM 350M — first layer
0.611827827375313,-0.19744009626209325,13.397631888091833,6.870363873208706,1.867199722705874,-3.474173282823083,1.7979087762338164,BabyLM 350M — first layer
0.7654795717680756,-0.19744009626209325,13.388697494431081,6.870363873208706,1.867199722705874,-3.474173282823083,1.7979087762338164,BabyLM 350M — first layer
0.9191313161608377,-0.19744009626209325,13.379281142477586,6.870363873208706,1.867199722705874,-3.474173282823083,1.7979087762338164,BabyLM 350M — first layer
1.0727830605536002,-0.19744009626209325,13.369382832231349,6.870363873208706,1.867199722705874,-3.474173282823083,1.7979087762338164,BabyLM 350M — first layer
1.2264348049463627,-0.19744009626209325,13.359002563692368,6.870363873208706,1.867199722705874,-3.474173282823083,1.7979087762338164,BabyLM 350M — first layer
1.3800865493391252,-0.19744009626209325,13.348140336860645,6.870363873208706,1.867199722705874,-3.474173282823083,1.7979087762338164,BabyLM 350M — first layer
1.5337382937318877,-0.19744009626209325,13.33679615173618,6.870363873208706,1.867199722705874,-3.474173282823083,1.7979087762338164,BabyLM 350M — first layer
1.6873900381246503,-0.19744009626209325,13.324970008318974,6.870363873208706,1.867199722705874,-3.474173282823083,1.7979087762338164,BabyLM 350M — first layer
1.8410417825174124,-0.19744009626209325,13.312661906609025,6.870363873208706,1.867199722705874,-3.474173282823083,1.7979087762338164,BabyLM 350M — first layer
1.9946935269101749,-0.19744009626209325,13.299871846606333,6.870363873208706,1.867199722705874,-3.474173282823083,1.7979087762338164,BabyLM 350M — first layer
2.148345271302937,-0.19744009626209325,13.2865998283109,6.870363873208706,1.867199722705874,-3.474173282823083,1.7979087762338164,BabyLM 350M — first layer
2.3019970156956995,-0.19744009626209325,13.272845851722723,6.870363873208706,1.867199722705874,-3.474173282823083,1.7979087762338164,BabyLM 350M — first layer
2.455648760088462,-0.19744009626209325,13.258609916841804,6.870363873208706,1.867199722705874,-3.474173282823083,1.7979087762338164,BabyLM 350M — first layer
-2.0002518273016485,-0.030213323882623655,13.481661078429793,6.870363873208706,1.867199722705874,-3.474173282823083,1.7979087762338164,BabyLM 350M — first layer
-1.846600082908886,-0.030213323882623655,13.480964545883124,6.870363873208706,1.867199722705874,-3.474173282823083,1.7979087762338164,BabyLM 350M — first layer
-1.6929483385161237,-0.030213323882623655,13.479786055043713,6.870363873208706,1.867199722705874,-3.474173282823083,1.7979087762338164,BabyLM 350M — first layer
-1.5392965941233612,-0.030213323882623655,13.47812560591156,6.870363873208706,1.867199722705874,-3.474173282823083,1.7979087762338164,BabyLM 350M — first layer
-1.3856448497305989,-0.030213323882623655,13.475983198486663,6.870363873208706,1.867199722705874,-3.474173282823083,1.7979087762338164,BabyLM 350M — first layer
-1.2319931053378363,-0.030213323882623655,13.473358832769025,6.870363873208706,1.867199722705874,-3.474173282823083,1.7979087762338164,BabyLM 350M — first layer
-1.0783413609450738,-0.030213323882623655,13.470252508758644,6.870363873208706,1.867199722705874,-3.474173282823083,1.7979087762338164,BabyLM 350M — first layer
-0.9246896165523115,-0.030213323882623655,13.46666422645552,6.870363873208706,1.867199722705874,-3.474173282823083,1.7979087762338164,BabyLM 350M — first layer
-0.771037872159549,-0.030213323882623655,13.462593985859655,6.870363873208706,1.867199722705874,-3.474173282823083,1.7979087762338164,BabyLM 350M — first layer
-0.6173861277667865,-0.030213323882623655,13.458041786971048,6.870363873208706,1.867199722705874,-3.474173282823083,1.7979087762338164,BabyLM 350M — first layer
-0.4637343833740242,-0.030213323882623655,13.453007629789699,6.870363873208706,1.867199722705874,-3.474173282823083,1.7979087762338164,BabyLM 350M — first layer
-0.31008263898126165,-0.030213323882623655,13.447491514315606,6.870363873208706,1.867199722705874,-3.474173282823083,1.7979087762338164,BabyLM 350M — first layer
-0.15643089458849913,-0.030213323882623655,13.441493440548772,6.870363873208706,1.867199722705874,-3.474173282823083,1.7979087762338164,BabyLM 350M — first layer
-0.0027791501957368236,-0.030213323882623655,13.435013408489194,6.870363873208706,1.867199722705874,-3.474173282823083,1.7979087762338164,BabyLM 350M — first layer
0.15087259419702548,-0.030213323882623655,13.428051418136876,6.870363873208706,1.867199722705874,-3.474173282823083,1.7979087762338164,BabyLM 350M — first layer
0.304524338589788,-0.030213323882623655,13.420607469491815,6.870363873208706,1.867199722705874,-3.474173282823083,1.7979087762338164,BabyLM 350M — first layer
0.4581760829825505,-0.030213323882623655,13.41268156255401,6.870363873208706,1.867199722705874,-3.474173282823083,1.7979087762338164,BabyLM 350M — first layer
0.611827827375313,-0.030213323882623655,13.404273697323465,6.870363873208706,1.867199722705874,-3.474173282823083,1.7979087762338164,BabyLM 350M — first layer
0.7654795717680756,-0.030213323882623655,13.395383873800176,6.870363873208706,1.867199722705874,-3.474173282823083,1.7979087762338164,BabyLM 350M — first layer
0.9191313161608377,-0.030213323882623655,13.386012091984146,6.870363873208706,1.867199722705874,-3.474173282823083,1.7979087762338164,BabyLM 350M — first layer
1.0727830605536002,-0.030213323882623655,13.376158351875372,6.870363873208706,1.867199722705874,-3.474173282823083,1.7979087762338164,BabyLM 350M — first layer
1.2264348049463627,-0.030213323882623655,13.365822653473856,6.870363873208706,1.867199722705874,-3.474173282823083,1.7979087762338164,BabyLM 350M — first layer
1.3800865493391252,-0.030213323882623655,13.355004996779599,6.870363873208706,1.867199722705874,-3.474173282823083,1.7979087762338164,BabyLM 350M — first layer
1.5337382937318877,-0.030213323882623655,13.3437053817926,6.870363873208706,1.867199722705874,-3.474173282823083,1.7979087762338164,BabyLM 350M — first layer
1.6873900381246503,-0.030213323882623655,13.331923808512856,6.870363873208706,1.867199722705874,-3.474173282823083,1.7979087762338164,BabyLM 350M — first layer
1.8410417825174124,-0.030213323882623655,13.319660276940372,6.870363873208706,1.867199722705874,-3.474173282823083,1.7979087762338164,BabyLM 350M — first layer
1.9946935269101749,-0.030213323882623655,13.306914787075144,6.870363873208706,1.867199722705874,-3.474173282823083,1.7979087762338164,BabyLM 350M — first layer
2.148345271302937,-0.030213323882623655,13.293687338917175,6.870363873208706,1.867199722705874,-3.474173282823083,1.7979087762338164,BabyLM 350M — first layer
2.3019970156956995,-0.030213323882623655,13.279977932466464,6.870363873208706,1.867199722705874,-3.474173282823083,1.7979087762338164,BabyLM 350M — first layer
2.455648760088462,-0.030213323882623655,13.265786567723008,6.870363873208706,1.867199722705874,-3.474173282823083,1.7979087762338164,BabyLM 350M — first layer
-2.0002518273016485,0.1370134484968455,13.486899864003824,6.870363873208706,1.867199722705874,-3.474173282823083,1.7979087762338164,BabyLM 350M — first layer
-1.846600082908886,0.1370134484968455,13.48624790159462,6.870363873208706,1.867199722705874,-3.474173282823083,1.7979087762338164,BabyLM 350M — first layer
-1.6929483385161237,0.1370134484968455,13.485113980892672,6.870363873208706,1.867199722705874,-3.474173282823083,1.7979087762338164,BabyLM 350M — first layer
-1.5392965941233612,0.1370134484968455,13.483498101897984,6.870363873208706,1.867199722705874,-3.474173282823083,1.7979087762338164,BabyLM 350M — first layer
-1.3856448497305989,0.1370134484968455,13.481400264610553,6.870363873208706,1.867199722705874,-3.474173282823083,1.7979087762338164,BabyLM 350M — first layer
-1.2319931053378363,0.1370134484968455,13.478820469030378,6.870363873208706,1.867199722705874,-3.474173282823083,1.7979087762338164,BabyLM 350M — first layer
-1.0783413609450738,0.1370134484968455,13.475758715157463,6.870363873208706,1.867199722705874,-3.474173282823083,1.7979087762338164,BabyLM 350M — first layer
-0.9246896165523115,0.1370134484968455,13.472215002991804,6.870363873208706,1.867199722705874,-3.474173282823083,1.7979087762338164,BabyLM 350M — first layer
-0.771037872159549,0.1370134484968455,13.468189332533402,6.870363873208706,1.867199722705874,-3.474173282823083,1.7979087762338164,BabyLM 350M — first layer
-0.6173861277667865,0.1370134484968455,13.46368170378226,6.870363873208706,1.867199722705874,-3.474173282823083,1.7979087762338164,BabyLM 350M — first layer
-0.4637343833740242,0.1370134484968455,13.458692116738375,6.870363873208706,1.867199722705874,-3.474173282823083,1.7979087762338164,BabyLM 350M — first layer
-0.31008263898126165,0.1370134484968455,13.453220571401747,6.870363873208706,1.867199722705874,-3.474173282823083,1.7979087762338164,BabyLM 350M — first layer
-0.15643089458849913,0.1370134484968455,13.447267067772376,6.870363873208706,1.867199722705874,-3.474173282823083,1.7979087762338164,BabyLM 350M — first layer
-0.0027791501957368236,0.1370134484968455,13.440831605850265,6.870363873208706,1.867199722705874,-3.474173282823083,1.7979087762338164,BabyLM 350M — first layer
0.15087259419702548,0.1370134484968455,13.43391418563541,6.870363873208706,1.867199722705874,-3.474173282823083,1.7979087762338164,BabyLM 350M — first layer
0.304524338589788,0.1370134484968455,13.426514807127813,6.870363873208706,1.867199722705874,-3.474173282823083,1.7979087762338164,BabyLM 350M — first layer
0.4581760829825505,0.1370134484968455,13.418633470327473,6.870363873208706,1.867199722705874,-3.474173282823083,1.7979087762338164,BabyLM 350M — first layer
0.611827827375313,0.1370134484968455,13.410270175234391,6.870363873208706,1.867199722705874,-3.474173282823083,1.7979087762338164,BabyLM 350M — first layer
0.7654795717680756,0.1370134484968455,13.401424921848568,6.870363873208706,1.867199722705874,-3.474173282823083,1.7979087762338164,BabyLM 350M — first layer
0.9191313161608377,0.1370134484968455,13.392097710170003,6.870363873208706,1.867199722705874,-3.474173282823083,1.7979087762338164,BabyLM 350M — first layer
1.0727830605536002,0.1370134484968455,13.382288540198694,6.870363873208706,1.867199722705874,-3.474173282823083,1.7979087762338164,BabyLM 350M — first layer
1.2264348049463627,0.1370134484968455,13.371997411934641,6.870363873208706,1.867199722705874,-3.474173282823083,1.7979087762338164,BabyLM 350M — first layer
1.3800865493391252,0.1370134484968455,13.361224325377849,6.870363873208706,1.867199722705874,-3.474173282823083,1.7979087762338164,BabyLM 350M — first layer
1.5337382937318877,0.1370134484968455,13.349969280528313,6.870363873208706,1.867199722705874,-3.474173282823083,1.7979087762338164,BabyLM 350M — first layer
1.6873900381246503,0.1370134484968455,13.338232277386036,6.870363873208706,1.867199722705874,-3.474173282823083,1.7979087762338164,BabyLM 350M — first layer
1.8410417825174124,0.1370134484968455,13.326013315951014,6.870363873208706,1.867199722705874,-3.474173282823083,1.7979087762338164,BabyLM 350M — first layer
1.9946935269101749,0.1370134484968455,13.313312396223253,6.870363873208706,1.867199722705874,-3.474173282823083,1.7979087762338164,BabyLM 350M — first layer
2.148345271302937,0.1370134484968455,13.300129518202748,6.870363873208706,1.867199722705874,-3.474173282823083,1.7979087762338164,BabyLM 350M — first layer
2.3019970156956995,0.1370134484968455,13.2864646818895,6.870363873208706,1.867199722705874,-3.474173282823083,1.7979087762338164,BabyLM 350M — first layer
2.455648760088462,0.1370134484968455,13.272317887283512,6.870363873208706,1.867199722705874,-3.474173282823083,1.7979087762338164,BabyLM 350M — first layer
-2.0002518273016485,0.30424022087631464,13.491493318257152,6.870363873208706,1.867199722705874,-3.474173282823083,1.7979087762338164,BabyLM 350M — first layer
-1.846600082908886,0.30424022087631464,13.490885925985411,6.870363873208706,1.867199722705874,-3.474173282823083,1.7979087762338164,BabyLM 350M — first layer
-1.6929483385161237,0.30424022087631464,13.48979657542093,6.870363873208706,1.867199722705874,-3.474173282823083,1.7979087762338164,BabyLM 350M — first layer
-1.5392965941233612,0.30424022087631464,13.488225266563706,6.870363873208706,1.867199722705874,-3.474173282823083,1.7979087762338164,BabyLM 350M — first layer
-1.3856448497305989,0.30424022087631464,13.486171999413738,6.870363873208706,1.867199722705874,-3.474173282823083,1.7979087762338164,BabyLM 350M — first layer
-1.2319931053378363,0.30424022087631464,13.483636773971028,6.870363873208706,1.867199722705874,-3.474173282823083,1.7979087762338164,BabyLM 350M — first layer
-1.0783413609450738,0.30424022087631464,13.480619590235577,6.870363873208706,1.867199722705874,-3.474173282823083,1.7979087762338164,BabyLM 350M — first layer
-0.9246896165523115,0.30424022087631464,13.477120448207383,6.870363873208706,1.867199722705874,-3.474173282823083,1.7979087762338164,BabyLM 350M — first layer
-0.771037872159549,0.30424022087631464,13.473139347886447,6.870363873208706,1.867199722705874,-3.474173282823083,1.7979087762338164,BabyLM 350M — first layer
-0.6173861277667865,0.30424022087631464,13.46867628927277,6.870363873208706,1.867199722705874,-3.474173282823083,1.7979087762338164,BabyLM 350M — first layer
-0.4637343833740242,0.30424022087631464,13.463731272366347,6.870363873208706,1.867199722705874,-3.474173282823083,1.7979087762338164,BabyLM 350M — first layer
-0.31008263898126165,0.30424022087631464,13.458304297167185,6.870363873208706,1.867199722705874,-3.474173282823083,1.7979087762338164,BabyLM 350M — first layer
-0.15643089458849913,0.30424022087631464,13.45239536367528,6.870363873208706,1.867199722705874,-3.474173282823083,1.7979087762338164,BabyLM 350M — first layer
-0.0027791501957368236,0.30424022087631464,13.446004471890632,6.870363873208706,1.867199722705874,-3.474173282823083,1.7979087762338164,BabyLM 350M — first layer
0.15087259419702548,0.30424022087631464,13.43913162181324,6.870363873208706,1.867199722705874,-3.474173282823083,1.7979087762338164,BabyLM 350M — first layer
0.304524338589788,0.30424022087631464,13.43177681344311,6.870363873208706,1.867199722705874,-3.474173282823083,1.7979087762338164,BabyLM 350M — first layer
0.4581760829825505,0.30424022087631464,13.423940046780235,6.870363873208706,1.867199722705874,-3.474173282823083,1.7979087762338164,BabyLM 350M — first layer
0.611827827375313,0.30424022087631464,13.415621321824617,6.870363873208706,1.867199722705874,-3.474173282823083,1.7979087762338164,BabyLM 350M — first layer
0.7654795717680756,0.30424022087631464,13.406820638576256,6.870363873208706,1.867199722705874,-3.474173282823083,1.7979087762338164,BabyLM 350M — first layer
0.9191313161608377,0.30424022087631464,13.397537997035155,6.870363873208706,1.867199722705874,-3.474173282823083,1.7979087762338164,BabyLM 350M — first layer
1.0727830605536002,0.30424022087631464,13.387773397201311,6.870363873208706,1.867199722705874,-3.474173282823083,1.7979087762338164,BabyLM 350M — first layer
1.2264348049463627,0.30424022087631464,13.377526839074726,6.870363873208706,1.867199722705874,-3.474173282823083,1.7979087762338164,BabyLM 350M — first layer
1.3800865493391252,0.30424022087631464,13.366798322655397,6.870363873208706,1.867199722705874,-3.474173282823083,1.7979087762338164,BabyLM 350M — first layer
1.5337382937318877,0.30424022087631464,13.355587847943324,6.870363873208706,1.867199722705874,-3.474173282823083,1.7979087762338164,BabyLM 350M — first layer
1.6873900381246503,0.30424022087631464,13.343895414938512,6.870363873208706,1.867199722705874,-3.474173282823083,1.7979087762338164,BabyLM 350M — first layer
1.8410417825174124,0.30424022087631464,13.331721023640956,6.870363873208706,1.867199722705874,-3.474173282823083,1.7979087762338164,BabyLM 350M — first layer
1.9946935269101749,0.30424022087631464,13.319064674050658,6.870363873208706,1.867199722705874,-3.474173282823083,1.7979087762338164,BabyLM 350M — first layer
2.148345271302937,0.30424022087631464,13.305926366167618,6.870363873208706,1.867199722705874,-3.474173282823083,1.7979087762338164,BabyLM 350M — first layer
2.3019970156956995,0.30424022087631464,13.292306099991835,6.870363873208706,1.867199722705874,-3.474173282823083,1.7979087762338164,BabyLM 350M — first layer
2.455648760088462,0.30424022087631464,13.27820387552331,6.870363873208706,1.867199722705874,-3.474173282823083,1.7979087762338164,BabyLM 350M — first layer
-2.0002518273016485,0.47146699325578423,13.495441441189778,6.870363873208706,1.867199722705874,-3.474173282823083,1.7979087762338164,BabyLM 350M — first layer
-1.846600082908886,0.47146699325578423,13.494878619055502,6.870363873208706,1.867199722705874,-3.474173282823083,1.7979087762338164,BabyLM 350M — first layer
-1.6929483385161237,0.47146699325578423,13.493833838628484,6.870363873208706,1.867199722705874,-3.474173282823083,1.7979087762338164,BabyLM 350M — first layer
-1.5392965941233612,0.47146699325578423,13.492307099908725,6.870363873208706,1.867199722705874,-3.474173282823083,1.7979087762338164,BabyLM 350M — first layer
-1.3856448497305989,0.47146699325578423,13.490298402896222,6.870363873208706,1.867199722705874,-3.474173282823083,1.7979087762338164,BabyLM 350M — first layer
-1.2319931053378363,0.47146699325578423,13.487807747590978,6.870363873208706,1.867199722705874,-3.474173282823083,1.7979087762338164,BabyLM 350M — first layer
-1.0783413609450738,0.47146699325578423,13.48483513399299,6.870363873208706,1.867199722705874,-3.474173282823083,1.7979087762338164,BabyLM 350M — first layer
-0.9246896165523115,0.47146699325578423,13.481380562102261,6.870363873208706,1.867199722705874,-3.474173282823083,1.7979087762338164,BabyLM 350M — first layer
-0.771037872159549,0.47146699325578423,13.47744403191879,6.870363873208706,1.867199722705874,-3.474173282823083,1.7979087762338164,BabyLM 350M — first layer
-0.6173861277667865,0.47146699325578423,13.473025543442574,6.870363873208706,1.867199722705874,-3.474173282823083,1.7979087762338164,BabyLM 350M — first layer
-0.4637343833740242,0.47146699325578423,13.468125096673619,6.870363873208706,1.867199722705874,-3.474173282823083,1.7979087762338164,BabyLM 350M — first layer
-0.31008263898126165,0.47146699325578423,13.46274269161192,6.870363873208706,1.867199722705874,-3.474173282823083,1.7979087762338164,BabyLM 350M — first layer
-0.15643089458849913,0.47146699325578423,13.45687832825748,6.870363873208706,1.867199722705874,-3.474173282823083,1.7979087762338164,BabyLM 350M — first layer
-0.0027791501957368236,0.47146699325578423,13.450532006610295,6.870363873208706,1.867199722705874,-3.474173282823083,1.7979087762338164,BabyLM 350M — first layer
0.15087259419702548,0.47146699325578423,13.44370372667037,6.870363873208706,1.867199722705874,-3.474173282823083,1.7979087762338164,BabyLM 350M — first layer
0.304524338589788,0.47146699325578423,13.436393488437702,6.870363873208706,1.867199722705874,-3.474173282823083,1.7979087762338164,BabyLM 350M — first layer
0.4581760829825505,0.47146699325578423,13.428601291912292,6.870363873208706,1.867199722705874,-3.474173282823083,1.7979087762338164,BabyLM 350M — first layer
0.611827827375313,0.47146699325578423,13.420327137094139,6.870363873208706,1.867199722705874,-3.474173282823083,1.7979087762338164,BabyLM 350M — first layer
0.7654795717680756,0.47146699325578423,13.411571023983244,6.870363873208706,1.867199722705874,-3.474173282823083,1.7979087762338164,BabyLM 350M — first layer
0.9191313161608377,0.47146699325578423,13.402332952579606,6.870363873208706,1.867199722705874,-3.474173282823083,1.7979087762338164,BabyLM 350M — first layer
1.0727830605536002,0.47146699325578423,13.392612922883227,6.870363873208706,1.867199722705874,-3.474173282823083,1.7979087762338164,BabyLM 350M — first layer
1.2264348049463627,0.47146699325578423,13.382410934894105,6.870363873208706,1.867199722705874,-3.474173282823083,1.7979087762338164,BabyLM 350M — first layer
1.3800865493391252,0.47146699325578423,13.37172698861224,6.870363873208706,1.867199722705874,-3.474173282823083,1.7979087762338164,BabyLM 350M — first layer
1.5337382937318877,0.47146699325578423,13.360561084037634,6.870363873208706,1.867199722705874,-3.474173282823083,1.7979087762338164,BabyLM 350M — first layer
1.6873900381246503,0.47146699325578423,13.348913221170285,6.870363873208706,1.867199722705874,-3.474173282823083,1.7979087762338164,BabyLM 350M — first layer
1.8410417825174124,0.47146699325578423,13.336783400010194,6.870363873208706,1.867199722705874,-3.474173282823083,1.7979087762338164,BabyLM 350M — first layer
1.9946935269101749,0.47146699325578423,13.32417162055736,6.870363873208706,1.867199722705874,-3.474173282823083,1.7979087762338164,BabyLM 350M — first layer
2.148345271302937,0.47146699325578423,13.311077882811784,6.870363873208706,1.867199722705874,-3.474173282823083,1.7979087762338164,BabyLM 350M — first layer
2.3019970156956995,0.47146699325578423,13.297502186773466,6.870363873208706,1.867199722705874,-3.474173282823083,1.7979087762338164,BabyLM 350M — first layer
2.455648760088462,0.47146699325578423,13.283444532442406,6.870363873208706,1.867199722705874,-3.474173282823083,1.7979087762338164,BabyLM 350M — first layer
-2.0002518273016485,0.6386937656352534,13.4987442328017,6.870363873208706,1.867199722705874,-3.474173282823083,1.7979087762338164,BabyLM 350M — first layer
-1.846600082908886,0.6386937656352534,13.49822598080489,6.870363873208706,1.867199722705874,-3.474173282823083,1.7979087762338164,BabyLM 350M — first layer
-1.6929483385161237,0.6386937656352534,13.497225770515335,6.870363873208706,1.867199722705874,-3.474173282823083,1.7979087762338164,BabyLM 350M — first layer
-1.5392965941233612,0.6386937656352534,13.49574360193304,6.870363873208706,1.867199722705874,-3.474173282823083,1.7979087762338164,BabyLM 350M — first layer
-1.3856448497305989,0.6386937656352534,13.493779475058002,6.870363873208706,1.867199722705874,-3.474173282823083,1.7979087762338164,BabyLM 350M — first layer
-1.2319931053378363,0.6386937656352534,13.491333389890222,6.870363873208706,1.867199722705874,-3.474173282823083,1.7979087762338164,BabyLM 350M — first layer
-1.0783413609450738,0.6386937656352534,13.4884053464297,6.870363873208706,1.867199722705874,-3.474173282823083,1.7979087762338164,BabyLM 350M — first layer
-0.9246896165523115,0.6386937656352534,13.484995344676435,6.870363873208706,1.867199722705874,-3.474173282823083,1.7979087762338164,BabyLM 350M — first layer
-0.771037872159549,0.6386937656352534,13.481103384630428,6.870363873208706,1.867199722705874,-3.474173282823083,1.7979087762338164,BabyLM 350M — first layer
-0.6173861277667865,0.6386937656352534,13.476729466291678,6.870363873208706,1.867199722705874,-3.474173282823083,1.7979087762338164,BabyLM 350M — first layer
-0.4637343833740242,0.6386937656352534,13.471873589660186,6.870363873208706,1.867199722705874,-3.474173282823083,1.7979087762338164,BabyLM 350M — first layer
-0.31008263898126165,0.6386937656352534,13.466535754735952,6.870363873208706,1.867199722705874,-3.474173282823083,1.7979087762338164,BabyLM 350M — first layer
-0.15643089458849913,0.6386937656352534,13.460715961518975,6.870363873208706,1.867199722705874,-3.474173282823083,1.7979087762338164,BabyLM 350M — first layer
-0.0027791501957368236,0.6386937656352534,13.454414210009256,6.870363873208706,1.867199722705874,-3.474173282823083,1.7979087762338164,BabyLM 350M — first layer
0.15087259419702548,0.6386937656352534,13.447630500206795,6.870363873208706,1.867199722705874,-3.474173282823083,1.7979087762338164,BabyLM 350M — first layer
0.304524338589788,0.6386937656352534,13.440364832111591,6.870363873208706,1.867199722705874,-3.474173282823083,1.7979087762338164,BabyLM 350M — first layer
0.4581760829825505,0.6386937656352534,13.432617205723647,6.870363873208706,1.867199722705874,-3.474173282823083,1.7979087762338164,BabyLM 350M — first layer
0.611827827375313,0.6386937656352534,13.424387621042957,6.870363873208706,1.867199722705874,-3.474173282823083,1.7979087762338164,BabyLM 350M — first layer
0.7654795717680756,0.6386937656352534,13.415676078069527,6.870363873208706,1.867199722705874,-3.474173282823083,1.7979087762338164,BabyLM 350M — first layer
0.9191313161608377,0.6386937656352534,13.406482576803354,6.870363873208706,1.867199722705874,-3.474173282823083,1.7979087762338164,BabyLM 350M — first layer
1.0727830605536002,0.6386937656352534,13.396807117244439,6.870363873208706,1.867199722705874,-3.474173282823083,1.7979087762338164,BabyLM 350M — first layer
1.2264348049463627,0.6386937656352534,13.386649699392782,6.870363873208706,1.867199722705874,-3.474173282823083,1.7979087762338164,BabyLM 350M — first layer
1.3800865493391252,0.6386937656352534,13.376010323248382,6.870363873208706,1.867199722705874,-3.474173282823083,1.7979087762338164,BabyLM 350M — first layer
1.5337382937318877,0.6386937656352534,13.36488898881124,6.870363873208706,1.867199722705874,-3.474173282823083,1.7979087762338164,BabyLM 350M — first layer
1.6873900381246503,0.6386937656352534,13.353285696081356,6.870363873208706,1.867199722705874,-3.474173282823083,1.7979087762338164,BabyLM 350M — first layer
1.8410417825174124,0.6386937656352534,13.341200445058728,6.870363873208706,1.867199722705874,-3.474173282823083,1.7979087762338164,BabyLM 350M — first layer
1.9946935269101749,0.6386937656352534,13.32863323574336,6.870363873208706,1.867199722705874,-3.474173282823083,1.7979087762338164,BabyLM 350M — first layer
2.148345271302937,0.6386937656352534,13.315584068135248,6.870363873208706,1.867199722705874,-3.474173282823083,1.7979087762338164,BabyLM 350M — first layer
2.3019970156956995,0.6386937656352534,13.302052942234395,6.870363873208706,1.867199722705874,-3.474173282823083,1.7979087762338164,BabyLM 350M — first layer
2.455648760088462,0.6386937656352534,13.288039858040799,6.870363873208706,1.867199722705874,-3.474173282823083,1.7979087762338164,BabyLM 350M — first layer
-2.0002518273016485,0.805920538014723,13.50140169309292,6.870363873208706,1.867199722705874,-3.474173282823083,1.7979087762338164,BabyLM 350M — first layer
-1.846600082908886,0.805920538014723,13.500928011233574,6.870363873208706,1.867199722705874,-3.474173282823083,1.7979087762338164,BabyLM 350M — first layer
-1.6929483385161237,0.805920538014723,13.499972371081485,6.870363873208706,1.867199722705874,-3.474173282823083,1.7979087762338164,BabyLM 350M — first layer
-1.5392965941233612,0.805920538014723,13.498534772636653,6.870363873208706,1.867199722705874,-3.474173282823083,1.7979087762338164,BabyLM 350M — first layer
-1.3856448497305989,0.805920538014723,13.49661521589908,6.870363873208706,1.867199722705874,-3.474173282823083,1.7979087762338164,BabyLM 350M — first layer
-1.2319931053378363,0.805920538014723,13.494213700868764,6.870363873208706,1.867199722705874,-3.474173282823083,1.7979087762338164,BabyLM 350M — first layer
-1.0783413609450738,0.805920538014723,13.491330227545706,6.870363873208706,1.867199722705874,-3.474173282823083,1.7979087762338164,BabyLM 350M — first layer
-0.9246896165523115,0.805920538014723,13.487964795929907,6.870363873208706,1.867199722705874,-3.474173282823083,1.7979087762338164,BabyLM 350M — first layer
-0.771037872159549,0.805920538014723,13.484117406021364,6.870363873208706,1.867199722705874,-3.474173282823083,1.7979087762338164,BabyLM 350M — first layer
-0.6173861277667865,0.805920538014723,13.479788057820079,6.870363873208706,1.867199722705874,-3.474173282823083,1.7979087762338164,BabyLM 350M — first layer
-0.4637343833740242,0.805920538014723,13.47497675132605,6.870363873208706,1.867199722705874,-3.474173282823083,1.7979087762338164,BabyLM 350M — first layer
-0.31008263898126165,0.805920538014723,13.469683486539282,6.870363873208706,1.867199722705874,-3.474173282823083,1.7979087762338164,BabyLM 350M — first layer
-0.15643089458849913,0.805920538014723,13.46390826345977,6.870363873208706,1.867199722705874,-3.474173282823083,1.7979087762338164,BabyLM 350M — first layer
-0.0027791501957368236,0.805920538014723,13.457651082087514,6.870363873208706,1.867199722705874,-3.474173282823083,1.7979087762338164,BabyLM 350M — first layer
0.15087259419702548,0.805920538014723,13.450911942422518,6.870363873208706,1.867199722705874,-3.474173282823083,1.7979087762338164,BabyLM 350M — first layer
0.304524338589788,0.805920538014723,13.44369084446478,6.870363873208706,1.867199722705874,-3.474173282823083,1.7979087762338164,BabyLM 350M — first layer
0.4581760829825505,0.805920538014723,13.435987788214298,6.870363873208706,1.867199722705874,-3.474173282823083,1.7979087762338164,BabyLM 350M — first layer
0.611827827375313,0.805920538014723,13.427802773671074,6.870363873208706,1.867199722705874,-3.474173282823083,1.7979087762338164,BabyLM 350M — first layer
0.7654795717680756,0.805920538014723,13.419135800835107,6.870363873208706,1.867199722705874,-3.474173282823083,1.7979087762338164,BabyLM 350M — first layer
0.9191313161608377,0.805920538014723,13.4099868697064,6.870363873208706,1.867199722705874,-3.474173282823083,1.7979087762338164,BabyLM 350M — first layer
1.0727830605536002,0.805920538014723,13.40035598028495,6.870363873208706,1.867199722705874,-3.474173282823083,1.7979087762338164,BabyLM 350M — first layer
1.2264348049463627,0.805920538014723,13.390243132570756,6.870363873208706,1.867199722705874,-3.474173282823083,1.7979087762338164,BabyLM 350M — first layer
1.3800865493391252,0.805920538014723,13.37964832656382,6.870363873208706,1.867199722705874,-3.474173282823083,1.7979087762338164,BabyLM 350M — first layer
1.5337382937318877,0.805920538014723,13.368571562264144,6.870363873208706,1.867199722705874,-3.474173282823083,1.7979087762338164,BabyLM 350M — first layer
1.6873900381246503,0.805920538014723,13.357012839671723,6.870363873208706,1.867199722705874,-3.474173282823083,1.7979087762338164,BabyLM 350M — first layer
1.8410417825174124,0.805920538014723,13.344972158786561,6.870363873208706,1.867199722705874,-3.474173282823083,1.7979087762338164,BabyLM 350M — first layer
1.9946935269101749,0.805920538014723,13.332449519608657,6.870363873208706,1.867199722705874,-3.474173282823083,1.7979087762338164,BabyLM 350M — first layer
2.148345271302937,0.805920538014723,13.31944492213801,6.870363873208706,1.867199722705874,-3.474173282823083,1.7979087762338164,BabyLM 350M — first layer
2.3019970156956995,0.805920538014723,13.30595836637462,6.870363873208706,1.867199722705874,-3.474173282823083,1.7979087762338164,BabyLM 350M — first layer
2.455648760088462,0.805920538014723,13.291989852318489,6.870363873208706,1.867199722705874,-3.474173282823083,1.7979087762338164,BabyLM 350M — first layer
-2.0002518273016485,0.9731473103941921,13.503413822063436,6.870363873208706,1.867199722705874,-3.474173282823083,1.7979087762338164,BabyLM 350M — first layer
-1.846600082908886,0.9731473103941921,13.502984710341554,6.870363873208706,1.867199722705874,-3.474173282823083,1.7979087762338164,BabyLM 350M — first layer
-1.6929483385161237,0.9731473103941921,13.50207364032693,6.870363873208706,1.867199722705874,-3.474173282823083,1.7979087762338164,BabyLM 350M — first layer
-1.5392965941233612,0.9731473103941921,13.500680612019563,6.870363873208706,1.867199722705874,-3.474173282823083,1.7979087762338164,BabyLM 350M — first layer
-1.3856448497305989,0.9731473103941921,13.498805625419456,6.870363873208706,1.867199722705874,-3.474173282823083,1.7979087762338164,BabyLM 350M — first layer
-1.2319931053378363,0.9731473103941921,13.496448680526603,6.870363873208706,1.867199722705874,-3.474173282823083,1.7979087762338164,BabyLM 350M — first layer
-1.0783413609450738,0.9731473103941921,13.49360977734101,6.870363873208706,1.867199722705874,-3.474173282823083,1.7979087762338164,BabyLM 350M — first layer
-0.9246896165523115,0.9731473103941921,13.490288915862674,6.870363873208706,1.867199722705874,-3.474173282823083,1.7979087762338164,BabyLM 350M — first layer
-0.771037872159549,0.9731473103941921,13.486486096091596,6.870363873208706,1.867199722705874,-3.474173282823083,1.7979087762338164,BabyLM 350M — first layer
-0.6173861277667865,0.9731473103941921,13.482201318027775,6.870363873208706,1.867199722705874,-3.474173282823083,1.7979087762338164,BabyLM 350M — first layer
-0.4637343833740242,0.9731473103941921,13.477434581671213,6.870363873208706,1.867199722705874,-3.474173282823083,1.7979087762338164,BabyLM 350M — first layer
-0.31008263898126165,0.9731473103941921,13.472185887021908,6.870363873208706,1.867199722705874,-3.474173282823083,1.7979087762338164,BabyLM 350M — first layer
-0.15643089458849913,0.9731473103941921,13.46645523407986,6.870363873208706,1.867199722705874,-3.474173282823083,1.7979087762338164,BabyLM 350M — first layer
-0.0027791501957368236,0.9731473103941921,13.46024262284507,6.870363873208706,1.867199722705874,-3.474173282823083,1.7979087762338164,BabyLM 350M — first layer
0.15087259419702548,0.9731473103941921,13.453548053317538,6.870363873208706,1.867199722705874,-3.474173282823083,1.7979087762338164,BabyLM 350M — first layer
0.304524338589788,0.9731473103941921,13.446371525497263,6.870363873208706,1.867199722705874,-3.474173282823083,1.7979087762338164,BabyLM 350M — first layer
0.4581760829825505,0.9731473103941921,13.438713039384247,6.870363873208706,1.867199722705874,-3.474173282823083,1.7979087762338164,BabyLM 350M — first layer
0.611827827375313,0.9731473103941921,13.430572594978488,6.870363873208706,1.867199722705874,-3.474173282823083,1.7979087762338164,BabyLM 350M — first layer
0.7654795717680756,0.9731473103941921,13.421950192279986,6.870363873208706,1.867199722705874,-3.474173282823083,1.7979087762338164,BabyLM 350M — first layer
0.9191313161608377,0.9731473103941921,13.412845831288742,6.870363873208706,1.867199722705874,-3.474173282823083,1.7979087762338164,BabyLM 350M — first layer
1.0727830605536002,0.9731473103941921,13.403259512004755,6.870363873208706,1.867199722705874,-3.474173282823083,1.7979087762338164,BabyLM 350M — first layer
1.2264348049463627,0.9731473103941921,13.393191234428027,6.870363873208706,1.867199722705874,-3.474173282823083,1.7979087762338164,BabyLM 350M — first layer
1.3800865493391252,0.9731473103941921,13.382640998558557,6.870363873208706,1.867199722705874,-3.474173282823083,1.7979087762338164,BabyLM 350M — first layer
1.5337382937318877,0.9731473103941921,13.371608804396343,6.870363873208706,1.867199722705874,-3.474173282823083,1.7979087762338164,BabyLM 350M — first layer
1.6873900381246503,0.9731473103941921,13.360094651941388,6.870363873208706,1.867199722705874,-3.474173282823083,1.7979087762338164,BabyLM 350M — first layer
1.8410417825174124,0.9731473103941921,13.348098541193691,6.870363873208706,1.867199722705874,-3.474173282823083,1.7979087762338164,BabyLM 350M — first layer
1.9946935269101749,0.9731473103941921,13.33562047215325,6.870363873208706,1.867199722705874,-3.474173282823083,1.7979087762338164,BabyLM 350M — first layer
2.148345271302937,0.9731473103941921,13.322660444820068,6.870363873208706,1.867199722705874,-3.474173282823083,1.7979087762338164,BabyLM 350M — first layer
2.3019970156956995,0.9731473103941921,13.309218459194144,6.870363873208706,1.867199722705874,-3.474173282823083,1.7979087762338164,BabyLM 350M — first layer
2.455648760088462,0.9731473103941921,13.295294515275476,6.870363873208706,1.867199722705874,-3.474173282823083,1.7979087762338164,BabyLM 350M — first layer
-2.0002518273016485,1.1403740827736613,13.50478061971325,6.870363873208706,1.867199722705874,-3.474173282823083,1.7979087762338164,BabyLM 350M — first layer
-1.846600082908886,1.1403740827736613,13.504396078128833,6.870363873208706,1.867199722705874,-3.474173282823083,1.7979087762338164,BabyLM 350M — first layer
-1.6929483385161237,1.1403740827736613,13.503529578251673,6.870363873208706,1.867199722705874,-3.474173282823083,1.7979087762338164,BabyLM 350M — first layer
-1.5392965941233612,1.1403740827736613,13.50218112008177,6.870363873208706,1.867199722705874,-3.474173282823083,1.7979087762338164,BabyLM 350M — first layer
-1.3856448497305989,1.1403740827736613,13.500350703619127,6.870363873208706,1.867199722705874,-3.474173282823083,1.7979087762338164,BabyLM 350M — first layer
-1.2319931053378363,1.1403740827736613,13.498038328863741,6.870363873208706,1.867199722705874,-3.474173282823083,1.7979087762338164,BabyLM 350M — first layer
-1.0783413609450738,1.1403740827736613,13.495243995815612,6.870363873208706,1.867199722705874,-3.474173282823083,1.7979087762338164,BabyLM 350M — first layer
-0.9246896165523115,1.1403740827736613,13.491967704474739,6.870363873208706,1.867199722705874,-3.474173282823083,1.7979087762338164,BabyLM 350M — first layer
-0.771037872159549,1.1403740827736613,13.488209454841126,6.870363873208706,1.867199722705874,-3.474173282823083,1.7979087762338164,BabyLM 350M — first layer
-0.6173861277667865,1.1403740827736613,13.48396924691477,6.870363873208706,1.867199722705874,-3.474173282823083,1.7979087762338164,BabyLM 350M — first layer
-0.4637343833740242,1.1403740827736613,13.479247080695671,6.870363873208706,1.867199722705874,-3.474173282823083,1.7979087762338164,BabyLM 350M — first layer
-0.31008263898126165,1.1403740827736613,13.474042956183832,6.870363873208706,1.867199722705874,-3.474173282823083,1.7979087762338164,BabyLM 350M — first layer
-0.15643089458849913,1.1403740827736613,13.468356873379248,6.870363873208706,1.867199722705874,-3.474173282823083,1.7979087762338164,BabyLM 350M — first layer
-0.0027791501957368236,1.1403740827736613,13.462188832281923,6.870363873208706,1.867199722705874,-3.474173282823083,1.7979087762338164,BabyLM 350M — first layer
0.15087259419702548,1.1403740827736613,13.455538832891854,6.870363873208706,1.867199722705874,-3.474173282823083,1.7979087762338164,BabyLM 350M — first layer
0.304524338589788,1.1403740827736613,13.448406875209045,6.870363873208706,1.867199722705874,-3.474173282823083,1.7979087762338164,BabyLM 350M — first layer
0.4581760829825505,1.1403740827736613,13.440792959233493,6.870363873208706,1.867199722705874,-3.474173282823083,1.7979087762338164,BabyLM 350M — first layer
0.611827827375313,1.1403740827736613,13.432697084965199,6.870363873208706,1.867199722705874,-3.474173282823083,1.7979087762338164,BabyLM 350M — first layer
0.7654795717680756,1.1403740827736613,13.42411925240416,6.870363873208706,1.867199722705874,-3.474173282823083,1.7979087762338164,BabyLM 350M — first layer
0.9191313161608377,1.1403740827736613,13.415059461550381,6.870363873208706,1.867199722705874,-3.474173282823083,1.7979087762338164,BabyLM 350M — first layer
1.0727830605536002,1.1403740827736613,13.40551771240386,6.870363873208706,1.867199722705874,-3.474173282823083,1.7979087762338164,BabyLM 350M — first layer
1.2264348049463627,1.1403740827736613,13.395494004964597,6.870363873208706,1.867199722705874,-3.474173282823083,1.7979087762338164,BabyLM 350M — first layer
1.3800865493391252,1.1403740827736613,13.38498833923259,6.870363873208706,1.867199722705874,-3.474173282823083,1.7979087762338164,BabyLM 350M — first layer
1.5337382937318877,1.1403740827736613,13.374000715207842,6.870363873208706,1.867199722705874,-3.474173282823083,1.7979087762338164,BabyLM 350M — first layer
1.6873900381246503,1.1403740827736613,13.36253113289035,6.870363873208706,1.867199722705874,-3.474173282823083,1.7979087762338164,BabyLM 350M — first layer
1.8410417825174124,1.1403740827736613,13.350579592280118,6.870363873208706,1.867199722705874,-3.474173282823083,1.7979087762338164,BabyLM 350M — first layer
1.9946935269101749,1.1403740827736613,13.33814609337714,6.870363873208706,1.867199722705874,-3.474173282823083,1.7979087762338164,BabyLM 350M — first layer
2.148345271302937,1.1403740827736613,13.325230636181423,6.870363873208706,1.867199722705874,-3.474173282823083,1.7979087762338164,BabyLM 350M — first layer
2.3019970156956995,1.1403740827736613,13.311833220692964,6.870363873208706,1.867199722705874,-3.474173282823083,1.7979087762338164,BabyLM 350M — first layer
2.455648760088462,1.1403740827736613,13.297953846911762,6.870363873208706,1.867199722705874,-3.474173282823083,1.7979087762338164,BabyLM 350M — first layer
-2.0002518273016485,1.3076008551531308,13.505502086042362,6.870363873208706,1.867199722705874,-3.474173282823083,1.7979087762338164,BabyLM 350M — first layer
-1.846600082908886,1.3076008551531308,13.505162114595409,6.870363873208706,1.867199722705874,-3.474173282823083,1.7979087762338164,BabyLM 350M — first layer
-1.6929483385161237,1.3076008551531308,13.504340184855714,6.870363873208706,1.867199722705874,-3.474173282823083,1.7979087762338164,BabyLM 350M — first layer
-1.5392965941233612,1.3076008551531308,13.503036296823275,6.870363873208706,1.867199722705874,-3.474173282823083,1.7979087762338164,BabyLM 350M — first layer
-1.3856448497305989,1.3076008551531308,13.501250450498096,6.870363873208706,1.867199722705874,-3.474173282823083,1.7979087762338164,BabyLM 350M — first layer
-1.2319931053378363,1.3076008551531308,13.498982645880174,6.870363873208706,1.867199722705874,-3.474173282823083,1.7979087762338164,BabyLM 350M — first layer
-1.0783413609450738,1.3076008551531308,13.49623288296951,6.870363873208706,1.867199722705874,-3.474173282823083,1.7979087762338164,BabyLM 350M — first layer
-0.9246896165523115,1.3076008551531308,13.493001161766102,6.870363873208706,1.867199722705874,-3.474173282823083,1.7979087762338164,BabyLM 350M — first layer
-0.771037872159549,1.3076008551531308,13.489287482269953,6.870363873208706,1.867199722705874,-3.474173282823083,1.7979087762338164,BabyLM 350M — first layer
-0.6173861277667865,1.3076008551531308,13.485091844481062,6.870363873208706,1.867199722705874,-3.474173282823083,1.7979087762338164,BabyLM 350M — first layer
-0.4637343833740242,1.3076008551531308,13.480414248399427,6.870363873208706,1.867199722705874,-3.474173282823083,1.7979087762338164,BabyLM 350M — first layer
-0.31008263898126165,1.3076008551531308,13.475254694025052,6.870363873208706,1.867199722705874,-3.474173282823083,1.7979087762338164,BabyLM 350M — first layer
-0.15643089458849913,1.3076008551531308,13.469613181357932,6.870363873208706,1.867199722705874,-3.474173282823083,1.7979087762338164,BabyLM 350M — first layer
-0.0027791501957368236,1.3076008551531308,13.463489710398072,6.870363873208706,1.867199722705874,-3.474173282823083,1.7979087762338164,BabyLM 350M — first layer
0.15087259419702548,1.3076008551531308,13.456884281145468,6.870363873208706,1.867199722705874,-3.474173282823083,1.7979087762338164,BabyLM 350M — first layer
0.304524338589788,1.3076008551531308,13.449796893600123,6.870363873208706,1.867199722705874,-3.474173282823083,1.7979087762338164,BabyLM 350M — first layer
0.4581760829825505,1.3076008551531308,13.442227547762036,6.870363873208706,1.867199722705874,-3.474173282823083,1.7979087762338164,BabyLM 350M — first layer
0.611827827375313,1.3076008551531308,13.434176243631205,6.870363873208706,1.867199722705874,-3.474173282823083,1.7979087762338164,BabyLM 350M — first layer
0.7654795717680756,1.3076008551531308,13.425642981207632,6.870363873208706,1.867199722705874,-3.474173282823083,1.7979087762338164,BabyLM 350M — first layer
0.9191313161608377,1.3076008551531308,13.416627760491318,6.870363873208706,1.867199722705874,-3.474173282823083,1.7979087762338164,BabyLM 350M — first layer
1.0727830605536002,1.3076008551531308,13.407130581482262,6.870363873208706,1.867199722705874,-3.474173282823083,1.7979087762338164,BabyLM 350M — first layer
1.2264348049463627,1.3076008551531308,13.397151444180462,6.870363873208706,1.867199722705874,-3.474173282823083,1.7979087762338164,BabyLM 350M — first layer
1.3800865493391252,1.3076008551531308,13.38669034858592,6.870363873208706,1.867199722705874,-3.474173282823083,1.7979087762338164,BabyLM 350M — first layer
1.5337382937318877,1.3076008551531308,13.375747294698636,6.870363873208706,1.867199722705874,-3.474173282823083,1.7979087762338164,BabyLM 350M — first layer
1.6873900381246503,1.3076008551531308,13.364322282518609,6.870363873208706,1.867199722705874,-3.474173282823083,1.7979087762338164,BabyLM 350M — first layer
1.8410417825174124,1.3076008551531308,13.35241531204584,6.870363873208706,1.867199722705874,-3.474173282823083,1.7979087762338164,BabyLM 350M — first layer
1.9946935269101749,1.3076008551531308,13.34002638328033,6.870363873208706,1.867199722705874,-3.474173282823083,1.7979087762338164,BabyLM 350M — first layer
2.148345271302937,1.3076008551531308,13.327155496222076,6.870363873208706,1.867199722705874,-3.474173282823083,1.7979087762338164,BabyLM 350M — first layer
2.3019970156956995,1.3076008551531308,13.31380265087108,6.870363873208706,1.867199722705874,-3.474173282823083,1.7979087762338164,BabyLM 350M — first layer
2.455648760088462,1.3076008551531308,13.299967847227343,6.870363873208706,1.867199722705874,-3.474173282823083,1.7979087762338164,BabyLM 350M — first layer
-2.0002518273016485,1.4748276275325995,13.50557822105077,6.870363873208706,1.867199722705874,-3.474173282823083,1.7979087762338164,BabyLM 350M — first layer
-1.846600082908886,1.4748276275325995,13.505282819741282,6.870363873208706,1.867199722705874,-3.474173282823083,1.7979087762338164,BabyLM 350M — first layer
-1.6929483385161237,1.4748276275325995,13.50450546013905,6.870363873208706,1.867199722705874,-3.474173282823083,1.7979087762338164,BabyLM 350M — first layer
-1.5392965941233612,1.4748276275325995,13.503246142244077,6.870363873208706,1.867199722705874,-3.474173282823083,1.7979087762338164,BabyLM 350M — first layer
-1.3856448497305989,1.4748276275325995,13.501504866056361,6.870363873208706,1.867199722705874,-3.474173282823083,1.7979087762338164,BabyLM 350M — first layer
-1.2319931053378363,1.4748276275325995,13.499281631575904,6.870363873208706,1.867199722705874,-3.474173282823083,1.7979087762338164,BabyLM 350M — first layer
-1.0783413609450738,1.4748276275325995,13.496576438802704,6.870363873208706,1.867199722705874,-3.474173282823083,1.7979087762338164,BabyLM 350M — first layer
-0.9246896165523115,1.4748276275325995,13.493389287736763,6.870363873208706,1.867199722705874,-3.474173282823083,1.7979087762338164,BabyLM 350M — first layer
-0.771037872159549,1.4748276275325995,13.489720178378077,6.870363873208706,1.867199722705874,-3.474173282823083,1.7979087762338164,BabyLM 350M — first layer
-0.6173861277667865,1.4748276275325995,13.48556911072665,6.870363873208706,1.867199722705874,-3.474173282823083,1.7979087762338164,BabyLM 350M — first layer
-0.4637343833740242,1.4748276275325995,13.480936084782481,6.870363873208706,1.867199722705874,-3.474173282823083,1.7979087762338164,BabyLM 350M — first layer
-0.31008263898126165,1.4748276275325995,13.47582110054557,6.870363873208706,1.867199722705874,-3.474173282823083,1.7979087762338164,BabyLM 350M — first layer
-0.15643089458849913,1.4748276275325995,13.470224158015915,6.870363873208706,1.867199722705874,-3.474173282823083,1.7979087762338164,BabyLM 350M — first layer
-0.0027791501957368236,1.4748276275325995,13.464145257193518,6.870363873208706,1.867199722705874,-3.474173282823083,1.7979087762338164,BabyLM 350M — first layer
0.15087259419702548,1.4748276275325995,13.45758439807838,6.870363873208706,1.867199722705874,-3.474173282823083,1.7979087762338164,BabyLM 350M — first layer
0.304524338589788,1.4748276275325995,13.4505415806705,6.870363873208706,1.867199722705874,-3.474173282823083,1.7979087762338164,BabyLM 350M — first layer
0.4581760829825505,1.4748276275325995,13.443016804969876,6.870363873208706,1.867199722705874,-3.474173282823083,1.7979087762338164,BabyLM 350M — first layer
0.611827827375313,1.4748276275325995,13.43501007097651,6.870363873208706,1.867199722705874,-3.474173282823083,1.7979087762338164,BabyLM 350M — first layer
0.7654795717680756,1.4748276275325995,13.426521378690403,6.870363873208706,1.867199722705874,-3.474173282823083,1.7979087762338164,BabyLM 350M — first layer
0.9191313161608377,1.4748276275325995,13.417550728111552,6.870363873208706,1.867199722705874,-3.474173282823083,1.7979087762338164,BabyLM 350M — first layer
1.0727830605536002,1.4748276275325995,13.408098119239959,6.870363873208706,1.867199722705874,-3.474173282823083,1.7979087762338164,BabyLM 350M — first layer
1.2264348049463627,1.4748276275325995,13.398163552075625,6.870363873208706,1.867199722705874,-3.474173282823083,1.7979087762338164,BabyLM 350M — first layer
1.3800865493391252,1.4748276275325995,13.387747026618547,6.870363873208706,1.867199722705874,-3.474173282823083,1.7979087762338164,BabyLM 350M — first layer
1.5337382937318877,1.4748276275325995,13.376848542868728,6.870363873208706,1.867199722705874,-3.474173282823083,1.7979087762338164,BabyLM 350M — first layer
1.6873900381246503,1.4748276275325995,13.365468100826165,6.870363873208706,1.867199722705874,-3.474173282823083,1.7979087762338164,BabyLM 350M — first layer
1.8410417825174124,1.4748276275325995,13.353605700490862,6.870363873208706,1.867199722705874,-3.474173282823083,1.7979087762338164,BabyLM 350M — first layer
1.9946935269101749,1.4748276275325995,13.341261341862815,6.870363873208706,1.867199722705874,-3.474173282823083,1.7979087762338164,BabyLM 350M — first layer
2.148345271302937,1.4748276275325995,13.328435024942026,6.870363873208706,1.867199722705874,-3.474173282823083,1.7979087762338164,BabyLM 350M — first layer
2.3019970156956995,1.4748276275325995,13.315126749728496,6.870363873208706,1.867199722705874,-3.474173282823083,1.7979087762338164,BabyLM 350M — first layer
2.455648760088462,1.4748276275325995,13.301336516222221,6.870363873208706,1.867199722705874,-3.474173282823083,1.7979087762338164,BabyLM 350M — first layer
-2.0002518273016485,1.6420543999120696,13.505009024738476,6.870363873208706,1.867199722705874,-3.474173282823083,1.7979087762338164,BabyLM 350M — first layer
-1.846600082908886,1.6420543999120696,13.50475819356645,6.870363873208706,1.867199722705874,-3.474173282823083,1.7979087762338164,BabyLM 350M — first layer
-1.6929483385161237,1.6420543999120696,13.504025404101686,6.870363873208706,1.867199722705874,-3.474173282823083,1.7979087762338164,BabyLM 350M — first layer
-1.5392965941233612,1.6420543999120696,13.502810656344177,6.870363873208706,1.867199722705874,-3.474173282823083,1.7979087762338164,BabyLM 350M — first layer
-1.3856448497305989,1.6420543999120696,13.501113950293925,6.870363873208706,1.867199722705874,-3.474173282823083,1.7979087762338164,BabyLM 350M — first layer
-1.2319931053378363,1.6420543999120696,13.498935285950932,6.870363873208706,1.867199722705874,-3.474173282823083,1.7979087762338164,BabyLM 350M — first layer
-1.0783413609450738,1.6420543999120696,13.496274663315196,6.870363873208706,1.867199722705874,-3.474173282823083,1.7979087762338164,BabyLM 350M — first layer
-0.9246896165523115,1.6420543999120696,13.493132082386719,6.870363873208706,1.867199722705874,-3.474173282823083,1.7979087762338164,BabyLM 350M — first layer
-0.771037872159549,1.6420543999120696,13.489507543165498,6.870363873208706,1.867199722705874,-3.474173282823083,1.7979087762338164,BabyLM 350M — first layer
-0.6173861277667865,1.6420543999120696,13.485401045651535,6.870363873208706,1.867199722705874,-3.474173282823083,1.7979087762338164,BabyLM 350M — first layer
-0.4637343833740242,1.6420543999120696,13.480812589844831,6.870363873208706,1.867199722705874,-3.474173282823083,1.7979087762338164,BabyLM 350M — first layer
-0.31008263898126165,1.6420543999120696,13.475742175745385,6.870363873208706,1.867199722705874,-3.474173282823083,1.7979087762338164,BabyLM 350M — first layer
-0.15643089458849913,1.6420543999120696,13.470189803353195,6.870363873208706,1.867199722705874,-3.474173282823083,1.7979087762338164,BabyLM 350M — first layer
-0.0027791501957368236,1.6420543999120696,13.464155472668264,6.870363873208706,1.867199722705874,-3.474173282823083,1.7979087762338164,BabyLM 350M — first layer
0.15087259419702548,1.6420543999120696,13.457639183690588,6.870363873208706,1.867199722705874,-3.474173282823083,1.7979087762338164,BabyLM 350M — first layer
0.304524338589788,1.6420543999120696,13.450640936420172,6.870363873208706,1.867199722705874,-3.474173282823083,1.7979087762338164,BabyLM 350M — first layer
0.4581760829825505,1.6420543999120696,13.443160730857013,6.870363873208706,1.867199722705874,-3.474173282823083,1.7979087762338164,BabyLM 350M — first layer
0.611827827375313,1.6420543999120696,13.435198567001112,6.870363873208706,1.867199722705874,-3.474173282823083,1.7979087762338164,BabyLM 350M — first layer
0.7654795717680756,1.6420543999120696,13.426754444852468,6.870363873208706,1.867199722705874,-3.474173282823083,1.7979087762338164,BabyLM 350M — first layer
0.9191313161608377,1.6420543999120696,13.417828364411083,6.870363873208706,1.867199722705874,-3.474173282823083,1.7979087762338164,BabyLM 350M — first layer
1.0727830605536002,1.6420543999120696,13.408420325676955,6.870363873208706,1.867199722705874,-3.474173282823083,1.7979087762338164,BabyLM 350M — first layer
1.2264348049463627,1.6420543999120696,13.398530328650084,6.870363873208706,1.867199722705874,-3.474173282823083,1.7979087762338164,BabyLM 350M — first layer
1.3800865493391252,1.6420543999120696,13.388158373330471,6.870363873208706,1.867199722705874,-3.474173282823083,1.7979087762338164,BabyLM 350M — first layer
1.5337382937318877,1.6420543999120696,13.377304459718117,6.870363873208706,1.867199722705874,-3.474173282823083,1.7979087762338164,BabyLM 350M — first layer
1.6873900381246503,1.6420543999120696,13.365968587813018,6.870363873208706,1.867199722705874,-3.474173282823083,1.7979087762338164,BabyLM 350M — first layer
1.8410417825174124,1.6420543999120696,13.35415075761518,6.870363873208706,1.867199722705874,-3.474173282823083,1.7979087762338164,BabyLM 350M — first layer
1.9946935269101749,1.6420543999120696,13.341850969124598,6.870363873208706,1.867199722705874,-3.474173282823083,1.7979087762338164,BabyLM 350M — first layer
2.148345271302937,1.6420543999120696,13.329069222341273,6.870363873208706,1.867199722705874,-3.474173282823083,1.7979087762338164,BabyLM 350M — first layer
2.3019970156956995,1.6420543999120696,13.315805517265206,6.870363873208706,1.867199722705874,-3.474173282823083,1.7979087762338164,BabyLM 350M — first layer
2.455648760088462,1.6420543999120696,13.302059853896397,6.870363873208706,1.867199722705874,-3.474173282823083,1.7979087762338164,BabyLM 350M — first layer
-2.0002518273016485,1.8092811722915387,13.503794497105478,6.870363873208706,1.867199722705874,-3.474173282823083,1.7979087762338164,BabyLM 350M — first layer
-1.846600082908886,1.8092811722915387,13.503588236070918,6.870363873208706,1.867199722705874,-3.474173282823083,1.7979087762338164,BabyLM 350M — first layer
-1.6929483385161237,1.8092811722915387,13.502900016743617,6.870363873208706,1.867199722705874,-3.474173282823083,1.7979087762338164,BabyLM 350M — first layer
-1.5392965941233612,1.8092811722915387,13.501729839123573,6.870363873208706,1.867199722705874,-3.474173282823083,1.7979087762338164,BabyLM 350M — first layer
-1.3856448497305989,1.8092811722915387,13.500077703210787,6.870363873208706,1.867199722705874,-3.474173282823083,1.7979087762338164,BabyLM 350M — first layer
-1.2319931053378363,1.8092811722915387,13.497943609005258,6.870363873208706,1.867199722705874,-3.474173282823083,1.7979087762338164,BabyLM 350M — first layer
-1.0783413609450738,1.8092811722915387,13.495327556506986,6.870363873208706,1.867199722705874,-3.474173282823083,1.7979087762338164,BabyLM 350M — first layer
-0.9246896165523115,1.8092811722915387,13.492229545715974,6.870363873208706,1.867199722705874,-3.474173282823083,1.7979087762338164,BabyLM 350M — first layer
-0.771037872159549,1.8092811722915387,13.488649576632218,6.870363873208706,1.867199722705874,-3.474173282823083,1.7979087762338164,BabyLM 350M — first layer
-0.6173861277667865,1.8092811722915387,13.484587649255719,6.870363873208706,1.867199722705874,-3.474173282823083,1.7979087762338164,BabyLM 350M — first layer
-0.4637343833740242,1.8092811722915387,13.48004376358648,6.870363873208706,1.867199722705874,-3.474173282823083,1.7979087762338164,BabyLM 350M — first layer
-0.31008263898126165,1.8092811722915387,13.475017919624497,6.870363873208706,1.867199722705874,-3.474173282823083,1.7979087762338164,BabyLM 350M — first layer
-0.15643089458849913,1.8092811722915387,13.46951011736977,6.870363873208706,1.867199722705874,-3.474173282823083,1.7979087762338164,BabyLM 350M — first layer
-0.0027791501957368236,1.8092811722915387,13.463520356822304,6.870363873208706,1.867199722705874,-3.474173282823083,1.7979087762338164,BabyLM 350M — first layer
0.15087259419702548,1.8092811722915387,13.457048637982094,6.870363873208706,1.867199722705874,-3.474173282823083,1.7979087762338164,BabyLM 350M — first layer
0.304524338589788,1.8092811722915387,13.450094960849142,6.870363873208706,1.867199722705874,-3.474173282823083,1.7979087762338164,BabyLM 350M — first layer
0.4581760829825505,1.8092811722915387,13.442659325423447,6.870363873208706,1.867199722705874,-3.474173282823083,1.7979087762338164,BabyLM 350M — first layer
0.611827827375313,1.8092811722915387,13.434741731705012,6.870363873208706,1.867199722705874,-3.474173282823083,1.7979087762338164,BabyLM 350M — first layer
0.7654795717680756,1.8092811722915387,13.426342179693833,6.870363873208706,1.867199722705874,-3.474173282823083,1.7979087762338164,BabyLM 350M — first layer
0.9191313161608377,1.8092811722915387,13.41746066938991,6.870363873208706,1.867199722705874,-3.474173282823083,1.7979087762338164,BabyLM 350M — first layer
1.0727830605536002,1.8092811722915387,13.408097200793247,6.870363873208706,1.867199722705874,-3.474173282823083,1.7979087762338164,BabyLM 350M — first layer
1.2264348049463627,1.8092811722915387,13.39825177390384,6.870363873208706,1.867199722705874,-3.474173282823083,1.7979087762338164,BabyLM 350M — first layer
1.3800865493391252,1.8092811722915387,13.387924388721693,6.870363873208706,1.867199722705874,-3.474173282823083,1.7979087762338164,BabyLM 350M — first layer
1.5337382937318877,1.8092811722915387,13.377115045246804,6.870363873208706,1.867199722705874,-3.474173282823083,1.7979087762338164,BabyLM 350M — first layer
1.6873900381246503,1.8092811722915387,13.36582374347917,6.870363873208706,1.867199722705874,-3.474173282823083,1.7979087762338164,BabyLM 350M — first layer
1.8410417825174124,1.8092811722915387,13.354050483418794,6.870363873208706,1.867199722705874,-3.474173282823083,1.7979087762338164,BabyLM 350M — first layer
1.9946935269101749,1.8092811722915387,13.341795265065677,6.870363873208706,1.867199722705874,-3.474173282823083,1.7979087762338164,BabyLM 350M — first layer
2.148345271302937,1.8092811722915387,13.329058088419817,6.870363873208706,1.867199722705874,-3.474173282823083,1.7979087762338164,BabyLM 350M — first layer
2.3019970156956995,1.8092811722915387,13.315838953481215,6.870363873208706,1.867199722705874,-3.474173282823083,1.7979087762338164,BabyLM 350M — first layer
2.455648760088462,1.8092811722915387,13.30213786024987,6.870363873208706,1.867199722705874,-3.474173282823083,1.7979087762338164,BabyLM 350M — first layer
-2.0002518273016485,1.9765079446710079,13.501934638151777,6.870363873208706,1.867199722705874,-3.474173282823083,1.7979087762338164,BabyLM 350M — first layer
-1.846600082908886,1.9765079446710079,13.501772947254683,6.870363873208706,1.867199722705874,-3.474173282823083,1.7979087762338164,BabyLM 350M — first layer
-1.6929483385161237,1.9765079446710079,13.501129298064845,6.870363873208706,1.867199722705874,-3.474173282823083,1.7979087762338164,BabyLM 350M — first layer
-1.5392965941233612,1.9765079446710079,13.500003690582266,6.870363873208706,1.867199722705874,-3.474173282823083,1.7979087762338164,BabyLM 350M — first layer
-1.3856448497305989,1.9765079446710079,13.498396124806943,6.870363873208706,1.867199722705874,-3.474173282823083,1.7979087762338164,BabyLM 350M — first layer
-1.2319931053378363,1.9765079446710079,13.49630660073888,6.870363873208706,1.867199722705874,-3.474173282823083,1.7979087762338164,BabyLM 350M — first layer
-1.0783413609450738,1.9765079446710079,13.493735118378073,6.870363873208706,1.867199722705874,-3.474173282823083,1.7979087762338164,BabyLM 350M — first layer
-0.9246896165523115,1.9765079446710079,13.490681677724524,6.870363873208706,1.867199722705874,-3.474173282823083,1.7979087762338164,BabyLM 350M — first layer
-0.771037872159549,1.9765079446710079,13.487146278778233,6.870363873208706,1.867199722705874,-3.474173282823083,1.7979087762338164,BabyLM 350M — first layer
-0.6173861277667865,1.9765079446710079,13.4831289215392,6.870363873208706,1.867199722705874,-3.474173282823083,1.7979087762338164,BabyLM 350M — first layer
-0.4637343833740242,1.9765079446710079,13.478629606007424,6.870363873208706,1.867199722705874,-3.474173282823083,1.7979087762338164,BabyLM 350M — first layer
-0.31008263898126165,1.9765079446710079,13.473648332182906,6.870363873208706,1.867199722705874,-3.474173282823083,1.7979087762338164,BabyLM 350M — first layer
-0.15643089458849913,1.9765079446710079,13.468185100065645,6.870363873208706,1.867199722705874,-3.474173282823083,1.7979087762338164,BabyLM 350M — first layer
-0.0027791501957368236,1.9765079446710079,13.462239909655642,6.870363873208706,1.867199722705874,-3.474173282823083,1.7979087762338164,BabyLM 350M — first layer
0.15087259419702548,1.9765079446710079,13.455812760952897,6.870363873208706,1.867199722705874,-3.474173282823083,1.7979087762338164,BabyLM 350M — first layer
0.304524338589788,1.9765079446710079,13.448903653957409,6.870363873208706,1.867199722705874,-3.474173282823083,1.7979087762338164,BabyLM 350M — first layer
0.4581760829825505,1.9765079446710079,13.44151258866918,6.870363873208706,1.867199722705874,-3.474173282823083,1.7979087762338164,BabyLM 350M — first layer
0.611827827375313,1.9765079446710079,13.433639565088207,6.870363873208706,1.867199722705874,-3.474173282823083,1.7979087762338164,BabyLM 350M — first layer
0.7654795717680756,1.9765079446710079,13.425284583214493,6.870363873208706,1.867199722705874,-3.474173282823083,1.7979087762338164,BabyLM 350M — first layer
0.9191313161608377,1.9765079446710079,13.416447643048036,6.870363873208706,1.867199722705874,-3.474173282823083,1.7979087762338164,BabyLM 350M — first layer
1.0727830605536002,1.9765079446710079,13.407128744588837,6.870363873208706,1.867199722705874,-3.474173282823083,1.7979087762338164,BabyLM 350M — first layer
1.2264348049463627,1.9765079446710079,13.397327887836896,6.870363873208706,1.867199722705874,-3.474173282823083,1.7979087762338164,BabyLM 350M — first layer
1.3800865493391252,1.9765079446710079,13.387045072792212,6.870363873208706,1.867199722705874,-3.474173282823083,1.7979087762338164,BabyLM 350M — first layer
1.5337382937318877,1.9765079446710079,13.376280299454786,6.870363873208706,1.867199722705874,-3.474173282823083,1.7979087762338164,BabyLM 350M — first layer
1.6873900381246503,1.9765079446710079,13.365033567824618,6.870363873208706,1.867199722705874,-3.474173282823083,1.7979087762338164,BabyLM 350M — first layer
1.8410417825174124,1.9765079446710079,13.353304877901707,6.870363873208706,1.867199722705874,-3.474173282823083,1.7979087762338164,BabyLM 350M — first layer
1.9946935269101749,1.9765079446710079,13.341094229686053,6.870363873208706,1.867199722705874,-3.474173282823083,1.7979087762338164,BabyLM 350M — first layer
2.148345271302937,1.9765079446710079,13.328401623177658,6.870363873208706,1.867199722705874,-3.474173282823083,1.7979087762338164,BabyLM 350M — first layer
2.3019970156956995,1.9765079446710079,13.315227058376522,6.870363873208706,1.867199722705874,-3.474173282823083,1.7979087762338164,BabyLM 350M — first layer
2.455648760088462,1.9765079446710079,13.301570535282641,6.870363873208706,1.867199722705874,-3.474173282823083,1.7979087762338164,BabyLM 350M — first layer
-2.0002518273016485,2.143734717050477,13.499429447877374,6.870363873208706,1.867199722705874,-3.474173282823083,1.7979087762338164,BabyLM 350M — first layer
-1.846600082908886,2.143734717050477,13.499312327117744,6.870363873208706,1.867199722705874,-3.474173282823083,1.7979087762338164,BabyLM 350M — first layer
-1.6929483385161237,2.143734717050477,13.498713248065371,6.870363873208706,1.867199722705874,-3.474173282823083,1.7979087762338164,BabyLM 350M — first layer
-1.5392965941233612,2.143734717050477,13.497632210720257,6.870363873208706,1.867199722705874,-3.474173282823083,1.7979087762338164,BabyLM 350M — first layer
-1.3856448497305989,2.143734717050477,13.496069215082398,6.870363873208706,1.867199722705874,-3.474173282823083,1.7979087762338164,BabyLM 350M — first layer
-1.2319931053378363,2.143734717050477,13.494024261151798,6.870363873208706,1.867199722705874,-3.474173282823083,1.7979087762338164,BabyLM 350M — first layer
-1.0783413609450738,2.143734717050477,13.491497348928457,6.870363873208706,1.867199722705874,-3.474173282823083,1.7979087762338164,BabyLM 350M — first layer
-0.9246896165523115,2.143734717050477,13.488488478412373,6.870363873208706,1.867199722705874,-3.474173282823083,1.7979087762338164,BabyLM 350M — first layer
-0.771037872159549,2.143734717050477,13.484997649603546,6.870363873208706,1.867199722705874,-3.474173282823083,1.7979087762338164,BabyLM 350M — first layer
-0.6173861277667865,2.143734717050477,13.481024862501977,6.870363873208706,1.867199722705874,-3.474173282823083,1.7979087762338164,BabyLM 350M — first layer
-0.4637343833740242,2.143734717050477,13.476570117107665,6.870363873208706,1.867199722705874,-3.474173282823083,1.7979087762338164,BabyLM 350M — first layer
-0.31008263898126165,2.143734717050477,13.471633413420612,6.870363873208706,1.867199722705874,-3.474173282823083,1.7979087762338164,BabyLM 350M — first layer
-0.15643089458849913,2.143734717050477,13.466214751440816,6.870363873208706,1.867199722705874,-3.474173282823083,1.7979087762338164,BabyLM 350M — first layer
-0.0027791501957368236,2.143734717050477,13.460314131168277,6.870363873208706,1.867199722705874,-3.474173282823083,1.7979087762338164,BabyLM 350M — first layer
0.15087259419702548,2.143734717050477,13.453931552602997,6.870363873208706,1.867199722705874,-3.474173282823083,1.7979087762338164,BabyLM 350M — first layer
0.304524338589788,2.143734717050477,13.447067015744974,6.870363873208706,1.867199722705874,-3.474173282823083,1.7979087762338164,BabyLM 350M — first layer
0.4581760829825505,2.143734717050477,13.439720520594209,6.870363873208706,1.867199722705874,-3.474173282823083,1.7979087762338164,BabyLM 350M — first layer
0.611827827375313,2.143734717050477,13.4318920671507,6.870363873208706,1.867199722705874,-3.474173282823083,1.7979087762338164,BabyLM 350M — first layer
0.7654795717680756,2.143734717050477,13.42358165541445,6.870363873208706,1.867199722705874,-3.474173282823083,1.7979087762338164,BabyLM 350M — first layer
0.9191313161608377,2.143734717050477,13.414789285385458,6.870363873208706,1.867199722705874,-3.474173282823083,1.7979087762338164,BabyLM 350M — first layer
1.0727830605536002,2.143734717050477,13.405514957063724,6.870363873208706,1.867199722705874,-3.474173282823083,1.7979087762338164,BabyLM 350M — first layer
1.2264348049463627,2.143734717050477,13.395758670449247,6.870363873208706,1.867199722705874,-3.474173282823083,1.7979087762338164,BabyLM 350M — first layer
1.3800865493391252,2.143734717050477,13.385520425542028,6.870363873208706,1.867199722705874,-3.474173282823083,1.7979087762338164,BabyLM 350M — first layer
1.5337382937318877,2.143734717050477,13.374800222342067,6.870363873208706,1.867199722705874,-3.474173282823083,1.7979087762338164,BabyLM 350M — first layer
1.6873900381246503,2.143734717050477,13.363598060849363,6.870363873208706,1.867199722705874,-3.474173282823083,1.7979087762338164,BabyLM 350M — first layer
1.8410417825174124,2.143734717050477,13.351913941063916,6.870363873208706,1.867199722705874,-3.474173282823083,1.7979087762338164,BabyLM 350M — first layer
1.9946935269101749,2.143734717050477,13.339747862985728,6.870363873208706,1.867199722705874,-3.474173282823083,1.7979087762338164,BabyLM 350M — first layer
2.148345271302937,2.143734717050477,13.327099826614797,6.870363873208706,1.867199722705874,-3.474173282823083,1.7979087762338164,BabyLM 350M — first layer
2.3019970156956995,2.143734717050477,13.313969831951123,6.870363873208706,1.867199722705874,-3.474173282823083,1.7979087762338164,BabyLM 350M — first layer
2.455648760088462,2.143734717050477,13.300357878994708,6.870363873208706,1.867199722705874,-3.474173282823083,1.7979087762338164,BabyLM 350M — first layer
-2.0002518273016485,2.3109614894299457,13.496278926282269,6.870363873208706,1.867199722705874,-3.474173282823083,1.7979087762338164,BabyLM 350M — first layer
-1.846600082908886,2.3109614894299457,13.496206375660103,6.870363873208706,1.867199722705874,-3.474173282823083,1.7979087762338164,BabyLM 350M — first layer
-1.6929483385161237,2.3109614894299457,13.495651866745193,6.870363873208706,1.867199722705874,-3.474173282823083,1.7979087762338164,BabyLM 350M — first layer
-1.5392965941233612,2.3109614894299457,13.494615399537544,6.870363873208706,1.867199722705874,-3.474173282823083,1.7979087762338164,BabyLM 350M — first layer
-1.3856448497305989,2.3109614894299457,13.493096974037151,6.870363873208706,1.867199722705874,-3.474173282823083,1.7979087762338164,BabyLM 350M — first layer
-1.2319931053378363,2.3109614894299457,13.491096590244016,6.870363873208706,1.867199722705874,-3.474173282823083,1.7979087762338164,BabyLM 350M — first layer
-1.0783413609450738,2.3109614894299457,13.488614248158138,6.870363873208706,1.867199722705874,-3.474173282823083,1.7979087762338164,BabyLM 350M — first layer
-0.9246896165523115,2.3109614894299457,13.485649947779518,6.870363873208706,1.867199722705874,-3.474173282823083,1.7979087762338164,BabyLM 350M — first layer
-0.771037872159549,2.3109614894299457,13.482203689108156,6.870363873208706,1.867199722705874,-3.474173282823083,1.7979087762338164,BabyLM 350M — first layer
-0.6173861277667865,2.3109614894299457,13.478275472144052,6.870363873208706,1.867199722705874,-3.474173282823083,1.7979087762338164,BabyLM 350M — first layer
-0.4637343833740242,2.3109614894299457,13.473865296887205,6.870363873208706,1.867199722705874,-3.474173282823083,1.7979087762338164,BabyLM 350M — first layer
-0.31008263898126165,2.3109614894299457,13.468973163337616,6.870363873208706,1.867199722705874,-3.474173282823083,1.7979087762338164,BabyLM 350M — first layer
-0.15643089458849913,2.3109614894299457,13.463599071495283,6.870363873208706,1.867199722705874,-3.474173282823083,1.7979087762338164,BabyLM 350M — first layer
-0.0027791501957368236,2.3109614894299457,13.45774302136021,6.870363873208706,1.867199722705874,-3.474173282823083,1.7979087762338164,BabyLM 350M — first layer
0.15087259419702548,2.3109614894299457,13.451405012932394,6.870363873208706,1.867199722705874,-3.474173282823083,1.7979087762338164,BabyLM 350M — first layer
0.304524338589788,2.3109614894299457,13.444585046211834,6.870363873208706,1.867199722705874,-3.474173282823083,1.7979087762338164,BabyLM 350M — first layer
0.4581760829825505,2.3109614894299457,13.437283121198535,6.870363873208706,1.867199722705874,-3.474173282823083,1.7979087762338164,BabyLM 350M — first layer
0.611827827375313,2.3109614894299457,13.429499237892491,6.870363873208706,1.867199722705874,-3.474173282823083,1.7979087762338164,BabyLM 350M — first layer
0.7654795717680756,2.3109614894299457,13.421233396293706,6.870363873208706,1.867199722705874,-3.474173282823083,1.7979087762338164,BabyLM 350M — first layer
0.9191313161608377,2.3109614894299457,13.412485596402178,6.870363873208706,1.867199722705874,-3.474173282823083,1.7979087762338164,BabyLM 350M — first layer
1.0727830605536002,2.3109614894299457,13.403255838217907,6.870363873208706,1.867199722705874,-3.474173282823083,1.7979087762338164,BabyLM 350M — first layer
1.2264348049463627,2.3109614894299457,13.393544121740895,6.870363873208706,1.867199722705874,-3.474173282823083,1.7979087762338164,BabyLM 350M — first layer
1.3800865493391252,2.3109614894299457,13.383350446971141,6.870363873208706,1.867199722705874,-3.474173282823083,1.7979087762338164,BabyLM 350M — first layer
1.5337382937318877,2.3109614894299457,13.372674813908644,6.870363873208706,1.867199722705874,-3.474173282823083,1.7979087762338164,BabyLM 350M — first layer
1.6873900381246503,2.3109614894299457,13.361517222553404,6.870363873208706,1.867199722705874,-3.474173282823083,1.7979087762338164,BabyLM 350M — first layer
1.8410417825174124,2.3109614894299457,13.349877672905423,6.870363873208706,1.867199722705874,-3.474173282823083,1.7979087762338164,BabyLM 350M — first layer
1.9946935269101749,2.3109614894299457,13.337756164964699,6.870363873208706,1.867199722705874,-3.474173282823083,1.7979087762338164,BabyLM 350M — first layer
2.148345271302937,2.3109614894299457,13.325152698731232,6.870363873208706,1.867199722705874,-3.474173282823083,1.7979087762338164,BabyLM 350M — first layer
2.3019970156956995,2.3109614894299457,13.312067274205024,6.870363873208706,1.867199722705874,-3.474173282823083,1.7979087762338164,BabyLM 350M — first layer
2.455648760088462,2.3109614894299457,13.298499891386072,6.870363873208706,1.867199722705874,-3.474173282823083,1.7979087762338164,BabyLM 350M — first layer
-2.0002518273016485,-2.5386149095746635,16.56434896539515,6.870363873208706,1.867199722705874,-3.474173282823083,1.7979087762338164,BabyLM 1.3B — first layer
-1.846600082908886,-2.5386149095746635,16.572227193895895,6.870363873208706,1.867199722705874,-3.474173282823083,1.7979087762338164,BabyLM 1.3B — first layer
-1.6929483385161237,-2.5386149095746635,16.580513956154224,6.870363873208706,1.867199722705874,-3.474173282823083,1.7979087762338164,BabyLM 1.3B — first layer
-1.5392965941233612,-2.5386149095746635,16.58920925217014,6.870363873208706,1.867199722705874,-3.474173282823083,1.7979087762338164,BabyLM 1.3B — first layer
-1.3856448497305989,-2.5386149095746635,16.59831308194364,6.870363873208706,1.867199722705874,-3.474173282823083,1.7979087762338164,BabyLM 1.3B — first layer
-1.2319931053378363,-2.5386149095746635,16.607825445474727,6.870363873208706,1.867199722705874,-3.474173282823083,1.7979087762338164,BabyLM 1.3B — first layer
-1.0783413609450738,-2.5386149095746635,16.617746342763404,6.870363873208706,1.867199722705874,-3.474173282823083,1.7979087762338164,BabyLM 1.3B — first layer
-0.9246896165523115,-2.5386149095746635,16.628075773809666,6.870363873208706,1.867199722705874,-3.474173282823083,1.7979087762338164,BabyLM 1.3B — first layer
-0.771037872159549,-2.5386149095746635,16.638813738613514,6.870363873208706,1.867199722705874,-3.474173282823083,1.7979087762338164,BabyLM 1.3B — first layer
-0.6173861277667865,-2.5386149095746635,16.649960237174952,6.870363873208706,1.867199722705874,-3.474173282823083,1.7979087762338164,BabyLM 1.3B — first layer
-0.4637343833740242,-2.5386149095746635,16.66151526949397,6.870363873208706,1.867199722705874,-3.474173282823083,1.7979087762338164,BabyLM 1.3B — first layer
-0.31008263898126165,-2.5386149095746635,16.67347883557058,6.870363873208706,1.867199722705874,-3.474173282823083,1.7979087762338164,BabyLM 1.3B — first layer
-0.15643089458849913,-2.5386149095746635,16.685850935404776,6.870363873208706,1.867199722705874,-3.474173282823083,1.7979087762338164,BabyLM 1.3B — first layer
-0.0027791501957368236,-2.5386149095746635,16.69863156899656,6.870363873208706,1.867199722705874,-3.474173282823083,1.7979087762338164,BabyLM 1.3B — first layer
0.15087259419702548,-2.5386149095746635,16.71182073634593,6.870363873208706,1.867199722705874,-3.474173282823083,1.7979087762338164,BabyLM 1.3B — first layer
0.304524338589788,-2.5386149095746635,16.725418437452884,6.870363873208706,1.867199722705874,-3.474173282823083,1.7979087762338164,BabyLM 1.3B — first layer
0.4581760829825505,-2.5386149095746635,16.73942467231743,6.870363873208706,1.867199722705874,-3.474173282823083,1.7979087762338164,BabyLM 1.3B — first layer
0.611827827375313,-2.5386149095746635,16.753839440939558,6.870363873208706,1.867199722705874,-3.474173282823083,1.7979087762338164,BabyLM 1.3B — first layer
0.7654795717680756,-2.5386149095746635,16.768662743319275,6.870363873208706,1.867199722705874,-3.474173282823083,1.7979087762338164,BabyLM 1.3B — first layer
0.9191313161608377,-2.5386149095746635,16.78389457945658,6.870363873208706,1.867199722705874,-3.474173282823083,1.7979087762338164,BabyLM 1.3B — first layer
1.0727830605536002,-2.5386149095746635,16.799534949351468,6.870363873208706,1.867199722705874,-3.474173282823083,1.7979087762338164,BabyLM 1.3B — first layer
1.2264348049463627,-2.5386149095746635,16.815583853003943,6.870363873208706,1.867199722705874,-3.474173282823083,1.7979087762338164,BabyLM 1.3B — first layer
1.3800865493391252,-2.5386149095746635,16.832041290414008,6.870363873208706,1.867199722705874,-3.474173282823083,1.7979087762338164,BabyLM 1.3B — first layer
1.5337382937318877,-2.5386149095746635,16.848907261581658,6.870363873208706,1.867199722705874,-3.474173282823083,1.7979087762338164,BabyLM 1.3B — first layer
1.6873900381246503,-2.5386149095746635,16.866181766506894,6.870363873208706,1.867199722705874,-3.474173282823083,1.7979087762338164,BabyLM 1.3B — first layer
1.8410417825174124,-2.5386149095746635,16.883864805189717,6.870363873208706,1.867199722705874,-3.474173282823083,1.7979087762338164,BabyLM 1.3B — first layer
1.9946935269101749,-2.5386149095746635,16.90195637763013,6.870363873208706,1.867199722705874,-3.474173282823083,1.7979087762338164,BabyLM 1.3B — first layer
2.148345271302937,-2.5386149095746635,16.920456483828126,6.870363873208706,1.867199722705874,-3.474173282823083,1.7979087762338164,BabyLM 1.3B — first layer
2.3019970156956995,-2.5386149095746635,16.93936512378371,6.870363873208706,1.867199722705874,-3.474173282823083,1.7979087762338164,BabyLM 1.3B — first layer
2.455648760088462,-2.5386149095746635,16.95868229749688,6.870363873208706,1.867199722705874,-3.474173282823083,1.7979087762338164,BabyLM 1.3B — first layer
-2.0002518273016485,-2.3713881371951944,16.524639916314293,6.870363873208706,1.867199722705874,-3.474173282823083,1.7979087762338164,BabyLM 1.3B — first layer
-1.846600082908886,-2.3713881371951944,16.533456144841857,6.870363873208706,1.867199722705874,-3.474173282823083,1.7979087762338164,BabyLM 1.3B — first layer
-1.6929483385161237,-2.3713881371951944,16.54268090712701,6.870363873208706,1.867199722705874,-3.474173282823083,1.7979087762338164,BabyLM 1.3B — first layer
-1.5392965941233612,-2.3713881371951944,16.552314203169747,6.870363873208706,1.867199722705874,-3.474173282823083,1.7979087762338164,BabyLM 1.3B — first layer
-1.3856448497305989,-2.3713881371951944,16.562356032970072,6.870363873208706,1.867199722705874,-3.474173282823083,1.7979087762338164,BabyLM 1.3B — first layer
-1.2319931053378363,-2.3713881371951944,16.572806396527984,6.870363873208706,1.867199722705874,-3.474173282823083,1.7979087762338164,BabyLM 1.3B — first layer
-1.0783413609450738,-2.3713881371951944,16.58366529384348,6.870363873208706,1.867199722705874,-3.474173282823083,1.7979087762338164,BabyLM 1.3B — first layer
-0.9246896165523115,-2.3713881371951944,16.594932724916564,6.870363873208706,1.867199722705874,-3.474173282823083,1.7979087762338164,BabyLM 1.3B — first layer
-0.771037872159549,-2.3713881371951944,16.606608689747237,6.870363873208706,1.867199722705874,-3.474173282823083,1.7979087762338164,BabyLM 1.3B — first layer
-0.6173861277667865,-2.3713881371951944,16.618693188335495,6.870363873208706,1.867199722705874,-3.474173282823083,1.7979087762338164,BabyLM 1.3B — first layer
-0.4637343833740242,-2.3713881371951944,16.63118622068134,6.870363873208706,1.867199722705874,-3.474173282823083,1.7979087762338164,BabyLM 1.3B — first layer
-0.31008263898126165,-2.3713881371951944,16.644087786784773,6.870363873208706,1.867199722705874,-3.474173282823083,1.7979087762338164,BabyLM 1.3B — first layer
-0.15643089458849913,-2.3713881371951944,16.65739788664579,6.870363873208706,1.867199722705874,-3.474173282823083,1.7979087762338164,BabyLM 1.3B — first layer
-0.0027791501957368236,-2.3713881371951944,16.671116520264395,6.870363873208706,1.867199722705874,-3.474173282823083,1.7979087762338164,BabyLM 1.3B — first layer
0.15087259419702548,-2.3713881371951944,16.685243687640586,6.870363873208706,1.867199722705874,-3.474173282823083,1.7979087762338164,BabyLM 1.3B — first layer
0.304524338589788,-2.3713881371951944,16.699779388774367,6.870363873208706,1.867199722705874,-3.474173282823083,1.7979087762338164,BabyLM 1.3B — first layer
0.4581760829825505,-2.3713881371951944,16.71472362366573,6.870363873208706,1.867199722705874,-3.474173282823083,1.7979087762338164,BabyLM 1.3B — first layer
0.611827827375313,-2.3713881371951944,16.730076392314682,6.870363873208706,1.867199722705874,-3.474173282823083,1.7979087762338164,BabyLM 1.3B — first layer
0.7654795717680756,-2.3713881371951944,16.745837694721224,6.870363873208706,1.867199722705874,-3.474173282823083,1.7979087762338164,BabyLM 1.3B — first layer
0.9191313161608377,-2.3713881371951944,16.76200753088535,6.870363873208706,1.867199722705874,-3.474173282823083,1.7979087762338164,BabyLM 1.3B — first layer
1.0727830605536002,-2.3713881371951944,16.778585900807062,6.870363873208706,1.867199722705874,-3.474173282823083,1.7979087762338164,BabyLM 1.3B — first layer
1.2264348049463627,-2.3713881371951944,16.79557280448636,6.870363873208706,1.867199722705874,-3.474173282823083,1.7979087762338164,BabyLM 1.3B — first layer
1.3800865493391252,-2.3713881371951944,16.812968241923247,6.870363873208706,1.867199722705874,-3.474173282823083,1.7979087762338164,BabyLM 1.3B — first layer
1.5337382937318877,-2.3713881371951944,16.83077221311772,6.870363873208706,1.867199722705874,-3.474173282823083,1.7979087762338164,BabyLM 1.3B — first layer
1.6873900381246503,-2.3713881371951944,16.848984718069776,6.870363873208706,1.867199722705874,-3.474173282823083,1.7979087762338164,BabyLM 1.3B — first layer
1.8410417825174124,-2.3713881371951944,16.867605756779422,6.870363873208706,1.867199722705874,-3.474173282823083,1.7979087762338164,BabyLM 1.3B — first layer
1.9946935269101749,-2.3713881371951944,16.886635329246655,6.870363873208706,1.867199722705874,-3.474173282823083,1.7979087762338164,BabyLM 1.3B — first layer
2.148345271302937,-2.3713881371951944,16.906073435471477,6.870363873208706,1.867199722705874,-3.474173282823083,1.7979087762338164,BabyLM 1.3B — first layer
2.3019970156956995,-2.3713881371951944,16.92592007545388,6.870363873208706,1.867199722705874,-3.474173282823083,1.7979087762338164,BabyLM 1.3B — first layer
2.455648760088462,-2.3713881371951944,16.946175249193875,6.870363873208706,1.867199722705874,-3.474173282823083,1.7979087762338164,BabyLM 1.3B — first layer
-2.0002518273016485,-2.2041613648157248,16.485691047545146,6.870363873208706,1.867199722705874,-3.474173282823083,1.7979087762338164,BabyLM 1.3B — first layer
-1.846600082908886,-2.2041613648157248,16.495445276099534,6.870363873208706,1.867199722705874,-3.474173282823083,1.7979087762338164,BabyLM 1.3B — first layer
-1.6929483385161237,-2.2041613648157248,16.50560803841151,6.870363873208706,1.867199722705874,-3.474173282823083,1.7979087762338164,BabyLM 1.3B — first layer
-1.5392965941233612,-2.2041613648157248,16.516179334481066,6.870363873208706,1.867199722705874,-3.474173282823083,1.7979087762338164,BabyLM 1.3B — first layer
-1.3856448497305989,-2.2041613648157248,16.527159164308216,6.870363873208706,1.867199722705874,-3.474173282823083,1.7979087762338164,BabyLM 1.3B — first layer
-1.2319931053378363,-2.2041613648157248,16.53854752789295,6.870363873208706,1.867199722705874,-3.474173282823083,1.7979087762338164,BabyLM 1.3B — first layer
-1.0783413609450738,-2.2041613648157248,16.55034442523527,6.870363873208706,1.867199722705874,-3.474173282823083,1.7979087762338164,BabyLM 1.3B — first layer
-0.9246896165523115,-2.2041613648157248,16.562549856335178,6.870363873208706,1.867199722705874,-3.474173282823083,1.7979087762338164,BabyLM 1.3B — first layer
-0.771037872159549,-2.2041613648157248,16.57516382119267,6.870363873208706,1.867199722705874,-3.474173282823083,1.7979087762338164,BabyLM 1.3B — first layer
-0.6173861277667865,-2.2041613648157248,16.58818631980775,6.870363873208706,1.867199722705874,-3.474173282823083,1.7979087762338164,BabyLM 1.3B — first layer
-0.4637343833740242,-2.2041613648157248,16.60161735218042,6.870363873208706,1.867199722705874,-3.474173282823083,1.7979087762338164,BabyLM 1.3B — first layer
-0.31008263898126165,-2.2041613648157248,16.615456918310674,6.870363873208706,1.867199722705874,-3.474173282823083,1.7979087762338164,BabyLM 1.3B — first layer
-0.15643089458849913,-2.2041613648157248,16.629705018198514,6.870363873208706,1.867199722705874,-3.474173282823083,1.7979087762338164,BabyLM 1.3B — first layer
-0.0027791501957368236,-2.2041613648157248,16.644361651843944,6.870363873208706,1.867199722705874,-3.474173282823083,1.7979087762338164,BabyLM 1.3B — first layer
0.15087259419702548,-2.2041613648157248,16.659426819246956,6.870363873208706,1.867199722705874,-3.474173282823083,1.7979087762338164,BabyLM 1.3B — first layer
0.304524338589788,-2.2041613648157248,16.674900520407558,6.870363873208706,1.867199722705874,-3.474173282823083,1.7979087762338164,BabyLM 1.3B — first layer
0.4581760829825505,-2.2041613648157248,16.690782755325746,6.870363873208706,1.867199722705874,-3.474173282823083,1.7979087762338164,BabyLM 1.3B — first layer
0.611827827375313,-2.2041613648157248,16.707073524001522,6.870363873208706,1.867199722705874,-3.474173282823083,1.7979087762338164,BabyLM 1.3B — first layer
0.7654795717680756,-2.2041613648157248,16.72377282643488,6.870363873208706,1.867199722705874,-3.474173282823083,1.7979087762338164,BabyLM 1.3B — first layer
0.9191313161608377,-2.2041613648157248,16.74088066262583,6.870363873208706,1.867199722705874,-3.474173282823083,1.7979087762338164,BabyLM 1.3B — first layer
1.0727830605536002,-2.2041613648157248,16.758397032574365,6.870363873208706,1.867199722705874,-3.474173282823083,1.7979087762338164,BabyLM 1.3B — first layer
1.2264348049463627,-2.2041613648157248,16.77632193628049,6.870363873208706,1.867199722705874,-3.474173282823083,1.7979087762338164,BabyLM 1.3B — first layer
1.3800865493391252,-2.2041613648157248,16.794655373744195,6.870363873208706,1.867199722705874,-3.474173282823083,1.7979087762338164,BabyLM 1.3B — first layer
1.5337382937318877,-2.2041613648157248,16.81339734496549,6.870363873208706,1.867199722705874,-3.474173282823083,1.7979087762338164,BabyLM 1.3B — first layer
1.6873900381246503,-2.2041613648157248,16.832547849944373,6.870363873208706,1.867199722705874,-3.474173282823083,1.7979087762338164,BabyLM 1.3B — first layer
1.8410417825174124,-2.2041613648157248,16.85210688868084,6.870363873208706,1.867199722705874,-3.474173282823083,1.7979087762338164,BabyLM 1.3B — first layer
1.9946935269101749,-2.2041613648157248,16.872074461174897,6.870363873208706,1.867199722705874,-3.474173282823083,1.7979087762338164,BabyLM 1.3B — first layer
2.148345271302937,-2.2041613648157248,16.89245056742654,6.870363873208706,1.867199722705874,-3.474173282823083,1.7979087762338164,BabyLM 1.3B — first layer
2.3019970156956995,-2.2041613648157248,16.91323520743577,6.870363873208706,1.867199722705874,-3.474173282823083,1.7979087762338164,BabyLM 1.3B — first layer
2.455648760088462,-2.2041613648157248,16.934428381202583,6.870363873208706,1.867199722705874,-3.474173282823083,1.7979087762338164,BabyLM 1.3B — first layer
-2.0002518273016485,-2.0369345924362556,16.44750235908771,6.870363873208706,1.867199722705874,-3.474173282823083,1.7979087762338164,BabyLM 1.3B — first layer
-1.846600082908886,-2.0369345924362556,16.45819458766892,6.870363873208706,1.867199722705874,-3.474173282823083,1.7979087762338164,BabyLM 1.3B — first layer
-1.6929483385161237,-2.0369345924362556,16.469295350007716,6.870363873208706,1.867199722705874,-3.474173282823083,1.7979087762338164,BabyLM 1.3B — first layer
-1.5392965941233612,-2.0369345924362556,16.4808046461041,6.870363873208706,1.867199722705874,-3.474173282823083,1.7979087762338164,BabyLM 1.3B — first layer
-1.3856448497305989,-2.0369345924362556,16.492722475958068,6.870363873208706,1.867199722705874,-3.474173282823083,1.7979087762338164,BabyLM 1.3B — first layer
-1.2319931053378363,-2.0369345924362556,16.505048839569625,6.870363873208706,1.867199722705874,-3.474173282823083,1.7979087762338164,BabyLM 1.3B — first layer
-1.0783413609450738,-2.0369345924362556,16.51778373693877,6.870363873208706,1.867199722705874,-3.474173282823083,1.7979087762338164,BabyLM 1.3B — first layer
-0.9246896165523115,-2.0369345924362556,16.5309271680655,6.870363873208706,1.867199722705874,-3.474173282823083,1.7979087762338164,BabyLM 1.3B — first layer
-0.771037872159549,-2.0369345924362556,16.544479132949817,6.870363873208706,1.867199722705874,-3.474173282823083,1.7979087762338164,BabyLM 1.3B — first layer
-0.6173861277667865,-2.0369345924362556,16.55843963159172,6.870363873208706,1.867199722705874,-3.474173282823083,1.7979087762338164,BabyLM 1.3B — first layer
-0.4637343833740242,-2.0369345924362556,16.57280866399121,6.870363873208706,1.867199722705874,-3.474173282823083,1.7979087762338164,BabyLM 1.3B — first layer
-0.31008263898126165,-2.0369345924362556,16.587586230148286,6.870363873208706,1.867199722705874,-3.474173282823083,1.7979087762338164,BabyLM 1.3B — first layer
-0.15643089458849913,-2.0369345924362556,16.60277233006295,6.870363873208706,1.867199722705874,-3.474173282823083,1.7979087762338164,BabyLM 1.3B — first layer
-0.0027791501957368236,-2.0369345924362556,16.618366963735202,6.870363873208706,1.867199722705874,-3.474173282823083,1.7979087762338164,BabyLM 1.3B — first layer
0.15087259419702548,-2.0369345924362556,16.63437013116504,6.870363873208706,1.867199722705874,-3.474173282823083,1.7979087762338164,BabyLM 1.3B — first layer
0.304524338589788,-2.0369345924362556,16.65078183235246,6.870363873208706,1.867199722705874,-3.474173282823083,1.7979087762338164,BabyLM 1.3B — first layer
0.4581760829825505,-2.0369345924362556,16.667602067297473,6.870363873208706,1.867199722705874,-3.474173282823083,1.7979087762338164,BabyLM 1.3B — first layer
0.611827827375313,-2.0369345924362556,16.68483083600007,6.870363873208706,1.867199722705874,-3.474173282823083,1.7979087762338164,BabyLM 1.3B — first layer
0.7654795717680756,-2.0369345924362556,16.702468138460254,6.870363873208706,1.867199722705874,-3.474173282823083,1.7979087762338164,BabyLM 1.3B — first layer
0.9191313161608377,-2.0369345924362556,16.720513974678024,6.870363873208706,1.867199722705874,-3.474173282823083,1.7979087762338164,BabyLM 1.3B — first layer
1.0727830605536002,-2.0369345924362556,16.738968344653383,6.870363873208706,1.867199722705874,-3.474173282823083,1.7979087762338164,BabyLM 1.3B — first layer
1.2264348049463627,-2.0369345924362556,16.757831248386328,6.870363873208706,1.867199722705874,-3.474173282823083,1.7979087762338164,BabyLM 1.3B — first layer
1.3800865493391252,-2.0369345924362556,16.77710268587686,6.870363873208706,1.867199722705874,-3.474173282823083,1.7979087762338164,BabyLM 1.3B — first layer
1.5337382937318877,-2.0369345924362556,16.796782657124975,6.870363873208706,1.867199722705874,-3.474173282823083,1.7979087762338164,BabyLM 1.3B — first layer
1.6873900381246503,-2.0369345924362556,16.81687116213068,6.870363873208706,1.867199722705874,-3.474173282823083,1.7979087762338164,BabyLM 1.3B — first layer
1.8410417825174124,-2.0369345924362556,16.83736820089397,6.870363873208706,1.867199722705874,-3.474173282823083,1.7979087762338164,BabyLM 1.3B — first layer
1.9946935269101749,-2.0369345924362556,16.858273773414847,6.870363873208706,1.867199722705874,-3.474173282823083,1.7979087762338164,BabyLM 1.3B — first layer
2.148345271302937,-2.0369345924362556,16.879587879693315,6.870363873208706,1.867199722705874,-3.474173282823083,1.7979087762338164,BabyLM 1.3B — first layer
2.3019970156956995,-2.0369345924362556,16.901310519729364,6.870363873208706,1.867199722705874,-3.474173282823083,1.7979087762338164,BabyLM 1.3B — first layer
2.455648760088462,-2.0369345924362556,16.923441693523003,6.870363873208706,1.867199722705874,-3.474173282823083,1.7979087762338164,BabyLM 1.3B — first layer
-2.0002518273016485,-1.8697078200567863,16.410073850941988,6.870363873208706,1.867199722705874,-3.474173282823083,1.7979087762338164,BabyLM 1.3B — first layer
-1.846600082908886,-1.8697078200567863,16.421704079550018,6.870363873208706,1.867199722705874,-3.474173282823083,1.7979087762338164,BabyLM 1.3B — first layer
-1.6929483385161237,-1.8697078200567863,16.433742841915638,6.870363873208706,1.867199722705874,-3.474173282823083,1.7979087762338164,BabyLM 1.3B — first layer
-1.5392965941233612,-1.8697078200567863,16.446190138038844,6.870363873208706,1.867199722705874,-3.474173282823083,1.7979087762338164,BabyLM 1.3B — first layer
-1.3856448497305989,-1.8697078200567863,16.459045967919636,6.870363873208706,1.867199722705874,-3.474173282823083,1.7979087762338164,BabyLM 1.3B — first layer
-1.2319931053378363,-1.8697078200567863,16.472310331558017,6.870363873208706,1.867199722705874,-3.474173282823083,1.7979087762338164,BabyLM 1.3B — first layer
-1.0783413609450738,-1.8697078200567863,16.48598322895398,6.870363873208706,1.867199722705874,-3.474173282823083,1.7979087762338164,BabyLM 1.3B — first layer
-0.9246896165523115,-1.8697078200567863,16.500064660107533,6.870363873208706,1.867199722705874,-3.474173282823083,1.7979087762338164,BabyLM 1.3B — first layer
-0.771037872159549,-1.8697078200567863,16.514554625018672,6.870363873208706,1.867199722705874,-3.474173282823083,1.7979087762338164,BabyLM 1.3B — first layer
-0.6173861277667865,-1.8697078200567863,16.5294531236874,6.870363873208706,1.867199722705874,-3.474173282823083,1.7979087762338164,BabyLM 1.3B — first layer
-0.4637343833740242,-1.8697078200567863,16.54476015611371,6.870363873208706,1.867199722705874,-3.474173282823083,1.7979087762338164,BabyLM 1.3B — first layer
-0.31008263898126165,-1.8697078200567863,16.56047572229761,6.870363873208706,1.867199722705874,-3.474173282823083,1.7979087762338164,BabyLM 1.3B — first layer
-0.15643089458849913,-1.8697078200567863,16.576599822239096,6.870363873208706,1.867199722705874,-3.474173282823083,1.7979087762338164,BabyLM 1.3B — first layer
-0.0027791501957368236,-1.8697078200567863,16.59313245593817,6.870363873208706,1.867199722705874,-3.474173282823083,1.7979087762338164,BabyLM 1.3B — first layer
0.15087259419702548,-1.8697078200567863,16.61007362339483,6.870363873208706,1.867199722705874,-3.474173282823083,1.7979087762338164,BabyLM 1.3B — first layer
0.304524338589788,-1.8697078200567863,16.627423324609076,6.870363873208706,1.867199722705874,-3.474173282823083,1.7979087762338164,BabyLM 1.3B — first layer
0.4581760829825505,-1.8697078200567863,16.64518155958091,6.870363873208706,1.867199722705874,-3.474173282823083,1.7979087762338164,BabyLM 1.3B — first layer
0.611827827375313,-1.8697078200567863,16.66334832831033,6.870363873208706,1.867199722705874,-3.474173282823083,1.7979087762338164,BabyLM 1.3B — first layer
0.7654795717680756,-1.8697078200567863,16.681923630797336,6.870363873208706,1.867199722705874,-3.474173282823083,1.7979087762338164,BabyLM 1.3B — first layer
0.9191313161608377,-1.8697078200567863,16.70090746704193,6.870363873208706,1.867199722705874,-3.474173282823083,1.7979087762338164,BabyLM 1.3B — first layer
1.0727830605536002,-1.8697078200567863,16.72029983704411,6.870363873208706,1.867199722705874,-3.474173282823083,1.7979087762338164,BabyLM 1.3B — first layer
1.2264348049463627,-1.8697078200567863,16.74010074080388,6.870363873208706,1.867199722705874,-3.474173282823083,1.7979087762338164,BabyLM 1.3B — first layer
1.3800865493391252,-1.8697078200567863,16.76031017832123,6.870363873208706,1.867199722705874,-3.474173282823083,1.7979087762338164,BabyLM 1.3B — first layer
1.5337382937318877,-1.8697078200567863,16.78092814959617,6.870363873208706,1.867199722705874,-3.474173282823083,1.7979087762338164,BabyLM 1.3B — first layer
1.6873900381246503,-1.8697078200567863,16.801954654628698,6.870363873208706,1.867199722705874,-3.474173282823083,1.7979087762338164,BabyLM 1.3B — first layer
1.8410417825174124,-1.8697078200567863,16.82338969341881,6.870363873208706,1.867199722705874,-3.474173282823083,1.7979087762338164,BabyLM 1.3B — first layer
1.9946935269101749,-1.8697078200567863,16.845233265966513,6.870363873208706,1.867199722705874,-3.474173282823083,1.7979087762338164,BabyLM 1.3B — first layer
2.148345271302937,-1.8697078200567863,16.8674853722718,6.870363873208706,1.867199722705874,-3.474173282823083,1.7979087762338164,BabyLM 1.3B — first layer
2.3019970156956995,-1.8697078200567863,16.890146012334675,6.870363873208706,1.867199722705874,-3.474173282823083,1.7979087762338164,BabyLM 1.3B — first layer
2.455648760088462,-1.8697078200567863,16.913215186155135,6.870363873208706,1.867199722705874,-3.474173282823083,1.7979087762338164,BabyLM 1.3B — first layer
-2.0002518273016485,-1.702481047677317,16.373405523107976,6.870363873208706,1.867199722705874,-3.474173282823083,1.7979087762338164,BabyLM 1.3B — first layer
-1.846600082908886,-1.702481047677317,16.38597375174283,6.870363873208706,1.867199722705874,-3.474173282823083,1.7979087762338164,BabyLM 1.3B — first layer
-1.6929483385161237,-1.702481047677317,16.398950514135272,6.870363873208706,1.867199722705874,-3.474173282823083,1.7979087762338164,BabyLM 1.3B — first layer
-1.5392965941233612,-1.702481047677317,16.4123358102853,6.870363873208706,1.867199722705874,-3.474173282823083,1.7979087762338164,BabyLM 1.3B — first layer
-1.3856448497305989,-1.702481047677317,16.426129640192915,6.870363873208706,1.867199722705874,-3.474173282823083,1.7979087762338164,BabyLM 1.3B — first layer
-1.2319931053378363,-1.702481047677317,16.440332003858117,6.870363873208706,1.867199722705874,-3.474173282823083,1.7979087762338164,BabyLM 1.3B — first layer
-1.0783413609450738,-1.702481047677317,16.454942901280905,6.870363873208706,1.867199722705874,-3.474173282823083,1.7979087762338164,BabyLM 1.3B — first layer
-0.9246896165523115,-1.702481047677317,16.46996233246128,6.870363873208706,1.867199722705874,-3.474173282823083,1.7979087762338164,BabyLM 1.3B — first layer
-0.771037872159549,-1.702481047677317,16.485390297399242,6.870363873208706,1.867199722705874,-3.474173282823083,1.7979087762338164,BabyLM 1.3B — first layer
-0.6173861277667865,-1.702481047677317,16.50122679609479,6.870363873208706,1.867199722705874,-3.474173282823083,1.7979087762338164,BabyLM 1.3B — first layer
-0.4637343833740242,-1.702481047677317,16.517471828547926,6.870363873208706,1.867199722705874,-3.474173282823083,1.7979087762338164,BabyLM 1.3B — first layer
-0.31008263898126165,-1.702481047677317,16.534125394758647,6.870363873208706,1.867199722705874,-3.474173282823083,1.7979087762338164,BabyLM 1.3B — first layer
-0.15643089458849913,-1.702481047677317,16.551187494726957,6.870363873208706,1.867199722705874,-3.474173282823083,1.7979087762338164,BabyLM 1.3B — first layer
-0.0027791501957368236,-1.702481047677317,16.568658128452853,6.870363873208706,1.867199722705874,-3.474173282823083,1.7979087762338164,BabyLM 1.3B — first layer
0.15087259419702548,-1.702481047677317,16.586537295936335,6.870363873208706,1.867199722705874,-3.474173282823083,1.7979087762338164,BabyLM 1.3B — first layer
0.304524338589788,-1.702481047677317,16.604824997177403,6.870363873208706,1.867199722705874,-3.474173282823083,1.7979087762338164,BabyLM 1.3B — first layer
0.4581760829825505,-1.702481047677317,16.62352123217606,6.870363873208706,1.867199722705874,-3.474173282823083,1.7979087762338164,BabyLM 1.3B — first layer
0.611827827375313,-1.702481047677317,16.642626000932303,6.870363873208706,1.867199722705874,-3.474173282823083,1.7979087762338164,BabyLM 1.3B — first layer
0.7654795717680756,-1.702481047677317,16.662139303446132,6.870363873208706,1.867199722705874,-3.474173282823083,1.7979087762338164,BabyLM 1.3B — first layer
0.9191313161608377,-1.702481047677317,16.682061139717547,6.870363873208706,1.867199722705874,-3.474173282823083,1.7979087762338164,BabyLM 1.3B — first layer
1.0727830605536002,-1.702481047677317,16.70239150974655,6.870363873208706,1.867199722705874,-3.474173282823083,1.7979087762338164,BabyLM 1.3B — first layer
1.2264348049463627,-1.702481047677317,16.723130413533138,6.870363873208706,1.867199722705874,-3.474173282823083,1.7979087762338164,BabyLM 1.3B — first layer
1.3800865493391252,-1.702481047677317,16.744277851077317,6.870363873208706,1.867199722705874,-3.474173282823083,1.7979087762338164,BabyLM 1.3B — first layer
1.5337382937318877,-1.702481047677317,16.76583382237908,6.870363873208706,1.867199722705874,-3.474173282823083,1.7979087762338164,BabyLM 1.3B — first layer
1.6873900381246503,-1.702481047677317,16.787798327438427,6.870363873208706,1.867199722705874,-3.474173282823083,1.7979087762338164,BabyLM 1.3B — first layer
1.8410417825174124,-1.702481047677317,16.810171366255364,6.870363873208706,1.867199722705874,-3.474173282823083,1.7979087762338164,BabyLM 1.3B — first layer
1.9946935269101749,-1.702481047677317,16.832952938829887,6.870363873208706,1.867199722705874,-3.474173282823083,1.7979087762338164,BabyLM 1.3B — first layer
2.148345271302937,-1.702481047677317,16.856143045161996,6.870363873208706,1.867199722705874,-3.474173282823083,1.7979087762338164,BabyLM 1.3B — first layer
2.3019970156956995,-1.702481047677317,16.879741685251695,6.870363873208706,1.867199722705874,-3.474173282823083,1.7979087762338164,BabyLM 1.3B — first layer
2.455648760088462,-1.702481047677317,16.90374885909898,6.870363873208706,1.867199722705874,-3.474173282823083,1.7979087762338164,BabyLM 1.3B — first layer
-2.0002518273016485,-1.5352542752978477,16.337497375585674,6.870363873208706,1.867199722705874,-3.474173282823083,1.7979087762338164,BabyLM 1.3B — first layer
-1.846600082908886,-1.5352542752978477,16.351003604247353,6.870363873208706,1.867199722705874,-3.474173282823083,1.7979087762338164,BabyLM 1.3B — first layer
-1.6929483385161237,-1.5352542752978477,16.364918366666615,6.870363873208706,1.867199722705874,-3.474173282823083,1.7979087762338164,BabyLM 1.3B — first layer
-1.5392965941233612,-1.5352542752978477,16.379241662843466,6.870363873208706,1.867199722705874,-3.474173282823083,1.7979087762338164,BabyLM 1.3B — first layer
-1.3856448497305989,-1.5352542752978477,16.393973492777903,6.870363873208706,1.867199722705874,-3.474173282823083,1.7979087762338164,BabyLM 1.3B — first layer
-1.2319931053378363,-1.5352542752978477,16.40911385646993,6.870363873208706,1.867199722705874,-3.474173282823083,1.7979087762338164,BabyLM 1.3B — first layer
-1.0783413609450738,-1.5352542752978477,16.424662753919538,6.870363873208706,1.867199722705874,-3.474173282823083,1.7979087762338164,BabyLM 1.3B — first layer
-0.9246896165523115,-1.5352542752978477,16.440620185126736,6.870363873208706,1.867199722705874,-3.474173282823083,1.7979087762338164,BabyLM 1.3B — first layer
-0.771037872159549,-1.5352542752978477,16.45698615009152,6.870363873208706,1.867199722705874,-3.474173282823083,1.7979087762338164,BabyLM 1.3B — first layer
-0.6173861277667865,-1.5352542752978477,16.473760648813894,6.870363873208706,1.867199722705874,-3.474173282823083,1.7979087762338164,BabyLM 1.3B — first layer
-0.4637343833740242,-1.5352542752978477,16.49094368129385,6.870363873208706,1.867199722705874,-3.474173282823083,1.7979087762338164,BabyLM 1.3B — first layer
-0.31008263898126165,-1.5352542752978477,16.508535247531395,6.870363873208706,1.867199722705874,-3.474173282823083,1.7979087762338164,BabyLM 1.3B — first layer
-0.15643089458849913,-1.5352542752978477,16.526535347526526,6.870363873208706,1.867199722705874,-3.474173282823083,1.7979087762338164,BabyLM 1.3B — first layer
-0.0027791501957368236,-1.5352542752978477,16.544943981279246,6.870363873208706,1.867199722705874,-3.474173282823083,1.7979087762338164,BabyLM 1.3B — first layer
0.15087259419702548,-1.5352542752978477,16.56376114878955,6.870363873208706,1.867199722705874,-3.474173282823083,1.7979087762338164,BabyLM 1.3B — first layer
0.304524338589788,-1.5352542752978477,16.58298685005744,6.870363873208706,1.867199722705874,-3.474173282823083,1.7979087762338164,BabyLM 1.3B — first layer
0.4581760829825505,-1.5352542752978477,16.60262108508292,6.870363873208706,1.867199722705874,-3.474173282823083,1.7979087762338164,BabyLM 1.3B — first layer
0.611827827375313,-1.5352542752978477,16.622663853865987,6.870363873208706,1.867199722705874,-3.474173282823083,1.7979087762338164,BabyLM 1.3B — first layer
0.7654795717680756,-1.5352542752978477,16.643115156406637,6.870363873208706,1.867199722705874,-3.474173282823083,1.7979087762338164,BabyLM 1.3B — first layer
0.9191313161608377,-1.5352542752978477,16.663974992704876,6.870363873208706,1.867199722705874,-3.474173282823083,1.7979087762338164,BabyLM 1.3B — first layer
1.0727830605536002,-1.5352542752978477,16.6852433627607,6.870363873208706,1.867199722705874,-3.474173282823083,1.7979087762338164,BabyLM 1.3B — first layer
1.2264348049463627,-1.5352542752978477,16.706920266574112,6.870363873208706,1.867199722705874,-3.474173282823083,1.7979087762338164,BabyLM 1.3B — first layer
1.3800865493391252,-1.5352542752978477,16.729005704145113,6.870363873208706,1.867199722705874,-3.474173282823083,1.7979087762338164,BabyLM 1.3B — first layer
1.5337382937318877,-1.5352542752978477,16.7514996754737,6.870363873208706,1.867199722705874,-3.474173282823083,1.7979087762338164,BabyLM 1.3B — first layer
1.6873900381246503,-1.5352542752978477,16.77440218055987,6.870363873208706,1.867199722705874,-3.474173282823083,1.7979087762338164,BabyLM 1.3B — first layer
1.8410417825174124,-1.5352542752978477,16.79771321940363,6.870363873208706,1.867199722705874,-3.474173282823083,1.7979087762338164,BabyLM 1.3B — first layer
1.9946935269101749,-1.5352542752978477,16.821432792004973,6.870363873208706,1.867199722705874,-3.474173282823083,1.7979087762338164,BabyLM 1.3B — first layer
2.148345271302937,-1.5352542752978477,16.845560898363907,6.870363873208706,1.867199722705874,-3.474173282823083,1.7979087762338164,BabyLM 1.3B — first layer
2.3019970156956995,-1.5352542752978477,16.870097538480426,6.870363873208706,1.867199722705874,-3.474173282823083,1.7979087762338164,BabyLM 1.3B — first layer
2.455648760088462,-1.5352542752978477,16.89504271235453,6.870363873208706,1.867199722705874,-3.474173282823083,1.7979087762338164,BabyLM 1.3B — first layer
-2.0002518273016485,-1.3680275029183784,16.302349408375086,6.870363873208706,1.867199722705874,-3.474173282823083,1.7979087762338164,BabyLM 1.3B — first layer
-1.846600082908886,-1.3680275029183784,16.316793637063586,6.870363873208706,1.867199722705874,-3.474173282823083,1.7979087762338164,BabyLM 1.3B — first layer
-1.6929483385161237,-1.3680275029183784,16.331646399509673,6.870363873208706,1.867199722705874,-3.474173282823083,1.7979087762338164,BabyLM 1.3B — first layer
-1.5392965941233612,-1.3680275029183784,16.346907695713345,6.870363873208706,1.867199722705874,-3.474173282823083,1.7979087762338164,BabyLM 1.3B — first layer
-1.3856448497305989,-1.3680275029183784,16.362577525674606,6.870363873208706,1.867199722705874,-3.474173282823083,1.7979087762338164,BabyLM 1.3B — first layer
-1.2319931053378363,-1.3680275029183784,16.378655889393453,6.870363873208706,1.867199722705874,-3.474173282823083,1.7979087762338164,BabyLM 1.3B — first layer
-1.0783413609450738,-1.3680275029183784,16.395142786869886,6.870363873208706,1.867199722705874,-3.474173282823083,1.7979087762338164,BabyLM 1.3B — first layer
-0.9246896165523115,-1.3680275029183784,16.412038218103906,6.870363873208706,1.867199722705874,-3.474173282823083,1.7979087762338164,BabyLM 1.3B — first layer
-0.771037872159549,-1.3680275029183784,16.429342183095514,6.870363873208706,1.867199722705874,-3.474173282823083,1.7979087762338164,BabyLM 1.3B — first layer
-0.6173861277667865,-1.3680275029183784,16.44705468184471,6.870363873208706,1.867199722705874,-3.474173282823083,1.7979087762338164,BabyLM 1.3B — first layer
-0.4637343833740242,-1.3680275029183784,16.46517571435149,6.870363873208706,1.867199722705874,-3.474173282823083,1.7979087762338164,BabyLM 1.3B — first layer
-0.31008263898126165,-1.3680275029183784,16.483705280615855,6.870363873208706,1.867199722705874,-3.474173282823083,1.7979087762338164,BabyLM 1.3B — first layer
-0.15643089458849913,-1.3680275029183784,16.50264338063781,6.870363873208706,1.867199722705874,-3.474173282823083,1.7979087762338164,BabyLM 1.3B — first layer
-0.0027791501957368236,-1.3680275029183784,16.521990014417348,6.870363873208706,1.867199722705874,-3.474173282823083,1.7979087762338164,BabyLM 1.3B — first layer
0.15087259419702548,-1.3680275029183784,16.54174518195448,6.870363873208706,1.867199722705874,-3.474173282823083,1.7979087762338164,BabyLM 1.3B — first layer
0.304524338589788,-1.3680275029183784,16.561908883249192,6.870363873208706,1.867199722705874,-3.474173282823083,1.7979087762338164,BabyLM 1.3B — first layer
0.4581760829825505,-1.3680275029183784,16.58248111830149,6.870363873208706,1.867199722705874,-3.474173282823083,1.7979087762338164,BabyLM 1.3B — first layer
0.611827827375313,-1.3680275029183784,16.60346188711138,6.870363873208706,1.867199722705874,-3.474173282823083,1.7979087762338164,BabyLM 1.3B — first layer
0.7654795717680756,-1.3680275029183784,16.624851189678854,6.870363873208706,1.867199722705874,-3.474173282823083,1.7979087762338164,BabyLM 1.3B — first layer
0.9191313161608377,-1.3680275029183784,16.646649026003917,6.870363873208706,1.867199722705874,-3.474173282823083,1.7979087762338164,BabyLM 1.3B — first layer
1.0727830605536002,-1.3680275029183784,16.668855396086563,6.870363873208706,1.867199722705874,-3.474173282823083,1.7979087762338164,BabyLM 1.3B — first layer
1.2264348049463627,-1.3680275029183784,16.6914702999268,6.870363873208706,1.867199722705874,-3.474173282823083,1.7979087762338164,BabyLM 1.3B — first layer
1.3800865493391252,-1.3680275029183784,16.71449373752462,6.870363873208706,1.867199722705874,-3.474173282823083,1.7979087762338164,BabyLM 1.3B — first layer
1.5337382937318877,-1.3680275029183784,16.737925708880027,6.870363873208706,1.867199722705874,-3.474173282823083,1.7979087762338164,BabyLM 1.3B — first layer
1.6873900381246503,-1.3680275029183784,16.761766213993024,6.870363873208706,1.867199722705874,-3.474173282823083,1.7979087762338164,BabyLM 1.3B — first layer
1.8410417825174124,-1.3680275029183784,16.786015252863606,6.870363873208706,1.867199722705874,-3.474173282823083,1.7979087762338164,BabyLM 1.3B — first layer
1.9946935269101749,-1.3680275029183784,16.810672825491775,6.870363873208706,1.867199722705874,-3.474173282823083,1.7979087762338164,BabyLM 1.3B — first layer
2.148345271302937,-1.3680275029183784,16.83573893187753,6.870363873208706,1.867199722705874,-3.474173282823083,1.7979087762338164,BabyLM 1.3B — first layer
2.3019970156956995,-1.3680275029183784,16.86121357202087,6.870363873208706,1.867199722705874,-3.474173282823083,1.7979087762338164,BabyLM 1.3B — first layer
2.455648760088462,-1.3680275029183784,16.8870967459218,6.870363873208706,1.867199722705874,-3.474173282823083,1.7979087762338164,BabyLM 1.3B — first layer
-2.0002518273016485,-1.200800730538909,16.267961621476207,6.870363873208706,1.867199722705874,-3.474173282823083,1.7979087762338164,BabyLM 1.3B — first layer
-1.846600082908886,-1.200800730538909,16.28334385019153,6.870363873208706,1.867199722705874,-3.474173282823083,1.7979087762338164,BabyLM 1.3B — first layer
-1.6929483385161237,-1.200800730538909,16.29913461266444,6.870363873208706,1.867199722705874,-3.474173282823083,1.7979087762338164,BabyLM 1.3B — first layer
-1.5392965941233612,-1.200800730538909,16.315333908894935,6.870363873208706,1.867199722705874,-3.474173282823083,1.7979087762338164,BabyLM 1.3B — first layer
-1.3856448497305989,-1.200800730538909,16.331941738883017,6.870363873208706,1.867199722705874,-3.474173282823083,1.7979087762338164,BabyLM 1.3B — first layer
-1.2319931053378363,-1.200800730538909,16.34895810262869,6.870363873208706,1.867199722705874,-3.474173282823083,1.7979087762338164,BabyLM 1.3B — first layer
-1.0783413609450738,-1.200800730538909,16.366383000131943,6.870363873208706,1.867199722705874,-3.474173282823083,1.7979087762338164,BabyLM 1.3B — first layer
-0.9246896165523115,-1.200800730538909,16.384216431392787,6.870363873208706,1.867199722705874,-3.474173282823083,1.7979087762338164,BabyLM 1.3B — first layer
-0.771037872159549,-1.200800730538909,16.402458396411216,6.870363873208706,1.867199722705874,-3.474173282823083,1.7979087762338164,BabyLM 1.3B — first layer
-0.6173861277667865,-1.200800730538909,16.42110889518723,6.870363873208706,1.867199722705874,-3.474173282823083,1.7979087762338164,BabyLM 1.3B — first layer
-0.4637343833740242,-1.200800730538909,16.440167927720836,6.870363873208706,1.867199722705874,-3.474173282823083,1.7979087762338164,BabyLM 1.3B — first layer
-0.31008263898126165,-1.200800730538909,16.459635494012026,6.870363873208706,1.867199722705874,-3.474173282823083,1.7979087762338164,BabyLM 1.3B — first layer
-0.15643089458849913,-1.200800730538909,16.479511594060803,6.870363873208706,1.867199722705874,-3.474173282823083,1.7979087762338164,BabyLM 1.3B — first layer
-0.0027791501957368236,-1.200800730538909,16.499796227867165,6.870363873208706,1.867199722705874,-3.474173282823083,1.7979087762338164,BabyLM 1.3B — first layer
0.15087259419702548,-1.200800730538909,16.520489395431117,6.870363873208706,1.867199722705874,-3.474173282823083,1.7979087762338164,BabyLM 1.3B — first layer
0.304524338589788,-1.200800730538909,16.541591096752654,6.870363873208706,1.867199722705874,-3.474173282823083,1.7979087762338164,BabyLM 1.3B — first layer
0.4581760829825505,-1.200800730538909,16.563101331831778,6.870363873208706,1.867199722705874,-3.474173282823083,1.7979087762338164,BabyLM 1.3B — first layer
0.611827827375313,-1.200800730538909,16.585020100668487,6.870363873208706,1.867199722705874,-3.474173282823083,1.7979087762338164,BabyLM 1.3B — first layer
0.7654795717680756,-1.200800730538909,16.607347403262782,6.870363873208706,1.867199722705874,-3.474173282823083,1.7979087762338164,BabyLM 1.3B — first layer
0.9191313161608377,-1.200800730538909,16.630083239614667,6.870363873208706,1.867199722705874,-3.474173282823083,1.7979087762338164,BabyLM 1.3B — first layer
1.0727830605536002,-1.200800730538909,16.653227609724137,6.870363873208706,1.867199722705874,-3.474173282823083,1.7979087762338164,BabyLM 1.3B — first layer
1.2264348049463627,-1.200800730538909,16.676780513591197,6.870363873208706,1.867199722705874,-3.474173282823083,1.7979087762338164,BabyLM 1.3B — first layer
1.3800865493391252,-1.200800730538909,16.70074195121584,6.870363873208706,1.867199722705874,-3.474173282823083,1.7979087762338164,BabyLM 1.3B — first layer
1.5337382937318877,-1.200800730538909,16.72511192259807,6.870363873208706,1.867199722705874,-3.474173282823083,1.7979087762338164,BabyLM 1.3B — first layer
1.6873900381246503,-1.200800730538909,16.74989042773789,6.870363873208706,1.867199722705874,-3.474173282823083,1.7979087762338164,BabyLM 1.3B — first layer
1.8410417825174124,-1.200800730538909,16.77507746663529,6.870363873208706,1.867199722705874,-3.474173282823083,1.7979087762338164,BabyLM 1.3B — first layer
1.9946935269101749,-1.200800730538909,16.800673039290285,6.870363873208706,1.867199722705874,-3.474173282823083,1.7979087762338164,BabyLM 1.3B — first layer
2.148345271302937,-1.200800730538909,16.82667714570286,6.870363873208706,1.867199722705874,-3.474173282823083,1.7979087762338164,BabyLM 1.3B — first layer
2.3019970156956995,-1.200800730538909,16.853089785873024,6.870363873208706,1.867199722705874,-3.474173282823083,1.7979087762338164,BabyLM 1.3B — first layer
2.455648760088462,-1.200800730538909,16.879910959800775,6.870363873208706,1.867199722705874,-3.474173282823083,1.7979087762338164,BabyLM 1.3B — first layer
-2.0002518273016485,-1.0335739581594396,16.23433401488904,6.870363873208706,1.867199722705874,-3.474173282823083,1.7979087762338164,BabyLM 1.3B — first layer
-1.846600082908886,-1.0335739581594396,16.250654243631185,6.870363873208706,1.867199722705874,-3.474173282823083,1.7979087762338164,BabyLM 1.3B — first layer
-1.6929483385161237,-1.0335739581594396,16.267383006130917,6.870363873208706,1.867199722705874,-3.474173282823083,1.7979087762338164,BabyLM 1.3B — first layer
-1.5392965941233612,-1.0335739581594396,16.284520302388238,6.870363873208706,1.867199722705874,-3.474173282823083,1.7979087762338164,BabyLM 1.3B — first layer
-1.3856448497305989,-1.0335739581594396,16.30206613240314,6.870363873208706,1.867199722705874,-3.474173282823083,1.7979087762338164,BabyLM 1.3B — first layer
-1.2319931053378363,-1.0335739581594396,16.320020496175633,6.870363873208706,1.867199722705874,-3.474173282823083,1.7979087762338164,BabyLM 1.3B — first layer
-1.0783413609450738,-1.0335739581594396,16.338383393705712,6.870363873208706,1.867199722705874,-3.474173282823083,1.7979087762338164,BabyLM 1.3B — first layer
-0.9246896165523115,-1.0335739581594396,16.35715482499338,6.870363873208706,1.867199722705874,-3.474173282823083,1.7979087762338164,BabyLM 1.3B — first layer
-0.771037872159549,-1.0335739581594396,16.37633479003863,6.870363873208706,1.867199722705874,-3.474173282823083,1.7979087762338164,BabyLM 1.3B — first layer
-0.6173861277667865,-1.0335739581594396,16.39592328884147,6.870363873208706,1.867199722705874,-3.474173282823083,1.7979087762338164,BabyLM 1.3B — first layer
-0.4637343833740242,-1.0335739581594396,16.415920321401895,6.870363873208706,1.867199722705874,-3.474173282823083,1.7979087762338164,BabyLM 1.3B — first layer
-0.31008263898126165,-1.0335739581594396,16.436325887719907,6.870363873208706,1.867199722705874,-3.474173282823083,1.7979087762338164,BabyLM 1.3B — first layer
-0.15643089458849913,-1.0335739581594396,16.457139987795507,6.870363873208706,1.867199722705874,-3.474173282823083,1.7979087762338164,BabyLM 1.3B — first layer
-0.0027791501957368236,-1.0335739581594396,16.478362621628694,6.870363873208706,1.867199722705874,-3.474173282823083,1.7979087762338164,BabyLM 1.3B — first layer
0.15087259419702548,-1.0335739581594396,16.499993789219467,6.870363873208706,1.867199722705874,-3.474173282823083,1.7979087762338164,BabyLM 1.3B — first layer
0.304524338589788,-1.0335739581594396,16.522033490567825,6.870363873208706,1.867199722705874,-3.474173282823083,1.7979087762338164,BabyLM 1.3B — first layer
0.4581760829825505,-1.0335739581594396,16.544481725673773,6.870363873208706,1.867199722705874,-3.474173282823083,1.7979087762338164,BabyLM 1.3B — first layer
0.611827827375313,-1.0335739581594396,16.567338494537303,6.870363873208706,1.867199722705874,-3.474173282823083,1.7979087762338164,BabyLM 1.3B — first layer
0.7654795717680756,-1.0335739581594396,16.590603797158426,6.870363873208706,1.867199722705874,-3.474173282823083,1.7979087762338164,BabyLM 1.3B — first layer
0.9191313161608377,-1.0335739581594396,16.61427763353713,6.870363873208706,1.867199722705874,-3.474173282823083,1.7979087762338164,BabyLM 1.3B — first layer
1.0727830605536002,-1.0335739581594396,16.638360003673423,6.870363873208706,1.867199722705874,-3.474173282823083,1.7979087762338164,BabyLM 1.3B — first layer
1.2264348049463627,-1.0335739581594396,16.662850907567304,6.870363873208706,1.867199722705874,-3.474173282823083,1.7979087762338164,BabyLM 1.3B — first layer
1.3800865493391252,-1.0335739581594396,16.68775034521877,6.870363873208706,1.867199722705874,-3.474173282823083,1.7979087762338164,BabyLM 1.3B — first layer
1.5337382937318877,-1.0335739581594396,16.713058316627823,6.870363873208706,1.867199722705874,-3.474173282823083,1.7979087762338164,BabyLM 1.3B — first layer
1.6873900381246503,-1.0335739581594396,16.738774821794465,6.870363873208706,1.867199722705874,-3.474173282823083,1.7979087762338164,BabyLM 1.3B — first layer
1.8410417825174124,-1.0335739581594396,16.764899860718693,6.870363873208706,1.867199722705874,-3.474173282823083,1.7979087762338164,BabyLM 1.3B — first layer
1.9946935269101749,-1.0335739581594396,16.791433433400503,6.870363873208706,1.867199722705874,-3.474173282823083,1.7979087762338164,BabyLM 1.3B — first layer
2.148345271302937,-1.0335739581594396,16.818375539839906,6.870363873208706,1.867199722705874,-3.474173282823083,1.7979087762338164,BabyLM 1.3B — first layer
2.3019970156956995,-1.0335739581594396,16.84572618003689,6.870363873208706,1.867199722705874,-3.474173282823083,1.7979087762338164,BabyLM 1.3B — first layer
2.455648760088462,-1.0335739581594396,16.873485353991466,6.870363873208706,1.867199722705874,-3.474173282823083,1.7979087762338164,BabyLM 1.3B — first layer
-2.0002518273016485,-0.8663471857799703,16.201466588613588,6.870363873208706,1.867199722705874,-3.474173282823083,1.7979087762338164,BabyLM 1.3B — first layer
-1.846600082908886,-0.8663471857799703,16.218724817382554,6.870363873208706,1.867199722705874,-3.474173282823083,1.7979087762338164,BabyLM 1.3B — first layer
-1.6929483385161237,-0.8663471857799703,16.23639157990911,6.870363873208706,1.867199722705874,-3.474173282823083,1.7979087762338164,BabyLM 1.3B — first layer
-1.5392965941233612,-0.8663471857799703,16.25446687619325,6.870363873208706,1.867199722705874,-3.474173282823083,1.7979087762338164,BabyLM 1.3B — first layer
-1.3856448497305989,-0.8663471857799703,16.27295070623498,6.870363873208706,1.867199722705874,-3.474173282823083,1.7979087762338164,BabyLM 1.3B — first layer
-1.2319931053378363,-0.8663471857799703,16.291843070034293,6.870363873208706,1.867199722705874,-3.474173282823083,1.7979087762338164,BabyLM 1.3B — first layer
-1.0783413609450738,-0.8663471857799703,16.311143967591192,6.870363873208706,1.867199722705874,-3.474173282823083,1.7979087762338164,BabyLM 1.3B — first layer
-0.9246896165523115,-0.8663471857799703,16.33085339890568,6.870363873208706,1.867199722705874,-3.474173282823083,1.7979087762338164,BabyLM 1.3B — first layer
-0.771037872159549,-0.8663471857799703,16.350971363977756,6.870363873208706,1.867199722705874,-3.474173282823083,1.7979087762338164,BabyLM 1.3B — first layer
-0.6173861277667865,-0.8663471857799703,16.37149786280742,6.870363873208706,1.867199722705874,-3.474173282823083,1.7979087762338164,BabyLM 1.3B — first layer
-0.4637343833740242,-0.8663471857799703,16.392432895394666,6.870363873208706,1.867199722705874,-3.474173282823083,1.7979087762338164,BabyLM 1.3B — first layer
-0.31008263898126165,-0.8663471857799703,16.413776461739502,6.870363873208706,1.867199722705874,-3.474173282823083,1.7979087762338164,BabyLM 1.3B — first layer
-0.15643089458849913,-0.8663471857799703,16.435528561841924,6.870363873208706,1.867199722705874,-3.474173282823083,1.7979087762338164,BabyLM 1.3B — first layer
-0.0027791501957368236,-0.8663471857799703,16.45768919570193,6.870363873208706,1.867199722705874,-3.474173282823083,1.7979087762338164,BabyLM 1.3B — first layer
0.15087259419702548,-0.8663471857799703,16.48025836331953,6.870363873208706,1.867199722705874,-3.474173282823083,1.7979087762338164,BabyLM 1.3B — first layer
0.304524338589788,-0.8663471857799703,16.50323606469471,6.870363873208706,1.867199722705874,-3.474173282823083,1.7979087762338164,BabyLM 1.3B — first layer
0.4581760829825505,-0.8663471857799703,16.52662229982748,6.870363873208706,1.867199722705874,-3.474173282823083,1.7979087762338164,BabyLM 1.3B — first layer
0.611827827375313,-0.8663471857799703,16.550417068717834,6.870363873208706,1.867199722705874,-3.474173282823083,1.7979087762338164,BabyLM 1.3B — first layer
0.7654795717680756,-0.8663471857799703,16.574620371365775,6.870363873208706,1.867199722705874,-3.474173282823083,1.7979087762338164,BabyLM 1.3B — first layer
0.9191313161608377,-0.8663471857799703,16.599232207771305,6.870363873208706,1.867199722705874,-3.474173282823083,1.7979087762338164,BabyLM 1.3B — first layer
1.0727830605536002,-0.8663471857799703,16.62425257793442,6.870363873208706,1.867199722705874,-3.474173282823083,1.7979087762338164,BabyLM 1.3B — first layer
1.2264348049463627,-0.8663471857799703,16.649681481855122,6.870363873208706,1.867199722705874,-3.474173282823083,1.7979087762338164,BabyLM 1.3B — first layer
1.3800865493391252,-0.8663471857799703,16.675518919533413,6.870363873208706,1.867199722705874,-3.474173282823083,1.7979087762338164,BabyLM 1.3B — first layer
1.5337382937318877,-0.8663471857799703,16.70176489096929,6.870363873208706,1.867199722705874,-3.474173282823083,1.7979087762338164,BabyLM 1.3B — first layer
1.6873900381246503,-0.8663471857799703,16.728419396162753,6.870363873208706,1.867199722705874,-3.474173282823083,1.7979087762338164,BabyLM 1.3B — first layer
1.8410417825174124,-0.8663471857799703,16.7554824351138,6.870363873208706,1.867199722705874,-3.474173282823083,1.7979087762338164,BabyLM 1.3B — first layer
1.9946935269101749,-0.8663471857799703,16.782954007822436,6.870363873208706,1.867199722705874,-3.474173282823083,1.7979087762338164,BabyLM 1.3B — first layer
2.148345271302937,-0.8663471857799703,16.81083411428866,6.870363873208706,1.867199722705874,-3.474173282823083,1.7979087762338164,BabyLM 1.3B — first layer
2.3019970156956995,-0.8663471857799703,16.83912275451247,6.870363873208706,1.867199722705874,-3.474173282823083,1.7979087762338164,BabyLM 1.3B — first layer
2.455648760088462,-0.8663471857799703,16.867819928493866,6.870363873208706,1.867199722705874,-3.474173282823083,1.7979087762338164,BabyLM 1.3B — first layer
-2.0002518273016485,-0.6991204134005011,16.169359342649845,6.870363873208706,1.867199722705874,-3.474173282823083,1.7979087762338164,BabyLM 1.3B — first layer
-1.846600082908886,-0.6991204134005011,16.187555571445635,6.870363873208706,1.867199722705874,-3.474173282823083,1.7979087762338164,BabyLM 1.3B — first layer
-1.6929483385161237,-0.6991204134005011,16.206160333999012,6.870363873208706,1.867199722705874,-3.474173282823083,1.7979087762338164,BabyLM 1.3B — first layer
-1.5392965941233612,-0.6991204134005011,16.225173630309975,6.870363873208706,1.867199722705874,-3.474173282823083,1.7979087762338164,BabyLM 1.3B — first layer
-1.3856448497305989,-0.6991204134005011,16.244595460378527,6.870363873208706,1.867199722705874,-3.474173282823083,1.7979087762338164,BabyLM 1.3B — first layer
-1.2319931053378363,-0.6991204134005011,16.26442582420466,6.870363873208706,1.867199722705874,-3.474173282823083,1.7979087762338164,BabyLM 1.3B — first layer
-1.0783413609450738,-0.6991204134005011,16.28466472178839,6.870363873208706,1.867199722705874,-3.474173282823083,1.7979087762338164,BabyLM 1.3B — first layer
-0.9246896165523115,-0.6991204134005011,16.305312153129698,6.870363873208706,1.867199722705874,-3.474173282823083,1.7979087762338164,BabyLM 1.3B — first layer
-0.771037872159549,-0.6991204134005011,16.326368118228594,6.870363873208706,1.867199722705874,-3.474173282823083,1.7979087762338164,BabyLM 1.3B — first layer
-0.6173861277667865,-0.6991204134005011,16.34783261708508,6.870363873208706,1.867199722705874,-3.474173282823083,1.7979087762338164,BabyLM 1.3B — first layer
-0.4637343833740242,-0.6991204134005011,16.36970564969915,6.870363873208706,1.867199722705874,-3.474173282823083,1.7979087762338164,BabyLM 1.3B — first layer
-0.31008263898126165,-0.6991204134005011,16.39198721607081,6.870363873208706,1.867199722705874,-3.474173282823083,1.7979087762338164,BabyLM 1.3B — first layer
-0.15643089458849913,-0.6991204134005011,16.414677316200052,6.870363873208706,1.867199722705874,-3.474173282823083,1.7979087762338164,BabyLM 1.3B — first layer
-0.0027791501957368236,-0.6991204134005011,16.437775950086884,6.870363873208706,1.867199722705874,-3.474173282823083,1.7979087762338164,BabyLM 1.3B — first layer
0.15087259419702548,-0.6991204134005011,16.461283117731302,6.870363873208706,1.867199722705874,-3.474173282823083,1.7979087762338164,BabyLM 1.3B — first layer
0.304524338589788,-0.6991204134005011,16.485198819133306,6.870363873208706,1.867199722705874,-3.474173282823083,1.7979087762338164,BabyLM 1.3B — first layer
0.4581760829825505,-0.6991204134005011,16.5095230542929,6.870363873208706,1.867199722705874,-3.474173282823083,1.7979087762338164,BabyLM 1.3B — first layer
0.611827827375313,-0.6991204134005011,16.534255823210074,6.870363873208706,1.867199722705874,-3.474173282823083,1.7979087762338164,BabyLM 1.3B — first layer
0.7654795717680756,-0.6991204134005011,16.55939712588484,6.870363873208706,1.867199722705874,-3.474173282823083,1.7979087762338164,BabyLM 1.3B — first layer
0.9191313161608377,-0.6991204134005011,16.584946962317193,6.870363873208706,1.867199722705874,-3.474173282823083,1.7979087762338164,BabyLM 1.3B — first layer
1.0727830605536002,-0.6991204134005011,16.61090533250713,6.870363873208706,1.867199722705874,-3.474173282823083,1.7979087762338164,BabyLM 1.3B — first layer
1.2264348049463627,-0.6991204134005011,16.637272236454656,6.870363873208706,1.867199722705874,-3.474173282823083,1.7979087762338164,BabyLM 1.3B — first layer
1.3800865493391252,-0.6991204134005011,16.664047674159768,6.870363873208706,1.867199722705874,-3.474173282823083,1.7979087762338164,BabyLM 1.3B — first layer
1.5337382937318877,-0.6991204134005011,16.691231645622466,6.870363873208706,1.867199722705874,-3.474173282823083,1.7979087762338164,BabyLM 1.3B — first layer
1.6873900381246503,-0.6991204134005011,16.71882415084275,6.870363873208706,1.867199722705874,-3.474173282823083,1.7979087762338164,BabyLM 1.3B — first layer
1.8410417825174124,-0.6991204134005011,16.746825189820623,6.870363873208706,1.867199722705874,-3.474173282823083,1.7979087762338164,BabyLM 1.3B — first layer
1.9946935269101749,-0.6991204134005011,16.77523476255608,6.870363873208706,1.867199722705874,-3.474173282823083,1.7979087762338164,BabyLM 1.3B — first layer
2.148345271302937,-0.6991204134005011,16.804052869049126,6.870363873208706,1.867199722705874,-3.474173282823083,1.7979087762338164,BabyLM 1.3B — first layer
2.3019970156956995,-0.6991204134005011,16.83327950929976,6.870363873208706,1.867199722705874,-3.474173282823083,1.7979087762338164,BabyLM 1.3B — first layer
2.455648760088462,-0.6991204134005011,16.862914683307977,6.870363873208706,1.867199722705874,-3.474173282823083,1.7979087762338164,BabyLM 1.3B — first layer
-2.0002518273016485,-0.531893641021032,16.138012276997813,6.870363873208706,1.867199722705874,-3.474173282823083,1.7979087762338164,BabyLM 1.3B — first layer
-1.846600082908886,-0.531893641021032,16.157146505820425,6.870363873208706,1.867199722705874,-3.474173282823083,1.7979087762338164,BabyLM 1.3B — first layer
-1.6929483385161237,-0.531893641021032,16.176689268400626,6.870363873208706,1.867199722705874,-3.474173282823083,1.7979087762338164,BabyLM 1.3B — first layer
-1.5392965941233612,-0.531893641021032,16.196640564738413,6.870363873208706,1.867199722705874,-3.474173282823083,1.7979087762338164,BabyLM 1.3B — first layer
-1.3856448497305989,-0.531893641021032,16.217000394833786,6.870363873208706,1.867199722705874,-3.474173282823083,1.7979087762338164,BabyLM 1.3B — first layer
-1.2319931053378363,-0.531893641021032,16.237768758686745,6.870363873208706,1.867199722705874,-3.474173282823083,1.7979087762338164,BabyLM 1.3B — first layer
-1.0783413609450738,-0.531893641021032,16.25894565629729,6.870363873208706,1.867199722705874,-3.474173282823083,1.7979087762338164,BabyLM 1.3B — first layer
-0.9246896165523115,-0.531893641021032,16.280531087665423,6.870363873208706,1.867199722705874,-3.474173282823083,1.7979087762338164,BabyLM 1.3B — first layer
-0.771037872159549,-0.531893641021032,16.302525052791143,6.870363873208706,1.867199722705874,-3.474173282823083,1.7979087762338164,BabyLM 1.3B — first layer
-0.6173861277667865,-0.531893641021032,16.324927551674453,6.870363873208706,1.867199722705874,-3.474173282823083,1.7979087762338164,BabyLM 1.3B — first layer
-0.4637343833740242,-0.531893641021032,16.347738584315344,6.870363873208706,1.867199722705874,-3.474173282823083,1.7979087762338164,BabyLM 1.3B — first layer
-0.31008263898126165,-0.531893641021032,16.370958150713825,6.870363873208706,1.867199722705874,-3.474173282823083,1.7979087762338164,BabyLM 1.3B — first layer
-0.15643089458849913,-0.531893641021032,16.394586250869892,6.870363873208706,1.867199722705874,-3.474173282823083,1.7979087762338164,BabyLM 1.3B — first layer
-0.0027791501957368236,-0.531893641021032,16.418622884783545,6.870363873208706,1.867199722705874,-3.474173282823083,1.7979087762338164,BabyLM 1.3B — first layer
0.15087259419702548,-0.531893641021032,16.443068052454787,6.870363873208706,1.867199722705874,-3.474173282823083,1.7979087762338164,BabyLM 1.3B — first layer
0.304524338589788,-0.531893641021032,16.467921753883612,6.870363873208706,1.867199722705874,-3.474173282823083,1.7979087762338164,BabyLM 1.3B — first layer
0.4581760829825505,-0.531893641021032,16.493183989070026,6.870363873208706,1.867199722705874,-3.474173282823083,1.7979087762338164,BabyLM 1.3B — first layer
0.611827827375313,-0.531893641021032,16.51885475801403,6.870363873208706,1.867199722705874,-3.474173282823083,1.7979087762338164,BabyLM 1.3B — first layer
0.7654795717680756,-0.531893641021032,16.544934060715615,6.870363873208706,1.867199722705874,-3.474173282823083,1.7979087762338164,BabyLM 1.3B — first layer
0.9191313161608377,-0.531893641021032,16.57142189717479,6.870363873208706,1.867199722705874,-3.474173282823083,1.7979087762338164,BabyLM 1.3B — first layer
1.0727830605536002,-0.531893641021032,16.59831826739155,6.870363873208706,1.867199722705874,-3.474173282823083,1.7979087762338164,BabyLM 1.3B — first layer
1.2264348049463627,-0.531893641021032,16.6256231713659,6.870363873208706,1.867199722705874,-3.474173282823083,1.7979087762338164,BabyLM 1.3B — first layer
1.3800865493391252,-0.531893641021032,16.65333660909783,6.870363873208706,1.867199722705874,-3.474173282823083,1.7979087762338164,BabyLM 1.3B — first layer
1.5337382937318877,-0.531893641021032,16.681458580587353,6.870363873208706,1.867199722705874,-3.474173282823083,1.7979087762338164,BabyLM 1.3B — first layer
1.6873900381246503,-0.531893641021032,16.70998908583446,6.870363873208706,1.867199722705874,-3.474173282823083,1.7979087762338164,BabyLM 1.3B — first layer
1.8410417825174124,-0.531893641021032,16.738928124839155,6.870363873208706,1.867199722705874,-3.474173282823083,1.7979087762338164,BabyLM 1.3B — first layer
1.9946935269101749,-0.531893641021032,16.76827569760144,6.870363873208706,1.867199722705874,-3.474173282823083,1.7979087762338164,BabyLM 1.3B — first layer
2.148345271302937,-0.531893641021032,16.798031804121305,6.870363873208706,1.867199722705874,-3.474173282823083,1.7979087762338164,BabyLM 1.3B — first layer
2.3019970156956995,-0.531893641021032,16.82819644439876,6.870363873208706,1.867199722705874,-3.474173282823083,1.7979087762338164,BabyLM 1.3B — first layer
2.455648760088462,-0.531893641021032,16.858769618433804,6.870363873208706,1.867199722705874,-3.474173282823083,1.7979087762338164,BabyLM 1.3B — first layer
-2.0002518273016485,-0.3646668686415624,16.107425391657493,6.870363873208706,1.867199722705874,-3.474173282823083,1.7979087762338164,BabyLM 1.3B — first layer
-1.846600082908886,-0.3646668686415624,16.12749762050693,6.870363873208706,1.867199722705874,-3.474173282823083,1.7979087762338164,BabyLM 1.3B — first layer
-1.6929483385161237,-0.3646668686415624,16.14797838311395,6.870363873208706,1.867199722705874,-3.474173282823083,1.7979087762338164,BabyLM 1.3B — first layer
-1.5392965941233612,-0.3646668686415624,16.16886767947856,6.870363873208706,1.867199722705874,-3.474173282823083,1.7979087762338164,BabyLM 1.3B — first layer
-1.3856448497305989,-0.3646668686415624,16.190165509600753,6.870363873208706,1.867199722705874,-3.474173282823083,1.7979087762338164,BabyLM 1.3B — first layer
-1.2319931053378363,-0.3646668686415624,16.211871873480536,6.870363873208706,1.867199722705874,-3.474173282823083,1.7979087762338164,BabyLM 1.3B — first layer
-1.0783413609450738,-0.3646668686415624,16.233986771117905,6.870363873208706,1.867199722705874,-3.474173282823083,1.7979087762338164,BabyLM 1.3B — first layer
-0.9246896165523115,-0.3646668686415624,16.256510202512864,6.870363873208706,1.867199722705874,-3.474173282823083,1.7979087762338164,BabyLM 1.3B — first layer
-0.771037872159549,-0.3646668686415624,16.279442167665405,6.870363873208706,1.867199722705874,-3.474173282823083,1.7979087762338164,BabyLM 1.3B — first layer
-0.6173861277667865,-0.3646668686415624,16.302782666575535,6.870363873208706,1.867199722705874,-3.474173282823083,1.7979087762338164,BabyLM 1.3B — first layer
-0.4637343833740242,-0.3646668686415624,16.32653169924325,6.870363873208706,1.867199722705874,-3.474173282823083,1.7979087762338164,BabyLM 1.3B — first layer
-0.31008263898126165,-0.3646668686415624,16.350689265668553,6.870363873208706,1.867199722705874,-3.474173282823083,1.7979087762338164,BabyLM 1.3B — first layer
-0.15643089458849913,-0.3646668686415624,16.375255365851444,6.870363873208706,1.867199722705874,-3.474173282823083,1.7979087762338164,BabyLM 1.3B — first layer
-0.0027791501957368236,-0.3646668686415624,16.400229999791918,6.870363873208706,1.867199722705874,-3.474173282823083,1.7979087762338164,BabyLM 1.3B — first layer
0.15087259419702548,-0.3646668686415624,16.42561316748998,6.870363873208706,1.867199722705874,-3.474173282823083,1.7979087762338164,BabyLM 1.3B — first layer
0.304524338589788,-0.3646668686415624,16.451404868945634,6.870363873208706,1.867199722705874,-3.474173282823083,1.7979087762338164,BabyLM 1.3B — first layer
0.4581760829825505,-0.3646668686415624,16.47760510415887,6.870363873208706,1.867199722705874,-3.474173282823083,1.7979087762338164,BabyLM 1.3B — first layer
0.611827827375313,-0.3646668686415624,16.504213873129693,6.870363873208706,1.867199722705874,-3.474173282823083,1.7979087762338164,BabyLM 1.3B — first layer
0.7654795717680756,-0.3646668686415624,16.531231175858103,6.870363873208706,1.867199722705874,-3.474173282823083,1.7979087762338164,BabyLM 1.3B — first layer
0.9191313161608377,-0.3646668686415624,16.5586570123441,6.870363873208706,1.867199722705874,-3.474173282823083,1.7979087762338164,BabyLM 1.3B — first layer
1.0727830605536002,-0.3646668686415624,16.58649138258768,6.870363873208706,1.867199722705874,-3.474173282823083,1.7979087762338164,BabyLM 1.3B — first layer
1.2264348049463627,-0.3646668686415624,16.614734286588853,6.870363873208706,1.867199722705874,-3.474173282823083,1.7979087762338164,BabyLM 1.3B — first layer
1.3800865493391252,-0.3646668686415624,16.64338572434761,6.870363873208706,1.867199722705874,-3.474173282823083,1.7979087762338164,BabyLM 1.3B — first layer
1.5337382937318877,-0.3646668686415624,16.672445695863953,6.870363873208706,1.867199722705874,-3.474173282823083,1.7979087762338164,BabyLM 1.3B — first layer
1.6873900381246503,-0.3646668686415624,16.701914201137885,6.870363873208706,1.867199722705874,-3.474173282823083,1.7979087762338164,BabyLM 1.3B — first layer
1.8410417825174124,-0.3646668686415624,16.7317912401694,6.870363873208706,1.867199722705874,-3.474173282823083,1.7979087762338164,BabyLM 1.3B — first layer
1.9946935269101749,-0.3646668686415624,16.762076812958504,6.870363873208706,1.867199722705874,-3.474173282823083,1.7979087762338164,BabyLM 1.3B — first layer
2.148345271302937,-0.3646668686415624,16.792770919505195,6.870363873208706,1.867199722705874,-3.474173282823083,1.7979087762338164,BabyLM 1.3B — first layer
2.3019970156956995,-0.3646668686415624,16.823873559809474,6.870363873208706,1.867199722705874,-3.474173282823083,1.7979087762338164,BabyLM 1.3B — first layer
2.455648760088462,-0.3646668686415624,16.85538473387134,6.870363873208706,1.867199722705874,-3.474173282823083,1.7979087762338164,BabyLM 1.3B — first layer
-2.0002518273016485,-0.19744009626209325,16.077598686628885,6.870363873208706,1.867199722705874,-3.474173282823083,1.7979087762338164,BabyLM 1.3B — first layer
-1.846600082908886,-0.19744009626209325,16.098608915505142,6.870363873208706,1.867199722705874,-3.474173282823083,1.7979087762338164,BabyLM 1.3B — first layer
-1.6929483385161237,-0.19744009626209325,16.120027678138985,6.870363873208706,1.867199722705874,-3.474173282823083,1.7979087762338164,BabyLM 1.3B — first layer
-1.5392965941233612,-0.19744009626209325,16.141854974530418,6.870363873208706,1.867199722705874,-3.474173282823083,1.7979087762338164,BabyLM 1.3B — first layer
-1.3856448497305989,-0.19744009626209325,16.164090804679436,6.870363873208706,1.867199722705874,-3.474173282823083,1.7979087762338164,BabyLM 1.3B — first layer
-1.2319931053378363,-0.19744009626209325,16.186735168586043,6.870363873208706,1.867199722705874,-3.474173282823083,1.7979087762338164,BabyLM 1.3B — first layer
-1.0783413609450738,-0.19744009626209325,16.209788066250233,6.870363873208706,1.867199722705874,-3.474173282823083,1.7979087762338164,BabyLM 1.3B — first layer
-0.9246896165523115,-0.19744009626209325,16.233249497672013,6.870363873208706,1.867199722705874,-3.474173282823083,1.7979087762338164,BabyLM 1.3B — first layer
-0.771037872159549,-0.19744009626209325,16.257119462851378,6.870363873208706,1.867199722705874,-3.474173282823083,1.7979087762338164,BabyLM 1.3B — first layer
-0.6173861277667865,-0.19744009626209325,16.28139796178833,6.870363873208706,1.867199722705874,-3.474173282823083,1.7979087762338164,BabyLM 1.3B — first layer
-0.4637343833740242,-0.19744009626209325,16.30608499448287,6.870363873208706,1.867199722705874,-3.474173282823083,1.7979087762338164,BabyLM 1.3B — first layer
-0.31008263898126165,-0.19744009626209325,16.331180560934992,6.870363873208706,1.867199722705874,-3.474173282823083,1.7979087762338164,BabyLM 1.3B — first layer
-0.15643089458849913,-0.19744009626209325,16.356684661144705,6.870363873208706,1.867199722705874,-3.474173282823083,1.7979087762338164,BabyLM 1.3B — first layer
-0.0027791501957368236,-0.19744009626209325,16.382597295112006,6.870363873208706,1.867199722705874,-3.474173282823083,1.7979087762338164,BabyLM 1.3B — first layer
0.15087259419702548,-0.19744009626209325,16.40891846283689,6.870363873208706,1.867199722705874,-3.474173282823083,1.7979087762338164,BabyLM 1.3B — first layer
0.304524338589788,-0.19744009626209325,16.435648164319364,6.870363873208706,1.867199722705874,-3.474173282823083,1.7979087762338164,BabyLM 1.3B — first layer
0.4581760829825505,-0.19744009626209325,16.462786399559423,6.870363873208706,1.867199722705874,-3.474173282823083,1.7979087762338164,BabyLM 1.3B — first layer
0.611827827375313,-0.19744009626209325,16.49033316855707,6.870363873208706,1.867199722705874,-3.474173282823083,1.7979087762338164,BabyLM 1.3B — first layer
0.7654795717680756,-0.19744009626209325,16.5182884713123,6.870363873208706,1.867199722705874,-3.474173282823083,1.7979087762338164,BabyLM 1.3B — first layer
0.9191313161608377,-0.19744009626209325,16.54665230782512,6.870363873208706,1.867199722705874,-3.474173282823083,1.7979087762338164,BabyLM 1.3B — first layer
1.0727830605536002,-0.19744009626209325,16.575424678095526,6.870363873208706,1.867199722705874,-3.474173282823083,1.7979087762338164,BabyLM 1.3B — first layer
1.2264348049463627,-0.19744009626209325,16.60460558212352,6.870363873208706,1.867199722705874,-3.474173282823083,1.7979087762338164,BabyLM 1.3B — first layer
1.3800865493391252,-0.19744009626209325,16.6341950199091,6.870363873208706,1.867199722705874,-3.474173282823083,1.7979087762338164,BabyLM 1.3B — first layer
1.5337382937318877,-0.19744009626209325,16.664192991452264,6.870363873208706,1.867199722705874,-3.474173282823083,1.7979087762338164,BabyLM 1.3B — first layer
1.6873900381246503,-0.19744009626209325,16.694599496753018,6.870363873208706,1.867199722705874,-3.474173282823083,1.7979087762338164,BabyLM 1.3B — first layer
1.8410417825174124,-0.19744009626209325,16.725414535811357,6.870363873208706,1.867199722705874,-3.474173282823083,1.7979087762338164,BabyLM 1.3B — first layer
1.9946935269101749,-0.19744009626209325,16.756638108627286,6.870363873208706,1.867199722705874,-3.474173282823083,1.7979087762338164,BabyLM 1.3B — first layer
2.148345271302937,-0.19744009626209325,16.788270215200797,6.870363873208706,1.867199722705874,-3.474173282823083,1.7979087762338164,BabyLM 1.3B — first layer
2.3019970156956995,-0.19744009626209325,16.820310855531897,6.870363873208706,1.867199722705874,-3.474173282823083,1.7979087762338164,BabyLM 1.3B — first layer
2.455648760088462,-0.19744009626209325,16.852760029620583,6.870363873208706,1.867199722705874,-3.474173282823083,1.7979087762338164,BabyLM 1.3B — first layer
-2.0002518273016485,-0.030213323882623655,16.048532161911986,6.870363873208706,1.867199722705874,-3.474173282823083,1.7979087762338164,BabyLM 1.3B — first layer
-1.846600082908886,-0.030213323882623655,16.070480390815067,6.870363873208706,1.867199722705874,-3.474173282823083,1.7979087762338164,BabyLM 1.3B — first layer
-1.6929483385161237,-0.030213323882623655,16.092837153475735,6.870363873208706,1.867199722705874,-3.474173282823083,1.7979087762338164,BabyLM 1.3B — first layer
-1.5392965941233612,-0.030213323882623655,16.115602449893988,6.870363873208706,1.867199722705874,-3.474173282823083,1.7979087762338164,BabyLM 1.3B — first layer
-1.3856448497305989,-0.030213323882623655,16.13877628006983,6.870363873208706,1.867199722705874,-3.474173282823083,1.7979087762338164,BabyLM 1.3B — first layer
-1.2319931053378363,-0.030213323882623655,16.16235864400326,6.870363873208706,1.867199722705874,-3.474173282823083,1.7979087762338164,BabyLM 1.3B — first layer
-1.0783413609450738,-0.030213323882623655,16.186349541694273,6.870363873208706,1.867199722705874,-3.474173282823083,1.7979087762338164,BabyLM 1.3B — first layer
-0.9246896165523115,-0.030213323882623655,16.210748973142874,6.870363873208706,1.867199722705874,-3.474173282823083,1.7979087762338164,BabyLM 1.3B — first layer
-0.771037872159549,-0.030213323882623655,16.23555693834906,6.870363873208706,1.867199722705874,-3.474173282823083,1.7979087762338164,BabyLM 1.3B — first layer
-0.6173861277667865,-0.030213323882623655,16.260773437312835,6.870363873208706,1.867199722705874,-3.474173282823083,1.7979087762338164,BabyLM 1.3B — first layer
-0.4637343833740242,-0.030213323882623655,16.286398470034197,6.870363873208706,1.867199722705874,-3.474173282823083,1.7979087762338164,BabyLM 1.3B — first layer
-0.31008263898126165,-0.030213323882623655,16.312432036513144,6.870363873208706,1.867199722705874,-3.474173282823083,1.7979087762338164,BabyLM 1.3B — first layer
-0.15643089458849913,-0.030213323882623655,16.33887413674968,6.870363873208706,1.867199722705874,-3.474173282823083,1.7979087762338164,BabyLM 1.3B — first layer
-0.0027791501957368236,-0.030213323882623655,16.365724770743803,6.870363873208706,1.867199722705874,-3.474173282823083,1.7979087762338164,BabyLM 1.3B — first layer
0.15087259419702548,-0.030213323882623655,16.39298393849551,6.870363873208706,1.867199722705874,-3.474173282823083,1.7979087762338164,BabyLM 1.3B — first layer
0.304524338589788,-0.030213323882623655,16.420651640004806,6.870363873208706,1.867199722705874,-3.474173282823083,1.7979087762338164,BabyLM 1.3B — first layer
0.4581760829825505,-0.030213323882623655,16.448727875271686,6.870363873208706,1.867199722705874,-3.474173282823083,1.7979087762338164,BabyLM 1.3B — first layer
0.611827827375313,-0.030213323882623655,16.477212644296156,6.870363873208706,1.867199722705874,-3.474173282823083,1.7979087762338164,BabyLM 1.3B — first layer
0.7654795717680756,-0.030213323882623655,16.50610594707821,6.870363873208706,1.867199722705874,-3.474173282823083,1.7979087762338164,BabyLM 1.3B — first layer
0.9191313161608377,-0.030213323882623655,16.535407783617853,6.870363873208706,1.867199722705874,-3.474173282823083,1.7979087762338164,BabyLM 1.3B — first layer
1.0727830605536002,-0.030213323882623655,16.56511815391508,6.870363873208706,1.867199722705874,-3.474173282823083,1.7979087762338164,BabyLM 1.3B — first layer
1.2264348049463627,-0.030213323882623655,16.595237057969896,6.870363873208706,1.867199722705874,-3.474173282823083,1.7979087762338164,BabyLM 1.3B — first layer
1.3800865493391252,-0.030213323882623655,16.6257644957823,6.870363873208706,1.867199722705874,-3.474173282823083,1.7979087762338164,BabyLM 1.3B — first layer
1.5337382937318877,-0.030213323882623655,16.656700467352287,6.870363873208706,1.867199722705874,-3.474173282823083,1.7979087762338164,BabyLM 1.3B — first layer
1.6873900381246503,-0.030213323882623655,16.688044972679865,6.870363873208706,1.867199722705874,-3.474173282823083,1.7979087762338164,BabyLM 1.3B — first layer
1.8410417825174124,-0.030213323882623655,16.719798011765025,6.870363873208706,1.867199722705874,-3.474173282823083,1.7979087762338164,BabyLM 1.3B — first layer
1.9946935269101749,-0.030213323882623655,16.751959584607775,6.870363873208706,1.867199722705874,-3.474173282823083,1.7979087762338164,BabyLM 1.3B — first layer
2.148345271302937,-0.030213323882623655,16.78452969120811,6.870363873208706,1.867199722705874,-3.474173282823083,1.7979087762338164,BabyLM 1.3B — first layer
2.3019970156956995,-0.030213323882623655,16.817508331566035,6.870363873208706,1.867199722705874,-3.474173282823083,1.7979087762338164,BabyLM 1.3B — first layer
2.455648760088462,-0.030213323882623655,16.850895505681542,6.870363873208706,1.867199722705874,-3.474173282823083,1.7979087762338164,BabyLM 1.3B — first layer
-2.0002518273016485,0.1370134484968455,16.0202258175068,6.870363873208706,1.867199722705874,-3.474173282823083,1.7979087762338164,BabyLM 1.3B — first layer
-1.846600082908886,0.1370134484968455,16.043112046436704,6.870363873208706,1.867199722705874,-3.474173282823083,1.7979087762338164,BabyLM 1.3B — first layer
-1.6929483385161237,0.1370134484968455,16.066406809124196,6.870363873208706,1.867199722705874,-3.474173282823083,1.7979087762338164,BabyLM 1.3B — first layer
-1.5392965941233612,0.1370134484968455,16.090110105569273,6.870363873208706,1.867199722705874,-3.474173282823083,1.7979087762338164,BabyLM 1.3B — first layer
-1.3856448497305989,0.1370134484968455,16.114221935771937,6.870363873208706,1.867199722705874,-3.474173282823083,1.7979087762338164,BabyLM 1.3B — first layer
-1.2319931053378363,0.1370134484968455,16.138742299732186,6.870363873208706,1.867199722705874,-3.474173282823083,1.7979087762338164,BabyLM 1.3B — first layer
-1.0783413609450738,0.1370134484968455,16.16367119745002,6.870363873208706,1.867199722705874,-3.474173282823083,1.7979087762338164,BabyLM 1.3B — first layer
-0.9246896165523115,0.1370134484968455,16.189008628925446,6.870363873208706,1.867199722705874,-3.474173282823083,1.7979087762338164,BabyLM 1.3B — first layer
-0.771037872159549,0.1370134484968455,16.214754594158457,6.870363873208706,1.867199722705874,-3.474173282823083,1.7979087762338164,BabyLM 1.3B — first layer
-0.6173861277667865,0.1370134484968455,16.240909093149053,6.870363873208706,1.867199722705874,-3.474173282823083,1.7979087762338164,BabyLM 1.3B — first layer
-0.4637343833740242,0.1370134484968455,16.26747212589724,6.870363873208706,1.867199722705874,-3.474173282823083,1.7979087762338164,BabyLM 1.3B — first layer
-0.31008263898126165,0.1370134484968455,16.294443692403007,6.870363873208706,1.867199722705874,-3.474173282823083,1.7979087762338164,BabyLM 1.3B — first layer
-0.15643089458849913,0.1370134484968455,16.321823792666365,6.870363873208706,1.867199722705874,-3.474173282823083,1.7979087762338164,BabyLM 1.3B — first layer
-0.0027791501957368236,0.1370134484968455,16.34961242668731,6.870363873208706,1.867199722705874,-3.474173282823083,1.7979087762338164,BabyLM 1.3B — first layer
0.15087259419702548,0.1370134484968455,16.37780959446584,6.870363873208706,1.867199722705874,-3.474173282823083,1.7979087762338164,BabyLM 1.3B — first layer
0.304524338589788,0.1370134484968455,16.40641529600196,6.870363873208706,1.867199722705874,-3.474173282823083,1.7979087762338164,BabyLM 1.3B — first layer
0.4581760829825505,0.1370134484968455,16.435429531295664,6.870363873208706,1.867199722705874,-3.474173282823083,1.7979087762338164,BabyLM 1.3B — first layer
0.611827827375313,0.1370134484968455,16.464852300346955,6.870363873208706,1.867199722705874,-3.474173282823083,1.7979087762338164,BabyLM 1.3B — first layer
0.7654795717680756,0.1370134484968455,16.49468360315583,6.870363873208706,1.867199722705874,-3.474173282823083,1.7979087762338164,BabyLM 1.3B — first layer
0.9191313161608377,0.1370134484968455,16.524923439722297,6.870363873208706,1.867199722705874,-3.474173282823083,1.7979087762338164,BabyLM 1.3B — first layer
1.0727830605536002,0.1370134484968455,16.55557181004635,6.870363873208706,1.867199722705874,-3.474173282823083,1.7979087762338164,BabyLM 1.3B — first layer
1.2264348049463627,0.1370134484968455,16.586628714127986,6.870363873208706,1.867199722705874,-3.474173282823083,1.7979087762338164,BabyLM 1.3B — first layer
1.3800865493391252,0.1370134484968455,16.61809415196721,6.870363873208706,1.867199722705874,-3.474173282823083,1.7979087762338164,BabyLM 1.3B — first layer
1.5337382937318877,0.1370134484968455,16.649968123564022,6.870363873208706,1.867199722705874,-3.474173282823083,1.7979087762338164,BabyLM 1.3B — first layer
1.6873900381246503,0.1370134484968455,16.68225062891842,6.870363873208706,1.867199722705874,-3.474173282823083,1.7979087762338164,BabyLM 1.3B — first layer
1.8410417825174124,0.1370134484968455,16.714941668030406,6.870363873208706,1.867199722705874,-3.474173282823083,1.7979087762338164,BabyLM 1.3B — first layer
1.9946935269101749,0.1370134484968455,16.748041240899976,6.870363873208706,1.867199722705874,-3.474173282823083,1.7979087762338164,BabyLM 1.3B — first layer
2.148345271302937,0.1370134484968455,16.781549347527136,6.870363873208706,1.867199722705874,-3.474173282823083,1.7979087762338164,BabyLM 1.3B — first layer
2.3019970156956995,0.1370134484968455,16.81546598791188,6.870363873208706,1.867199722705874,-3.474173282823083,1.7979087762338164,BabyLM 1.3B — first layer
2.455648760088462,0.1370134484968455,16.849791162054213,6.870363873208706,1.867199722705874,-3.474173282823083,1.7979087762338164,BabyLM 1.3B — first layer
-2.0002518273016485,0.30424022087631464,15.992679653413328,6.870363873208706,1.867199722705874,-3.474173282823083,1.7979087762338164,BabyLM 1.3B — first layer
-1.846600082908886,0.30424022087631464,16.016503882370053,6.870363873208706,1.867199722705874,-3.474173282823083,1.7979087762338164,BabyLM 1.3B — first layer
-1.6929483385161237,0.30424022087631464,16.040736645084365,6.870363873208706,1.867199722705874,-3.474173282823083,1.7979087762338164,BabyLM 1.3B — first layer
-1.5392965941233612,0.30424022087631464,16.065377941556267,6.870363873208706,1.867199722705874,-3.474173282823083,1.7979087762338164,BabyLM 1.3B — first layer
-1.3856448497305989,0.30424022087631464,16.090427771785752,6.870363873208706,1.867199722705874,-3.474173282823083,1.7979087762338164,BabyLM 1.3B — first layer
-1.2319931053378363,0.30424022087631464,16.115886135772826,6.870363873208706,1.867199722705874,-3.474173282823083,1.7979087762338164,BabyLM 1.3B — first layer
-1.0783413609450738,0.30424022087631464,16.141753033517485,6.870363873208706,1.867199722705874,-3.474173282823083,1.7979087762338164,BabyLM 1.3B — first layer
-0.9246896165523115,0.30424022087631464,16.16802846501973,6.870363873208706,1.867199722705874,-3.474173282823083,1.7979087762338164,BabyLM 1.3B — first layer
-0.771037872159549,0.30424022087631464,16.194712430279562,6.870363873208706,1.867199722705874,-3.474173282823083,1.7979087762338164,BabyLM 1.3B — first layer
-0.6173861277667865,0.30424022087631464,16.221804929296983,6.870363873208706,1.867199722705874,-3.474173282823083,1.7979087762338164,BabyLM 1.3B — first layer
-0.4637343833740242,0.30424022087631464,16.24930596207199,6.870363873208706,1.867199722705874,-3.474173282823083,1.7979087762338164,BabyLM 1.3B — first layer
-0.31008263898126165,0.30424022087631464,16.277215528604582,6.870363873208706,1.867199722705874,-3.474173282823083,1.7979087762338164,BabyLM 1.3B — first layer
-0.15643089458849913,0.30424022087631464,16.305533628894764,6.870363873208706,1.867199722705874,-3.474173282823083,1.7979087762338164,BabyLM 1.3B — first layer
-0.0027791501957368236,0.30424022087631464,16.33426026294253,6.870363873208706,1.867199722705874,-3.474173282823083,1.7979087762338164,BabyLM 1.3B — first layer
0.15087259419702548,0.30424022087631464,16.363395430747882,6.870363873208706,1.867199722705874,-3.474173282823083,1.7979087762338164,BabyLM 1.3B — first layer
0.304524338589788,0.30424022087631464,16.392939132310826,6.870363873208706,1.867199722705874,-3.474173282823083,1.7979087762338164,BabyLM 1.3B — first layer
0.4581760829825505,0.30424022087631464,16.42289136763135,6.870363873208706,1.867199722705874,-3.474173282823083,1.7979087762338164,BabyLM 1.3B — first layer
0.611827827375313,0.30424022087631464,16.453252136709466,6.870363873208706,1.867199722705874,-3.474173282823083,1.7979087762338164,BabyLM 1.3B — first layer
0.7654795717680756,0.30424022087631464,16.484021439545167,6.870363873208706,1.867199722705874,-3.474173282823083,1.7979087762338164,BabyLM 1.3B — first layer
0.9191313161608377,0.30424022087631464,16.515199276138453,6.870363873208706,1.867199722705874,-3.474173282823083,1.7979087762338164,BabyLM 1.3B — first layer
1.0727830605536002,0.30424022087631464,16.546785646489326,6.870363873208706,1.867199722705874,-3.474173282823083,1.7979087762338164,BabyLM 1.3B — first layer
1.2264348049463627,0.30424022087631464,16.578780550597788,6.870363873208706,1.867199722705874,-3.474173282823083,1.7979087762338164,BabyLM 1.3B — first layer
1.3800865493391252,0.30424022087631464,16.611183988463836,6.870363873208706,1.867199722705874,-3.474173282823083,1.7979087762338164,BabyLM 1.3B — first layer
1.5337382937318877,0.30424022087631464,16.64399596008747,6.870363873208706,1.867199722705874,-3.474173282823083,1.7979087762338164,BabyLM 1.3B — first layer
1.6873900381246503,0.30424022087631464,16.67721646546869,6.870363873208706,1.867199722705874,-3.474173282823083,1.7979087762338164,BabyLM 1.3B — first layer
1.8410417825174124,0.30424022087631464,16.710845504607498,6.870363873208706,1.867199722705874,-3.474173282823083,1.7979087762338164,BabyLM 1.3B — first layer
1.9946935269101749,0.30424022087631464,16.744883077503893,6.870363873208706,1.867199722705874,-3.474173282823083,1.7979087762338164,BabyLM 1.3B — first layer
2.148345271302937,0.30424022087631464,16.779329184157874,6.870363873208706,1.867199722705874,-3.474173282823083,1.7979087762338164,BabyLM 1.3B — first layer
2.3019970156956995,0.30424022087631464,16.81418382456944,6.870363873208706,1.867199722705874,-3.474173282823083,1.7979087762338164,BabyLM 1.3B — first layer
2.455648760088462,0.30424022087631464,16.849446998738596,6.870363873208706,1.867199722705874,-3.474173282823083,1.7979087762338164,BabyLM 1.3B — first layer
-2.0002518273016485,0.47146699325578423,15.965893669631566,6.870363873208706,1.867199722705874,-3.474173282823083,1.7979087762338164,BabyLM 1.3B — first layer
-1.846600082908886,0.47146699325578423,15.990655898615115,6.870363873208706,1.867199722705874,-3.474173282823083,1.7979087762338164,BabyLM 1.3B — first layer
-1.6929483385161237,0.47146699325578423,16.01582666135625,6.870363873208706,1.867199722705874,-3.474173282823083,1.7979087762338164,BabyLM 1.3B — first layer
-1.5392965941233612,0.47146699325578423,16.041405957854973,6.870363873208706,1.867199722705874,-3.474173282823083,1.7979087762338164,BabyLM 1.3B — first layer
-1.3856448497305989,0.47146699325578423,16.06739378811128,6.870363873208706,1.867199722705874,-3.474173282823083,1.7979087762338164,BabyLM 1.3B — first layer
-1.2319931053378363,0.47146699325578423,16.093790152125177,6.870363873208706,1.867199722705874,-3.474173282823083,1.7979087762338164,BabyLM 1.3B — first layer
-1.0783413609450738,0.47146699325578423,16.120595049896657,6.870363873208706,1.867199722705874,-3.474173282823083,1.7979087762338164,BabyLM 1.3B — first layer
-0.9246896165523115,0.47146699325578423,16.147808481425727,6.870363873208706,1.867199722705874,-3.474173282823083,1.7979087762338164,BabyLM 1.3B — first layer
-0.771037872159549,0.47146699325578423,16.175430446712383,6.870363873208706,1.867199722705874,-3.474173282823083,1.7979087762338164,BabyLM 1.3B — first layer
-0.6173861277667865,0.47146699325578423,16.203460945756625,6.870363873208706,1.867199722705874,-3.474173282823083,1.7979087762338164,BabyLM 1.3B — first layer
-0.4637343833740242,0.47146699325578423,16.231899978558452,6.870363873208706,1.867199722705874,-3.474173282823083,1.7979087762338164,BabyLM 1.3B — first layer
-0.31008263898126165,0.47146699325578423,16.26074754511787,6.870363873208706,1.867199722705874,-3.474173282823083,1.7979087762338164,BabyLM 1.3B — first layer
-0.15643089458849913,0.47146699325578423,16.290003645434872,6.870363873208706,1.867199722705874,-3.474173282823083,1.7979087762338164,BabyLM 1.3B — first layer
-0.0027791501957368236,0.47146699325578423,16.31966827950946,6.870363873208706,1.867199722705874,-3.474173282823083,1.7979087762338164,BabyLM 1.3B — first layer
0.15087259419702548,0.47146699325578423,16.34974144734164,6.870363873208706,1.867199722705874,-3.474173282823083,1.7979087762338164,BabyLM 1.3B — first layer
0.304524338589788,0.47146699325578423,16.3802231489314,6.870363873208706,1.867199722705874,-3.474173282823083,1.7979087762338164,BabyLM 1.3B — first layer
0.4581760829825505,0.47146699325578423,16.41111338427875,6.870363873208706,1.867199722705874,-3.474173282823083,1.7979087762338164,BabyLM 1.3B — first layer
0.611827827375313,0.47146699325578423,16.442412153383685,6.870363873208706,1.867199722705874,-3.474173282823083,1.7979087762338164,BabyLM 1.3B — first layer
0.7654795717680756,0.47146699325578423,16.47411945624621,6.870363873208706,1.867199722705874,-3.474173282823083,1.7979087762338164,BabyLM 1.3B — first layer
0.9191313161608377,0.47146699325578423,16.506235292866318,6.870363873208706,1.867199722705874,-3.474173282823083,1.7979087762338164,BabyLM 1.3B — first layer
1.0727830605536002,0.47146699325578423,16.538759663244015,6.870363873208706,1.867199722705874,-3.474173282823083,1.7979087762338164,BabyLM 1.3B — first layer
1.2264348049463627,0.47146699325578423,16.571692567379298,6.870363873208706,1.867199722705874,-3.474173282823083,1.7979087762338164,BabyLM 1.3B — first layer
1.3800865493391252,0.47146699325578423,16.60503400527217,6.870363873208706,1.867199722705874,-3.474173282823083,1.7979087762338164,BabyLM 1.3B — first layer
1.5337382937318877,0.47146699325578423,16.638783976922625,6.870363873208706,1.867199722705874,-3.474173282823083,1.7979087762338164,BabyLM 1.3B — first layer
1.6873900381246503,0.47146699325578423,16.67294248233067,6.870363873208706,1.867199722705874,-3.474173282823083,1.7979087762338164,BabyLM 1.3B — first layer
1.8410417825174124,0.47146699325578423,16.7075095214963,6.870363873208706,1.867199722705874,-3.474173282823083,1.7979087762338164,BabyLM 1.3B — first layer
1.9946935269101749,0.47146699325578423,16.742485094419518,6.870363873208706,1.867199722705874,-3.474173282823083,1.7979087762338164,BabyLM 1.3B — first layer
2.148345271302937,0.47146699325578423,16.77786920110032,6.870363873208706,1.867199722705874,-3.474173282823083,1.7979087762338164,BabyLM 1.3B — first layer
2.3019970156956995,0.47146699325578423,16.81366184153871,6.870363873208706,1.867199722705874,-3.474173282823083,1.7979087762338164,BabyLM 1.3B — first layer
2.455648760088462,0.47146699325578423,16.849863015734687,6.870363873208706,1.867199722705874,-3.474173282823083,1.7979087762338164,BabyLM 1.3B — first layer
-2.0002518273016485,0.6386937656352534,15.939867866161515,6.870363873208706,1.867199722705874,-3.474173282823083,1.7979087762338164,BabyLM 1.3B — first layer
-1.846600082908886,0.6386937656352534,15.965568095171886,6.870363873208706,1.867199722705874,-3.474173282823083,1.7979087762338164,BabyLM 1.3B — first layer
-1.6929483385161237,0.6386937656352534,15.991676857939844,6.870363873208706,1.867199722705874,-3.474173282823083,1.7979087762338164,BabyLM 1.3B — first layer
-1.5392965941233612,0.6386937656352534,16.018194154465387,6.870363873208706,1.867199722705874,-3.474173282823083,1.7979087762338164,BabyLM 1.3B — first layer
-1.3856448497305989,0.6386937656352534,16.04511998474852,6.870363873208706,1.867199722705874,-3.474173282823083,1.7979087762338164,BabyLM 1.3B — first layer
-1.2319931053378363,0.6386937656352534,16.07245434878924,6.870363873208706,1.867199722705874,-3.474173282823083,1.7979087762338164,BabyLM 1.3B — first layer
-1.0783413609450738,0.6386937656352534,16.10019724658754,6.870363873208706,1.867199722705874,-3.474173282823083,1.7979087762338164,BabyLM 1.3B — first layer
-0.9246896165523115,0.6386937656352534,16.128348678143436,6.870363873208706,1.867199722705874,-3.474173282823083,1.7979087762338164,BabyLM 1.3B — first layer
-0.771037872159549,0.6386937656352534,16.156908643456912,6.870363873208706,1.867199722705874,-3.474173282823083,1.7979087762338164,BabyLM 1.3B — first layer
-0.6173861277667865,0.6386937656352534,16.18587714252798,6.870363873208706,1.867199722705874,-3.474173282823083,1.7979087762338164,BabyLM 1.3B — first layer
-0.4637343833740242,0.6386937656352534,16.21525417535663,6.870363873208706,1.867199722705874,-3.474173282823083,1.7979087762338164,BabyLM 1.3B — first layer
-0.31008263898126165,0.6386937656352534,16.24503974194287,6.870363873208706,1.867199722705874,-3.474173282823083,1.7979087762338164,BabyLM 1.3B — first layer
-0.15643089458849913,0.6386937656352534,16.275233842286692,6.870363873208706,1.867199722705874,-3.474173282823083,1.7979087762338164,BabyLM 1.3B — first layer
-0.0027791501957368236,0.6386937656352534,16.305836476388105,6.870363873208706,1.867199722705874,-3.474173282823083,1.7979087762338164,BabyLM 1.3B — first layer
0.15087259419702548,0.6386937656352534,16.336847644247104,6.870363873208706,1.867199722705874,-3.474173282823083,1.7979087762338164,BabyLM 1.3B — first layer
0.304524338589788,0.6386937656352534,16.36826734586369,6.870363873208706,1.867199722705874,-3.474173282823083,1.7979087762338164,BabyLM 1.3B — first layer
0.4581760829825505,0.6386937656352534,16.40009558123786,6.870363873208706,1.867199722705874,-3.474173282823083,1.7979087762338164,BabyLM 1.3B — first layer
0.611827827375313,0.6386937656352534,16.43233235036962,6.870363873208706,1.867199722705874,-3.474173282823083,1.7979087762338164,BabyLM 1.3B — first layer
0.7654795717680756,0.6386937656352534,16.464977653258966,6.870363873208706,1.867199722705874,-3.474173282823083,1.7979087762338164,BabyLM 1.3B — first layer
0.9191313161608377,0.6386937656352534,16.498031489905898,6.870363873208706,1.867199722705874,-3.474173282823083,1.7979087762338164,BabyLM 1.3B — first layer
1.0727830605536002,0.6386937656352534,16.531493860310416,6.870363873208706,1.867199722705874,-3.474173282823083,1.7979087762338164,BabyLM 1.3B — first layer
1.2264348049463627,0.6386937656352534,16.565364764472523,6.870363873208706,1.867199722705874,-3.474173282823083,1.7979087762338164,BabyLM 1.3B — first layer
1.3800865493391252,0.6386937656352534,16.599644202392216,6.870363873208706,1.867199722705874,-3.474173282823083,1.7979087762338164,BabyLM 1.3B — first layer
1.5337382937318877,0.6386937656352534,16.634332174069495,6.870363873208706,1.867199722705874,-3.474173282823083,1.7979087762338164,BabyLM 1.3B — first layer
1.6873900381246503,0.6386937656352534,16.66942867950436,6.870363873208706,1.867199722705874,-3.474173282823083,1.7979087762338164,BabyLM 1.3B — first layer
1.8410417825174124,0.6386937656352534,16.704933718696815,6.870363873208706,1.867199722705874,-3.474173282823083,1.7979087762338164,BabyLM 1.3B — first layer
1.9946935269101749,0.6386937656352534,16.740847291646855,6.870363873208706,1.867199722705874,-3.474173282823083,1.7979087762338164,BabyLM 1.3B — first layer
2.148345271302937,0.6386937656352534,16.77716939835448,6.870363873208706,1.867199722705874,-3.474173282823083,1.7979087762338164,BabyLM 1.3B — first layer
2.3019970156956995,0.6386937656352534,16.813900038819693,6.870363873208706,1.867199722705874,-3.474173282823083,1.7979087762338164,BabyLM 1.3B — first layer
2.455648760088462,0.6386937656352534,16.851039213042494,6.870363873208706,1.867199722705874,-3.474173282823083,1.7979087762338164,BabyLM 1.3B — first layer
-2.0002518273016485,0.805920538014723,15.914602243003175,6.870363873208706,1.867199722705874,-3.474173282823083,1.7979087762338164,BabyLM 1.3B — first layer
-1.846600082908886,0.805920538014723,15.94124047204037,6.870363873208706,1.867199722705874,-3.474173282823083,1.7979087762338164,BabyLM 1.3B — first layer
-1.6929483385161237,0.805920538014723,15.96828723483515,6.870363873208706,1.867199722705874,-3.474173282823083,1.7979087762338164,BabyLM 1.3B — first layer
-1.5392965941233612,0.805920538014723,15.995742531387517,6.870363873208706,1.867199722705874,-3.474173282823083,1.7979087762338164,BabyLM 1.3B — first layer
-1.3856448497305989,0.805920538014723,16.02360636169747,6.870363873208706,1.867199722705874,-3.474173282823083,1.7979087762338164,BabyLM 1.3B — first layer
-1.2319931053378363,0.805920538014723,16.05187872576501,6.870363873208706,1.867199722705874,-3.474173282823083,1.7979087762338164,BabyLM 1.3B — first layer
-1.0783413609450738,0.805920538014723,16.08055962359014,6.870363873208706,1.867199722705874,-3.474173282823083,1.7979087762338164,BabyLM 1.3B — first layer
-0.9246896165523115,0.805920538014723,16.109649055172852,6.870363873208706,1.867199722705874,-3.474173282823083,1.7979087762338164,BabyLM 1.3B — first layer
-0.771037872159549,0.805920538014723,16.139147020513153,6.870363873208706,1.867199722705874,-3.474173282823083,1.7979087762338164,BabyLM 1.3B — first layer
-0.6173861277667865,0.805920538014723,16.16905351961104,6.870363873208706,1.867199722705874,-3.474173282823083,1.7979087762338164,BabyLM 1.3B — first layer
-0.4637343833740242,0.805920538014723,16.199368552466517,6.870363873208706,1.867199722705874,-3.474173282823083,1.7979087762338164,BabyLM 1.3B — first layer
-0.31008263898126165,0.805920538014723,16.23009211907958,6.870363873208706,1.867199722705874,-3.474173282823083,1.7979087762338164,BabyLM 1.3B — first layer
-0.15643089458849913,0.805920538014723,16.261224219450224,6.870363873208706,1.867199722705874,-3.474173282823083,1.7979087762338164,BabyLM 1.3B — first layer
-0.0027791501957368236,0.805920538014723,16.29276485357846,6.870363873208706,1.867199722705874,-3.474173282823083,1.7979087762338164,BabyLM 1.3B — first layer
0.15087259419702548,0.805920538014723,16.32471402146428,6.870363873208706,1.867199722705874,-3.474173282823083,1.7979087762338164,BabyLM 1.3B — first layer
0.304524338589788,0.805920538014723,16.35707172310769,6.870363873208706,1.867199722705874,-3.474173282823083,1.7979087762338164,BabyLM 1.3B — first layer
0.4581760829825505,0.805920538014723,16.389837958508682,6.870363873208706,1.867199722705874,-3.474173282823083,1.7979087762338164,BabyLM 1.3B — first layer
0.611827827375313,0.805920538014723,16.423012727667267,6.870363873208706,1.867199722705874,-3.474173282823083,1.7979087762338164,BabyLM 1.3B — first layer
0.7654795717680756,0.805920538014723,16.456596030583434,6.870363873208706,1.867199722705874,-3.474173282823083,1.7979087762338164,BabyLM 1.3B — first layer
0.9191313161608377,0.805920538014723,16.49058786725719,6.870363873208706,1.867199722705874,-3.474173282823083,1.7979087762338164,BabyLM 1.3B — first layer
1.0727830605536002,0.805920538014723,16.52498823768853,6.870363873208706,1.867199722705874,-3.474173282823083,1.7979087762338164,BabyLM 1.3B — first layer
1.2264348049463627,0.805920538014723,16.55979714187746,6.870363873208706,1.867199722705874,-3.474173282823083,1.7979087762338164,BabyLM 1.3B — first layer
1.3800865493391252,0.805920538014723,16.595014579823975,6.870363873208706,1.867199722705874,-3.474173282823083,1.7979087762338164,BabyLM 1.3B — first layer
1.5337382937318877,0.805920538014723,16.630640551528074,6.870363873208706,1.867199722705874,-3.474173282823083,1.7979087762338164,BabyLM 1.3B — first layer
1.6873900381246503,0.805920538014723,16.666675056989764,6.870363873208706,1.867199722705874,-3.474173282823083,1.7979087762338164,BabyLM 1.3B — first layer
1.8410417825174124,0.805920538014723,16.70311809620904,6.870363873208706,1.867199722705874,-3.474173282823083,1.7979087762338164,BabyLM 1.3B — first layer
1.9946935269101749,0.805920538014723,16.739969669185903,6.870363873208706,1.867199722705874,-3.474173282823083,1.7979087762338164,BabyLM 1.3B — first layer
2.148345271302937,0.805920538014723,16.77722977592035,6.870363873208706,1.867199722705874,-3.474173282823083,1.7979087762338164,BabyLM 1.3B — first layer
2.3019970156956995,0.805920538014723,16.814898416412387,6.870363873208706,1.867199722705874,-3.474173282823083,1.7979087762338164,BabyLM 1.3B — first layer
2.455648760088462,0.805920538014723,16.85297559066201,6.870363873208706,1.867199722705874,-3.474173282823083,1.7979087762338164,BabyLM 1.3B — first layer
-2.0002518273016485,0.9731473103941921,15.890096800156549,6.870363873208706,1.867199722705874,-3.474173282823083,1.7979087762338164,BabyLM 1.3B — first layer
-1.846600082908886,0.9731473103941921,15.917673029220564,6.870363873208706,1.867199722705874,-3.474173282823083,1.7979087762338164,BabyLM 1.3B — first layer
-1.6929483385161237,0.9731473103941921,15.945657792042168,6.870363873208706,1.867199722705874,-3.474173282823083,1.7979087762338164,BabyLM 1.3B — first layer
-1.5392965941233612,0.9731473103941921,15.974051088621358,6.870363873208706,1.867199722705874,-3.474173282823083,1.7979087762338164,BabyLM 1.3B — first layer
-1.3856448497305989,0.9731473103941921,16.002852918958133,6.870363873208706,1.867199722705874,-3.474173282823083,1.7979087762338164,BabyLM 1.3B — first layer
-1.2319931053378363,0.9731473103941921,16.032063283052498,6.870363873208706,1.867199722705874,-3.474173282823083,1.7979087762338164,BabyLM 1.3B — first layer
-1.0783413609450738,0.9731473103941921,16.061682180904448,6.870363873208706,1.867199722705874,-3.474173282823083,1.7979087762338164,BabyLM 1.3B — first layer
-0.9246896165523115,0.9731473103941921,16.091709612513984,6.870363873208706,1.867199722705874,-3.474173282823083,1.7979087762338164,BabyLM 1.3B — first layer
-0.771037872159549,0.9731473103941921,16.122145577881106,6.870363873208706,1.867199722705874,-3.474173282823083,1.7979087762338164,BabyLM 1.3B — first layer
-0.6173861277667865,0.9731473103941921,16.152990077005818,6.870363873208706,1.867199722705874,-3.474173282823083,1.7979087762338164,BabyLM 1.3B — first layer
-0.4637343833740242,0.9731473103941921,16.184243109888115,6.870363873208706,1.867199722705874,-3.474173282823083,1.7979087762338164,BabyLM 1.3B — first layer
-0.31008263898126165,0.9731473103941921,16.215904676527998,6.870363873208706,1.867199722705874,-3.474173282823083,1.7979087762338164,BabyLM 1.3B — first layer
-0.15643089458849913,0.9731473103941921,16.247974776925467,6.870363873208706,1.867199722705874,-3.474173282823083,1.7979087762338164,BabyLM 1.3B — first layer
-0.0027791501957368236,0.9731473103941921,16.280453411080526,6.870363873208706,1.867199722705874,-3.474173282823083,1.7979087762338164,BabyLM 1.3B — first layer
0.15087259419702548,0.9731473103941921,16.31334057899317,6.870363873208706,1.867199722705874,-3.474173282823083,1.7979087762338164,BabyLM 1.3B — first layer
0.304524338589788,0.9731473103941921,16.3466362806634,6.870363873208706,1.867199722705874,-3.474173282823083,1.7979087762338164,BabyLM 1.3B — first layer
0.4581760829825505,0.9731473103941921,16.380340516091216,6.870363873208706,1.867199722705874,-3.474173282823083,1.7979087762338164,BabyLM 1.3B — first layer
0.611827827375313,0.9731473103941921,16.414453285276622,6.870363873208706,1.867199722705874,-3.474173282823083,1.7979087762338164,BabyLM 1.3B — first layer
0.7654795717680756,0.9731473103941921,16.448974588219613,6.870363873208706,1.867199722705874,-3.474173282823083,1.7979087762338164,BabyLM 1.3B — first layer
0.9191313161608377,0.9731473103941921,16.48390442492019,6.870363873208706,1.867199722705874,-3.474173282823083,1.7979087762338164,BabyLM 1.3B — first layer
1.0727830605536002,0.9731473103941921,16.519242795378354,6.870363873208706,1.867199722705874,-3.474173282823083,1.7979087762338164,BabyLM 1.3B — first layer
1.2264348049463627,0.9731473103941921,16.554989699594106,6.870363873208706,1.867199722705874,-3.474173282823083,1.7979087762338164,BabyLM 1.3B — first layer
1.3800865493391252,0.9731473103941921,16.591145137567445,6.870363873208706,1.867199722705874,-3.474173282823083,1.7979087762338164,BabyLM 1.3B — first layer
1.5337382937318877,0.9731473103941921,16.62770910929837,6.870363873208706,1.867199722705874,-3.474173282823083,1.7979087762338164,BabyLM 1.3B — first layer
1.6873900381246503,0.9731473103941921,16.66468161478688,6.870363873208706,1.867199722705874,-3.474173282823083,1.7979087762338164,BabyLM 1.3B — first layer
1.8410417825174124,0.9731473103941921,16.70206265403298,6.870363873208706,1.867199722705874,-3.474173282823083,1.7979087762338164,BabyLM 1.3B — first layer
1.9946935269101749,0.9731473103941921,16.73985222703666,6.870363873208706,1.867199722705874,-3.474173282823083,1.7979087762338164,BabyLM 1.3B — first layer
2.148345271302937,0.9731473103941921,16.778050333797932,6.870363873208706,1.867199722705874,-3.474173282823083,1.7979087762338164,BabyLM 1.3B — first layer
2.3019970156956995,0.9731473103941921,16.816656974316793,6.870363873208706,1.867199722705874,-3.474173282823083,1.7979087762338164,BabyLM 1.3B — first layer
2.455648760088462,0.9731473103941921,16.855672148593236,6.870363873208706,1.867199722705874,-3.474173282823083,1.7979087762338164,BabyLM 1.3B — first layer
-2.0002518273016485,1.1403740827736613,15.866351537621632,6.870363873208706,1.867199722705874,-3.474173282823083,1.7979087762338164,BabyLM 1.3B — first layer
-1.846600082908886,1.1403740827736613,15.89486576671247,6.870363873208706,1.867199722705874,-3.474173282823083,1.7979087762338164,BabyLM 1.3B — first layer
-1.6929483385161237,1.1403740827736613,15.923788529560897,6.870363873208706,1.867199722705874,-3.474173282823083,1.7979087762338164,BabyLM 1.3B — first layer
-1.5392965941233612,1.1403740827736613,15.95311982616691,6.870363873208706,1.867199722705874,-3.474173282823083,1.7979087762338164,BabyLM 1.3B — first layer
-1.3856448497305989,1.1403740827736613,15.982859656530508,6.870363873208706,1.867199722705874,-3.474173282823083,1.7979087762338164,BabyLM 1.3B — first layer
-1.2319931053378363,1.1403740827736613,16.013008020651693,6.870363873208706,1.867199722705874,-3.474173282823083,1.7979087762338164,BabyLM 1.3B — first layer
-1.0783413609450738,1.1403740827736613,16.043564918530468,6.870363873208706,1.867199722705874,-3.474173282823083,1.7979087762338164,BabyLM 1.3B — first layer
-0.9246896165523115,1.1403740827736613,16.074530350166825,6.870363873208706,1.867199722705874,-3.474173282823083,1.7979087762338164,BabyLM 1.3B — first layer
-0.771037872159549,1.1403740827736613,16.10590431556077,6.870363873208706,1.867199722705874,-3.474173282823083,1.7979087762338164,BabyLM 1.3B — first layer
-0.6173861277667865,1.1403740827736613,16.137686814712307,6.870363873208706,1.867199722705874,-3.474173282823083,1.7979087762338164,BabyLM 1.3B — first layer
-0.4637343833740242,1.1403740827736613,16.169877847621425,6.870363873208706,1.867199722705874,-3.474173282823083,1.7979087762338164,BabyLM 1.3B — first layer
-0.31008263898126165,1.1403740827736613,16.202477414288133,6.870363873208706,1.867199722705874,-3.474173282823083,1.7979087762338164,BabyLM 1.3B — first layer
-0.15643089458849913,1.1403740827736613,16.235485514712423,6.870363873208706,1.867199722705874,-3.474173282823083,1.7979087762338164,BabyLM 1.3B — first layer
-0.0027791501957368236,1.1403740827736613,16.268902148894302,6.870363873208706,1.867199722705874,-3.474173282823083,1.7979087762338164,BabyLM 1.3B — first layer
0.15087259419702548,1.1403740827736613,16.30272731683377,6.870363873208706,1.867199722705874,-3.474173282823083,1.7979087762338164,BabyLM 1.3B — first layer
0.304524338589788,1.1403740827736613,16.336961018530822,6.870363873208706,1.867199722705874,-3.474173282823083,1.7979087762338164,BabyLM 1.3B — first layer
0.4581760829825505,1.1403740827736613,16.371603253985462,6.870363873208706,1.867199722705874,-3.474173282823083,1.7979087762338164,BabyLM 1.3B — first layer
0.611827827375313,1.1403740827736613,16.40665402319769,6.870363873208706,1.867199722705874,-3.474173282823083,1.7979087762338164,BabyLM 1.3B — first layer
0.7654795717680756,1.1403740827736613,16.442113326167505,6.870363873208706,1.867199722705874,-3.474173282823083,1.7979087762338164,BabyLM 1.3B — first layer
0.9191313161608377,1.1403740827736613,16.477981162894903,6.870363873208706,1.867199722705874,-3.474173282823083,1.7979087762338164,BabyLM 1.3B — first layer
1.0727830605536002,1.1403740827736613,16.51425753337989,6.870363873208706,1.867199722705874,-3.474173282823083,1.7979087762338164,BabyLM 1.3B — first layer
1.2264348049463627,1.1403740827736613,16.550942437622464,6.870363873208706,1.867199722705874,-3.474173282823083,1.7979087762338164,BabyLM 1.3B — first layer
1.3800865493391252,1.1403740827736613,16.588035875622626,6.870363873208706,1.867199722705874,-3.474173282823083,1.7979087762338164,BabyLM 1.3B — first layer
1.5337382937318877,1.1403740827736613,16.62553784738037,6.870363873208706,1.867199722705874,-3.474173282823083,1.7979087762338164,BabyLM 1.3B — first layer
1.6873900381246503,1.1403740827736613,16.663448352895706,6.870363873208706,1.867199722705874,-3.474173282823083,1.7979087762338164,BabyLM 1.3B — first layer
1.8410417825174124,1.1403740827736613,16.701767392168627,6.870363873208706,1.867199722705874,-3.474173282823083,1.7979087762338164,BabyLM 1.3B — first layer
1.9946935269101749,1.1403740827736613,16.740494965199133,6.870363873208706,1.867199722705874,-3.474173282823083,1.7979087762338164,BabyLM 1.3B — first layer
2.148345271302937,1.1403740827736613,16.77963107198723,6.870363873208706,1.867199722705874,-3.474173282823083,1.7979087762338164,BabyLM 1.3B — first layer
2.3019970156956995,1.1403740827736613,16.81917571253291,6.870363873208706,1.867199722705874,-3.474173282823083,1.7979087762338164,BabyLM 1.3B — first layer
2.455648760088462,1.1403740827736613,16.859128886836178,6.870363873208706,1.867199722705874,-3.474173282823083,1.7979087762338164,BabyLM 1.3B — first layer
-2.0002518273016485,1.3076008551531308,15.843366455398428,6.870363873208706,1.867199722705874,-3.474173282823083,1.7979087762338164,BabyLM 1.3B — first layer
-1.846600082908886,1.3076008551531308,15.872818684516089,6.870363873208706,1.867199722705874,-3.474173282823083,1.7979087762338164,BabyLM 1.3B — first layer
-1.6929483385161237,1.3076008551531308,15.902679447391337,6.870363873208706,1.867199722705874,-3.474173282823083,1.7979087762338164,BabyLM 1.3B — first layer
-1.5392965941233612,1.3076008551531308,15.932948744024173,6.870363873208706,1.867199722705874,-3.474173282823083,1.7979087762338164,BabyLM 1.3B — first layer
-1.3856448497305989,1.3076008551531308,15.963626574414594,6.870363873208706,1.867199722705874,-3.474173282823083,1.7979087762338164,BabyLM 1.3B — first layer
-1.2319931053378363,1.3076008551531308,15.994712938562603,6.870363873208706,1.867199722705874,-3.474173282823083,1.7979087762338164,BabyLM 1.3B — first layer
-1.0783413609450738,1.3076008551531308,16.0262078364682,6.870363873208706,1.867199722705874,-3.474173282823083,1.7979087762338164,BabyLM 1.3B — first layer
-0.9246896165523115,1.3076008551531308,16.05811126813138,6.870363873208706,1.867199722705874,-3.474173282823083,1.7979087762338164,BabyLM 1.3B — first layer
-0.771037872159549,1.3076008551531308,16.090423233552148,6.870363873208706,1.867199722705874,-3.474173282823083,1.7979087762338164,BabyLM 1.3B — first layer
-0.6173861277667865,1.3076008551531308,16.123143732730504,6.870363873208706,1.867199722705874,-3.474173282823083,1.7979087762338164,BabyLM 1.3B — first layer
-0.4637343833740242,1.3076008551531308,16.156272765666447,6.870363873208706,1.867199722705874,-3.474173282823083,1.7979087762338164,BabyLM 1.3B — first layer
-0.31008263898126165,1.3076008551531308,16.189810332359976,6.870363873208706,1.867199722705874,-3.474173282823083,1.7979087762338164,BabyLM 1.3B — first layer
-0.15643089458849913,1.3076008551531308,16.22375643281109,6.870363873208706,1.867199722705874,-3.474173282823083,1.7979087762338164,BabyLM 1.3B — first layer
-0.0027791501957368236,1.3076008551531308,16.258111067019794,6.870363873208706,1.867199722705874,-3.474173282823083,1.7979087762338164,BabyLM 1.3B — first layer
0.15087259419702548,1.3076008551531308,16.292874234986083,6.870363873208706,1.867199722705874,-3.474173282823083,1.7979087762338164,BabyLM 1.3B — first layer
0.304524338589788,1.3076008551531308,16.32804593670996,6.870363873208706,1.867199722705874,-3.474173282823083,1.7979087762338164,BabyLM 1.3B — first layer
0.4581760829825505,1.3076008551531308,16.36362617219142,6.870363873208706,1.867199722705874,-3.474173282823083,1.7979087762338164,BabyLM 1.3B — first layer
0.611827827375313,1.3076008551531308,16.39961494143047,6.870363873208706,1.867199722705874,-3.474173282823083,1.7979087762338164,BabyLM 1.3B — first layer
0.7654795717680756,1.3076008551531308,16.436012244427104,6.870363873208706,1.867199722705874,-3.474173282823083,1.7979087762338164,BabyLM 1.3B — first layer
0.9191313161608377,1.3076008551531308,16.47281808118133,6.870363873208706,1.867199722705874,-3.474173282823083,1.7979087762338164,BabyLM 1.3B — first layer
1.0727830605536002,1.3076008551531308,16.51003245169314,6.870363873208706,1.867199722705874,-3.474173282823083,1.7979087762338164,BabyLM 1.3B — first layer
1.2264348049463627,1.3076008551531308,16.547655355962533,6.870363873208706,1.867199722705874,-3.474173282823083,1.7979087762338164,BabyLM 1.3B — first layer
1.3800865493391252,1.3076008551531308,16.585686793989517,6.870363873208706,1.867199722705874,-3.474173282823083,1.7979087762338164,BabyLM 1.3B — first layer
1.5337382937318877,1.3076008551531308,16.624126765774086,6.870363873208706,1.867199722705874,-3.474173282823083,1.7979087762338164,BabyLM 1.3B — first layer
1.6873900381246503,1.3076008551531308,16.662975271316245,6.870363873208706,1.867199722705874,-3.474173282823083,1.7979087762338164,BabyLM 1.3B — first layer
1.8410417825174124,1.3076008551531308,16.702232310615987,6.870363873208706,1.867199722705874,-3.474173282823083,1.7979087762338164,BabyLM 1.3B — first layer
1.9946935269101749,1.3076008551531308,16.741897883673317,6.870363873208706,1.867199722705874,-3.474173282823083,1.7979087762338164,BabyLM 1.3B — first layer
2.148345271302937,1.3076008551531308,16.781971990488234,6.870363873208706,1.867199722705874,-3.474173282823083,1.7979087762338164,BabyLM 1.3B — first layer
2.3019970156956995,1.3076008551531308,16.822454631060737,6.870363873208706,1.867199722705874,-3.474173282823083,1.7979087762338164,BabyLM 1.3B — first layer
2.455648760088462,1.3076008551531308,16.86334580539083,6.870363873208706,1.867199722705874,-3.474173282823083,1.7979087762338164,BabyLM 1.3B — first layer
-2.0002518273016485,1.4748276275325995,15.821141553486935,6.870363873208706,1.867199722705874,-3.474173282823083,1.7979087762338164,BabyLM 1.3B — first layer
-1.846600082908886,1.4748276275325995,15.851531782631419,6.870363873208706,1.867199722705874,-3.474173282823083,1.7979087762338164,BabyLM 1.3B — first layer
-1.6929483385161237,1.4748276275325995,15.88233054553349,6.870363873208706,1.867199722705874,-3.474173282823083,1.7979087762338164,BabyLM 1.3B — first layer
-1.5392965941233612,1.4748276275325995,15.913537842193147,6.870363873208706,1.867199722705874,-3.474173282823083,1.7979087762338164,BabyLM 1.3B — first layer
-1.3856448497305989,1.4748276275325995,15.945153672610392,6.870363873208706,1.867199722705874,-3.474173282823083,1.7979087762338164,BabyLM 1.3B — first layer
-1.2319931053378363,1.4748276275325995,15.977178036785222,6.870363873208706,1.867199722705874,-3.474173282823083,1.7979087762338164,BabyLM 1.3B — first layer
-1.0783413609450738,1.4748276275325995,16.009610934717642,6.870363873208706,1.867199722705874,-3.474173282823083,1.7979087762338164,BabyLM 1.3B — first layer
-0.9246896165523115,1.4748276275325995,16.042452366407645,6.870363873208706,1.867199722705874,-3.474173282823083,1.7979087762338164,BabyLM 1.3B — first layer
-0.771037872159549,1.4748276275325995,16.075702331855236,6.870363873208706,1.867199722705874,-3.474173282823083,1.7979087762338164,BabyLM 1.3B — first layer
-0.6173861277667865,1.4748276275325995,16.109360831060414,6.870363873208706,1.867199722705874,-3.474173282823083,1.7979087762338164,BabyLM 1.3B — first layer
-0.4637343833740242,1.4748276275325995,16.14342786402318,6.870363873208706,1.867199722705874,-3.474173282823083,1.7979087762338164,BabyLM 1.3B — first layer
-0.31008263898126165,1.4748276275325995,16.17790343074353,6.870363873208706,1.867199722705874,-3.474173282823083,1.7979087762338164,BabyLM 1.3B — first layer
-0.15643089458849913,1.4748276275325995,16.21278753122147,6.870363873208706,1.867199722705874,-3.474173282823083,1.7979087762338164,BabyLM 1.3B — first layer
-0.0027791501957368236,1.4748276275325995,16.248080165456994,6.870363873208706,1.867199722705874,-3.474173282823083,1.7979087762338164,BabyLM 1.3B — first layer
0.15087259419702548,1.4748276275325995,16.283781333450104,6.870363873208706,1.867199722705874,-3.474173282823083,1.7979087762338164,BabyLM 1.3B — first layer
0.304524338589788,1.4748276275325995,16.319891035200804,6.870363873208706,1.867199722705874,-3.474173282823083,1.7979087762338164,BabyLM 1.3B — first layer
0.4581760829825505,1.4748276275325995,16.35640927070909,6.870363873208706,1.867199722705874,-3.474173282823083,1.7979087762338164,BabyLM 1.3B — first layer
0.611827827375313,1.4748276275325995,16.39333603997496,6.870363873208706,1.867199722705874,-3.474173282823083,1.7979087762338164,BabyLM 1.3B — first layer
0.7654795717680756,1.4748276275325995,16.43067134299842,6.870363873208706,1.867199722705874,-3.474173282823083,1.7979087762338164,BabyLM 1.3B — first layer
0.9191313161608377,1.4748276275325995,16.468415179779466,6.870363873208706,1.867199722705874,-3.474173282823083,1.7979087762338164,BabyLM 1.3B — first layer
1.0727830605536002,1.4748276275325995,16.506567550318096,6.870363873208706,1.867199722705874,-3.474173282823083,1.7979087762338164,BabyLM 1.3B — first layer
1.2264348049463627,1.4748276275325995,16.545128454614318,6.870363873208706,1.867199722705874,-3.474173282823083,1.7979087762338164,BabyLM 1.3B — first layer
1.3800865493391252,1.4748276275325995,16.584097892668122,6.870363873208706,1.867199722705874,-3.474173282823083,1.7979087762338164,BabyLM 1.3B — first layer
1.5337382937318877,1.4748276275325995,16.623475864479513,6.870363873208706,1.867199722705874,-3.474173282823083,1.7979087762338164,BabyLM 1.3B — first layer
1.6873900381246503,1.4748276275325995,16.663262370048493,6.870363873208706,1.867199722705874,-3.474173282823083,1.7979087762338164,BabyLM 1.3B — first layer
1.8410417825174124,1.4748276275325995,16.70345740937506,6.870363873208706,1.867199722705874,-3.474173282823083,1.7979087762338164,BabyLM 1.3B — first layer
1.9946935269101749,1.4748276275325995,16.74406098245921,6.870363873208706,1.867199722705874,-3.474173282823083,1.7979087762338164,BabyLM 1.3B — first layer
2.148345271302937,1.4748276275325995,16.78507308930095,6.870363873208706,1.867199722705874,-3.474173282823083,1.7979087762338164,BabyLM 1.3B — first layer
2.3019970156956995,1.4748276275325995,16.826493729900278,6.870363873208706,1.867199722705874,-3.474173282823083,1.7979087762338164,BabyLM 1.3B — first layer
2.455648760088462,1.4748276275325995,16.86832290425719,6.870363873208706,1.867199722705874,-3.474173282823083,1.7979087762338164,BabyLM 1.3B — first layer
-2.0002518273016485,1.6420543999120696,15.799676831887155,6.870363873208706,1.867199722705874,-3.474173282823083,1.7979087762338164,BabyLM 1.3B — first layer
-1.846600082908886,1.6420543999120696,15.83100506105846,6.870363873208706,1.867199722705874,-3.474173282823083,1.7979087762338164,BabyLM 1.3B — first layer
-1.6929483385161237,1.6420543999120696,15.862741823987355,6.870363873208706,1.867199722705874,-3.474173282823083,1.7979087762338164,BabyLM 1.3B — first layer
-1.5392965941233612,1.6420543999120696,15.894887120673834,6.870363873208706,1.867199722705874,-3.474173282823083,1.7979087762338164,BabyLM 1.3B — first layer
-1.3856448497305989,1.6420543999120696,15.927440951117902,6.870363873208706,1.867199722705874,-3.474173282823083,1.7979087762338164,BabyLM 1.3B — first layer
-1.2319931053378363,1.6420543999120696,15.960403315319555,6.870363873208706,1.867199722705874,-3.474173282823083,1.7979087762338164,BabyLM 1.3B — first layer
-1.0783413609450738,1.6420543999120696,15.993774213278796,6.870363873208706,1.867199722705874,-3.474173282823083,1.7979087762338164,BabyLM 1.3B — first layer
-0.9246896165523115,1.6420543999120696,16.02755364499562,6.870363873208706,1.867199722705874,-3.474173282823083,1.7979087762338164,BabyLM 1.3B — first layer
-0.771037872159549,1.6420543999120696,16.061741610470037,6.870363873208706,1.867199722705874,-3.474173282823083,1.7979087762338164,BabyLM 1.3B — first layer
-0.6173861277667865,1.6420543999120696,16.096338109702035,6.870363873208706,1.867199722705874,-3.474173282823083,1.7979087762338164,BabyLM 1.3B — first layer
-0.4637343833740242,1.6420543999120696,16.131343142691623,6.870363873208706,1.867199722705874,-3.474173282823083,1.7979087762338164,BabyLM 1.3B — first layer
-0.31008263898126165,1.6420543999120696,16.166756709438797,6.870363873208706,1.867199722705874,-3.474173282823083,1.7979087762338164,BabyLM 1.3B — first layer
-0.15643089458849913,1.6420543999120696,16.20257880994356,6.870363873208706,1.867199722705874,-3.474173282823083,1.7979087762338164,BabyLM 1.3B — first layer
-0.0027791501957368236,1.6420543999120696,16.238809444205906,6.870363873208706,1.867199722705874,-3.474173282823083,1.7979087762338164,BabyLM 1.3B — first layer
0.15087259419702548,1.6420543999120696,16.27544861222584,6.870363873208706,1.867199722705874,-3.474173282823083,1.7979087762338164,BabyLM 1.3B — first layer
0.304524338589788,1.6420543999120696,16.31249631400336,6.870363873208706,1.867199722705874,-3.474173282823083,1.7979087762338164,BabyLM 1.3B — first layer
0.4581760829825505,1.6420543999120696,16.349952549538468,6.870363873208706,1.867199722705874,-3.474173282823083,1.7979087762338164,BabyLM 1.3B — first layer
0.611827827375313,1.6420543999120696,16.387817318831164,6.870363873208706,1.867199722705874,-3.474173282823083,1.7979087762338164,BabyLM 1.3B — first layer
0.7654795717680756,1.6420543999120696,16.426090621881446,6.870363873208706,1.867199722705874,-3.474173282823083,1.7979087762338164,BabyLM 1.3B — first layer
0.9191313161608377,1.6420543999120696,16.464772458689314,6.870363873208706,1.867199722705874,-3.474173282823083,1.7979087762338164,BabyLM 1.3B — first layer
1.0727830605536002,1.6420543999120696,16.503862829254768,6.870363873208706,1.867199722705874,-3.474173282823083,1.7979087762338164,BabyLM 1.3B — first layer
1.2264348049463627,1.6420543999120696,16.54336173357781,6.870363873208706,1.867199722705874,-3.474173282823083,1.7979087762338164,BabyLM 1.3B — first layer
1.3800865493391252,1.6420543999120696,16.583269171658436,6.870363873208706,1.867199722705874,-3.474173282823083,1.7979087762338164,BabyLM 1.3B — first layer
1.5337382937318877,1.6420543999120696,16.62358514349665,6.870363873208706,1.867199722705874,-3.474173282823083,1.7979087762338164,BabyLM 1.3B — first layer
1.6873900381246503,1.6420543999120696,16.664309649092456,6.870363873208706,1.867199722705874,-3.474173282823083,1.7979087762338164,BabyLM 1.3B — first layer
1.8410417825174124,1.6420543999120696,16.705442688445842,6.870363873208706,1.867199722705874,-3.474173282823083,1.7979087762338164,BabyLM 1.3B — first layer
1.9946935269101749,1.6420543999120696,16.74698426155682,6.870363873208706,1.867199722705874,-3.474173282823083,1.7979087762338164,BabyLM 1.3B — first layer
2.148345271302937,1.6420543999120696,16.78893436842538,6.870363873208706,1.867199722705874,-3.474173282823083,1.7979087762338164,BabyLM 1.3B — first layer
2.3019970156956995,1.6420543999120696,16.831293009051528,6.870363873208706,1.867199722705874,-3.474173282823083,1.7979087762338164,BabyLM 1.3B — first layer
2.455648760088462,1.6420543999120696,16.874060183435265,6.870363873208706,1.867199722705874,-3.474173282823083,1.7979087762338164,BabyLM 1.3B — first layer
-2.0002518273016485,1.8092811722915387,15.778972290599084,6.870363873208706,1.867199722705874,-3.474173282823083,1.7979087762338164,BabyLM 1.3B — first layer
-1.846600082908886,1.8092811722915387,15.811238519797213,6.870363873208706,1.867199722705874,-3.474173282823083,1.7979087762338164,BabyLM 1.3B — first layer
-1.6929483385161237,1.8092811722915387,15.84391328275293,6.870363873208706,1.867199722705874,-3.474173282823083,1.7979087762338164,BabyLM 1.3B — first layer
-1.5392965941233612,1.8092811722915387,15.876996579466232,6.870363873208706,1.867199722705874,-3.474173282823083,1.7979087762338164,BabyLM 1.3B — first layer
-1.3856448497305989,1.8092811722915387,15.910488409937122,6.870363873208706,1.867199722705874,-3.474173282823083,1.7979087762338164,BabyLM 1.3B — first layer
-1.2319931053378363,1.8092811722915387,15.944388774165597,6.870363873208706,1.867199722705874,-3.474173282823083,1.7979087762338164,BabyLM 1.3B — first layer
-1.0783413609450738,1.8092811722915387,15.978697672151661,6.870363873208706,1.867199722705874,-3.474173282823083,1.7979087762338164,BabyLM 1.3B — first layer
-0.9246896165523115,1.8092811722915387,16.013415103895312,6.870363873208706,1.867199722705874,-3.474173282823083,1.7979087762338164,BabyLM 1.3B — first layer
-0.771037872159549,1.8092811722915387,16.048541069396546,6.870363873208706,1.867199722705874,-3.474173282823083,1.7979087762338164,BabyLM 1.3B — first layer
-0.6173861277667865,1.8092811722915387,16.08407556865537,6.870363873208706,1.867199722705874,-3.474173282823083,1.7979087762338164,BabyLM 1.3B — first layer
-0.4637343833740242,1.8092811722915387,16.12001860167178,6.870363873208706,1.867199722705874,-3.474173282823083,1.7979087762338164,BabyLM 1.3B — first layer
-0.31008263898126165,1.8092811722915387,16.156370168445775,6.870363873208706,1.867199722705874,-3.474173282823083,1.7979087762338164,BabyLM 1.3B — first layer
-0.15643089458849913,1.8092811722915387,16.19313026897736,6.870363873208706,1.867199722705874,-3.474173282823083,1.7979087762338164,BabyLM 1.3B — first layer
-0.0027791501957368236,1.8092811722915387,16.23029890326653,6.870363873208706,1.867199722705874,-3.474173282823083,1.7979087762338164,BabyLM 1.3B — first layer
0.15087259419702548,1.8092811722915387,16.26787607131329,6.870363873208706,1.867199722705874,-3.474173282823083,1.7979087762338164,BabyLM 1.3B — first layer
0.304524338589788,1.8092811722915387,16.30586177311763,6.870363873208706,1.867199722705874,-3.474173282823083,1.7979087762338164,BabyLM 1.3B — first layer
0.4581760829825505,1.8092811722915387,16.34425600867956,6.870363873208706,1.867199722705874,-3.474173282823083,1.7979087762338164,BabyLM 1.3B — first layer
0.611827827375313,1.8092811722915387,16.38305877799908,6.870363873208706,1.867199722705874,-3.474173282823083,1.7979087762338164,BabyLM 1.3B — first layer
0.7654795717680756,1.8092811722915387,16.42227008107618,6.870363873208706,1.867199722705874,-3.474173282823083,1.7979087762338164,BabyLM 1.3B — first layer
0.9191313161608377,1.8092811722915387,16.461889917910874,6.870363873208706,1.867199722705874,-3.474173282823083,1.7979087762338164,BabyLM 1.3B — first layer
1.0727830605536002,1.8092811722915387,16.50191828850315,6.870363873208706,1.867199722705874,-3.474173282823083,1.7979087762338164,BabyLM 1.3B — first layer
1.2264348049463627,1.8092811722915387,16.542355192853012,6.870363873208706,1.867199722705874,-3.474173282823083,1.7979087762338164,BabyLM 1.3B — first layer
1.3800865493391252,1.8092811722915387,16.583200630960466,6.870363873208706,1.867199722705874,-3.474173282823083,1.7979087762338164,BabyLM 1.3B — first layer
1.5337382937318877,1.8092811722915387,16.6244546028255,6.870363873208706,1.867199722705874,-3.474173282823083,1.7979087762338164,BabyLM 1.3B — first layer
1.6873900381246503,1.8092811722915387,16.666117108448127,6.870363873208706,1.867199722705874,-3.474173282823083,1.7979087762338164,BabyLM 1.3B — first layer
1.8410417825174124,1.8092811722915387,16.708188147828338,6.870363873208706,1.867199722705874,-3.474173282823083,1.7979087762338164,BabyLM 1.3B — first layer
1.9946935269101749,1.8092811722915387,16.750667720966135,6.870363873208706,1.867199722705874,-3.474173282823083,1.7979087762338164,BabyLM 1.3B — first layer
2.148345271302937,1.8092811722915387,16.79355582786152,6.870363873208706,1.867199722705874,-3.474173282823083,1.7979087762338164,BabyLM 1.3B — first layer
2.3019970156956995,1.8092811722915387,16.83685246851449,6.870363873208706,1.867199722705874,-3.474173282823083,1.7979087762338164,BabyLM 1.3B — first layer
2.455648760088462,1.8092811722915387,16.880557642925048,6.870363873208706,1.867199722705874,-3.474173282823083,1.7979087762338164,BabyLM 1.3B — first layer
-2.0002518273016485,1.9765079446710079,15.759027929622725,6.870363873208706,1.867199722705874,-3.474173282823083,1.7979087762338164,BabyLM 1.3B — first layer
-1.846600082908886,1.9765079446710079,15.792232158847678,6.870363873208706,1.867199722705874,-3.474173282823083,1.7979087762338164,BabyLM 1.3B — first layer
-1.6929483385161237,1.9765079446710079,15.825844921830216,6.870363873208706,1.867199722705874,-3.474173282823083,1.7979087762338164,BabyLM 1.3B — first layer
-1.5392965941233612,1.9765079446710079,15.85986621857034,6.870363873208706,1.867199722705874,-3.474173282823083,1.7979087762338164,BabyLM 1.3B — first layer
-1.3856448497305989,1.9765079446710079,15.894296049068053,6.870363873208706,1.867199722705874,-3.474173282823083,1.7979087762338164,BabyLM 1.3B — first layer
-1.2319931053378363,1.9765079446710079,15.929134413323352,6.870363873208706,1.867199722705874,-3.474173282823083,1.7979087762338164,BabyLM 1.3B — first layer
-1.0783413609450738,1.9765079446710079,15.964381311336238,6.870363873208706,1.867199722705874,-3.474173282823083,1.7979087762338164,BabyLM 1.3B — first layer
-0.9246896165523115,1.9765079446710079,16.000036743106712,6.870363873208706,1.867199722705874,-3.474173282823083,1.7979087762338164,BabyLM 1.3B — first layer
-0.771037872159549,1.9765079446710079,16.03610070863477,6.870363873208706,1.867199722705874,-3.474173282823083,1.7979087762338164,BabyLM 1.3B — first layer
-0.6173861277667865,1.9765079446710079,16.072573207920414,6.870363873208706,1.867199722705874,-3.474173282823083,1.7979087762338164,BabyLM 1.3B — first layer
-0.4637343833740242,1.9765079446710079,16.109454240963647,6.870363873208706,1.867199722705874,-3.474173282823083,1.7979087762338164,BabyLM 1.3B — first layer
-0.31008263898126165,1.9765079446710079,16.146743807764466,6.870363873208706,1.867199722705874,-3.474173282823083,1.7979087762338164,BabyLM 1.3B — first layer
-0.15643089458849913,1.9765079446710079,16.184441908322874,6.870363873208706,1.867199722705874,-3.474173282823083,1.7979087762338164,BabyLM 1.3B — first layer
-0.0027791501957368236,1.9765079446710079,16.222548542638865,6.870363873208706,1.867199722705874,-3.474173282823083,1.7979087762338164,BabyLM 1.3B — first layer
0.15087259419702548,1.9765079446710079,16.261063710712445,6.870363873208706,1.867199722705874,-3.474173282823083,1.7979087762338164,BabyLM 1.3B — first layer
0.304524338589788,1.9765079446710079,16.29998741254361,6.870363873208706,1.867199722705874,-3.474173282823083,1.7979087762338164,BabyLM 1.3B — first layer
0.4581760829825505,1.9765079446710079,16.339319648132363,6.870363873208706,1.867199722705874,-3.474173282823083,1.7979087762338164,BabyLM 1.3B — first layer
0.611827827375313,1.9765079446710079,16.379060417478705,6.870363873208706,1.867199722705874,-3.474173282823083,1.7979087762338164,BabyLM 1.3B — first layer
0.7654795717680756,1.9765079446710079,16.419209720582632,6.870363873208706,1.867199722705874,-3.474173282823083,1.7979087762338164,BabyLM 1.3B — first layer
0.9191313161608377,1.9765079446710079,16.459767557444145,6.870363873208706,1.867199722705874,-3.474173282823083,1.7979087762338164,BabyLM 1.3B — first layer
1.0727830605536002,1.9765079446710079,16.500733928063244,6.870363873208706,1.867199722705874,-3.474173282823083,1.7979087762338164,BabyLM 1.3B — first layer
1.2264348049463627,1.9765079446710079,16.54210883243993,6.870363873208706,1.867199722705874,-3.474173282823083,1.7979087762338164,BabyLM 1.3B — first layer
1.3800865493391252,1.9765079446710079,16.583892270574204,6.870363873208706,1.867199722705874,-3.474173282823083,1.7979087762338164,BabyLM 1.3B — first layer
1.5337382937318877,1.9765079446710079,16.626084242466064,6.870363873208706,1.867199722705874,-3.474173282823083,1.7979087762338164,BabyLM 1.3B — first layer
1.6873900381246503,1.9765079446710079,16.66868474811551,6.870363873208706,1.867199722705874,-3.474173282823083,1.7979087762338164,BabyLM 1.3B — first layer
1.8410417825174124,1.9765079446710079,16.711693787522545,6.870363873208706,1.867199722705874,-3.474173282823083,1.7979087762338164,BabyLM 1.3B — first layer
1.9946935269101749,1.9765079446710079,16.755111360687163,6.870363873208706,1.867199722705874,-3.474173282823083,1.7979087762338164,BabyLM 1.3B — first layer
2.148345271302937,1.9765079446710079,16.79893746760937,6.870363873208706,1.867199722705874,-3.474173282823083,1.7979087762338164,BabyLM 1.3B — first layer
2.3019970156956995,1.9765079446710079,16.843172108289167,6.870363873208706,1.867199722705874,-3.474173282823083,1.7979087762338164,BabyLM 1.3B — first layer
2.455648760088462,1.9765079446710079,16.887815282726546,6.870363873208706,1.867199722705874,-3.474173282823083,1.7979087762338164,BabyLM 1.3B — first layer
-2.0002518273016485,2.143734717050477,15.739843748958078,6.870363873208706,1.867199722705874,-3.474173282823083,1.7979087762338164,BabyLM 1.3B — first layer
-1.846600082908886,2.143734717050477,15.773985978209854,6.870363873208706,1.867199722705874,-3.474173282823083,1.7979087762338164,BabyLM 1.3B — first layer
-1.6929483385161237,2.143734717050477,15.808536741219214,6.870363873208706,1.867199722705874,-3.474173282823083,1.7979087762338164,BabyLM 1.3B — first layer
-1.5392965941233612,2.143734717050477,15.843496037986162,6.870363873208706,1.867199722705874,-3.474173282823083,1.7979087762338164,BabyLM 1.3B — first layer
-1.3856448497305989,2.143734717050477,15.878863868510697,6.870363873208706,1.867199722705874,-3.474173282823083,1.7979087762338164,BabyLM 1.3B — first layer
-1.2319931053378363,2.143734717050477,15.914640232792818,6.870363873208706,1.867199722705874,-3.474173282823083,1.7979087762338164,BabyLM 1.3B — first layer
-1.0783413609450738,2.143734717050477,15.950825130832527,6.870363873208706,1.867199722705874,-3.474173282823083,1.7979087762338164,BabyLM 1.3B — first layer
-0.9246896165523115,2.143734717050477,15.987418562629822,6.870363873208706,1.867199722705874,-3.474173282823083,1.7979087762338164,BabyLM 1.3B — first layer
-0.771037872159549,2.143734717050477,16.024420528184702,6.870363873208706,1.867199722705874,-3.474173282823083,1.7979087762338164,BabyLM 1.3B — first layer
-0.6173861277667865,2.143734717050477,16.06183102749717,6.870363873208706,1.867199722705874,-3.474173282823083,1.7979087762338164,BabyLM 1.3B — first layer
-0.4637343833740242,2.143734717050477,16.099650060567228,6.870363873208706,1.867199722705874,-3.474173282823083,1.7979087762338164,BabyLM 1.3B — first layer
-0.31008263898126165,2.143734717050477,16.137877627394868,6.870363873208706,1.867199722705874,-3.474173282823083,1.7979087762338164,BabyLM 1.3B — first layer
-0.15643089458849913,2.143734717050477,16.176513727980097,6.870363873208706,1.867199722705874,-3.474173282823083,1.7979087762338164,BabyLM 1.3B — first layer
-0.0027791501957368236,2.143734717050477,16.215558362322913,6.870363873208706,1.867199722705874,-3.474173282823083,1.7979087762338164,BabyLM 1.3B — first layer
0.15087259419702548,2.143734717050477,16.255011530423314,6.870363873208706,1.867199722705874,-3.474173282823083,1.7979087762338164,BabyLM 1.3B — first layer
0.304524338589788,2.143734717050477,16.294873232281304,6.870363873208706,1.867199722705874,-3.474173282823083,1.7979087762338164,BabyLM 1.3B — first layer
0.4581760829825505,2.143734717050477,16.33514346789688,6.870363873208706,1.867199722705874,-3.474173282823083,1.7979087762338164,BabyLM 1.3B — first layer
0.611827827375313,2.143734717050477,16.375822237270043,6.870363873208706,1.867199722705874,-3.474173282823083,1.7979087762338164,BabyLM 1.3B — first layer
0.7654795717680756,2.143734717050477,16.41690954040079,6.870363873208706,1.867199722705874,-3.474173282823083,1.7979087762338164,BabyLM 1.3B — first layer
0.9191313161608377,2.143734717050477,16.458405377289125,6.870363873208706,1.867199722705874,-3.474173282823083,1.7979087762338164,BabyLM 1.3B — first layer
1.0727830605536002,2.143734717050477,16.50030974793505,6.870363873208706,1.867199722705874,-3.474173282823083,1.7979087762338164,BabyLM 1.3B — first layer
1.2264348049463627,2.143734717050477,16.542622652338558,6.870363873208706,1.867199722705874,-3.474173282823083,1.7979087762338164,BabyLM 1.3B — first layer
1.3800865493391252,2.143734717050477,16.585344090499653,6.870363873208706,1.867199722705874,-3.474173282823083,1.7979087762338164,BabyLM 1.3B — first layer
1.5337382937318877,2.143734717050477,16.628474062418338,6.870363873208706,1.867199722705874,-3.474173282823083,1.7979087762338164,BabyLM 1.3B — first layer
1.6873900381246503,2.143734717050477,16.672012568094605,6.870363873208706,1.867199722705874,-3.474173282823083,1.7979087762338164,BabyLM 1.3B — first layer
1.8410417825174124,2.143734717050477,16.71595960752846,6.870363873208706,1.867199722705874,-3.474173282823083,1.7979087762338164,BabyLM 1.3B — first layer
1.9946935269101749,2.143734717050477,16.760315180719907,6.870363873208706,1.867199722705874,-3.474173282823083,1.7979087762338164,BabyLM 1.3B — first layer
2.148345271302937,2.143734717050477,16.805079287668935,6.870363873208706,1.867199722705874,-3.474173282823083,1.7979087762338164,BabyLM 1.3B — first layer
2.3019970156956995,2.143734717050477,16.850251928375553,6.870363873208706,1.867199722705874,-3.474173282823083,1.7979087762338164,BabyLM 1.3B — first layer
2.455648760088462,2.143734717050477,16.895833102839756,6.870363873208706,1.867199722705874,-3.474173282823083,1.7979087762338164,BabyLM 1.3B — first layer
-2.0002518273016485,2.3109614894299457,15.721419748605143,6.870363873208706,1.867199722705874,-3.474173282823083,1.7979087762338164,BabyLM 1.3B — first layer
-1.846600082908886,2.3109614894299457,15.756499977883742,6.870363873208706,1.867199722705874,-3.474173282823083,1.7979087762338164,BabyLM 1.3B — first layer
-1.6929483385161237,2.3109614894299457,15.791988740919924,6.870363873208706,1.867199722705874,-3.474173282823083,1.7979087762338164,BabyLM 1.3B — first layer
-1.5392965941233612,2.3109614894299457,15.827886037713695,6.870363873208706,1.867199722705874,-3.474173282823083,1.7979087762338164,BabyLM 1.3B — first layer
-1.3856448497305989,2.3109614894299457,15.864191868265053,6.870363873208706,1.867199722705874,-3.474173282823083,1.7979087762338164,BabyLM 1.3B — first layer
-1.2319931053378363,2.3109614894299457,15.900906232573996,6.870363873208706,1.867199722705874,-3.474173282823083,1.7979087762338164,BabyLM 1.3B — first layer
-1.0783413609450738,2.3109614894299457,15.938029130640528,6.870363873208706,1.867199722705874,-3.474173282823083,1.7979087762338164,BabyLM 1.3B — first layer
-0.9246896165523115,2.3109614894299457,15.975560562464645,6.870363873208706,1.867199722705874,-3.474173282823083,1.7979087762338164,BabyLM 1.3B — first layer
-0.771037872159549,2.3109614894299457,16.01350052804635,6.870363873208706,1.867199722705874,-3.474173282823083,1.7979087762338164,BabyLM 1.3B — first layer
-0.6173861277667865,2.3109614894299457,16.05184902738564,6.870363873208706,1.867199722705874,-3.474173282823083,1.7979087762338164,BabyLM 1.3B — first layer
-0.4637343833740242,2.3109614894299457,16.090606060482518,6.870363873208706,1.867199722705874,-3.474173282823083,1.7979087762338164,BabyLM 1.3B — first layer
-0.31008263898126165,2.3109614894299457,16.129771627336982,6.870363873208706,1.867199722705874,-3.474173282823083,1.7979087762338164,BabyLM 1.3B — first layer
-0.15643089458849913,2.3109614894299457,16.169345727949032,6.870363873208706,1.867199722705874,-3.474173282823083,1.7979087762338164,BabyLM 1.3B — first layer
-0.0027791501957368236,2.3109614894299457,16.209328362318672,6.870363873208706,1.867199722705874,-3.474173282823083,1.7979087762338164,BabyLM 1.3B — first layer
0.15087259419702548,2.3109614894299457,16.249719530445898,6.870363873208706,1.867199722705874,-3.474173282823083,1.7979087762338164,BabyLM 1.3B — first layer
0.304524338589788,2.3109614894299457,16.29051923233071,6.870363873208706,1.867199722705874,-3.474173282823083,1.7979087762338164,BabyLM 1.3B — first layer
0.4581760829825505,2.3109614894299457,16.331727467973106,6.870363873208706,1.867199722705874,-3.474173282823083,1.7979087762338164,BabyLM 1.3B — first layer
0.611827827375313,2.3109614894299457,16.37334423737309,6.870363873208706,1.867199722705874,-3.474173282823083,1.7979087762338164,BabyLM 1.3B — first layer
0.7654795717680756,2.3109614894299457,16.415369540530662,6.870363873208706,1.867199722705874,-3.474173282823083,1.7979087762338164,BabyLM 1.3B — first layer
0.9191313161608377,2.3109614894299457,16.45780337744582,6.870363873208706,1.867199722705874,-3.474173282823083,1.7979087762338164,BabyLM 1.3B — first layer
1.0727830605536002,2.3109614894299457,16.500645748118565,6.870363873208706,1.867199722705874,-3.474173282823083,1.7979087762338164,BabyLM 1.3B — first layer
1.2264348049463627,2.3109614894299457,16.5438966525489,6.870363873208706,1.867199722705874,-3.474173282823083,1.7979087762338164,BabyLM 1.3B — first layer
1.3800865493391252,2.3109614894299457,16.587556090736815,6.870363873208706,1.867199722705874,-3.474173282823083,1.7979087762338164,BabyLM 1.3B — first layer
1.5337382937318877,2.3109614894299457,16.63162406268232,6.870363873208706,1.867199722705874,-3.474173282823083,1.7979087762338164,BabyLM 1.3B — first layer
1.6873900381246503,2.3109614894299457,16.676100568385415,6.870363873208706,1.867199722705874,-3.474173282823083,1.7979087762338164,BabyLM 1.3B — first layer
1.8410417825174124,2.3109614894299457,16.720985607846092,6.870363873208706,1.867199722705874,-3.474173282823083,1.7979087762338164,BabyLM 1.3B — first layer
1.9946935269101749,2.3109614894299457,16.76627918106436,6.870363873208706,1.867199722705874,-3.474173282823083,1.7979087762338164,BabyLM 1.3B — first layer
2.148345271302937,2.3109614894299457,16.81198128804021,6.870363873208706,1.867199722705874,-3.474173282823083,1.7979087762338164,BabyLM 1.3B — first layer
2.3019970156956995,2.3109614894299457,16.85809192877365,6.870363873208706,1.867199722705874,-3.474173282823083,1.7979087762338164,BabyLM 1.3B — first layer
2.455648760088462,2.3109614894299457,16.904611103264674,6.870363873208706,1.867199722705874,-3.474173282823083,1.7979087762338164,BabyLM 1.3B — first layer
-2.0002518273016485,-2.5386149095746635,9.6284703892604675,6.870363873208706,1.867199722705874,-3.474173282823083,1.7979087762338164,BabyLM 125M — final layer
-1.846600082908886,-2.5386149095746635,9.666378272193695,6.870363873208706,1.867199722705874,-3.474173282823083,1.7979087762338164,BabyLM 125M — final layer
-1.6929483385161237,-2.5386149095746635,9.70007856280404,6.870363873208706,1.867199722705874,-3.474173282823083,1.7979087762338164,BabyLM 125M — final layer
-1.5392965941233612,-2.5386149095746635,9.729571261091502,6.870363873208706,1.867199722705874,-3.474173282823083,1.7979087762338164,BabyLM 125M — final layer
-1.3856448497305989,-2.5386149095746635,9.754856367056082,6.870363873208706,1.867199722705874,-3.474173282823083,1.7979087762338164,BabyLM 125M — final layer
-1.2319931053378363,-2.5386149095746635,9.77593388069778,6.870363873208706,1.867199722705874,-3.474173282823083,1.7979087762338164,BabyLM 125M — final layer
-1.0783413609450738,-2.5386149095746635,9.792803802016595,6.870363873208706,1.867199722705874,-3.474173282823083,1.7979087762338164,BabyLM 125M — final layer
-0.9246896165523115,-2.5386149095746635,9.805466131012528,6.870363873208706,1.867199722705874,-3.474173282823083,1.7979087762338164,BabyLM 125M — final layer
-0.771037872159549,-2.5386149095746635,9.813920867685578,6.870363873208706,1.867199722705874,-3.474173282823083,1.7979087762338164,BabyLM 125M — final layer
-0.6173861277667865,-2.5386149095746635,9.818168012035745,6.870363873208706,1.867199722705874,-3.474173282823083,1.7979087762338164,BabyLM 125M — final layer
-0.4637343833740242,-2.5386149095746635,9.818207564063032,6.870363873208706,1.867199722705874,-3.474173282823083,1.7979087762338164,BabyLM 125M — final layer
-0.31008263898126165,-2.5386149095746635,9.814039523767434,6.870363873208706,1.867199722705874,-3.474173282823083,1.7979087762338164,BabyLM 125M — final layer
-0.15643089458849913,-2.5386149095746635,9.805663891148956,6.870363873208706,1.867199722705874,-3.474173282823083,1.7979087762338164,BabyLM 125M — final layer
-0.0027791501957368236,-2.5386149095746635,9.793080666207594,6.870363873208706,1.867199722705874,-3.474173282823083,1.7979087762338164,BabyLM 125M — final layer
0.15087259419702548,-2.5386149095746635,9.77628984894335,6.870363873208706,1.867199722705874,-3.474173282823083,1.7979087762338164,BabyLM 125M — final layer
0.304524338589788,-2.5386149095746635,9.755291439356224,6.870363873208706,1.867199722705874,-3.474173282823083,1.7979087762338164,BabyLM 125M — final layer
0.4581760829825505,-2.5386149095746635,9.730085437446215,6.870363873208706,1.867199722705874,-3.474173282823083,1.7979087762338164,BabyLM 125M — final layer
0.611827827375313,-2.5386149095746635,9.700671843213325,6.870363873208706,1.867199722705874,-3.474173282823083,1.7979087762338164,BabyLM 125M — final layer
0.7654795717680756,-2.5386149095746635,9.667050656657551,6.870363873208706,1.867199722705874,-3.474173282823083,1.7979087762338164,BabyLM 125M — final layer
0.9191313161608377,-2.5386149095746635,9.629221877778896,6.870363873208706,1.867199722705874,-3.474173282823083,1.7979087762338164,BabyLM 125M — final layer
1.0727830605536002,-2.5386149095746635,9.587185506577358,6.870363873208706,1.867199722705874,-3.474173282823083,1.7979087762338164,BabyLM 125M — final layer
1.2264348049463627,-2.5386149095746635,9.540941543052938,6.870363873208706,1.867199722705874,-3.474173282823083,1.7979087762338164,BabyLM 125M — final layer
1.3800865493391252,-2.5386149095746635,9.490489987205635,6.870363873208706,1.867199722705874,-3.474173282823083,1.7979087762338164,BabyLM 125M — final layer
1.5337382937318877,-2.5386149095746635,9.43583083903545,6.870363873208706,1.867199722705874,-3.474173282823083,1.7979087762338164,BabyLM 125M — final layer
1.6873900381246503,-2.5386149095746635,9.376964098542382,6.870363873208706,1.867199722705874,-3.474173282823083,1.7979087762338164,BabyLM 125M — final layer
1.8410417825174124,-2.5386149095746635,9.313889765726433,6.870363873208706,1.867199722705874,-3.474173282823083,1.7979087762338164,BabyLM 125M — final layer
1.9946935269101749,-2.5386149095746635,9.2466078405876,6.870363873208706,1.867199722705874,-3.474173282823083,1.7979087762338164,BabyLM 125M — final layer
2.148345271302937,-2.5386149095746635,9.175118323125886,6.870363873208706,1.867199722705874,-3.474173282823083,1.7979087762338164,BabyLM 125M — final layer
2.3019970156956995,-2.5386149095746635,9.099421213341289,6.870363873208706,1.867199722705874,-3.474173282823083,1.7979087762338164,BabyLM 125M — final layer
2.455648760088462,-2.5386149095746635,9.019516511233808,6.870363873208706,1.867199722705874,-3.474173282823083,1.7979087762338164,BabyLM 125M — final layer
-2.0002518273016485,-2.3713881371951944,9.512796068779398,6.870363873208706,1.867199722705874,-3.474173282823083,1.7979087762338164,BabyLM 125M — final layer
-1.846600082908886,-2.3713881371951944,9.548473331436309,6.870363873208706,1.867199722705874,-3.474173282823083,1.7979087762338164,BabyLM 125M — final layer
-1.6929483385161237,-2.3713881371951944,9.579943001770337,6.870363873208706,1.867199722705874,-3.474173282823083,1.7979087762338164,BabyLM 125M — final layer
-1.5392965941233612,-2.3713881371951944,9.607205079781483,6.870363873208706,1.867199722705874,-3.474173282823083,1.7979087762338164,BabyLM 125M — final layer
-1.3856448497305989,-2.3713881371951944,9.630259565469746,6.870363873208706,1.867199722705874,-3.474173282823083,1.7979087762338164,BabyLM 125M — final layer
-1.2319931053378363,-2.3713881371951944,9.649106458835128,6.870363873208706,1.867199722705874,-3.474173282823083,1.7979087762338164,BabyLM 125M — final layer
-1.0783413609450738,-2.3713881371951944,9.663745759877626,6.870363873208706,1.867199722705874,-3.474173282823083,1.7979087762338164,BabyLM 125M — final layer
-0.9246896165523115,-2.3713881371951944,9.674177468597243,6.870363873208706,1.867199722705874,-3.474173282823083,1.7979087762338164,BabyLM 125M — final layer
-0.771037872159549,-2.3713881371951944,9.680401584993977,6.870363873208706,1.867199722705874,-3.474173282823083,1.7979087762338164,BabyLM 125M — final layer
-0.6173861277667865,-2.3713881371951944,9.682418109067829,6.870363873208706,1.867199722705874,-3.474173282823083,1.7979087762338164,BabyLM 125M — final layer
-0.4637343833740242,-2.3713881371951944,9.680227040818798,6.870363873208706,1.867199722705874,-3.474173282823083,1.7979087762338164,BabyLM 125M — final layer
-0.31008263898126165,-2.3713881371951944,9.673828380246885,6.870363873208706,1.867199722705874,-3.474173282823083,1.7979087762338164,BabyLM 125M — final layer
-0.15643089458849913,-2.3713881371951944,9.663222127352089,6.870363873208706,1.867199722705874,-3.474173282823083,1.7979087762338164,BabyLM 125M — final layer
-0.0027791501957368236,-2.3713881371951944,9.648408282134412,6.870363873208706,1.867199722705874,-3.474173282823083,1.7979087762338164,BabyLM 125M — final layer
0.15087259419702548,-2.3713881371951944,9.629386844593851,6.870363873208706,1.867199722705874,-3.474173282823083,1.7979087762338164,BabyLM 125M — final layer
0.304524338589788,-2.3713881371951944,9.606157814730409,6.870363873208706,1.867199722705874,-3.474173282823083,1.7979087762338164,BabyLM 125M — final layer
0.4581760829825505,-2.3713881371951944,9.578721192544084,6.870363873208706,1.867199722705874,-3.474173282823083,1.7979087762338164,BabyLM 125M — final layer
0.611827827375313,-2.3713881371951944,9.547076978034875,6.870363873208706,1.867199722705874,-3.474173282823083,1.7979087762338164,BabyLM 125M — final layer
0.7654795717680756,-2.3713881371951944,9.511225171202787,6.870363873208706,1.867199722705874,-3.474173282823083,1.7979087762338164,BabyLM 125M — final layer
0.9191313161608377,-2.3713881371951944,9.471165772047813,6.870363873208706,1.867199722705874,-3.474173282823083,1.7979087762338164,BabyLM 125M — final layer
1.0727830605536002,-2.3713881371951944,9.42689878056996,6.870363873208706,1.867199722705874,-3.474173282823083,1.7979087762338164,BabyLM 125M — final layer
1.2264348049463627,-2.3713881371951944,9.378424196769222,6.870363873208706,1.867199722705874,-3.474173282823083,1.7979087762338164,BabyLM 125M — final layer
1.3800865493391252,-2.3713881371951944,9.325742020645603,6.870363873208706,1.867199722705874,-3.474173282823083,1.7979087762338164,BabyLM 125M — final layer
1.5337382937318877,-2.3713881371951944,9.268852252199101,6.870363873208706,1.867199722705874,-3.474173282823083,1.7979087762338164,BabyLM 125M — final layer
1.6873900381246503,-2.3713881371951944,9.207754891429717,6.870363873208706,1.867199722705874,-3.474173282823083,1.7979087762338164,BabyLM 125M — final layer
1.8410417825174124,-2.3713881371951944,9.142449938337451,6.870363873208706,1.867199722705874,-3.474173282823083,1.7979087762338164,BabyLM 125M — final layer
1.9946935269101749,-2.3713881371951944,9.072937392922302,6.870363873208706,1.867199722705874,-3.474173282823083,1.7979087762338164,BabyLM 125M — final layer
2.148345271302937,-2.3713881371951944,8.999217255184272,6.870363873208706,1.867199722705874,-3.474173282823083,1.7979087762338164,BabyLM 125M — final layer
2.3019970156956995,-2.3713881371951944,8.921289525123358,6.870363873208706,1.867199722705874,-3.474173282823083,1.7979087762338164,BabyLM 125M — final layer
2.455648760088462,-2.3713881371951944,8.839154202739563,6.870363873208706,1.867199722705874,-3.474173282823083,1.7979087762338164,BabyLM 125M — final layer
-2.0002518273016485,-2.2041613648157248,9.404822849350035,6.870363873208706,1.867199722705874,-3.474173282823083,1.7979087762338164,BabyLM 125M — final layer
-1.846600082908886,-2.2041613648157248,9.43826949173063,6.870363873208706,1.867199722705874,-3.474173282823083,1.7979087762338164,BabyLM 125M — final layer
-1.6929483385161237,-2.2041613648157248,9.467508541788341,6.870363873208706,1.867199722705874,-3.474173282823083,1.7979087762338164,BabyLM 125M — final layer
-1.5392965941233612,-2.2041613648157248,9.49253999952317,6.870363873208706,1.867199722705874,-3.474173282823083,1.7979087762338164,BabyLM 125M — final layer
-1.3856448497305989,-2.2041613648157248,9.513363864935117,6.870363873208706,1.867199722705874,-3.474173282823083,1.7979087762338164,BabyLM 125M — final layer
-1.2319931053378363,-2.2041613648157248,9.529980138024182,6.870363873208706,1.867199722705874,-3.474173282823083,1.7979087762338164,BabyLM 125M — final layer
-1.0783413609450738,-2.2041613648157248,9.542388818790364,6.870363873208706,1.867199722705874,-3.474173282823083,1.7979087762338164,BabyLM 125M — final layer
-0.9246896165523115,-2.2041613648157248,9.550589907233665,6.870363873208706,1.867199722705874,-3.474173282823083,1.7979087762338164,BabyLM 125M — final layer
-0.771037872159549,-2.2041613648157248,9.554583403354082,6.870363873208706,1.867199722705874,-3.474173282823083,1.7979087762338164,BabyLM 125M — final layer
-0.6173861277667865,-2.2041613648157248,9.554369307151617,6.870363873208706,1.867199722705874,-3.474173282823083,1.7979087762338164,BabyLM 125M — final layer
-0.4637343833740242,-2.2041613648157248,9.54994761862627,6.870363873208706,1.867199722705874,-3.474173282823083,1.7979087762338164,BabyLM 125M — final layer
-0.31008263898126165,-2.2041613648157248,9.541318337778039,6.870363873208706,1.867199722705874,-3.474173282823083,1.7979087762338164,BabyLM 125M — final layer
-0.15643089458849913,-2.2041613648157248,9.528481464606928,6.870363873208706,1.867199722705874,-3.474173282823083,1.7979087762338164,BabyLM 125M — final layer
-0.0027791501957368236,-2.2041613648157248,9.511436999112933,6.870363873208706,1.867199722705874,-3.474173282823083,1.7979087762338164,BabyLM 125M — final layer
0.15087259419702548,-2.2041613648157248,9.490184941296057,6.870363873208706,1.867199722705874,-3.474173282823083,1.7979087762338164,BabyLM 125M — final layer
0.304524338589788,-2.2041613648157248,9.464725291156297,6.870363873208706,1.867199722705874,-3.474173282823083,1.7979087762338164,BabyLM 125M — final layer
0.4581760829825505,-2.2041613648157248,9.435058048693657,6.870363873208706,1.867199722705874,-3.474173282823083,1.7979087762338164,BabyLM 125M — final layer
0.611827827375313,-2.2041613648157248,9.401183213908132,6.870363873208706,1.867199722705874,-3.474173282823083,1.7979087762338164,BabyLM 125M — final layer
0.7654795717680756,-2.2041613648157248,9.363100786799725,6.870363873208706,1.867199722705874,-3.474173282823083,1.7979087762338164,BabyLM 125M — final layer
0.9191313161608377,-2.2041613648157248,9.320810767368437,6.870363873208706,1.867199722705874,-3.474173282823083,1.7979087762338164,BabyLM 125M — final layer
1.0727830605536002,-2.2041613648157248,9.274313155614266,6.870363873208706,1.867199722705874,-3.474173282823083,1.7979087762338164,BabyLM 125M — final layer
1.2264348049463627,-2.2041613648157248,9.223607951537213,6.870363873208706,1.867199722705874,-3.474173282823083,1.7979087762338164,BabyLM 125M — final layer
1.3800865493391252,-2.2041613648157248,9.168695155137277,6.870363873208706,1.867199722705874,-3.474173282823083,1.7979087762338164,BabyLM 125M — final layer
1.5337382937318877,-2.2041613648157248,9.10957476641446,6.870363873208706,1.867199722705874,-3.474173282823083,1.7979087762338164,BabyLM 125M — final layer
1.6873900381246503,-2.2041613648157248,9.046246785368758,6.870363873208706,1.867199722705874,-3.474173282823083,1.7979087762338164,BabyLM 125M — final layer
1.8410417825174124,-2.2041613648157248,8.978711212000176,6.870363873208706,1.867199722705874,-3.474173282823083,1.7979087762338164,BabyLM 125M — final layer
1.9946935269101749,-2.2041613648157248,8.90696804630871,6.870363873208706,1.867199722705874,-3.474173282823083,1.7979087762338164,BabyLM 125M — final layer
2.148345271302937,-2.2041613648157248,8.831017288294364,6.870363873208706,1.867199722705874,-3.474173282823083,1.7979087762338164,BabyLM 125M — final layer
2.3019970156956995,-2.2041613648157248,8.750858937957133,6.870363873208706,1.867199722705874,-3.474173282823083,1.7979087762338164,BabyLM 125M — final layer
2.455648760088462,-2.2041613648157248,8.666492995297022,6.870363873208706,1.867199722705874,-3.474173282823083,1.7979087762338164,BabyLM 125M — final layer
-2.0002518273016485,-2.0369345924362556,9.304550730972379,6.870363873208706,1.867199722705874,-3.474173282823083,1.7979087762338164,BabyLM 125M — final layer
-1.846600082908886,-2.0369345924362556,9.335766753076655,6.870363873208706,1.867199722705874,-3.474173282823083,1.7979087762338164,BabyLM 125M — final layer
-1.6929483385161237,-2.0369345924362556,9.362775182858051,6.870363873208706,1.867199722705874,-3.474173282823083,1.7979087762338164,BabyLM 125M — final layer
-1.5392965941233612,-2.0369345924362556,9.385576020316563,6.870363873208706,1.867199722705874,-3.474173282823083,1.7979087762338164,BabyLM 125M — final layer
-1.3856448497305989,-2.0369345924362556,9.404169265452195,6.870363873208706,1.867199722705874,-3.474173282823083,1.7979087762338164,BabyLM 125M — final layer
-1.2319931053378363,-2.0369345924362556,9.418554918264942,6.870363873208706,1.867199722705874,-3.474173282823083,1.7979087762338164,BabyLM 125M — final layer
-1.0783413609450738,-2.0369345924362556,9.428732978754809,6.870363873208706,1.867199722705874,-3.474173282823083,1.7979087762338164,BabyLM 125M — final layer
-0.9246896165523115,-2.0369345924362556,9.434703446921791,6.870363873208706,1.867199722705874,-3.474173282823083,1.7979087762338164,BabyLM 125M — final layer
-0.771037872159549,-2.0369345924362556,9.436466322765892,6.870363873208706,1.867199722705874,-3.474173282823083,1.7979087762338164,BabyLM 125M — final layer
-0.6173861277667865,-2.0369345924362556,9.43402160628711,6.870363873208706,1.867199722705874,-3.474173282823083,1.7979087762338164,BabyLM 125M — final layer
-0.4637343833740242,-2.0369345924362556,9.427369297485447,6.870363873208706,1.867199722705874,-3.474173282823083,1.7979087762338164,BabyLM 125M — final layer
-0.31008263898126165,-2.0369345924362556,9.416509396360901,6.870363873208706,1.867199722705874,-3.474173282823083,1.7979087762338164,BabyLM 125M — final layer
-0.15643089458849913,-2.0369345924362556,9.401441902913472,6.870363873208706,1.867199722705874,-3.474173282823083,1.7979087762338164,BabyLM 125M — final layer
-0.0027791501957368236,-2.0369345924362556,9.382166817143162,6.870363873208706,1.867199722705874,-3.474173282823083,1.7979087762338164,BabyLM 125M — final layer
0.15087259419702548,-2.0369345924362556,9.358684139049968,6.870363873208706,1.867199722705874,-3.474173282823083,1.7979087762338164,BabyLM 125M — final layer
0.304524338589788,-2.0369345924362556,9.330993868633893,6.870363873208706,1.867199722705874,-3.474173282823083,1.7979087762338164,BabyLM 125M — final layer
0.4581760829825505,-2.0369345924362556,9.299096005894935,6.870363873208706,1.867199722705874,-3.474173282823083,1.7979087762338164,BabyLM 125M — final layer
0.611827827375313,-2.0369345924362556,9.262990550833095,6.870363873208706,1.867199722705874,-3.474173282823083,1.7979087762338164,BabyLM 125M — final layer
0.7654795717680756,-2.0369345924362556,9.222677503448372,6.870363873208706,1.867199722705874,-3.474173282823083,1.7979087762338164,BabyLM 125M — final layer
0.9191313161608377,-2.0369345924362556,9.178156863740767,6.870363873208706,1.867199722705874,-3.474173282823083,1.7979087762338164,BabyLM 125M — final layer
1.0727830605536002,-2.0369345924362556,9.12942863171028,6.870363873208706,1.867199722705874,-3.474173282823083,1.7979087762338164,BabyLM 125M — final layer
1.2264348049463627,-2.0369345924362556,9.07649280735691,6.870363873208706,1.867199722705874,-3.474173282823083,1.7979087762338164,BabyLM 125M — final layer
1.3800865493391252,-2.0369345924362556,9.019349390680658,6.870363873208706,1.867199722705874,-3.474173282823083,1.7979087762338164,BabyLM 125M — final layer
1.5337382937318877,-2.0369345924362556,8.957998381681524,6.870363873208706,1.867199722705874,-3.474173282823083,1.7979087762338164,BabyLM 125M — final layer
1.6873900381246503,-2.0369345924362556,8.892439780359506,6.870363873208706,1.867199722705874,-3.474173282823083,1.7979087762338164,BabyLM 125M — final layer
1.8410417825174124,-2.0369345924362556,8.822673586714608,6.870363873208706,1.867199722705874,-3.474173282823083,1.7979087762338164,BabyLM 125M — final layer
1.9946935269101749,-2.0369345924362556,8.748699800746826,6.870363873208706,1.867199722705874,-3.474173282823083,1.7979087762338164,BabyLM 125M — final layer
2.148345271302937,-2.0369345924362556,8.670518422456162,6.870363873208706,1.867199722705874,-3.474173282823083,1.7979087762338164,BabyLM 125M — final layer
2.3019970156956995,-2.0369345924362556,8.588129451842615,6.870363873208706,1.867199722705874,-3.474173282823083,1.7979087762338164,BabyLM 125M — final layer
2.455648760088462,-2.0369345924362556,8.501532888906187,6.870363873208706,1.867199722705874,-3.474173282823083,1.7979087762338164,BabyLM 125M — final layer
-2.0002518273016485,-1.8697078200567863,9.211979713646427,6.870363873208706,1.867199722705874,-3.474173282823083,1.7979087762338164,BabyLM 125M — final layer
-1.846600082908886,-1.8697078200567863,9.240965115474388,6.870363873208706,1.867199722705874,-3.474173282823083,1.7979087762338164,BabyLM 125M — final layer
-1.6929483385161237,-1.8697078200567863,9.265742924979467,6.870363873208706,1.867199722705874,-3.474173282823083,1.7979087762338164,BabyLM 125M — final layer
-1.5392965941233612,-1.8697078200567863,9.286313142161664,6.870363873208706,1.867199722705874,-3.474173282823083,1.7979087762338164,BabyLM 125M — final layer
-1.3856448497305989,-1.8697078200567863,9.302675767020977,6.870363873208706,1.867199722705874,-3.474173282823083,1.7979087762338164,BabyLM 125M — final layer
-1.2319931053378363,-1.8697078200567863,9.31483079955741,6.870363873208706,1.867199722705874,-3.474173282823083,1.7979087762338164,BabyLM 125M — final layer
-1.0783413609450738,-1.8697078200567863,9.322778239770958,6.870363873208706,1.867199722705874,-3.474173282823083,1.7979087762338164,BabyLM 125M — final layer
-0.9246896165523115,-1.8697078200567863,9.326518087661626,6.870363873208706,1.867199722705874,-3.474173282823083,1.7979087762338164,BabyLM 125M — final layer
-0.771037872159549,-1.8697078200567863,9.32605034322941,6.870363873208706,1.867199722705874,-3.474173282823083,1.7979087762338164,BabyLM 125M — final layer
-0.6173861277667865,-1.8697078200567863,9.321375006474312,6.870363873208706,1.867199722705874,-3.474173282823083,1.7979087762338164,BabyLM 125M — final layer
-0.4637343833740242,-1.8697078200567863,9.312492077396332,6.870363873208706,1.867199722705874,-3.474173282823083,1.7979087762338164,BabyLM 125M — final layer
-0.31008263898126165,-1.8697078200567863,9.29940155599547,6.870363873208706,1.867199722705874,-3.474173282823083,1.7979087762338164,BabyLM 125M — final layer
-0.15643089458849913,-1.8697078200567863,9.282103442271724,6.870363873208706,1.867199722705874,-3.474173282823083,1.7979087762338164,BabyLM 125M — final layer
-0.0027791501957368236,-1.8697078200567863,9.260597736225098,6.870363873208706,1.867199722705874,-3.474173282823083,1.7979087762338164,BabyLM 125M — final layer
0.15087259419702548,-1.8697078200567863,9.234884437855587,6.870363873208706,1.867199722705874,-3.474173282823083,1.7979087762338164,BabyLM 125M — final layer
0.304524338589788,-1.8697078200567863,9.204963547163196,6.870363873208706,1.867199722705874,-3.474173282823083,1.7979087762338164,BabyLM 125M — final layer
0.4581760829825505,-1.8697078200567863,9.170835064147921,6.870363873208706,1.867199722705874,-3.474173282823083,1.7979087762338164,BabyLM 125M — final layer
0.611827827375313,-1.8697078200567863,9.132498988809765,6.870363873208706,1.867199722705874,-3.474173282823083,1.7979087762338164,BabyLM 125M — final layer
0.7654795717680756,-1.8697078200567863,9.089955321148725,6.870363873208706,1.867199722705874,-3.474173282823083,1.7979087762338164,BabyLM 125M — final layer
0.9191313161608377,-1.8697078200567863,9.043204061164804,6.870363873208706,1.867199722705874,-3.474173282823083,1.7979087762338164,BabyLM 125M — final layer
1.0727830605536002,-1.8697078200567863,8.992245208858,6.870363873208706,1.867199722705874,-3.474173282823083,1.7979087762338164,BabyLM 125M — final layer
1.2264348049463627,-1.8697078200567863,8.937078764228314,6.870363873208706,1.867199722705874,-3.474173282823083,1.7979087762338164,BabyLM 125M — final layer
1.3800865493391252,-1.8697078200567863,8.877704727275745,6.870363873208706,1.867199722705874,-3.474173282823083,1.7979087762338164,BabyLM 125M — final layer
1.5337382937318877,-1.8697078200567863,8.814123098000293,6.870363873208706,1.867199722705874,-3.474173282823083,1.7979087762338164,BabyLM 125M — final layer
1.6873900381246503,-1.8697078200567863,8.74633387640196,6.870363873208706,1.867199722705874,-3.474173282823083,1.7979087762338164,BabyLM 125M — final layer
1.8410417825174124,-1.8697078200567863,8.674337062480744,6.870363873208706,1.867199722705874,-3.474173282823083,1.7979087762338164,BabyLM 125M — final layer
1.9946935269101749,-1.8697078200567863,8.598132656236647,6.870363873208706,1.867199722705874,-3.474173282823083,1.7979087762338164,BabyLM 125M — final layer
2.148345271302937,-1.8697078200567863,8.517720657669667,6.870363873208706,1.867199722705874,-3.474173282823083,1.7979087762338164,BabyLM 125M — final layer
2.3019970156956995,-1.8697078200567863,8.433101066779804,6.870363873208706,1.867199722705874,-3.474173282823083,1.7979087762338164,BabyLM 125M — final layer
2.455648760088462,-1.8697078200567863,8.344273883567057,6.870363873208706,1.867199722705874,-3.474173282823083,1.7979087762338164,BabyLM 125M — final layer
-2.0002518273016485,-1.702481047677317,9.127109797372182,6.870363873208706,1.867199722705874,-3.474173282823083,1.7979087762338164,BabyLM 125M — final layer
-1.846600082908886,-1.702481047677317,9.153864578923827,6.870363873208706,1.867199722705874,-3.474173282823083,1.7979087762338164,BabyLM 125M — final layer
-1.6929483385161237,-1.702481047677317,9.176411768152589,6.870363873208706,1.867199722705874,-3.474173282823083,1.7979087762338164,BabyLM 125M — final layer
-1.5392965941233612,-1.702481047677317,9.194751365058469,6.870363873208706,1.867199722705874,-3.474173282823083,1.7979087762338164,BabyLM 125M — final layer
-1.3856448497305989,-1.702481047677317,9.208883369641466,6.870363873208706,1.867199722705874,-3.474173282823083,1.7979087762338164,BabyLM 125M — final layer
-1.2319931053378363,-1.702481047677317,9.218807781901582,6.870363873208706,1.867199722705874,-3.474173282823083,1.7979087762338164,BabyLM 125M — final layer
-1.0783413609450738,-1.702481047677317,9.224524601838814,6.870363873208706,1.867199722705874,-3.474173282823083,1.7979087762338164,BabyLM 125M — final layer
-0.9246896165523115,-1.702481047677317,9.226033829453165,6.870363873208706,1.867199722705874,-3.474173282823083,1.7979087762338164,BabyLM 125M — final layer
-0.771037872159549,-1.702481047677317,9.223335464744633,6.870363873208706,1.867199722705874,-3.474173282823083,1.7979087762338164,BabyLM 125M — final layer
-0.6173861277667865,-1.702481047677317,9.216429507713219,6.870363873208706,1.867199722705874,-3.474173282823083,1.7979087762338164,BabyLM 125M — final layer
-0.4637343833740242,-1.702481047677317,9.205315958358922,6.870363873208706,1.867199722705874,-3.474173282823083,1.7979087762338164,BabyLM 125M — final layer
-0.31008263898126165,-1.702481047677317,9.189994816681743,6.870363873208706,1.867199722705874,-3.474173282823083,1.7979087762338164,BabyLM 125M — final layer
-0.15643089458849913,-1.702481047677317,9.170466082681681,6.870363873208706,1.867199722705874,-3.474173282823083,1.7979087762338164,BabyLM 125M — final layer
-0.0027791501957368236,-1.702481047677317,9.146729756358738,6.870363873208706,1.867199722705874,-3.474173282823083,1.7979087762338164,BabyLM 125M — final layer
0.15087259419702548,-1.702481047677317,9.118785837712911,6.870363873208706,1.867199722705874,-3.474173282823083,1.7979087762338164,BabyLM 125M — final layer
0.304524338589788,-1.702481047677317,9.086634326744203,6.870363873208706,1.867199722705874,-3.474173282823083,1.7979087762338164,BabyLM 125M — final layer
0.4581760829825505,-1.702481047677317,9.050275223452612,6.870363873208706,1.867199722705874,-3.474173282823083,1.7979087762338164,BabyLM 125M — final layer
0.611827827375313,-1.702481047677317,9.00970852783814,6.870363873208706,1.867199722705874,-3.474173282823083,1.7979087762338164,BabyLM 125M — final layer
0.7654795717680756,-1.702481047677317,8.964934239900783,6.870363873208706,1.867199722705874,-3.474173282823083,1.7979087762338164,BabyLM 125M — final layer
0.9191313161608377,-1.702481047677317,8.915952359640546,6.870363873208706,1.867199722705874,-3.474173282823083,1.7979087762338164,BabyLM 125M — final layer
1.0727830605536002,-1.702481047677317,8.862762887057425,6.870363873208706,1.867199722705874,-3.474173282823083,1.7979087762338164,BabyLM 125M — final layer
1.2264348049463627,-1.702481047677317,8.805365822151423,6.870363873208706,1.867199722705874,-3.474173282823083,1.7979087762338164,BabyLM 125M — final layer
1.3800865493391252,-1.702481047677317,8.743761164922537,6.870363873208706,1.867199722705874,-3.474173282823083,1.7979087762338164,BabyLM 125M — final layer
1.5337382937318877,-1.702481047677317,8.67794891537077,6.870363873208706,1.867199722705874,-3.474173282823083,1.7979087762338164,BabyLM 125M — final layer
1.6873900381246503,-1.702481047677317,8.60792907349612,6.870363873208706,1.867199722705874,-3.474173282823083,1.7979087762338164,BabyLM 125M — final layer
1.8410417825174124,-1.702481047677317,8.533701639298588,6.870363873208706,1.867199722705874,-3.474173282823083,1.7979087762338164,BabyLM 125M — final layer
1.9946935269101749,-1.702481047677317,8.455266612778173,6.870363873208706,1.867199722705874,-3.474173282823083,1.7979087762338164,BabyLM 125M — final layer
2.148345271302937,-1.702481047677317,8.372623993934877,6.870363873208706,1.867199722705874,-3.474173282823083,1.7979087762338164,BabyLM 125M — final layer
2.3019970156956995,-1.702481047677317,8.285773782768697,6.870363873208706,1.867199722705874,-3.474173282823083,1.7979087762338164,BabyLM 125M — final layer
2.455648760088462,-1.702481047677317,8.194715979279636,6.870363873208706,1.867199722705874,-3.474173282823083,1.7979087762338164,BabyLM 125M — final layer
-2.0002518273016485,-1.5352542752978477,9.049940982149643,6.870363873208706,1.867199722705874,-3.474173282823083,1.7979087762338164,BabyLM 125M — final layer
-1.846600082908886,-1.5352542752978477,9.07446514342497,6.870363873208706,1.867199722705874,-3.474173282823083,1.7979087762338164,BabyLM 125M — final layer
-1.6929483385161237,-1.5352542752978477,9.094781712377417,6.870363873208706,1.867199722705874,-3.474173282823083,1.7979087762338164,BabyLM 125M — final layer
-1.5392965941233612,-1.5352542752978477,9.11089068900698,6.870363873208706,1.867199722705874,-3.474173282823083,1.7979087762338164,BabyLM 125M — final layer
-1.3856448497305989,-1.5352542752978477,9.122792073313661,6.870363873208706,1.867199722705874,-3.474173282823083,1.7979087762338164,BabyLM 125M — final layer
-1.2319931053378363,-1.5352542752978477,9.13048586529746,6.870363873208706,1.867199722705874,-3.474173282823083,1.7979087762338164,BabyLM 125M — final layer
-1.0783413609450738,-1.5352542752978477,9.133972064958376,6.870363873208706,1.867199722705874,-3.474173282823083,1.7979087762338164,BabyLM 125M — final layer
-0.9246896165523115,-1.5352542752978477,9.13325067229641,6.870363873208706,1.867199722705874,-3.474173282823083,1.7979087762338164,BabyLM 125M — final layer
-0.771037872159549,-1.5352542752978477,9.128321687311562,6.870363873208706,1.867199722705874,-3.474173282823083,1.7979087762338164,BabyLM 125M — final layer
-0.6173861277667865,-1.5352542752978477,9.119185110003832,6.870363873208706,1.867199722705874,-3.474173282823083,1.7979087762338164,BabyLM 125M — final layer
-0.4637343833740242,-1.5352542752978477,9.105840940373218,6.870363873208706,1.867199722705874,-3.474173282823083,1.7979087762338164,BabyLM 125M — final layer
-0.31008263898126165,-1.5352542752978477,9.088289178419723,6.870363873208706,1.867199722705874,-3.474173282823083,1.7979087762338164,BabyLM 125M — final layer
-0.15643089458849913,-1.5352542752978477,9.066529824143345,6.870363873208706,1.867199722705874,-3.474173282823083,1.7979087762338164,BabyLM 125M — final layer
-0.0027791501957368236,-1.5352542752978477,9.040562877544085,6.870363873208706,1.867199722705874,-3.474173282823083,1.7979087762338164,BabyLM 125M — final layer
0.15087259419702548,-1.5352542752978477,9.010388338621942,6.870363873208706,1.867199722705874,-3.474173282823083,1.7979087762338164,BabyLM 125M — final layer
0.304524338589788,-1.5352542752978477,8.976006207376917,6.870363873208706,1.867199722705874,-3.474173282823083,1.7979087762338164,BabyLM 125M — final layer
0.4581760829825505,-1.5352542752978477,8.93741648380901,6.870363873208706,1.867199722705874,-3.474173282823083,1.7979087762338164,BabyLM 125M — final layer
0.611827827375313,-1.5352542752978477,8.89461916791822,6.870363873208706,1.867199722705874,-3.474173282823083,1.7979087762338164,BabyLM 125M — final layer
0.7654795717680756,-1.5352542752978477,8.847614259704548,6.870363873208706,1.867199722705874,-3.474173282823083,1.7979087762338164,BabyLM 125M — final layer
0.9191313161608377,-1.5352542752978477,8.796401759167994,6.870363873208706,1.867199722705874,-3.474173282823083,1.7979087762338164,BabyLM 125M — final layer
1.0727830605536002,-1.5352542752978477,8.740981666308556,6.870363873208706,1.867199722705874,-3.474173282823083,1.7979087762338164,BabyLM 125M — final layer
1.2264348049463627,-1.5352542752978477,8.681353981126238,6.870363873208706,1.867199722705874,-3.474173282823083,1.7979087762338164,BabyLM 125M — final layer
1.3800865493391252,-1.5352542752978477,8.617518703621036,6.870363873208706,1.867199722705874,-3.474173282823083,1.7979087762338164,BabyLM 125M — final layer
1.5337382937318877,-1.5352542752978477,8.549475833792952,6.870363873208706,1.867199722705874,-3.474173282823083,1.7979087762338164,BabyLM 125M — final layer
1.6873900381246503,-1.5352542752978477,8.477225371641985,6.870363873208706,1.867199722705874,-3.474173282823083,1.7979087762338164,BabyLM 125M — final layer
1.8410417825174124,-1.5352542752978477,8.400767317168137,6.870363873208706,1.867199722705874,-3.474173282823083,1.7979087762338164,BabyLM 125M — final layer
1.9946935269101749,-1.5352542752978477,8.320101670371406,6.870363873208706,1.867199722705874,-3.474173282823083,1.7979087762338164,BabyLM 125M — final layer
2.148345271302937,-1.5352542752978477,8.235228431251793,6.870363873208706,1.867199722705874,-3.474173282823083,1.7979087762338164,BabyLM 125M — final layer
2.3019970156956995,-1.5352542752978477,8.146147599809296,6.870363873208706,1.867199722705874,-3.474173282823083,1.7979087762338164,BabyLM 125M — final layer
2.455648760088462,-1.5352542752978477,8.052859176043919,6.870363873208706,1.867199722705874,-3.474173282823083,1.7979087762338164,BabyLM 125M — final layer
-2.0002518273016485,-1.3680275029183784,8.980473267978809,6.870363873208706,1.867199722705874,-3.474173282823083,1.7979087762338164,BabyLM 125M — final layer
-1.846600082908886,-1.3680275029183784,9.002766808977821,6.870363873208706,1.867199722705874,-3.474173282823083,1.7979087762338164,BabyLM 125M — final layer
-1.6929483385161237,-1.3680275029183784,9.02085275765395,6.870363873208706,1.867199722705874,-3.474173282823083,1.7979087762338164,BabyLM 125M — final layer
-1.5392965941233612,-1.3680275029183784,9.034731114007197,6.870363873208706,1.867199722705874,-3.474173282823083,1.7979087762338164,BabyLM 125M — final layer
-1.3856448497305989,-1.3680275029183784,9.044401878037561,6.870363873208706,1.867199722705874,-3.474173282823083,1.7979087762338164,BabyLM 125M — final layer
-1.2319931053378363,-1.3680275029183784,9.049865049745044,6.870363873208706,1.867199722705874,-3.474173282823083,1.7979087762338164,BabyLM 125M — final layer
-1.0783413609450738,-1.3680275029183784,9.051120629129644,6.870363873208706,1.867199722705874,-3.474173282823083,1.7979087762338164,BabyLM 125M — final layer
-0.9246896165523115,-1.3680275029183784,9.048168616191361,6.870363873208706,1.867199722705874,-3.474173282823083,1.7979087762338164,BabyLM 125M — final layer
-0.771037872159549,-1.3680275029183784,9.041009010930196,6.870363873208706,1.867199722705874,-3.474173282823083,1.7979087762338164,BabyLM 125M — final layer
-0.6173861277667865,-1.3680275029183784,9.02964181334615,6.870363873208706,1.867199722705874,-3.474173282823083,1.7979087762338164,BabyLM 125M — final layer
-0.4637343833740242,-1.3680275029183784,9.014067023439221,6.870363873208706,1.867199722705874,-3.474173282823083,1.7979087762338164,BabyLM 125M — final layer
-0.31008263898126165,-1.3680275029183784,8.994284641209408,6.870363873208706,1.867199722705874,-3.474173282823083,1.7979087762338164,BabyLM 125M — final layer
-0.15643089458849913,-1.3680275029183784,8.970294666656715,6.870363873208706,1.867199722705874,-3.474173282823083,1.7979087762338164,BabyLM 125M — final layer
-0.0027791501957368236,-1.3680275029183784,8.942097099781137,6.870363873208706,1.867199722705874,-3.474173282823083,1.7979087762338164,BabyLM 125M — final layer
0.15087259419702548,-1.3680275029183784,8.909691940582679,6.870363873208706,1.867199722705874,-3.474173282823083,1.7979087762338164,BabyLM 125M — final layer
0.304524338589788,-1.3680275029183784,8.873079189061336,6.870363873208706,1.867199722705874,-3.474173282823083,1.7979087762338164,BabyLM 125M — final layer
0.4581760829825505,-1.3680275029183784,8.832258845217114,6.870363873208706,1.867199722705874,-3.474173282823083,1.7979087762338164,BabyLM 125M — final layer
0.611827827375313,-1.3680275029183784,8.787230909050006,6.870363873208706,1.867199722705874,-3.474173282823083,1.7979087762338164,BabyLM 125M — final layer
0.7654795717680756,-1.3680275029183784,8.737995380560019,6.870363873208706,1.867199722705874,-3.474173282823083,1.7979087762338164,BabyLM 125M — final layer
0.9191313161608377,-1.3680275029183784,8.684552259747148,6.870363873208706,1.867199722705874,-3.474173282823083,1.7979087762338164,BabyLM 125M — final layer
1.0727830605536002,-1.3680275029183784,8.626901546611395,6.870363873208706,1.867199722705874,-3.474173282823083,1.7979087762338164,BabyLM 125M — final layer
1.2264348049463627,-1.3680275029183784,8.56504324115276,6.870363873208706,1.867199722705874,-3.474173282823083,1.7979087762338164,BabyLM 125M — final layer
1.3800865493391252,-1.3680275029183784,8.49897734337124,6.870363873208706,1.867199722705874,-3.474173282823083,1.7979087762338164,BabyLM 125M — final layer
1.5337382937318877,-1.3680275029183784,8.42870385326684,6.870363873208706,1.867199722705874,-3.474173282823083,1.7979087762338164,BabyLM 125M — final layer
1.6873900381246503,-1.3680275029183784,8.354222770839558,6.870363873208706,1.867199722705874,-3.474173282823083,1.7979087762338164,BabyLM 125M — final layer
1.8410417825174124,-1.3680275029183784,8.275534096089393,6.870363873208706,1.867199722705874,-3.474173282823083,1.7979087762338164,BabyLM 125M — final layer
1.9946935269101749,-1.3680275029183784,8.192637829016345,6.870363873208706,1.867199722705874,-3.474173282823083,1.7979087762338164,BabyLM 125M — final layer
2.148345271302937,-1.3680275029183784,8.105533969620415,6.870363873208706,1.867199722705874,-3.474173282823083,1.7979087762338164,BabyLM 125M — final layer
2.3019970156956995,-1.3680275029183784,8.014222517901603,6.870363873208706,1.867199722705874,-3.474173282823083,1.7979087762338164,BabyLM 125M — final layer
2.455648760088462,-1.3680275029183784,7.9187034738599085,6.870363873208706,1.867199722705874,-3.474173282823083,1.7979087762338164,BabyLM 125M — final layer
-2.0002518273016485,-1.200800730538909,8.918706654859681,6.870363873208706,1.867199722705874,-3.474173282823083,1.7979087762338164,BabyLM 125M — final layer
-1.846600082908886,-1.200800730538909,8.938769575582377,6.870363873208706,1.867199722705874,-3.474173282823083,1.7979087762338164,BabyLM 125M — final layer
-1.6929483385161237,-1.200800730538909,8.954624903982191,6.870363873208706,1.867199722705874,-3.474173282823083,1.7979087762338164,BabyLM 125M — final layer
-1.5392965941233612,-1.200800730538909,8.96627264005912,6.870363873208706,1.867199722705874,-3.474173282823083,1.7979087762338164,BabyLM 125M — final layer
-1.3856448497305989,-1.200800730538909,8.97371278381317,6.870363873208706,1.867199722705874,-3.474173282823083,1.7979087762338164,BabyLM 125M — final layer
-1.2319931053378363,-1.200800730538909,8.976945335244334,6.870363873208706,1.867199722705874,-3.474173282823083,1.7979087762338164,BabyLM 125M — final layer
-1.0783413609450738,-1.200800730538909,8.975970294352619,6.870363873208706,1.867199722705874,-3.474173282823083,1.7979087762338164,BabyLM 125M — final layer
-0.9246896165523115,-1.200800730538909,8.97078766113802,6.870363873208706,1.867199722705874,-3.474173282823083,1.7979087762338164,BabyLM 125M — final layer
-0.771037872159549,-1.200800730538909,8.961397435600539,6.870363873208706,1.867199722705874,-3.474173282823083,1.7979087762338164,BabyLM 125M — final layer
-0.6173861277667865,-1.200800730538909,8.947799617740175,6.870363873208706,1.867199722705874,-3.474173282823083,1.7979087762338164,BabyLM 125M — final layer
-0.4637343833740242,-1.200800730538909,8.929994207556929,6.870363873208706,1.867199722705874,-3.474173282823083,1.7979087762338164,BabyLM 125M — final layer
-0.31008263898126165,-1.200800730538909,8.9079812050508,6.870363873208706,1.867199722705874,-3.474173282823083,1.7979087762338164,BabyLM 125M — final layer
-0.15643089458849913,-1.200800730538909,8.88176061022179,6.870363873208706,1.867199722705874,-3.474173282823083,1.7979087762338164,BabyLM 125M — final layer
-0.0027791501957368236,-1.200800730538909,8.851332423069897,6.870363873208706,1.867199722705874,-3.474173282823083,1.7979087762338164,BabyLM 125M — final layer
0.15087259419702548,-1.200800730538909,8.81669664359512,6.870363873208706,1.867199722705874,-3.474173282823083,1.7979087762338164,BabyLM 125M — final layer
0.304524338589788,-1.200800730538909,8.777853271797463,6.870363873208706,1.867199722705874,-3.474173282823083,1.7979087762338164,BabyLM 125M — final layer
0.4581760829825505,-1.200800730538909,8.734802307676922,6.870363873208706,1.867199722705874,-3.474173282823083,1.7979087762338164,BabyLM 125M — final layer
0.611827827375313,-1.200800730538909,8.6875437512335,6.870363873208706,1.867199722705874,-3.474173282823083,1.7979087762338164,BabyLM 125M — final layer
0.7654795717680756,-1.200800730538909,8.636077602467195,6.870363873208706,1.867199722705874,-3.474173282823083,1.7979087762338164,BabyLM 125M — final layer
0.9191313161608377,-1.200800730538909,8.580403861378008,6.870363873208706,1.867199722705874,-3.474173282823083,1.7979087762338164,BabyLM 125M — final layer
1.0727830605536002,-1.200800730538909,8.520522527965937,6.870363873208706,1.867199722705874,-3.474173282823083,1.7979087762338164,BabyLM 125M — final layer
1.2264348049463627,-1.200800730538909,8.456433602230986,6.870363873208706,1.867199722705874,-3.474173282823083,1.7979087762338164,BabyLM 125M — final layer
1.3800865493391252,-1.200800730538909,8.38813708417315,6.870363873208706,1.867199722705874,-3.474173282823083,1.7979087762338164,BabyLM 125M — final layer
1.5337382937318877,-1.200800730538909,8.315632973792434,6.870363873208706,1.867199722705874,-3.474173282823083,1.7979087762338164,BabyLM 125M — final layer
1.6873900381246503,-1.200800730538909,8.238921271088834,6.870363873208706,1.867199722705874,-3.474173282823083,1.7979087762338164,BabyLM 125M — final layer
1.8410417825174124,-1.200800730538909,8.158001976062353,6.870363873208706,1.867199722705874,-3.474173282823083,1.7979087762338164,BabyLM 125M — final layer
1.9946935269101749,-1.200800730538909,8.072875088712989,6.870363873208706,1.867199722705874,-3.474173282823083,1.7979087762338164,BabyLM 125M — final layer
2.148345271302937,-1.200800730538909,7.983540609040744,6.870363873208706,1.867199722705874,-3.474173282823083,1.7979087762338164,BabyLM 125M — final layer
2.3019970156956995,-1.200800730538909,7.8899985370456145,6.870363873208706,1.867199722705874,-3.474173282823083,1.7979087762338164,BabyLM 125M — final layer
2.455648760088462,-1.200800730538909,7.792248872727604,6.870363873208706,1.867199722705874,-3.474173282823083,1.7979087762338164,BabyLM 125M — final layer
-2.0002518273016485,-1.0335739581594396,8.86464114279226,6.870363873208706,1.867199722705874,-3.474173282823083,1.7979087762338164,BabyLM 125M — final layer
-1.846600082908886,-1.0335739581594396,8.88247344323864,6.870363873208706,1.867199722705874,-3.474173282823083,1.7979087762338164,BabyLM 125M — final layer
-1.6929483385161237,-1.0335739581594396,8.896098151362137,6.870363873208706,1.867199722705874,-3.474173282823083,1.7979087762338164,BabyLM 125M — final layer
-1.5392965941233612,-1.0335739581594396,8.90551526716275,6.870363873208706,1.867199722705874,-3.474173282823083,1.7979087762338164,BabyLM 125M — final layer
-1.3856448497305989,-1.0335739581594396,8.910724790640483,6.870363873208706,1.867199722705874,-3.474173282823083,1.7979087762338164,BabyLM 125M — final layer
-1.2319931053378363,-1.0335739581594396,8.91172672179533,6.870363873208706,1.867199722705874,-3.474173282823083,1.7979087762338164,BabyLM 125M — final layer
-1.0783413609450738,-1.0335739581594396,8.908521060627299,6.870363873208706,1.867199722705874,-3.474173282823083,1.7979087762338164,BabyLM 125M — final layer
-0.9246896165523115,-1.0335739581594396,8.901107807136384,6.870363873208706,1.867199722705874,-3.474173282823083,1.7979087762338164,BabyLM 125M — final layer
-0.771037872159549,-1.0335739581594396,8.889486961322586,6.870363873208706,1.867199722705874,-3.474173282823083,1.7979087762338164,BabyLM 125M — final layer
-0.6173861277667865,-1.0335739581594396,8.873658523185906,6.870363873208706,1.867199722705874,-3.474173282823083,1.7979087762338164,BabyLM 125M — final layer
-0.4637343833740242,-1.0335739581594396,8.853622492726343,6.870363873208706,1.867199722705874,-3.474173282823083,1.7979087762338164,BabyLM 125M — final layer
-0.31008263898126165,-1.0335739581594396,8.829378869943898,6.870363873208706,1.867199722705874,-3.474173282823083,1.7979087762338164,BabyLM 125M — final layer
-0.15643089458849913,-1.0335739581594396,8.80092765483857,6.870363873208706,1.867199722705874,-3.474173282823083,1.7979087762338164,BabyLM 125M — final layer
-0.0027791501957368236,-1.0335739581594396,8.768268847410361,6.870363873208706,1.867199722705874,-3.474173282823083,1.7979087762338164,BabyLM 125M — final layer
0.15087259419702548,-1.0335739581594396,8.731402447659269,6.870363873208706,1.867199722705874,-3.474173282823083,1.7979087762338164,BabyLM 125M — final layer
0.304524338589788,-1.0335739581594396,8.690328455585295,6.870363873208706,1.867199722705874,-3.474173282823083,1.7979087762338164,BabyLM 125M — final layer
0.4581760829825505,-1.0335739581594396,8.645046871188438,6.870363873208706,1.867199722705874,-3.474173282823083,1.7979087762338164,BabyLM 125M — final layer
0.611827827375313,-1.0335739581594396,8.595557694468699,6.870363873208706,1.867199722705874,-3.474173282823083,1.7979087762338164,BabyLM 125M — final layer
0.7654795717680756,-1.0335739581594396,8.541860925426077,6.870363873208706,1.867199722705874,-3.474173282823083,1.7979087762338164,BabyLM 125M — final layer
0.9191313161608377,-1.0335739581594396,8.483956564060573,6.870363873208706,1.867199722705874,-3.474173282823083,1.7979087762338164,BabyLM 125M — final layer
1.0727830605536002,-1.0335739581594396,8.421844610372188,6.870363873208706,1.867199722705874,-3.474173282823083,1.7979087762338164,BabyLM 125M — final layer
1.2264348049463627,-1.0335739581594396,8.355525064360918,6.870363873208706,1.867199722705874,-3.474173282823083,1.7979087762338164,BabyLM 125M — final layer
1.3800865493391252,-1.0335739581594396,8.284997926026769,6.870363873208706,1.867199722705874,-3.474173282823083,1.7979087762338164,BabyLM 125M — final layer
1.5337382937318877,-1.0335739581594396,8.210263195369734,6.870363873208706,1.867199722705874,-3.474173282823083,1.7979087762338164,BabyLM 125M — final layer
1.6873900381246503,-1.0335739581594396,8.13132087238982,6.870363873208706,1.867199722705874,-3.474173282823083,1.7979087762338164,BabyLM 125M — final layer
1.8410417825174124,-1.0335739581594396,8.048170957087022,6.870363873208706,1.867199722705874,-3.474173282823083,1.7979087762338164,BabyLM 125M — final layer
1.9946935269101749,-1.0335739581594396,7.960813449461341,6.870363873208706,1.867199722705874,-3.474173282823083,1.7979087762338164,BabyLM 125M — final layer
2.148345271302937,-1.0335739581594396,7.869248349512778,6.870363873208706,1.867199722705874,-3.474173282823083,1.7979087762338164,BabyLM 125M — final layer
2.3019970156956995,-1.0335739581594396,7.773475657241333,6.870363873208706,1.867199722705874,-3.474173282823083,1.7979087762338164,BabyLM 125M — final layer
2.455648760088462,-1.0335739581594396,7.673495372647005,6.870363873208706,1.867199722705874,-3.474173282823083,1.7979087762338164,BabyLM 125M — final layer
-2.0002518273016485,-0.8663471857799703,8.818276731776546,6.870363873208706,1.867199722705874,-3.474173282823083,1.7979087762338164,BabyLM 125M — final layer
-1.846600082908886,-0.8663471857799703,8.833878411946609,6.870363873208706,1.867199722705874,-3.474173282823083,1.7979087762338164,BabyLM 125M — final layer
-1.6929483385161237,-0.8663471857799703,8.845272499793788,6.870363873208706,1.867199722705874,-3.474173282823083,1.7979087762338164,BabyLM 125M — final layer
-1.5392965941233612,-0.8663471857799703,8.852458995318086,6.870363873208706,1.867199722705874,-3.474173282823083,1.7979087762338164,BabyLM 125M — final layer
-1.3856448497305989,-0.8663471857799703,8.8554378985195,6.870363873208706,1.867199722705874,-3.474173282823083,1.7979087762338164,BabyLM 125M — final layer
-1.2319931053378363,-0.8663471857799703,8.854209209398034,6.870363873208706,1.867199722705874,-3.474173282823083,1.7979087762338164,BabyLM 125M — final layer
-1.0783413609450738,-0.8663471857799703,8.848772927953686,6.870363873208706,1.867199722705874,-3.474173282823083,1.7979087762338164,BabyLM 125M — final layer
-0.9246896165523115,-0.8663471857799703,8.839129054186452,6.870363873208706,1.867199722705874,-3.474173282823083,1.7979087762338164,BabyLM 125M — final layer
-0.771037872159549,-0.8663471857799703,8.82527758809634,6.870363873208706,1.867199722705874,-3.474173282823083,1.7979087762338164,BabyLM 125M — final layer
-0.6173861277667865,-0.8663471857799703,8.807218529683343,6.870363873208706,1.867199722705874,-3.474173282823083,1.7979087762338164,BabyLM 125M — final layer
-0.4637343833740242,-0.8663471857799703,8.784951878947464,6.870363873208706,1.867199722705874,-3.474173282823083,1.7979087762338164,BabyLM 125M — final layer
-0.31008263898126165,-0.8663471857799703,8.758477635888703,6.870363873208706,1.867199722705874,-3.474173282823083,1.7979087762338164,BabyLM 125M — final layer
-0.15643089458849913,-0.8663471857799703,8.727795800507058,6.870363873208706,1.867199722705874,-3.474173282823083,1.7979087762338164,BabyLM 125M — final layer
-0.0027791501957368236,-0.8663471857799703,8.692906372802533,6.870363873208706,1.867199722705874,-3.474173282823083,1.7979087762338164,BabyLM 125M — final layer
0.15087259419702548,-0.8663471857799703,8.653809352775124,6.870363873208706,1.867199722705874,-3.474173282823083,1.7979087762338164,BabyLM 125M — final layer
0.304524338589788,-0.8663471857799703,8.610504740424833,6.870363873208706,1.867199722705874,-3.474173282823083,1.7979087762338164,BabyLM 125M — final layer
0.4581760829825505,-0.8663471857799703,8.56299253575166,6.870363873208706,1.867199722705874,-3.474173282823083,1.7979087762338164,BabyLM 125M — final layer
0.611827827375313,-0.8663471857799703,8.511272738755604,6.870363873208706,1.867199722705874,-3.474173282823083,1.7979087762338164,BabyLM 125M — final layer
0.7654795717680756,-0.8663471857799703,8.455345349436666,6.870363873208706,1.867199722705874,-3.474173282823083,1.7979087762338164,BabyLM 125M — final layer
0.9191313161608377,-0.8663471857799703,8.395210367794846,6.870363873208706,1.867199722705874,-3.474173282823083,1.7979087762338164,BabyLM 125M — final layer
1.0727830605536002,-0.8663471857799703,8.330867793830143,6.870363873208706,1.867199722705874,-3.474173282823083,1.7979087762338164,BabyLM 125M — final layer
1.2264348049463627,-0.8663471857799703,8.262317627542558,6.870363873208706,1.867199722705874,-3.474173282823083,1.7979087762338164,BabyLM 125M — final layer
1.3800865493391252,-0.8663471857799703,8.189559868932092,6.870363873208706,1.867199722705874,-3.474173282823083,1.7979087762338164,BabyLM 125M — final layer
1.5337382937318877,-0.8663471857799703,8.11259451799874,6.870363873208706,1.867199722705874,-3.474173282823083,1.7979087762338164,BabyLM 125M — final layer
1.6873900381246503,-0.8663471857799703,8.03142157474251,6.870363873208706,1.867199722705874,-3.474173282823083,1.7979087762338164,BabyLM 125M — final layer
1.8410417825174124,-0.8663471857799703,7.946041039163394,6.870363873208706,1.867199722705874,-3.474173282823083,1.7979087762338164,BabyLM 125M — final layer
1.9946935269101749,-0.8663471857799703,7.856452911261398,6.870363873208706,1.867199722705874,-3.474173282823083,1.7979087762338164,BabyLM 125M — final layer
2.148345271302937,-0.8663471857799703,7.762657191036518,6.870363873208706,1.867199722705874,-3.474173282823083,1.7979087762338164,BabyLM 125M — final layer
2.3019970156956995,-0.8663471857799703,7.664653878488757,6.870363873208706,1.867199722705874,-3.474173282823083,1.7979087762338164,BabyLM 125M — final layer
2.455648760088462,-0.8663471857799703,7.562442973618113,6.870363873208706,1.867199722705874,-3.474173282823083,1.7979087762338164,BabyLM 125M — final layer
-2.0002518273016485,-0.6991204134005011,8.779613421812538,6.870363873208706,1.867199722705874,-3.474173282823083,1.7979087762338164,BabyLM 125M — final layer
-1.846600082908886,-0.6991204134005011,8.792984481706284,6.870363873208706,1.867199722705874,-3.474173282823083,1.7979087762338164,BabyLM 125M — final layer
-1.6929483385161237,-0.6991204134005011,8.802147949277147,6.870363873208706,1.867199722705874,-3.474173282823083,1.7979087762338164,BabyLM 125M — final layer
-1.5392965941233612,-0.6991204134005011,8.807103824525129,6.870363873208706,1.867199722705874,-3.474173282823083,1.7979087762338164,BabyLM 125M — final layer
-1.3856448497305989,-0.6991204134005011,8.807852107450227,6.870363873208706,1.867199722705874,-3.474173282823083,1.7979087762338164,BabyLM 125M — final layer
-1.2319931053378363,-0.6991204134005011,8.804392798052444,6.870363873208706,1.867199722705874,-3.474173282823083,1.7979087762338164,BabyLM 125M — final layer
-1.0783413609450738,-0.6991204134005011,8.796725896331777,6.870363873208706,1.867199722705874,-3.474173282823083,1.7979087762338164,BabyLM 125M — final layer
-0.9246896165523115,-0.6991204134005011,8.78485140228823,6.870363873208706,1.867199722705874,-3.474173282823083,1.7979087762338164,BabyLM 125M — final layer
-0.771037872159549,-0.6991204134005011,8.768769315921798,6.870363873208706,1.867199722705874,-3.474173282823083,1.7979087762338164,BabyLM 125M — final layer
-0.6173861277667865,-0.6991204134005011,8.748479637232485,6.870363873208706,1.867199722705874,-3.474173282823083,1.7979087762338164,BabyLM 125M — final layer
-0.4637343833740242,-0.6991204134005011,8.723982366220289,6.870363873208706,1.867199722705874,-3.474173282823083,1.7979087762338164,BabyLM 125M — final layer
-0.31008263898126165,-0.6991204134005011,8.695277502885212,6.870363873208706,1.867199722705874,-3.474173282823083,1.7979087762338164,BabyLM 125M — final layer
-0.15643089458849913,-0.6991204134005011,8.662365047227253,6.870363873208706,1.867199722705874,-3.474173282823083,1.7979087762338164,BabyLM 125M — final layer
-0.0027791501957368236,-0.6991204134005011,8.625244999246409,6.870363873208706,1.867199722705874,-3.474173282823083,1.7979087762338164,BabyLM 125M — final layer
0.15087259419702548,-0.6991204134005011,8.583917358942685,6.870363873208706,1.867199722705874,-3.474173282823083,1.7979087762338164,BabyLM 125M — final layer
0.304524338589788,-0.6991204134005011,8.538382126316078,6.870363873208706,1.867199722705874,-3.474173282823083,1.7979087762338164,BabyLM 125M — final layer
0.4581760829825505,-0.6991204134005011,8.488639301366588,6.870363873208706,1.867199722705874,-3.474173282823083,1.7979087762338164,BabyLM 125M — final layer
0.611827827375313,-0.6991204134005011,8.434688884094216,6.870363873208706,1.867199722705874,-3.474173282823083,1.7979087762338164,BabyLM 125M — final layer
0.7654795717680756,-0.6991204134005011,8.376530874498961,6.870363873208706,1.867199722705874,-3.474173282823083,1.7979087762338164,BabyLM 125M — final layer
0.9191313161608377,-0.6991204134005011,8.314165272580825,6.870363873208706,1.867199722705874,-3.474173282823083,1.7979087762338164,BabyLM 125M — final layer
1.0727830605536002,-0.6991204134005011,8.247592078339805,6.870363873208706,1.867199722705874,-3.474173282823083,1.7979087762338164,BabyLM 125M — final layer
1.2264348049463627,-0.6991204134005011,8.176811291775904,6.870363873208706,1.867199722705874,-3.474173282823083,1.7979087762338164,BabyLM 125M — final layer
1.3800865493391252,-0.6991204134005011,8.10182291288912,6.870363873208706,1.867199722705874,-3.474173282823083,1.7979087762338164,BabyLM 125M — final layer
1.5337382937318877,-0.6991204134005011,8.022626941679453,6.870363873208706,1.867199722705874,-3.474173282823083,1.7979087762338164,BabyLM 125M — final layer
1.6873900381246503,-0.6991204134005011,7.939223378146905,6.870363873208706,1.867199722705874,-3.474173282823083,1.7979087762338164,BabyLM 125M — final layer
1.8410417825174124,-0.6991204134005011,7.851612222291474,6.870363873208706,1.867199722705874,-3.474173282823083,1.7979087762338164,BabyLM 125M — final layer
1.9946935269101749,-0.6991204134005011,7.7597934741131604,6.870363873208706,1.867199722705874,-3.474173282823083,1.7979087762338164,BabyLM 125M — final layer
2.148345271302937,-0.6991204134005011,7.663767133611965,6.870363873208706,1.867199722705874,-3.474173282823083,1.7979087762338164,BabyLM 125M — final layer
2.3019970156956995,-0.6991204134005011,7.563533200787887,6.870363873208706,1.867199722705874,-3.474173282823083,1.7979087762338164,BabyLM 125M — final layer
2.455648760088462,-0.6991204134005011,7.459091675640926,6.870363873208706,1.867199722705874,-3.474173282823083,1.7979087762338164,BabyLM 125M — final layer
-2.0002518273016485,-0.531893641021032,8.748651212900235,6.870363873208706,1.867199722705874,-3.474173282823083,1.7979087762338164,BabyLM 125M — final layer
-1.846600082908886,-0.531893641021032,8.759791652517665,6.870363873208706,1.867199722705874,-3.474173282823083,1.7979087762338164,BabyLM 125M — final layer
-1.6929483385161237,-0.531893641021032,8.766724499812211,6.870363873208706,1.867199722705874,-3.474173282823083,1.7979087762338164,BabyLM 125M — final layer
-1.5392965941233612,-0.531893641021032,8.769449754783876,6.870363873208706,1.867199722705874,-3.474173282823083,1.7979087762338164,BabyLM 125M — final layer
-1.3856448497305989,-0.531893641021032,8.767967417432658,6.870363873208706,1.867199722705874,-3.474173282823083,1.7979087762338164,BabyLM 125M — final layer
-1.2319931053378363,-0.531893641021032,8.762277487758558,6.870363873208706,1.867199722705874,-3.474173282823083,1.7979087762338164,BabyLM 125M — final layer
-1.0783413609450738,-0.531893641021032,8.752379965761577,6.870363873208706,1.867199722705874,-3.474173282823083,1.7979087762338164,BabyLM 125M — final layer
-0.9246896165523115,-0.531893641021032,8.73827485144171,6.870363873208706,1.867199722705874,-3.474173282823083,1.7979087762338164,BabyLM 125M — final layer
-0.771037872159549,-0.531893641021032,8.719962144798965,6.870363873208706,1.867199722705874,-3.474173282823083,1.7979087762338164,BabyLM 125M — final layer
-0.6173861277667865,-0.531893641021032,8.697441845833335,6.870363873208706,1.867199722705874,-3.474173282823083,1.7979087762338164,BabyLM 125M — final layer
-0.4637343833740242,-0.531893641021032,8.670713954544823,6.870363873208706,1.867199722705874,-3.474173282823083,1.7979087762338164,BabyLM 125M — final layer
-0.31008263898126165,-0.531893641021032,8.639778470933429,6.870363873208706,1.867199722705874,-3.474173282823083,1.7979087762338164,BabyLM 125M — final layer
-0.15643089458849913,-0.531893641021032,8.604635394999152,6.870363873208706,1.867199722705874,-3.474173282823083,1.7979087762338164,BabyLM 125M — final layer
-0.0027791501957368236,-0.531893641021032,8.565284726741993,6.870363873208706,1.867199722705874,-3.474173282823083,1.7979087762338164,BabyLM 125M — final layer
0.15087259419702548,-0.531893641021032,8.521726466161951,6.870363873208706,1.867199722705874,-3.474173282823083,1.7979087762338164,BabyLM 125M — final layer
0.304524338589788,-0.531893641021032,8.473960613259027,6.870363873208706,1.867199722705874,-3.474173282823083,1.7979087762338164,BabyLM 125M — final layer
0.4581760829825505,-0.531893641021032,8.42198716803322,6.870363873208706,1.867199722705874,-3.474173282823083,1.7979087762338164,BabyLM 125M — final layer
0.611827827375313,-0.531893641021032,8.365806130484533,6.870363873208706,1.867199722705874,-3.474173282823083,1.7979087762338164,BabyLM 125M — final layer
0.7654795717680756,-0.531893641021032,8.305417500612963,6.870363873208706,1.867199722705874,-3.474173282823083,1.7979087762338164,BabyLM 125M — final layer
0.9191313161608377,-0.531893641021032,8.240821278418508,6.870363873208706,1.867199722705874,-3.474173282823083,1.7979087762338164,BabyLM 125M — final layer
1.0727830605536002,-0.531893641021032,8.172017463901174,6.870363873208706,1.867199722705874,-3.474173282823083,1.7979087762338164,BabyLM 125M — final layer
1.2264348049463627,-0.531893641021032,8.099006057060956,6.870363873208706,1.867199722705874,-3.474173282823083,1.7979087762338164,BabyLM 125M — final layer
1.3800865493391252,-0.531893641021032,8.021787057897855,6.870363873208706,1.867199722705874,-3.474173282823083,1.7979087762338164,BabyLM 125M — final layer
1.5337382937318877,-0.531893641021032,7.940360466411872,6.870363873208706,1.867199722705874,-3.474173282823083,1.7979087762338164,BabyLM 125M — final layer
1.6873900381246503,-0.531893641021032,7.854726282603007,6.870363873208706,1.867199722705874,-3.474173282823083,1.7979087762338164,BabyLM 125M — final layer
1.8410417825174124,-0.531893641021032,7.76488450647126,6.870363873208706,1.867199722705874,-3.474173282823083,1.7979087762338164,BabyLM 125M — final layer
1.9946935269101749,-0.531893641021032,7.6708351380166295,6.870363873208706,1.867199722705874,-3.474173282823083,1.7979087762338164,BabyLM 125M — final layer
2.148345271302937,-0.531893641021032,7.572578177239118,6.870363873208706,1.867199722705874,-3.474173282823083,1.7979087762338164,BabyLM 125M — final layer
2.3019970156956995,-0.531893641021032,7.470113624138723,6.870363873208706,1.867199722705874,-3.474173282823083,1.7979087762338164,BabyLM 125M — final layer
2.455648760088462,-0.531893641021032,7.363441478715447,6.870363873208706,1.867199722705874,-3.474173282823083,1.7979087762338164,BabyLM 125M — final layer
-2.0002518273016485,-0.3646668686415624,8.725390105039638,6.870363873208706,1.867199722705874,-3.474173282823083,1.7979087762338164,BabyLM 125M — final layer
-1.846600082908886,-0.3646668686415624,8.734299924380752,6.870363873208706,1.867199722705874,-3.474173282823083,1.7979087762338164,BabyLM 125M — final layer
-1.6929483385161237,-0.3646668686415624,8.739002151398982,6.870363873208706,1.867199722705874,-3.474173282823083,1.7979087762338164,BabyLM 125M — final layer
-1.5392965941233612,-0.3646668686415624,8.73949678609433,6.870363873208706,1.867199722705874,-3.474173282823083,1.7979087762338164,BabyLM 125M — final layer
-1.3856448497305989,-0.3646668686415624,8.735783828466795,6.870363873208706,1.867199722705874,-3.474173282823083,1.7979087762338164,BabyLM 125M — final layer
-1.2319931053378363,-0.3646668686415624,8.727863278516379,6.870363873208706,1.867199722705874,-3.474173282823083,1.7979087762338164,BabyLM 125M — final layer
-1.0783413609450738,-0.3646668686415624,8.715735136243081,6.870363873208706,1.867199722705874,-3.474173282823083,1.7979087762338164,BabyLM 125M — final layer
-0.9246896165523115,-0.3646668686415624,8.699399401646899,6.870363873208706,1.867199722705874,-3.474173282823083,1.7979087762338164,BabyLM 125M — final layer
-0.771037872159549,-0.3646668686415624,8.678856074727836,6.870363873208706,1.867199722705874,-3.474173282823083,1.7979087762338164,BabyLM 125M — final layer
-0.6173861277667865,-0.3646668686415624,8.65410515548589,6.870363873208706,1.867199722705874,-3.474173282823083,1.7979087762338164,BabyLM 125M — final layer
-0.4637343833740242,-0.3646668686415624,8.625146643921061,6.870363873208706,1.867199722705874,-3.474173282823083,1.7979087762338164,BabyLM 125M — final layer
-0.31008263898126165,-0.3646668686415624,8.59198054003335,6.870363873208706,1.867199722705874,-3.474173282823083,1.7979087762338164,BabyLM 125M — final layer
-0.15643089458849913,-0.3646668686415624,8.554606843822757,6.870363873208706,1.867199722705874,-3.474173282823083,1.7979087762338164,BabyLM 125M — final layer
-0.0027791501957368236,-0.3646668686415624,8.513025555289282,6.870363873208706,1.867199722705874,-3.474173282823083,1.7979087762338164,BabyLM 125M — final layer
0.15087259419702548,-0.3646668686415624,8.467236674432923,6.870363873208706,1.867199722705874,-3.474173282823083,1.7979087762338164,BabyLM 125M — final layer
0.304524338589788,-0.3646668686415624,8.417240201253684,6.870363873208706,1.867199722705874,-3.474173282823083,1.7979087762338164,BabyLM 125M — final layer
0.4581760829825505,-0.3646668686415624,8.36303613575156,6.870363873208706,1.867199722705874,-3.474173282823083,1.7979087762338164,BabyLM 125M — final layer
0.611827827375313,-0.3646668686415624,8.304624477926556,6.870363873208706,1.867199722705874,-3.474173282823083,1.7979087762338164,BabyLM 125M — final layer
0.7654795717680756,-0.3646668686415624,8.24200522777867,6.870363873208706,1.867199722705874,-3.474173282823083,1.7979087762338164,BabyLM 125M — final layer
0.9191313161608377,-0.3646668686415624,8.1751783853079,6.870363873208706,1.867199722705874,-3.474173282823083,1.7979087762338164,BabyLM 125M — final layer
1.0727830605536002,-0.3646668686415624,8.104143950514247,6.870363873208706,1.867199722705874,-3.474173282823083,1.7979087762338164,BabyLM 125M — final layer
1.2264348049463627,-0.3646668686415624,8.028901923397713,6.870363873208706,1.867199722705874,-3.474173282823083,1.7979087762338164,BabyLM 125M — final layer
1.3800865493391252,-0.3646668686415624,7.949452303958296,6.870363873208706,1.867199722705874,-3.474173282823083,1.7979087762338164,BabyLM 125M — final layer
1.5337382937318877,-0.3646668686415624,7.865795092195997,6.870363873208706,1.867199722705874,-3.474173282823083,1.7979087762338164,BabyLM 125M — final layer
1.6873900381246503,-0.3646668686415624,7.777930288110815,6.870363873208706,1.867199722705874,-3.474173282823083,1.7979087762338164,BabyLM 125M — final layer
1.8410417825174124,-0.3646668686415624,7.685857891702751,6.870363873208706,1.867199722705874,-3.474173282823083,1.7979087762338164,BabyLM 125M — final layer
1.9946935269101749,-0.3646668686415624,7.589577902971805,6.870363873208706,1.867199722705874,-3.474173282823083,1.7979087762338164,BabyLM 125M — final layer
2.148345271302937,-0.3646668686415624,7.489090321917977,6.870363873208706,1.867199722705874,-3.474173282823083,1.7979087762338164,BabyLM 125M — final layer
2.3019970156956995,-0.3646668686415624,7.384395148541265,6.870363873208706,1.867199722705874,-3.474173282823083,1.7979087762338164,BabyLM 125M — final layer
2.455648760088462,-0.3646668686415624,7.275492382841672,6.870363873208706,1.867199722705874,-3.474173282823083,1.7979087762338164,BabyLM 125M — final layer
-2.0002518273016485,-0.19744009626209325,8.709830098230748,6.870363873208706,1.867199722705874,-3.474173282823083,1.7979087762338164,BabyLM 125M — final layer
-1.846600082908886,-0.19744009626209325,8.716509297295545,6.870363873208706,1.867199722705874,-3.474173282823083,1.7979087762338164,BabyLM 125M — final layer
-1.6929483385161237,-0.19744009626209325,8.718980904037458,6.870363873208706,1.867199722705874,-3.474173282823083,1.7979087762338164,BabyLM 125M — final layer
-1.5392965941233612,-0.19744009626209325,8.71724491845649,6.870363873208706,1.867199722705874,-3.474173282823083,1.7979087762338164,BabyLM 125M — final layer
-1.3856448497305989,-0.19744009626209325,8.71130134055264,6.870363873208706,1.867199722705874,-3.474173282823083,1.7979087762338164,BabyLM 125M — final layer
-1.2319931053378363,-0.19744009626209325,8.701150170325906,6.870363873208706,1.867199722705874,-3.474173282823083,1.7979087762338164,BabyLM 125M — final layer
-1.0783413609450738,-0.19744009626209325,8.68679140777629,6.870363873208706,1.867199722705874,-3.474173282823083,1.7979087762338164,BabyLM 125M — final layer
-0.9246896165523115,-0.19744009626209325,8.668225052903793,6.870363873208706,1.867199722705874,-3.474173282823083,1.7979087762338164,BabyLM 125M — final layer
-0.771037872159549,-0.19744009626209325,8.645451105708414,6.870363873208706,1.867199722705874,-3.474173282823083,1.7979087762338164,BabyLM 125M — final layer
-0.6173861277667865,-0.19744009626209325,8.61846956619015,6.870363873208706,1.867199722705874,-3.474173282823083,1.7979087762338164,BabyLM 125M — final layer
-0.4637343833740242,-0.19744009626209325,8.587280434349006,6.870363873208706,1.867199722705874,-3.474173282823083,1.7979087762338164,BabyLM 125M — final layer
-0.31008263898126165,-0.19744009626209325,8.55188371018498,6.870363873208706,1.867199722705874,-3.474173282823083,1.7979087762338164,BabyLM 125M — final layer
-0.15643089458849913,-0.19744009626209325,8.51227939369807,6.870363873208706,1.867199722705874,-3.474173282823083,1.7979087762338164,BabyLM 125M — final layer
-0.0027791501957368236,-0.19744009626209325,8.468467484888277,6.870363873208706,1.867199722705874,-3.474173282823083,1.7979087762338164,BabyLM 125M — final layer
0.15087259419702548,-0.19744009626209325,8.420447983755603,6.870363873208706,1.867199722705874,-3.474173282823083,1.7979087762338164,BabyLM 125M — final layer
0.304524338589788,-0.19744009626209325,8.368220890300046,6.870363873208706,1.867199722705874,-3.474173282823083,1.7979087762338164,BabyLM 125M — final layer
0.4581760829825505,-0.19744009626209325,8.311786204521606,6.870363873208706,1.867199722705874,-3.474173282823083,1.7979087762338164,BabyLM 125M — final layer
0.611827827375313,-0.19744009626209325,8.251143926420285,6.870363873208706,1.867199722705874,-3.474173282823083,1.7979087762338164,BabyLM 125M — final layer
0.7654795717680756,-0.19744009626209325,8.186294055996083,6.870363873208706,1.867199722705874,-3.474173282823083,1.7979087762338164,BabyLM 125M — final layer
0.9191313161608377,-0.19744009626209325,8.117236593248997,6.870363873208706,1.867199722705874,-3.474173282823083,1.7979087762338164,BabyLM 125M — final layer
1.0727830605536002,-0.19744009626209325,8.043971538179028,6.870363873208706,1.867199722705874,-3.474173282823083,1.7979087762338164,BabyLM 125M — final layer
1.2264348049463627,-0.19744009626209325,7.966498890786176,6.870363873208706,1.867199722705874,-3.474173282823083,1.7979087762338164,BabyLM 125M — final layer
1.3800865493391252,-0.19744009626209325,7.884818651070443,6.870363873208706,1.867199722705874,-3.474173282823083,1.7979087762338164,BabyLM 125M — final layer
1.5337382937318877,-0.19744009626209325,7.798930819031828,6.870363873208706,1.867199722705874,-3.474173282823083,1.7979087762338164,BabyLM 125M — final layer
1.6873900381246503,-0.19744009626209325,7.708835394670329,6.870363873208706,1.867199722705874,-3.474173282823083,1.7979087762338164,BabyLM 125M — final layer
1.8410417825174124,-0.19744009626209325,7.614532377985949,6.870363873208706,1.867199722705874,-3.474173282823083,1.7979087762338164,BabyLM 125M — final layer
1.9946935269101749,-0.19744009626209325,7.516021768978686,6.870363873208706,1.867199722705874,-3.474173282823083,1.7979087762338164,BabyLM 125M — final layer
2.148345271302937,-0.19744009626209325,7.4133035676485415,6.870363873208706,1.867199722705874,-3.474173282823083,1.7979087762338164,BabyLM 125M — final layer
2.3019970156956995,-0.19744009626209325,7.306377773995514,6.870363873208706,1.867199722705874,-3.474173282823083,1.7979087762338164,BabyLM 125M — final layer
2.455648760088462,-0.19744009626209325,7.195244388019604,6.870363873208706,1.867199722705874,-3.474173282823083,1.7979087762338164,BabyLM 125M — final layer
-2.0002518273016485,-0.030213323882623655,8.701971192473563,6.870363873208706,1.867199722705874,-3.474173282823083,1.7979087762338164,BabyLM 125M — final layer
-1.846600082908886,-0.030213323882623655,8.706419771262043,6.870363873208706,1.867199722705874,-3.474173282823083,1.7979087762338164,BabyLM 125M — final layer
-1.6929483385161237,-0.030213323882623655,8.70666075772764,6.870363873208706,1.867199722705874,-3.474173282823083,1.7979087762338164,BabyLM 125M — final layer
-1.5392965941233612,-0.030213323882623655,8.702694151870356,6.870363873208706,1.867199722705874,-3.474173282823083,1.7979087762338164,BabyLM 125M — final layer
-1.3856448497305989,-0.030213323882623655,8.69451995369019,6.870363873208706,1.867199722705874,-3.474173282823083,1.7979087762338164,BabyLM 125M — final layer
-1.2319931053378363,-0.030213323882623655,8.68213816318714,6.870363873208706,1.867199722705874,-3.474173282823083,1.7979087762338164,BabyLM 125M — final layer
-1.0783413609450738,-0.030213323882623655,8.665548780361208,6.870363873208706,1.867199722705874,-3.474173282823083,1.7979087762338164,BabyLM 125M — final layer
-0.9246896165523115,-0.030213323882623655,8.644751805212394,6.870363873208706,1.867199722705874,-3.474173282823083,1.7979087762338164,BabyLM 125M — final layer
-0.771037872159549,-0.030213323882623655,8.619747237740697,6.870363873208706,1.867199722705874,-3.474173282823083,1.7979087762338164,BabyLM 125M — final layer
-0.6173861277667865,-0.030213323882623655,8.590535077946118,6.870363873208706,1.867199722705874,-3.474173282823083,1.7979087762338164,BabyLM 125M — final layer
-0.4637343833740242,-0.030213323882623655,8.557115325828656,6.870363873208706,1.867199722705874,-3.474173282823083,1.7979087762338164,BabyLM 125M — final layer
-0.31008263898126165,-0.030213323882623655,8.519487981388313,6.870363873208706,1.867199722705874,-3.474173282823083,1.7979087762338164,BabyLM 125M — final layer
-0.15643089458849913,-0.030213323882623655,8.477653044625088,6.870363873208706,1.867199722705874,-3.474173282823083,1.7979087762338164,BabyLM 125M — final layer
-0.0027791501957368236,-0.030213323882623655,8.431610515538978,6.870363873208706,1.867199722705874,-3.474173282823083,1.7979087762338164,BabyLM 125M — final layer
0.15087259419702548,-0.030213323882623655,8.381360394129988,6.870363873208706,1.867199722705874,-3.474173282823083,1.7979087762338164,BabyLM 125M — final layer
0.304524338589788,-0.030213323882623655,8.326902680398115,6.870363873208706,1.867199722705874,-3.474173282823083,1.7979087762338164,BabyLM 125M — final layer
0.4581760829825505,-0.030213323882623655,8.268237374343359,6.870363873208706,1.867199722705874,-3.474173282823083,1.7979087762338164,BabyLM 125M — final layer
0.611827827375313,-0.030213323882623655,8.205364475965721,6.870363873208706,1.867199722705874,-3.474173282823083,1.7979087762338164,BabyLM 125M — final layer
0.7654795717680756,-0.030213323882623655,8.1382839852652,6.870363873208706,1.867199722705874,-3.474173282823083,1.7979087762338164,BabyLM 125M — final layer
0.9191313161608377,-0.030213323882623655,8.066995902241798,6.870363873208706,1.867199722705874,-3.474173282823083,1.7979087762338164,BabyLM 125M — final layer
1.0727830605536002,-0.030213323882623655,7.991500226895513,6.870363873208706,1.867199722705874,-3.474173282823083,1.7979087762338164,BabyLM 125M — final layer
1.2264348049463627,-0.030213323882623655,7.911796959226346,6.870363873208706,1.867199722705874,-3.474173282823083,1.7979087762338164,BabyLM 125M — final layer
1.3800865493391252,-0.030213323882623655,7.827886099234296,6.870363873208706,1.867199722705874,-3.474173282823083,1.7979087762338164,BabyLM 125M — final layer
1.5337382937318877,-0.030213323882623655,7.739767646919364,6.870363873208706,1.867199722705874,-3.474173282823083,1.7979087762338164,BabyLM 125M — final layer
1.6873900381246503,-0.030213323882623655,7.64744160228155,6.870363873208706,1.867199722705874,-3.474173282823083,1.7979087762338164,BabyLM 125M — final layer
1.8410417825174124,-0.030213323882623655,7.550907965320853,6.870363873208706,1.867199722705874,-3.474173282823083,1.7979087762338164,BabyLM 125M — final layer
1.9946935269101749,-0.030213323882623655,7.450166736037273,6.870363873208706,1.867199722705874,-3.474173282823083,1.7979087762338164,BabyLM 125M — final layer
2.148345271302937,-0.030213323882623655,7.345217914430812,6.870363873208706,1.867199722705874,-3.474173282823083,1.7979087762338164,BabyLM 125M — final layer
2.3019970156956995,-0.030213323882623655,7.236061500501468,6.870363873208706,1.867199722705874,-3.474173282823083,1.7979087762338164,BabyLM 125M — final layer
2.455648760088462,-0.030213323882623655,7.122697494249242,6.870363873208706,1.867199722705874,-3.474173282823083,1.7979087762338164,BabyLM 125M — final layer
-2.0002518273016485,0.1370134484968455,8.701813387768084,6.870363873208706,1.867199722705874,-3.474173282823083,1.7979087762338164,BabyLM 125M — final layer
-1.846600082908886,0.1370134484968455,8.704031346280248,6.870363873208706,1.867199722705874,-3.474173282823083,1.7979087762338164,BabyLM 125M — final layer
-1.6929483385161237,0.1370134484968455,8.70204171246953,6.870363873208706,1.867199722705874,-3.474173282823083,1.7979087762338164,BabyLM 125M — final layer
-1.5392965941233612,0.1370134484968455,8.695844486335929,6.870363873208706,1.867199722705874,-3.474173282823083,1.7979087762338164,BabyLM 125M — final layer
-1.3856448497305989,0.1370134484968455,8.685439667879445,6.870363873208706,1.867199722705874,-3.474173282823083,1.7979087762338164,BabyLM 125M — final layer
-1.2319931053378363,0.1370134484968455,8.670827257100079,6.870363873208706,1.867199722705874,-3.474173282823083,1.7979087762338164,BabyLM 125M — final layer
-1.0783413609450738,0.1370134484968455,8.65200725399783,6.870363873208706,1.867199722705874,-3.474173282823083,1.7979087762338164,BabyLM 125M — final layer
-0.9246896165523115,0.1370134484968455,8.6289796585727,6.870363873208706,1.867199722705874,-3.474173282823083,1.7979087762338164,BabyLM 125M — final layer
-0.771037872159549,0.1370134484968455,8.601744470824686,6.870363873208706,1.867199722705874,-3.474173282823083,1.7979087762338164,BabyLM 125M — final layer
-0.6173861277667865,0.1370134484968455,8.57030169075379,6.870363873208706,1.867199722705874,-3.474173282823083,1.7979087762338164,BabyLM 125M — final layer
-0.4637343833740242,0.1370134484968455,8.534651318360014,6.870363873208706,1.867199722705874,-3.474173282823083,1.7979087762338164,BabyLM 125M — final layer
-0.31008263898126165,0.1370134484968455,8.494793353643354,6.870363873208706,1.867199722705874,-3.474173282823083,1.7979087762338164,BabyLM 125M — final layer
-0.15643089458849913,0.1370134484968455,8.450727796603811,6.870363873208706,1.867199722705874,-3.474173282823083,1.7979087762338164,BabyLM 125M — final layer
-0.0027791501957368236,0.1370134484968455,8.402454647241386,6.870363873208706,1.867199722705874,-3.474173282823083,1.7979087762338164,BabyLM 125M — final layer
0.15087259419702548,0.1370134484968455,8.349973905556078,6.870363873208706,1.867199722705874,-3.474173282823083,1.7979087762338164,BabyLM 125M — final layer
0.304524338589788,0.1370134484968455,8.293285571547889,6.870363873208706,1.867199722705874,-3.474173282823083,1.7979087762338164,BabyLM 125M — final layer
0.4581760829825505,0.1370134484968455,8.232389645216816,6.870363873208706,1.867199722705874,-3.474173282823083,1.7979087762338164,BabyLM 125M — final layer
0.611827827375313,0.1370134484968455,8.167286126562862,6.870363873208706,1.867199722705874,-3.474173282823083,1.7979087762338164,BabyLM 125M — final layer
0.7654795717680756,0.1370134484968455,8.097975015586027,6.870363873208706,1.867199722705874,-3.474173282823083,1.7979087762338164,BabyLM 125M — final layer
0.9191313161608377,0.1370134484968455,8.024456312286308,6.870363873208706,1.867199722705874,-3.474173282823083,1.7979087762338164,BabyLM 125M — final layer
1.0727830605536002,0.1370134484968455,7.946730016663706,6.870363873208706,1.867199722705874,-3.474173282823083,1.7979087762338164,BabyLM 125M — final layer
1.2264348049463627,0.1370134484968455,7.864796128718222,6.870363873208706,1.867199722705874,-3.474173282823083,1.7979087762338164,BabyLM 125M — final layer
1.3800865493391252,0.1370134484968455,7.778654648449855,6.870363873208706,1.867199722705874,-3.474173282823083,1.7979087762338164,BabyLM 125M — final layer
1.5337382937318877,0.1370134484968455,7.688305575858607,6.870363873208706,1.867199722705874,-3.474173282823083,1.7979087762338164,BabyLM 125M — final layer
1.6873900381246503,0.1370134484968455,7.593748910944476,6.870363873208706,1.867199722705874,-3.474173282823083,1.7979087762338164,BabyLM 125M — final layer
1.8410417825174124,0.1370134484968455,7.494984653707463,6.870363873208706,1.867199722705874,-3.474173282823083,1.7979087762338164,BabyLM 125M — final layer
1.9946935269101749,0.1370134484968455,7.392012804147567,6.870363873208706,1.867199722705874,-3.474173282823083,1.7979087762338164,BabyLM 125M — final layer
2.148345271302937,0.1370134484968455,7.284833362264789,6.870363873208706,1.867199722705874,-3.474173282823083,1.7979087762338164,BabyLM 125M — final layer
2.3019970156956995,0.1370134484968455,7.1734463280591285,6.870363873208706,1.867199722705874,-3.474173282823083,1.7979087762338164,BabyLM 125M — final layer
2.455648760088462,0.1370134484968455,7.057851701530586,6.870363873208706,1.867199722705874,-3.474173282823083,1.7979087762338164,BabyLM 125M — final layer
-2.0002518273016485,0.30424022087631464,8.709356684114312,6.870363873208706,1.867199722705874,-3.474173282823083,1.7979087762338164,BabyLM 125M — final layer
-1.846600082908886,0.30424022087631464,8.709344022350159,6.870363873208706,1.867199722705874,-3.474173282823083,1.7979087762338164,BabyLM 125M — final layer
-1.6929483385161237,0.30424022087631464,8.705123768263125,6.870363873208706,1.867199722705874,-3.474173282823083,1.7979087762338164,BabyLM 125M — final layer
-1.5392965941233612,0.30424022087631464,8.696695921853207,6.870363873208706,1.867199722705874,-3.474173282823083,1.7979087762338164,BabyLM 125M — final layer
-1.3856448497305989,0.30424022087631464,8.684060483120406,6.870363873208706,1.867199722705874,-3.474173282823083,1.7979087762338164,BabyLM 125M — final layer
-1.2319931053378363,0.30424022087631464,8.667217452064724,6.870363873208706,1.867199722705874,-3.474173282823083,1.7979087762338164,BabyLM 125M — final layer
-1.0783413609450738,0.30424022087631464,8.646166828686159,6.870363873208706,1.867199722705874,-3.474173282823083,1.7979087762338164,BabyLM 125M — final layer
-0.9246896165523115,0.30424022087631464,8.620908612984712,6.870363873208706,1.867199722705874,-3.474173282823083,1.7979087762338164,BabyLM 125M — final layer
-0.771037872159549,0.30424022087631464,8.591442804960382,6.870363873208706,1.867199722705874,-3.474173282823083,1.7979087762338164,BabyLM 125M — final layer
-0.6173861277667865,0.30424022087631464,8.55776940461317,6.870363873208706,1.867199722705874,-3.474173282823083,1.7979087762338164,BabyLM 125M — final layer
-0.4637343833740242,0.30424022087631464,8.519888411943077,6.870363873208706,1.867199722705874,-3.474173282823083,1.7979087762338164,BabyLM 125M — final layer
-0.31008263898126165,0.30424022087631464,8.4777998269501,6.870363873208706,1.867199722705874,-3.474173282823083,1.7979087762338164,BabyLM 125M — final layer
-0.15643089458849913,0.30424022087631464,8.43150364963424,6.870363873208706,1.867199722705874,-3.474173282823083,1.7979087762338164,BabyLM 125M — final layer
-0.0027791501957368236,0.30424022087631464,8.3809998799955,6.870363873208706,1.867199722705874,-3.474173282823083,1.7979087762338164,BabyLM 125M — final layer
0.15087259419702548,0.30424022087631464,8.326288518033875,6.870363873208706,1.867199722705874,-3.474173282823083,1.7979087762338164,BabyLM 125M — final layer
0.304524338589788,0.30424022087631464,8.26736956374937,6.870363873208706,1.867199722705874,-3.474173282823083,1.7979087762338164,BabyLM 125M — final layer
0.4581760829825505,0.30424022087631464,8.204243017141982,6.870363873208706,1.867199722705874,-3.474173282823083,1.7979087762338164,BabyLM 125M — final layer
0.611827827375313,0.30424022087631464,8.13690887821171,6.870363873208706,1.867199722705874,-3.474173282823083,1.7979087762338164,BabyLM 125M — final layer
0.7654795717680756,0.30424022087631464,8.065367146958557,6.870363873208706,1.867199722705874,-3.474173282823083,1.7979087762338164,BabyLM 125M — final layer
0.9191313161608377,0.30424022087631464,7.989617823382522,6.870363873208706,1.867199722705874,-3.474173282823083,1.7979087762338164,BabyLM 125M — final layer
1.0727830605536002,0.30424022087631464,7.9096609074836035,6.870363873208706,1.867199722705874,-3.474173282823083,1.7979087762338164,BabyLM 125M — final layer
1.2264348049463627,0.30424022087631464,7.825496399261803,6.870363873208706,1.867199722705874,-3.474173282823083,1.7979087762338164,BabyLM 125M — final layer
1.3800865493391252,0.30424022087631464,7.737124298717121,6.870363873208706,1.867199722705874,-3.474173282823083,1.7979087762338164,BabyLM 125M — final layer
1.5337382937318877,0.30424022087631464,7.644544605849556,6.870363873208706,1.867199722705874,-3.474173282823083,1.7979087762338164,BabyLM 125M — final layer
1.6873900381246503,0.30424022087631464,7.547757320659108,6.870363873208706,1.867199722705874,-3.474173282823083,1.7979087762338164,BabyLM 125M — final layer
1.8410417825174124,0.30424022087631464,7.446762443145778,6.870363873208706,1.867199722705874,-3.474173282823083,1.7979087762338164,BabyLM 125M — final layer
1.9946935269101749,0.30424022087631464,7.3415599733095664,6.870363873208706,1.867199722705874,-3.474173282823083,1.7979087762338164,BabyLM 125M — final layer
2.148345271302937,0.30424022087631464,7.232149911150472,6.870363873208706,1.867199722705874,-3.474173282823083,1.7979087762338164,BabyLM 125M — final layer
2.3019970156956995,0.30424022087631464,7.118532256668495,6.870363873208706,1.867199722705874,-3.474173282823083,1.7979087762338164,BabyLM 125M — final layer
2.455648760088462,0.30424022087631464,7.0007070098636355,6.870363873208706,1.867199722705874,-3.474173282823083,1.7979087762338164,BabyLM 125M — final layer
-2.0002518273016485,0.47146699325578423,8.724601081512246,6.870363873208706,1.867199722705874,-3.474173282823083,1.7979087762338164,BabyLM 125M — final layer
-1.846600082908886,0.47146699325578423,8.722357799471776,6.870363873208706,1.867199722705874,-3.474173282823083,1.7979087762338164,BabyLM 125M — final layer
-1.6929483385161237,0.47146699325578423,8.715906925108424,6.870363873208706,1.867199722705874,-3.474173282823083,1.7979087762338164,BabyLM 125M — final layer
-1.5392965941233612,0.47146699325578423,8.70524845842219,6.870363873208706,1.867199722705874,-3.474173282823083,1.7979087762338164,BabyLM 125M — final layer
-1.3856448497305989,0.47146699325578423,8.690382399413075,6.870363873208706,1.867199722705874,-3.474173282823083,1.7979087762338164,BabyLM 125M — final layer
-1.2319931053378363,0.47146699325578423,8.671308748081076,6.870363873208706,1.867199722705874,-3.474173282823083,1.7979087762338164,BabyLM 125M — final layer
-1.0783413609450738,0.47146699325578423,8.648027504426194,6.870363873208706,1.867199722705874,-3.474173282823083,1.7979087762338164,BabyLM 125M — final layer
-0.9246896165523115,0.47146699325578423,8.62053866844843,6.870363873208706,1.867199722705874,-3.474173282823083,1.7979087762338164,BabyLM 125M — final layer
-0.771037872159549,0.47146699325578423,8.588842240147784,6.870363873208706,1.867199722705874,-3.474173282823083,1.7979087762338164,BabyLM 125M — final layer
-0.6173861277667865,0.47146699325578423,8.552938219524256,6.870363873208706,1.867199722705874,-3.474173282823083,1.7979087762338164,BabyLM 125M — final layer
-0.4637343833740242,0.47146699325578423,8.512826606577846,6.870363873208706,1.867199722705874,-3.474173282823083,1.7979087762338164,BabyLM 125M — final layer
-0.31008263898126165,0.47146699325578423,8.468507401308552,6.870363873208706,1.867199722705874,-3.474173282823083,1.7979087762338164,BabyLM 125M — final layer
-0.15643089458849913,0.47146699325578423,8.419980603716377,6.870363873208706,1.867199722705874,-3.474173282823083,1.7979087762338164,BabyLM 125M — final layer
-0.0027791501957368236,0.47146699325578423,8.36724621380132,6.870363873208706,1.867199722705874,-3.474173282823083,1.7979087762338164,BabyLM 125M — final layer
0.15087259419702548,0.47146699325578423,8.310304231563379,6.870363873208706,1.867199722705874,-3.474173282823083,1.7979087762338164,BabyLM 125M — final layer
0.304524338589788,0.47146699325578423,8.249154657002556,6.870363873208706,1.867199722705874,-3.474173282823083,1.7979087762338164,BabyLM 125M — final layer
0.4581760829825505,0.47146699325578423,8.18379749011885,6.870363873208706,1.867199722705874,-3.474173282823083,1.7979087762338164,BabyLM 125M — final layer
0.611827827375313,0.47146699325578423,8.114232730912263,6.870363873208706,1.867199722705874,-3.474173282823083,1.7979087762338164,BabyLM 125M — final layer
0.7654795717680756,0.47146699325578423,8.040460379382795,6.870363873208706,1.867199722705874,-3.474173282823083,1.7979087762338164,BabyLM 125M — final layer
0.9191313161608377,0.47146699325578423,7.962480435530442,6.870363873208706,1.867199722705874,-3.474173282823083,1.7979087762338164,BabyLM 125M — final layer
1.0727830605536002,0.47146699325578423,7.880292899355208,6.870363873208706,1.867199722705874,-3.474173282823083,1.7979087762338164,BabyLM 125M — final layer
1.2264348049463627,0.47146699325578423,7.793897770857091,6.870363873208706,1.867199722705874,-3.474173282823083,1.7979087762338164,BabyLM 125M — final layer
1.3800865493391252,0.47146699325578423,7.703295050036092,6.870363873208706,1.867199722705874,-3.474173282823083,1.7979087762338164,BabyLM 125M — final layer
1.5337382937318877,0.47146699325578423,7.60848473689221,6.870363873208706,1.867199722705874,-3.474173282823083,1.7979087762338164,BabyLM 125M — final layer
1.6873900381246503,0.47146699325578423,7.5094668314254465,6.870363873208706,1.867199722705874,-3.474173282823083,1.7979087762338164,BabyLM 125M — final layer
1.8410417825174124,0.47146699325578423,7.4062413336358,6.870363873208706,1.867199722705874,-3.474173282823083,1.7979087762338164,BabyLM 125M — final layer
1.9946935269101749,0.47146699325578423,7.298808243523272,6.870363873208706,1.867199722705874,-3.474173282823083,1.7979087762338164,BabyLM 125M — final layer
2.148345271302937,0.47146699325578423,7.187167561087861,6.870363873208706,1.867199722705874,-3.474173282823083,1.7979087762338164,BabyLM 125M — final layer
2.3019970156956995,0.47146699325578423,7.071319286329568,6.870363873208706,1.867199722705874,-3.474173282823083,1.7979087762338164,BabyLM 125M — final layer
2.455648760088462,0.47146699325578423,6.9512634192483915,6.870363873208706,1.867199722705874,-3.474173282823083,1.7979087762338164,BabyLM 125M — final layer
-2.0002518273016485,0.6386937656352534,8.747546579961885,6.870363873208706,1.867199722705874,-3.474173282823083,1.7979087762338164,BabyLM 125M — final layer
-1.846600082908886,0.6386937656352534,8.743072677645099,6.870363873208706,1.867199722705874,-3.474173282823083,1.7979087762338164,BabyLM 125M — final layer
-1.6929483385161237,0.6386937656352534,8.734391183005432,6.870363873208706,1.867199722705874,-3.474173282823083,1.7979087762338164,BabyLM 125M — final layer
-1.5392965941233612,0.6386937656352534,8.721502096042881,6.870363873208706,1.867199722705874,-3.474173282823083,1.7979087762338164,BabyLM 125M — final layer
-1.3856448497305989,0.6386937656352534,8.704405416757448,6.870363873208706,1.867199722705874,-3.474173282823083,1.7979087762338164,BabyLM 125M — final layer
-1.2319931053378363,0.6386937656352534,8.683101145149132,6.870363873208706,1.867199722705874,-3.474173282823083,1.7979087762338164,BabyLM 125M — final layer
-1.0783413609450738,0.6386937656352534,8.657589281217934,6.870363873208706,1.867199722705874,-3.474173282823083,1.7979087762338164,BabyLM 125M — final layer
-0.9246896165523115,0.6386937656352534,8.627869824963854,6.870363873208706,1.867199722705874,-3.474173282823083,1.7979087762338164,BabyLM 125M — final layer
-0.771037872159549,0.6386937656352534,8.593942776386893,6.870363873208706,1.867199722705874,-3.474173282823083,1.7979087762338164,BabyLM 125M — final layer
-0.6173861277667865,0.6386937656352534,8.555808135487048,6.870363873208706,1.867199722705874,-3.474173282823083,1.7979087762338164,BabyLM 125M — final layer
-0.4637343833740242,0.6386937656352534,8.51346590226432,6.870363873208706,1.867199722705874,-3.474173282823083,1.7979087762338164,BabyLM 125M — final layer
-0.31008263898126165,0.6386937656352534,8.46691607671871,6.870363873208706,1.867199722705874,-3.474173282823083,1.7979087762338164,BabyLM 125M — final layer
-0.15643089458849913,0.6386937656352534,8.416158658850218,6.870363873208706,1.867199722705874,-3.474173282823083,1.7979087762338164,BabyLM 125M — final layer
-0.0027791501957368236,0.6386937656352534,8.361193648658844,6.870363873208706,1.867199722705874,-3.474173282823083,1.7979087762338164,BabyLM 125M — final layer
0.15087259419702548,0.6386937656352534,8.302021046144588,6.870363873208706,1.867199722705874,-3.474173282823083,1.7979087762338164,BabyLM 125M — final layer
0.304524338589788,0.6386937656352534,8.23864085130745,6.870363873208706,1.867199722705874,-3.474173282823083,1.7979087762338164,BabyLM 125M — final layer
0.4581760829825505,0.6386937656352534,8.171053064147427,6.870363873208706,1.867199722705874,-3.474173282823083,1.7979087762338164,BabyLM 125M — final layer
0.611827827375313,0.6386937656352534,8.099257684664524,6.870363873208706,1.867199722705874,-3.474173282823083,1.7979087762338164,BabyLM 125M — final layer
0.7654795717680756,0.6386937656352534,8.023254712858737,6.870363873208706,1.867199722705874,-3.474173282823083,1.7979087762338164,BabyLM 125M — final layer
0.9191313161608377,0.6386937656352534,7.94304414873007,6.870363873208706,1.867199722705874,-3.474173282823083,1.7979087762338164,BabyLM 125M — final layer
1.0727830605536002,0.6386937656352534,7.858625992278519,6.870363873208706,1.867199722705874,-3.474173282823083,1.7979087762338164,BabyLM 125M — final layer
1.2264348049463627,0.6386937656352534,7.770000243504085,6.870363873208706,1.867199722705874,-3.474173282823083,1.7979087762338164,BabyLM 125M — final layer
1.3800865493391252,0.6386937656352534,7.6771669024067695,6.870363873208706,1.867199722705874,-3.474173282823083,1.7979087762338164,BabyLM 125M — final layer
1.5337382937318877,0.6386937656352534,7.580125968986572,6.870363873208706,1.867199722705874,-3.474173282823083,1.7979087762338164,BabyLM 125M — final layer
1.6873900381246503,0.6386937656352534,7.4788774432434915,6.870363873208706,1.867199722705874,-3.474173282823083,1.7979087762338164,BabyLM 125M — final layer
1.8410417825174124,0.6386937656352534,7.373421325177529,6.870363873208706,1.867199722705874,-3.474173282823083,1.7979087762338164,BabyLM 125M — final layer
1.9946935269101749,0.6386937656352534,7.263757614788683,6.870363873208706,1.867199722705874,-3.474173282823083,1.7979087762338164,BabyLM 125M — final layer
2.148345271302937,0.6386937656352534,7.149886312076957,6.870363873208706,1.867199722705874,-3.474173282823083,1.7979087762338164,BabyLM 125M — final layer
2.3019970156956995,0.6386937656352534,7.031807417042346,6.870363873208706,1.867199722705874,-3.474173282823083,1.7979087762338164,BabyLM 125M — final layer
2.455648760088462,0.6386937656352534,6.909520929684854,6.870363873208706,1.867199722705874,-3.474173282823083,1.7979087762338164,BabyLM 125M — final layer
-2.0002518273016485,0.805920538014723,8.778193179463232,6.870363873208706,1.867199722705874,-3.474173282823083,1.7979087762338164,BabyLM 125M — final layer
-1.846600082908886,0.805920538014723,8.77148865687013,6.870363873208706,1.867199722705874,-3.474173282823083,1.7979087762338164,BabyLM 125M — final layer
-1.6929483385161237,0.805920538014723,8.760576541954144,6.870363873208706,1.867199722705874,-3.474173282823083,1.7979087762338164,BabyLM 125M — final layer
-1.5392965941233612,0.805920538014723,8.745456834715277,6.870363873208706,1.867199722705874,-3.474173282823083,1.7979087762338164,BabyLM 125M — final layer
-1.3856448497305989,0.805920538014723,8.726129535153527,6.870363873208706,1.867199722705874,-3.474173282823083,1.7979087762338164,BabyLM 125M — final layer
-1.2319931053378363,0.805920538014723,8.702594643268895,6.870363873208706,1.867199722705874,-3.474173282823083,1.7979087762338164,BabyLM 125M — final layer
-1.0783413609450738,0.805920538014723,8.674852159061382,6.870363873208706,1.867199722705874,-3.474173282823083,1.7979087762338164,BabyLM 125M — final layer
-0.9246896165523115,0.805920538014723,8.642902082530986,6.870363873208706,1.867199722705874,-3.474173282823083,1.7979087762338164,BabyLM 125M — final layer
-0.771037872159549,0.805920538014723,8.606744413677706,6.870363873208706,1.867199722705874,-3.474173282823083,1.7979087762338164,BabyLM 125M — final layer
-0.6173861277667865,0.805920538014723,8.566379152501545,6.870363873208706,1.867199722705874,-3.474173282823083,1.7979087762338164,BabyLM 125M — final layer
-0.4637343833740242,0.805920538014723,8.5218062990025,6.870363873208706,1.867199722705874,-3.474173282823083,1.7979087762338164,BabyLM 125M — final layer
-0.31008263898126165,0.805920538014723,8.473025853180575,6.870363873208706,1.867199722705874,-3.474173282823083,1.7979087762338164,BabyLM 125M — final layer
-0.15643089458849913,0.805920538014723,8.420037815035768,6.870363873208706,1.867199722705874,-3.474173282823083,1.7979087762338164,BabyLM 125M — final layer
-0.0027791501957368236,0.805920538014723,8.362842184568077,6.870363873208706,1.867199722705874,-3.474173282823083,1.7979087762338164,BabyLM 125M — final layer
0.15087259419702548,0.805920538014723,8.301438961777503,6.870363873208706,1.867199722705874,-3.474173282823083,1.7979087762338164,BabyLM 125M — final layer
0.304524338589788,0.805920538014723,8.235828146664048,6.870363873208706,1.867199722705874,-3.474173282823083,1.7979087762338164,BabyLM 125M — final layer
0.4581760829825505,0.805920538014723,8.16600973922771,6.870363873208706,1.867199722705874,-3.474173282823083,1.7979087762338164,BabyLM 125M — final layer
0.611827827375313,0.805920538014723,8.091983739468489,6.870363873208706,1.867199722705874,-3.474173282823083,1.7979087762338164,BabyLM 125M — final layer
0.7654795717680756,0.805920538014723,8.013750147386387,6.870363873208706,1.867199722705874,-3.474173282823083,1.7979087762338164,BabyLM 125M — final layer
0.9191313161608377,0.805920538014723,7.931308962981403,6.870363873208706,1.867199722705874,-3.474173282823083,1.7979087762338164,BabyLM 125M — final layer
1.0727830605536002,0.805920538014723,7.844660186253535,6.870363873208706,1.867199722705874,-3.474173282823083,1.7979087762338164,BabyLM 125M — final layer
1.2264348049463627,0.805920538014723,7.753803817202785,6.870363873208706,1.867199722705874,-3.474173282823083,1.7979087762338164,BabyLM 125M — final layer
1.3800865493391252,0.805920538014723,7.658739855829153,6.870363873208706,1.867199722705874,-3.474173282823083,1.7979087762338164,BabyLM 125M — final layer
1.5337382937318877,0.805920538014723,7.559468302132639,6.870363873208706,1.867199722705874,-3.474173282823083,1.7979087762338164,BabyLM 125M — final layer
1.6873900381246503,0.805920538014723,7.455989156113241,6.870363873208706,1.867199722705874,-3.474173282823083,1.7979087762338164,BabyLM 125M — final layer
1.8410417825174124,0.805920538014723,7.348302417770963,6.870363873208706,1.867199722705874,-3.474173282823083,1.7979087762338164,BabyLM 125M — final layer
1.9946935269101749,0.805920538014723,7.236408087105801,6.870363873208706,1.867199722705874,-3.474173282823083,1.7979087762338164,BabyLM 125M — final layer
2.148345271302937,0.805920538014723,7.120306164117757,6.870363873208706,1.867199722705874,-3.474173282823083,1.7979087762338164,BabyLM 125M — final layer
2.3019970156956995,0.805920538014723,6.999996648806831,6.870363873208706,1.867199722705874,-3.474173282823083,1.7979087762338164,BabyLM 125M — final layer
2.455648760088462,0.805920538014723,6.875479541173022,6.870363873208706,1.867199722705874,-3.474173282823083,1.7979087762338164,BabyLM 125M — final layer
-2.0002518273016485,0.9731473103941921,8.816540880016284,6.870363873208706,1.867199722705874,-3.474173282823083,1.7979087762338164,BabyLM 125M — final layer
-1.846600082908886,0.9731473103941921,8.807605737146865,6.870363873208706,1.867199722705874,-3.474173282823083,1.7979087762338164,BabyLM 125M — final layer
-1.6929483385161237,0.9731473103941921,8.794463001954563,6.870363873208706,1.867199722705874,-3.474173282823083,1.7979087762338164,BabyLM 125M — final layer
-1.5392965941233612,0.9731473103941921,8.77711267443938,6.870363873208706,1.867199722705874,-3.474173282823083,1.7979087762338164,BabyLM 125M — final layer
-1.3856448497305989,0.9731473103941921,8.755554754601313,6.870363873208706,1.867199722705874,-3.474173282823083,1.7979087762338164,BabyLM 125M — final layer
-1.2319931053378363,0.9731473103941921,8.729789242440365,6.870363873208706,1.867199722705874,-3.474173282823083,1.7979087762338164,BabyLM 125M — final layer
-1.0783413609450738,0.9731473103941921,8.699816137956535,6.870363873208706,1.867199722705874,-3.474173282823083,1.7979087762338164,BabyLM 125M — final layer
-0.9246896165523115,0.9731473103941921,8.665635441149822,6.870363873208706,1.867199722705874,-3.474173282823083,1.7979087762338164,BabyLM 125M — final layer
-0.771037872159549,0.9731473103941921,8.627247152020226,6.870363873208706,1.867199722705874,-3.474173282823083,1.7979087762338164,BabyLM 125M — final layer
-0.6173861277667865,0.9731473103941921,8.584651270567749,6.870363873208706,1.867199722705874,-3.474173282823083,1.7979087762338164,BabyLM 125M — final layer
-0.4637343833740242,0.9731473103941921,8.537847796792388,6.870363873208706,1.867199722705874,-3.474173282823083,1.7979087762338164,BabyLM 125M — final layer
-0.31008263898126165,0.9731473103941921,8.486836730694145,6.870363873208706,1.867199722705874,-3.474173282823083,1.7979087762338164,BabyLM 125M — final layer
-0.15643089458849913,0.9731473103941921,8.431618072273022,6.870363873208706,1.867199722705874,-3.474173282823083,1.7979087762338164,BabyLM 125M — final layer
-0.0027791501957368236,0.9731473103941921,8.372191821529015,6.870363873208706,1.867199722705874,-3.474173282823083,1.7979087762338164,BabyLM 125M — final layer
0.15087259419702548,0.9731473103941921,8.308557978462124,6.870363873208706,1.867199722705874,-3.474173282823083,1.7979087762338164,BabyLM 125M — final layer
0.304524338589788,0.9731473103941921,8.240716543072352,6.870363873208706,1.867199722705874,-3.474173282823083,1.7979087762338164,BabyLM 125M — final layer
0.4581760829825505,0.9731473103941921,8.168667515359699,6.870363873208706,1.867199722705874,-3.474173282823083,1.7979087762338164,BabyLM 125M — final layer
0.611827827375313,0.9731473103941921,8.09241089532416,6.870363873208706,1.867199722705874,-3.474173282823083,1.7979087762338164,BabyLM 125M — final layer
0.7654795717680756,0.9731473103941921,8.011946682965743,6.870363873208706,1.867199722705874,-3.474173282823083,1.7979087762338164,BabyLM 125M — final layer
0.9191313161608377,0.9731473103941921,7.927274878284441,6.870363873208706,1.867199722705874,-3.474173282823083,1.7979087762338164,BabyLM 125M — final layer
1.0727830605536002,0.9731473103941921,7.838395481280258,6.870363873208706,1.867199722705874,-3.474173282823083,1.7979087762338164,BabyLM 125M — final layer
1.2264348049463627,0.9731473103941921,7.745308491953192,6.870363873208706,1.867199722705874,-3.474173282823083,1.7979087762338164,BabyLM 125M — final layer
1.3800865493391252,0.9731473103941921,7.648013910303242,6.870363873208706,1.867199722705874,-3.474173282823083,1.7979087762338164,BabyLM 125M — final layer
1.5337382937318877,0.9731473103941921,7.5465117363304115,6.870363873208706,1.867199722705874,-3.474173282823083,1.7979087762338164,BabyLM 125M — final layer
1.6873900381246503,0.9731473103941921,7.440801970034698,6.870363873208706,1.867199722705874,-3.474173282823083,1.7979087762338164,BabyLM 125M — final layer
1.8410417825174124,0.9731473103941921,7.330884611416103,6.870363873208706,1.867199722705874,-3.474173282823083,1.7979087762338164,BabyLM 125M — final layer
1.9946935269101749,0.9731473103941921,7.216759660474625,6.870363873208706,1.867199722705874,-3.474173282823083,1.7979087762338164,BabyLM 125M — final layer
2.148345271302937,0.9731473103941921,7.098427117210265,6.870363873208706,1.867199722705874,-3.474173282823083,1.7979087762338164,BabyLM 125M — final layer
2.3019970156956995,0.9731473103941921,6.975886981623022,6.870363873208706,1.867199722705874,-3.474173282823083,1.7979087762338164,BabyLM 125M — final layer
2.455648760088462,0.9731473103941921,6.849139253712897,6.870363873208706,1.867199722705874,-3.474173282823083,1.7979087762338164,BabyLM 125M — final layer
-2.0002518273016485,1.1403740827736613,8.86258968162104,6.870363873208706,1.867199722705874,-3.474173282823083,1.7979087762338164,BabyLM 125M — final layer
-1.846600082908886,1.1403740827736613,8.851423918475305,6.870363873208706,1.867199722705874,-3.474173282823083,1.7979087762338164,BabyLM 125M — final layer
-1.6929483385161237,1.1403740827736613,8.836050563006689,6.870363873208706,1.867199722705874,-3.474173282823083,1.7979087762338164,BabyLM 125M — final layer
-1.5392965941233612,1.1403740827736613,8.816469615215189,6.870363873208706,1.867199722705874,-3.474173282823083,1.7979087762338164,BabyLM 125M — final layer
-1.3856448497305989,1.1403740827736613,8.792681075100806,6.870363873208706,1.867199722705874,-3.474173282823083,1.7979087762338164,BabyLM 125M — final layer
-1.2319931053378363,1.1403740827736613,8.764684942663541,6.870363873208706,1.867199722705874,-3.474173282823083,1.7979087762338164,BabyLM 125M — final layer
-1.0783413609450738,1.1403740827736613,8.732481217903393,6.870363873208706,1.867199722705874,-3.474173282823083,1.7979087762338164,BabyLM 125M — final layer
-0.9246896165523115,1.1403740827736613,8.696069900820364,6.870363873208706,1.867199722705874,-3.474173282823083,1.7979087762338164,BabyLM 125M — final layer
-0.771037872159549,1.1403740827736613,8.655450991414453,6.870363873208706,1.867199722705874,-3.474173282823083,1.7979087762338164,BabyLM 125M — final layer
-0.6173861277667865,1.1403740827736613,8.610624489685659,6.870363873208706,1.867199722705874,-3.474173282823083,1.7979087762338164,BabyLM 125M — final layer
-0.4637343833740242,1.1403740827736613,8.561590395633981,6.870363873208706,1.867199722705874,-3.474173282823083,1.7979087762338164,BabyLM 125M — final layer
-0.31008263898126165,1.1403740827736613,8.508348709259423,6.870363873208706,1.867199722705874,-3.474173282823083,1.7979087762338164,BabyLM 125M — final layer
-0.15643089458849913,1.1403740827736613,8.450899430561982,6.870363873208706,1.867199722705874,-3.474173282823083,1.7979087762338164,BabyLM 125M — final layer
-0.0027791501957368236,1.1403740827736613,8.389242559541659,6.870363873208706,1.867199722705874,-3.474173282823083,1.7979087762338164,BabyLM 125M — final layer
0.15087259419702548,1.1403740827736613,8.323378096198452,6.870363873208706,1.867199722705874,-3.474173282823083,1.7979087762338164,BabyLM 125M — final layer
0.304524338589788,1.1403740827736613,8.253306040532363,6.870363873208706,1.867199722705874,-3.474173282823083,1.7979087762338164,BabyLM 125M — final layer
0.4581760829825505,1.1403740827736613,8.179026392543392,6.870363873208706,1.867199722705874,-3.474173282823083,1.7979087762338164,BabyLM 125M — final layer
0.611827827375313,1.1403740827736613,8.100539152231539,6.870363873208706,1.867199722705874,-3.474173282823083,1.7979087762338164,BabyLM 125M — final layer
0.7654795717680756,1.1403740827736613,8.017844319596804,6.870363873208706,1.867199722705874,-3.474173282823083,1.7979087762338164,BabyLM 125M — final layer
0.9191313161608377,1.1403740827736613,7.9309418946391865,6.870363873208706,1.867199722705874,-3.474173282823083,1.7979087762338164,BabyLM 125M — final layer
1.0727830605536002,1.1403740827736613,7.8398318773586855,6.870363873208706,1.867199722705874,-3.474173282823083,1.7979087762338164,BabyLM 125M — final layer
1.2264348049463627,1.1403740827736613,7.744514267755303,6.870363873208706,1.867199722705874,-3.474173282823083,1.7979087762338164,BabyLM 125M — final layer
1.3800865493391252,1.1403740827736613,7.644989065829038,6.870363873208706,1.867199722705874,-3.474173282823083,1.7979087762338164,BabyLM 125M — final layer
1.5337382937318877,1.1403740827736613,7.541256271579891,6.870363873208706,1.867199722705874,-3.474173282823083,1.7979087762338164,BabyLM 125M — final layer
1.6873900381246503,1.1403740827736613,7.433315885007861,6.870363873208706,1.867199722705874,-3.474173282823083,1.7979087762338164,BabyLM 125M — final layer
1.8410417825174124,1.1403740827736613,7.321167906112949,6.870363873208706,1.867199722705874,-3.474173282823083,1.7979087762338164,BabyLM 125M — final layer
1.9946935269101749,1.1403740827736613,7.204812334895155,6.870363873208706,1.867199722705874,-3.474173282823083,1.7979087762338164,BabyLM 125M — final layer
2.148345271302937,1.1403740827736613,7.084249171354478,6.870363873208706,1.867199722705874,-3.474173282823083,1.7979087762338164,BabyLM 125M — final layer
2.3019970156956995,1.1403740827736613,6.959478415490919,6.870363873208706,1.867199722705874,-3.474173282823083,1.7979087762338164,BabyLM 125M — final layer
2.455648760088462,1.1403740827736613,6.830500067304477,6.870363873208706,1.867199722705874,-3.474173282823083,1.7979087762338164,BabyLM 125M — final layer
-2.0002518273016485,1.3076008551531308,8.916339584277505,6.870363873208706,1.867199722705874,-3.474173282823083,1.7979087762338164,BabyLM 125M — final layer
-1.846600082908886,1.3076008551531308,8.902943200855454,6.870363873208706,1.867199722705874,-3.474173282823083,1.7979087762338164,BabyLM 125M — final layer
-1.6929483385161237,1.3076008551531308,8.885339225110519,6.870363873208706,1.867199722705874,-3.474173282823083,1.7979087762338164,BabyLM 125M — final layer
-1.5392965941233612,1.3076008551531308,8.863527657042702,6.870363873208706,1.867199722705874,-3.474173282823083,1.7979087762338164,BabyLM 125M — final layer
-1.3856448497305989,1.3076008551531308,8.837508496652005,6.870363873208706,1.867199722705874,-3.474173282823083,1.7979087762338164,BabyLM 125M — final layer
-1.2319931053378363,1.3076008551531308,8.807281743938423,6.870363873208706,1.867199722705874,-3.474173282823083,1.7979087762338164,BabyLM 125M — final layer
-1.0783413609450738,1.3076008551531308,8.772847398901959,6.870363873208706,1.867199722705874,-3.474173282823083,1.7979087762338164,BabyLM 125M — final layer
-0.9246896165523115,1.3076008551531308,8.734205461542613,6.870363873208706,1.867199722705874,-3.474173282823083,1.7979087762338164,BabyLM 125M — final layer
-0.771037872159549,1.3076008551531308,8.691355931860384,6.870363873208706,1.867199722705874,-3.474173282823083,1.7979087762338164,BabyLM 125M — final layer
-0.6173861277667865,1.3076008551531308,8.644298809855274,6.870363873208706,1.867199722705874,-3.474173282823083,1.7979087762338164,BabyLM 125M — final layer
-0.4637343833740242,1.3076008551531308,8.593034095527281,6.870363873208706,1.867199722705874,-3.474173282823083,1.7979087762338164,BabyLM 125M — final layer
-0.31008263898126165,1.3076008551531308,8.537561788876406,6.870363873208706,1.867199722705874,-3.474173282823083,1.7979087762338164,BabyLM 125M — final layer
-0.15643089458849913,1.3076008551531308,8.477881889902648,6.870363873208706,1.867199722705874,-3.474173282823083,1.7979087762338164,BabyLM 125M — final layer
-0.0027791501957368236,1.3076008551531308,8.413994398606008,6.870363873208706,1.867199722705874,-3.474173282823083,1.7979087762338164,BabyLM 125M — final layer
0.15087259419702548,1.3076008551531308,8.345899314986486,6.870363873208706,1.867199722705874,-3.474173282823083,1.7979087762338164,BabyLM 125M — final layer
0.304524338589788,1.3076008551531308,8.273596639044081,6.870363873208706,1.867199722705874,-3.474173282823083,1.7979087762338164,BabyLM 125M — final layer
0.4581760829825505,1.3076008551531308,8.197086370778793,6.870363873208706,1.867199722705874,-3.474173282823083,1.7979087762338164,BabyLM 125M — final layer
0.611827827375313,1.3076008551531308,8.116368510190624,6.870363873208706,1.867199722705874,-3.474173282823083,1.7979087762338164,BabyLM 125M — final layer
0.7654795717680756,1.3076008551531308,8.03144305727957,6.870363873208706,1.867199722705874,-3.474173282823083,1.7979087762338164,BabyLM 125M — final layer
0.9191313161608377,1.3076008551531308,7.942310012045637,6.870363873208706,1.867199722705874,-3.474173282823083,1.7979087762338164,BabyLM 125M — final layer
1.0727830605536002,1.3076008551531308,7.848969374488821,6.870363873208706,1.867199722705874,-3.474173282823083,1.7979087762338164,BabyLM 125M — final layer
1.2264348049463627,1.3076008551531308,7.751421144609122,6.870363873208706,1.867199722705874,-3.474173282823083,1.7979087762338164,BabyLM 125M — final layer
1.3800865493391252,1.3076008551531308,7.649665322406539,6.870363873208706,1.867199722705874,-3.474173282823083,1.7979087762338164,BabyLM 125M — final layer
1.5337382937318877,1.3076008551531308,7.543701907881076,6.870363873208706,1.867199722705874,-3.474173282823083,1.7979087762338164,BabyLM 125M — final layer
1.6873900381246503,1.3076008551531308,7.4335309010327295,6.870363873208706,1.867199722705874,-3.474173282823083,1.7979087762338164,BabyLM 125M — final layer
1.8410417825174124,1.3076008551531308,7.319152301861501,6.870363873208706,1.867199722705874,-3.474173282823083,1.7979087762338164,BabyLM 125M — final layer
1.9946935269101749,1.3076008551531308,7.20056611036739,6.870363873208706,1.867199722705874,-3.474173282823083,1.7979087762338164,BabyLM 125M — final layer
2.148345271302937,1.3076008551531308,7.077772326550397,6.870363873208706,1.867199722705874,-3.474173282823083,1.7979087762338164,BabyLM 125M — final layer
2.3019970156956995,1.3076008551531308,6.950770950410521,6.870363873208706,1.867199722705874,-3.474173282823083,1.7979087762338164,BabyLM 125M — final layer
2.455648760088462,1.3076008551531308,6.819561981947763,6.870363873208706,1.867199722705874,-3.474173282823083,1.7979087762338164,BabyLM 125M — final layer
-2.0002518273016485,1.4748276275325995,8.977790587985675,6.870363873208706,1.867199722705874,-3.474173282823083,1.7979087762338164,BabyLM 125M — final layer
-1.846600082908886,1.4748276275325995,8.962163584287307,6.870363873208706,1.867199722705874,-3.474173282823083,1.7979087762338164,BabyLM 125M — final layer
-1.6929483385161237,1.4748276275325995,8.942328988266055,6.870363873208706,1.867199722705874,-3.474173282823083,1.7979087762338164,BabyLM 125M — final layer
-1.5392965941233612,1.4748276275325995,8.918286799921923,6.870363873208706,1.867199722705874,-3.474173282823083,1.7979087762338164,BabyLM 125M — final layer
-1.3856448497305989,1.4748276275325995,8.890037019254908,6.870363873208706,1.867199722705874,-3.474173282823083,1.7979087762338164,BabyLM 125M — final layer
-1.2319931053378363,1.4748276275325995,8.85757964626501,6.870363873208706,1.867199722705874,-3.474173282823083,1.7979087762338164,BabyLM 125M — final layer
-1.0783413609450738,1.4748276275325995,8.82091468095223,6.870363873208706,1.867199722705874,-3.474173282823083,1.7979087762338164,BabyLM 125M — final layer
-0.9246896165523115,1.4748276275325995,8.780042123316568,6.870363873208706,1.867199722705874,-3.474173282823083,1.7979087762338164,BabyLM 125M — final layer
-0.771037872159549,1.4748276275325995,8.734961973358024,6.870363873208706,1.867199722705874,-3.474173282823083,1.7979087762338164,BabyLM 125M — final layer
-0.6173861277667865,1.4748276275325995,8.685674231076597,6.870363873208706,1.867199722705874,-3.474173282823083,1.7979087762338164,BabyLM 125M — final layer
-0.4637343833740242,1.4748276275325995,8.632178896472286,6.870363873208706,1.867199722705874,-3.474173282823083,1.7979087762338164,BabyLM 125M — final layer
-0.31008263898126165,1.4748276275325995,8.5744759695450945,6.870363873208706,1.867199722705874,-3.474173282823083,1.7979087762338164,BabyLM 125M — final layer
-0.15643089458849913,1.4748276275325995,8.51256545029502,6.870363873208706,1.867199722705874,-3.474173282823083,1.7979087762338164,BabyLM 125M — final layer
-0.0027791501957368236,1.4748276275325995,8.446447338722063,6.870363873208706,1.867199722705874,-3.474173282823083,1.7979087762338164,BabyLM 125M — final layer
0.15087259419702548,1.4748276275325995,8.376121634826225,6.870363873208706,1.867199722705874,-3.474173282823083,1.7979087762338164,BabyLM 125M — final layer
0.304524338589788,1.4748276275325995,8.301588338607504,6.870363873208706,1.867199722705874,-3.474173282823083,1.7979087762338164,BabyLM 125M — final layer
0.4581760829825505,1.4748276275325995,8.222847450065899,6.870363873208706,1.867199722705874,-3.474173282823083,1.7979087762338164,BabyLM 125M — final layer
0.611827827375313,1.4748276275325995,8.139898969201413,6.870363873208706,1.867199722705874,-3.474173282823083,1.7979087762338164,BabyLM 125M — final layer
0.7654795717680756,1.4748276275325995,8.052742896014045,6.870363873208706,1.867199722705874,-3.474173282823083,1.7979087762338164,BabyLM 125M — final layer
0.9191313161608377,1.4748276275325995,7.961379230503795,6.870363873208706,1.867199722705874,-3.474173282823083,1.7979087762338164,BabyLM 125M — final layer
1.0727830605536002,1.4748276275325995,7.865807972670662,6.870363873208706,1.867199722705874,-3.474173282823083,1.7979087762338164,BabyLM 125M — final layer
1.2264348049463627,1.4748276275325995,7.766029122514645,6.870363873208706,1.867199722705874,-3.474173282823083,1.7979087762338164,BabyLM 125M — final layer
1.3800865493391252,1.4748276275325995,7.662042680035747,6.870363873208706,1.867199722705874,-3.474173282823083,1.7979087762338164,BabyLM 125M — final layer
1.5337382937318877,1.4748276275325995,7.553848645233967,6.870363873208706,1.867199722705874,-3.474173282823083,1.7979087762338164,BabyLM 125M — final layer
1.6873900381246503,1.4748276275325995,7.441447018109304,6.870363873208706,1.867199722705874,-3.474173282823083,1.7979087762338164,BabyLM 125M — final layer
1.8410417825174124,1.4748276275325995,7.324837798661759,6.870363873208706,1.867199722705874,-3.474173282823083,1.7979087762338164,BabyLM 125M — final layer
1.9946935269101749,1.4748276275325995,7.204020986891332,6.870363873208706,1.867199722705874,-3.474173282823083,1.7979087762338164,BabyLM 125M — final layer
2.148345271302937,1.4748276275325995,7.078996582798022,6.870363873208706,1.867199722705874,-3.474173282823083,1.7979087762338164,BabyLM 125M — final layer
2.3019970156956995,1.4748276275325995,6.94976458638183,6.870363873208706,1.867199722705874,-3.474173282823083,1.7979087762338164,BabyLM 125M — final layer
2.455648760088462,1.4748276275325995,6.816324997642756,6.870363873208706,1.867199722705874,-3.474173282823083,1.7979087762338164,BabyLM 125M — final layer
-2.0002518273016485,1.6420543999120696,9.046942692745551,6.870363873208706,1.867199722705874,-3.474173282823083,1.7979087762338164,BabyLM 125M — final layer
-1.846600082908886,1.6420543999120696,9.029085068770867,6.870363873208706,1.867199722705874,-3.474173282823083,1.7979087762338164,BabyLM 125M — final layer
-1.6929483385161237,1.6420543999120696,9.007019852473299,6.870363873208706,1.867199722705874,-3.474173282823083,1.7979087762338164,BabyLM 125M — final layer
-1.5392965941233612,1.6420543999120696,8.98074704385285,6.870363873208706,1.867199722705874,-3.474173282823083,1.7979087762338164,BabyLM 125M — final layer
-1.3856448497305989,1.6420543999120696,8.950266642909519,6.870363873208706,1.867199722705874,-3.474173282823083,1.7979087762338164,BabyLM 125M — final layer
-1.2319931053378363,1.6420543999120696,8.915578649643304,6.870363873208706,1.867199722705874,-3.474173282823083,1.7979087762338164,BabyLM 125M — final layer
-1.0783413609450738,1.6420543999120696,8.876683064054207,6.870363873208706,1.867199722705874,-3.474173282823083,1.7979087762338164,BabyLM 125M — final layer
-0.9246896165523115,1.6420543999120696,8.833579886142228,6.870363873208706,1.867199722705874,-3.474173282823083,1.7979087762338164,BabyLM 125M — final layer
-0.771037872159549,1.6420543999120696,8.786269115907368,6.870363873208706,1.867199722705874,-3.474173282823083,1.7979087762338164,BabyLM 125M — final layer
-0.6173861277667865,1.6420543999120696,8.734750753349624,6.870363873208706,1.867199722705874,-3.474173282823083,1.7979087762338164,BabyLM 125M — final layer
-0.4637343833740242,1.6420543999120696,8.679024798468998,6.870363873208706,1.867199722705874,-3.474173282823083,1.7979087762338164,BabyLM 125M — final layer
-0.31008263898126165,1.6420543999120696,8.61909125126549,6.870363873208706,1.867199722705874,-3.474173282823083,1.7979087762338164,BabyLM 125M — final layer
-0.15643089458849913,1.6420543999120696,8.5549501117391,6.870363873208706,1.867199722705874,-3.474173282823083,1.7979087762338164,BabyLM 125M — final layer
-0.0027791501957368236,1.6420543999120696,8.486601379889827,6.870363873208706,1.867199722705874,-3.474173282823083,1.7979087762338164,BabyLM 125M — final layer
0.15087259419702548,1.6420543999120696,8.41404505571767,6.870363873208706,1.867199722705874,-3.474173282823083,1.7979087762338164,BabyLM 125M — final layer
0.304524338589788,1.6420543999120696,8.337281139222632,6.870363873208706,1.867199722705874,-3.474173282823083,1.7979087762338164,BabyLM 125M — final layer
0.4581760829825505,1.6420543999120696,8.256309630404711,6.870363873208706,1.867199722705874,-3.474173282823083,1.7979087762338164,BabyLM 125M — final layer
0.611827827375313,1.6420543999120696,8.171130529263909,6.870363873208706,1.867199722705874,-3.474173282823083,1.7979087762338164,BabyLM 125M — final layer
0.7654795717680756,1.6420543999120696,8.081743835800225,6.870363873208706,1.867199722705874,-3.474173282823083,1.7979087762338164,BabyLM 125M — final layer
0.9191313161608377,1.6420543999120696,7.988149550013658,6.870363873208706,1.867199722705874,-3.474173282823083,1.7979087762338164,BabyLM 125M — final layer
1.0727830605536002,1.6420543999120696,7.890347671904208,6.870363873208706,1.867199722705874,-3.474173282823083,1.7979087762338164,BabyLM 125M — final layer
1.2264348049463627,1.6420543999120696,7.788338201471876,6.870363873208706,1.867199722705874,-3.474173282823083,1.7979087762338164,BabyLM 125M — final layer
1.3800865493391252,1.6420543999120696,7.682121138716662,6.870363873208706,1.867199722705874,-3.474173282823083,1.7979087762338164,BabyLM 125M — final layer
1.5337382937318877,1.6420543999120696,7.571696483638565,6.870363873208706,1.867199722705874,-3.474173282823083,1.7979087762338164,BabyLM 125M — final layer
1.6873900381246503,1.6420543999120696,7.457064236237585,6.870363873208706,1.867199722705874,-3.474173282823083,1.7979087762338164,BabyLM 125M — final layer
1.8410417825174124,1.6420543999120696,7.338224396513724,6.870363873208706,1.867199722705874,-3.474173282823083,1.7979087762338164,BabyLM 125M — final layer
1.9946935269101749,1.6420543999120696,7.2151769644669805,6.870363873208706,1.867199722705874,-3.474173282823083,1.7979087762338164,BabyLM 125M — final layer
2.148345271302937,1.6420543999120696,7.087921940097354,6.870363873208706,1.867199722705874,-3.474173282823083,1.7979087762338164,BabyLM 125M — final layer
2.3019970156956995,1.6420543999120696,6.956459323404846,6.870363873208706,1.867199722705874,-3.474173282823083,1.7979087762338164,BabyLM 125M — final layer
2.455648760088462,1.6420543999120696,6.820789114389454,6.870363873208706,1.867199722705874,-3.474173282823083,1.7979087762338164,BabyLM 125M — final layer
-2.0002518273016485,1.8092811722915387,9.123795898557132,6.870363873208706,1.867199722705874,-3.474173282823083,1.7979087762338164,BabyLM 125M — final layer
-1.846600082908886,1.8092811722915387,9.103707654306131,6.870363873208706,1.867199722705874,-3.474173282823083,1.7979087762338164,BabyLM 125M — final layer
-1.6929483385161237,1.8092811722915387,9.079411817732248,6.870363873208706,1.867199722705874,-3.474173282823083,1.7979087762338164,BabyLM 125M — final layer
-1.5392965941233612,1.8092811722915387,9.050908388835483,6.870363873208706,1.867199722705874,-3.474173282823083,1.7979087762338164,BabyLM 125M — final layer
-1.3856448497305989,1.8092811722915387,9.018197367615834,6.870363873208706,1.867199722705874,-3.474173282823083,1.7979087762338164,BabyLM 125M — final layer
-1.2319931053378363,1.8092811722915387,8.981278754073303,6.870363873208706,1.867199722705874,-3.474173282823083,1.7979087762338164,BabyLM 125M — final layer
-1.0783413609450738,1.8092811722915387,8.940152548207891,6.870363873208706,1.867199722705874,-3.474173282823083,1.7979087762338164,BabyLM 125M — final layer
-0.9246896165523115,1.8092811722915387,8.894818750019596,6.870363873208706,1.867199722705874,-3.474173282823083,1.7979087762338164,BabyLM 125M — final layer
-0.771037872159549,1.8092811722915387,8.845277359508417,6.870363873208706,1.867199722705874,-3.474173282823083,1.7979087762338164,BabyLM 125M — final layer
-0.6173861277667865,1.8092811722915387,8.791528376674357,6.870363873208706,1.867199722705874,-3.474173282823083,1.7979087762338164,BabyLM 125M — final layer
-0.4637343833740242,1.8092811722915387,8.733571801517416,6.870363873208706,1.867199722705874,-3.474173282823083,1.7979087762338164,BabyLM 125M — final layer
-0.31008263898126165,1.8092811722915387,8.67140763403759,6.870363873208706,1.867199722705874,-3.474173282823083,1.7979087762338164,BabyLM 125M — final layer
-0.15643089458849913,1.8092811722915387,8.605035874234883,6.870363873208706,1.867199722705874,-3.474173282823083,1.7979087762338164,BabyLM 125M — final layer
-0.0027791501957368236,1.8092811722915387,8.534456522109293,6.870363873208706,1.867199722705874,-3.474173282823083,1.7979087762338164,BabyLM 125M — final layer
0.15087259419702548,1.8092811722915387,8.459669577660822,6.870363873208706,1.867199722705874,-3.474173282823083,1.7979087762338164,BabyLM 125M — final layer
0.304524338589788,1.8092811722915387,8.380675040889468,6.870363873208706,1.867199722705874,-3.474173282823083,1.7979087762338164,BabyLM 125M — final layer
0.4581760829825505,1.8092811722915387,8.29747291179523,6.870363873208706,1.867199722705874,-3.474173282823083,1.7979087762338164,BabyLM 125M — final layer
0.611827827375313,1.8092811722915387,8.210063190378111,6.870363873208706,1.867199722705874,-3.474173282823083,1.7979087762338164,BabyLM 125M — final layer
0.7654795717680756,1.8092811722915387,8.118445876638111,6.870363873208706,1.867199722705874,-3.474173282823083,1.7979087762338164,BabyLM 125M — final layer
0.9191313161608377,1.8092811722915387,8.022620970575227,6.870363873208706,1.867199722705874,-3.474173282823083,1.7979087762338164,BabyLM 125M — final layer
1.0727830605536002,1.8092811722915387,7.922588472189461,6.870363873208706,1.867199722705874,-3.474173282823083,1.7979087762338164,BabyLM 125M — final layer
1.2264348049463627,1.8092811722915387,7.818348381480813,6.870363873208706,1.867199722705874,-3.474173282823083,1.7979087762338164,BabyLM 125M — final layer
1.3800865493391252,1.8092811722915387,7.709900698449281,6.870363873208706,1.867199722705874,-3.474173282823083,1.7979087762338164,BabyLM 125M — final layer
1.5337382937318877,1.8092811722915387,7.597245423094868,6.870363873208706,1.867199722705874,-3.474173282823083,1.7979087762338164,BabyLM 125M — final layer
1.6873900381246503,1.8092811722915387,7.480382555417572,6.870363873208706,1.867199722705874,-3.474173282823083,1.7979087762338164,BabyLM 125M — final layer
1.8410417825174124,1.8092811722915387,7.359312095417394,6.870363873208706,1.867199722705874,-3.474173282823083,1.7979087762338164,BabyLM 125M — final layer
1.9946935269101749,1.8092811722915387,7.234034043094334,6.870363873208706,1.867199722705874,-3.474173282823083,1.7979087762338164,BabyLM 125M — final layer
2.148345271302937,1.8092811722915387,7.104548398448392,6.870363873208706,1.867199722705874,-3.474173282823083,1.7979087762338164,BabyLM 125M — final layer
2.3019970156956995,1.8092811722915387,6.970855161479567,6.870363873208706,1.867199722705874,-3.474173282823083,1.7979087762338164,BabyLM 125M — final layer
2.455648760088462,1.8092811722915387,6.832954332187859,6.870363873208706,1.867199722705874,-3.474173282823083,1.7979087762338164,BabyLM 125M — final layer
-2.0002518273016485,1.9765079446710079,9.208350205420421,6.870363873208706,1.867199722705874,-3.474173282823083,1.7979087762338164,BabyLM 125M — final layer
-1.846600082908886,1.9765079446710079,9.186031340893104,6.870363873208706,1.867199722705874,-3.474173282823083,1.7979087762338164,BabyLM 125M — final layer
-1.6929483385161237,1.9765079446710079,9.159504884042903,6.870363873208706,1.867199722705874,-3.474173282823083,1.7979087762338164,BabyLM 125M — final layer
-1.5392965941233612,1.9765079446710079,9.12877083486982,6.870363873208706,1.867199722705874,-3.474173282823083,1.7979087762338164,BabyLM 125M — final layer
-1.3856448497305989,1.9765079446710079,9.093829193373857,6.870363873208706,1.867199722705874,-3.474173282823083,1.7979087762338164,BabyLM 125M — final layer
-1.2319931053378363,1.9765079446710079,9.05467995955501,6.870363873208706,1.867199722705874,-3.474173282823083,1.7979087762338164,BabyLM 125M — final layer
-1.0783413609450738,1.9765079446710079,9.01132313341328,6.870363873208706,1.867199722705874,-3.474173282823083,1.7979087762338164,BabyLM 125M — final layer
-0.9246896165523115,1.9765079446710079,8.963758714948668,6.870363873208706,1.867199722705874,-3.474173282823083,1.7979087762338164,BabyLM 125M — final layer
-0.771037872159549,1.9765079446710079,8.911986704161174,6.870363873208706,1.867199722705874,-3.474173282823083,1.7979087762338164,BabyLM 125M — final layer
-0.6173861277667865,1.9765079446710079,8.856007101050798,6.870363873208706,1.867199722705874,-3.474173282823083,1.7979087762338164,BabyLM 125M — final layer
-0.4637343833740242,1.9765079446710079,8.795819905617538,6.870363873208706,1.867199722705874,-3.474173282823083,1.7979087762338164,BabyLM 125M — final layer
-0.31008263898126165,1.9765079446710079,8.731425117861397,6.870363873208706,1.867199722705874,-3.474173282823083,1.7979087762338164,BabyLM 125M — final layer
-0.15643089458849913,1.9765079446710079,8.662822737782374,6.870363873208706,1.867199722705874,-3.474173282823083,1.7979087762338164,BabyLM 125M — final layer
-0.0027791501957368236,1.9765079446710079,8.590012765380468,6.870363873208706,1.867199722705874,-3.474173282823083,1.7979087762338164,BabyLM 125M — final layer
0.15087259419702548,1.9765079446710079,8.512995200655679,6.870363873208706,1.867199722705874,-3.474173282823083,1.7979087762338164,BabyLM 125M — final layer
0.304524338589788,1.9765079446710079,8.431770043608008,6.870363873208706,1.867199722705874,-3.474173282823083,1.7979087762338164,BabyLM 125M — final layer
0.4581760829825505,1.9765079446710079,8.346337294237456,6.870363873208706,1.867199722705874,-3.474173282823083,1.7979087762338164,BabyLM 125M — final layer
0.611827827375313,1.9765079446710079,8.25669695254402,6.870363873208706,1.867199722705874,-3.474173282823083,1.7979087762338164,BabyLM 125M — final layer
0.7654795717680756,1.9765079446710079,8.162849018527702,6.870363873208706,1.867199722705874,-3.474173282823083,1.7979087762338164,BabyLM 125M — final layer
0.9191313161608377,1.9765079446710079,8.064793492188501,6.870363873208706,1.867199722705874,-3.474173282823083,1.7979087762338164,BabyLM 125M — final layer
1.0727830605536002,1.9765079446710079,7.96253037352642,6.870363873208706,1.867199722705874,-3.474173282823083,1.7979087762338164,BabyLM 125M — final layer
1.2264348049463627,1.9765079446710079,7.856059662541455,6.870363873208706,1.867199722705874,-3.474173282823083,1.7979087762338164,BabyLM 125M — final layer
1.3800865493391252,1.9765079446710079,7.745381359233607,6.870363873208706,1.867199722705874,-3.474173282823083,1.7979087762338164,BabyLM 125M — final layer
1.5337382937318877,1.9765079446710079,7.630495463602878,6.870363873208706,1.867199722705874,-3.474173282823083,1.7979087762338164,BabyLM 125M — final layer
1.6873900381246503,1.9765079446710079,7.511401975649266,6.870363873208706,1.867199722705874,-3.474173282823083,1.7979087762338164,BabyLM 125M — final layer
1.8410417825174124,1.9765079446710079,7.388100895372771,6.870363873208706,1.867199722705874,-3.474173282823083,1.7979087762338164,BabyLM 125M — final layer
1.9946935269101749,1.9765079446710079,7.260592222773394,6.870363873208706,1.867199722705874,-3.474173282823083,1.7979087762338164,BabyLM 125M — final layer
2.148345271302937,1.9765079446710079,7.128875957851135,6.870363873208706,1.867199722705874,-3.474173282823083,1.7979087762338164,BabyLM 125M — final layer
2.3019970156956995,1.9765079446710079,6.992952100605994,6.870363873208706,1.867199722705874,-3.474173282823083,1.7979087762338164,BabyLM 125M — final layer
2.455648760088462,1.9765079446710079,6.85282065103797,6.870363873208706,1.867199722705874,-3.474173282823083,1.7979087762338164,BabyLM 125M — final layer
-2.0002518273016485,2.143734717050477,9.300605613335415,6.870363873208706,1.867199722705874,-3.474173282823083,1.7979087762338164,BabyLM 125M — final layer
-1.846600082908886,2.143734717050477,9.276056128531781,6.870363873208706,1.867199722705874,-3.474173282823083,1.7979087762338164,BabyLM 125M — final layer
-1.6929483385161237,2.143734717050477,9.247299051405264,6.870363873208706,1.867199722705874,-3.474173282823083,1.7979087762338164,BabyLM 125M — final layer
-1.5392965941233612,2.143734717050477,9.214334381955865,6.870363873208706,1.867199722705874,-3.474173282823083,1.7979087762338164,BabyLM 125M — final layer
-1.3856448497305989,2.143734717050477,9.177162120183585,6.870363873208706,1.867199722705874,-3.474173282823083,1.7979087762338164,BabyLM 125M — final layer
-1.2319931053378363,2.143734717050477,9.135782266088421,6.870363873208706,1.867199722705874,-3.474173282823083,1.7979087762338164,BabyLM 125M — final layer
-1.0783413609450738,2.143734717050477,9.090194819670375,6.870363873208706,1.867199722705874,-3.474173282823083,1.7979087762338164,BabyLM 125M — final layer
-0.9246896165523115,2.143734717050477,9.040399780929448,6.870363873208706,1.867199722705874,-3.474173282823083,1.7979087762338164,BabyLM 125M — final layer
-0.771037872159549,2.143734717050477,8.986397149865637,6.870363873208706,1.867199722705874,-3.474173282823083,1.7979087762338164,BabyLM 125M — final layer
-0.6173861277667865,2.143734717050477,8.928186926478944,6.870363873208706,1.867199722705874,-3.474173282823083,1.7979087762338164,BabyLM 125M — final layer
-0.4637343833740242,2.143734717050477,8.865769110769369,6.870363873208706,1.867199722705874,-3.474173282823083,1.7979087762338164,BabyLM 125M — final layer
-0.31008263898126165,2.143734717050477,8.799143702736911,6.870363873208706,1.867199722705874,-3.474173282823083,1.7979087762338164,BabyLM 125M — final layer
-0.15643089458849913,2.143734717050477,8.72831070238157,6.870363873208706,1.867199722705874,-3.474173282823083,1.7979087762338164,BabyLM 125M — final layer
-0.0027791501957368236,2.143734717050477,8.653270109703348,6.870363873208706,1.867199722705874,-3.474173282823083,1.7979087762338164,BabyLM 125M — final layer
0.15087259419702548,2.143734717050477,8.574021924702244,6.870363873208706,1.867199722705874,-3.474173282823083,1.7979087762338164,BabyLM 125M — final layer
0.304524338589788,2.143734717050477,8.490566147378257,6.870363873208706,1.867199722705874,-3.474173282823083,1.7979087762338164,BabyLM 125M — final layer
0.4581760829825505,2.143734717050477,8.402902777731386,6.870363873208706,1.867199722705874,-3.474173282823083,1.7979087762338164,BabyLM 125M — final layer
0.611827827375313,2.143734717050477,8.311031815761634,6.870363873208706,1.867199722705874,-3.474173282823083,1.7979087762338164,BabyLM 125M — final layer
0.7654795717680756,2.143734717050477,8.214953261469,6.870363873208706,1.867199722705874,-3.474173282823083,1.7979087762338164,BabyLM 125M — final layer
0.9191313161608377,2.143734717050477,8.114667114853484,6.870363873208706,1.867199722705874,-3.474173282823083,1.7979087762338164,BabyLM 125M — final layer
1.0727830605536002,2.143734717050477,8.010173375915084,6.870363873208706,1.867199722705874,-3.474173282823083,1.7979087762338164,BabyLM 125M — final layer
1.2264348049463627,2.143734717050477,7.9014720446538025,6.870363873208706,1.867199722705874,-3.474173282823083,1.7979087762338164,BabyLM 125M — final layer
1.3800865493391252,2.143734717050477,7.788563121069639,6.870363873208706,1.867199722705874,-3.474173282823083,1.7979087762338164,BabyLM 125M — final layer
1.5337382937318877,2.143734717050477,7.6714466051625925,6.870363873208706,1.867199722705874,-3.474173282823083,1.7979087762338164,BabyLM 125M — final layer
1.6873900381246503,2.143734717050477,7.550122496932664,6.870363873208706,1.867199722705874,-3.474173282823083,1.7979087762338164,BabyLM 125M — final layer
1.8410417825174124,2.143734717050477,7.424590796379854,6.870363873208706,1.867199722705874,-3.474173282823083,1.7979087762338164,BabyLM 125M — final layer
1.9946935269101749,2.143734717050477,7.294851503504161,6.870363873208706,1.867199722705874,-3.474173282823083,1.7979087762338164,BabyLM 125M — final layer
2.148345271302937,2.143734717050477,7.160904618305585,6.870363873208706,1.867199722705874,-3.474173282823083,1.7979087762338164,BabyLM 125M — final layer
2.3019970156956995,2.143734717050477,7.022750140784127,6.870363873208706,1.867199722705874,-3.474173282823083,1.7979087762338164,BabyLM 125M — final layer
2.455648760088462,2.143734717050477,6.880388070939786,6.870363873208706,1.867199722705874,-3.474173282823083,1.7979087762338164,BabyLM 125M — final layer
-2.0002518273016485,2.3109614894299457,9.400562122302116,6.870363873208706,1.867199722705874,-3.474173282823083,1.7979087762338164,BabyLM 125M — final layer
-1.846600082908886,2.3109614894299457,9.373782017222165,6.870363873208706,1.867199722705874,-3.474173282823083,1.7979087762338164,BabyLM 125M — final layer
-1.6929483385161237,2.3109614894299457,9.342794319819332,6.870363873208706,1.867199722705874,-3.474173282823083,1.7979087762338164,BabyLM 125M — final layer
-1.5392965941233612,2.3109614894299457,9.307599030093616,6.870363873208706,1.867199722705874,-3.474173282823083,1.7979087762338164,BabyLM 125M — final layer
-1.3856448497305989,2.3109614894299457,9.26819614804502,6.870363873208706,1.867199722705874,-3.474173282823083,1.7979087762338164,BabyLM 125M — final layer
-1.2319931053378363,2.3109614894299457,9.22458567367354,6.870363873208706,1.867199722705874,-3.474173282823083,1.7979087762338164,BabyLM 125M — final layer
-1.0783413609450738,2.3109614894299457,9.176767606979176,6.870363873208706,1.867199722705874,-3.474173282823083,1.7979087762338164,BabyLM 125M — final layer
-0.9246896165523115,2.3109614894299457,9.124741947961931,6.870363873208706,1.867199722705874,-3.474173282823083,1.7979087762338164,BabyLM 125M — final layer
-0.771037872159549,2.3109614894299457,9.068508696621805,6.870363873208706,1.867199722705874,-3.474173282823083,1.7979087762338164,BabyLM 125M — final layer
-0.6173861277667865,2.3109614894299457,9.008067852958796,6.870363873208706,1.867199722705874,-3.474173282823083,1.7979087762338164,BabyLM 125M — final layer
-0.4637343833740242,2.3109614894299457,8.943419416972903,6.870363873208706,1.867199722705874,-3.474173282823083,1.7979087762338164,BabyLM 125M — final layer
-0.31008263898126165,2.3109614894299457,8.874563388664129,6.870363873208706,1.867199722705874,-3.474173282823083,1.7979087762338164,BabyLM 125M — final layer
-0.15643089458849913,2.3109614894299457,8.801499768032473,6.870363873208706,1.867199722705874,-3.474173282823083,1.7979087762338164,BabyLM 125M — final layer
-0.0027791501957368236,2.3109614894299457,8.724228555077934,6.870363873208706,1.867199722705874,-3.474173282823083,1.7979087762338164,BabyLM 125M — final layer
0.15087259419702548,2.3109614894299457,8.642749749800513,6.870363873208706,1.867199722705874,-3.474173282823083,1.7979087762338164,BabyLM 125M — final layer
0.304524338589788,2.3109614894299457,8.55706335220021,6.870363873208706,1.867199722705874,-3.474173282823083,1.7979087762338164,BabyLM 125M — final layer
0.4581760829825505,2.3109614894299457,8.467169362277023,6.870363873208706,1.867199722705874,-3.474173282823083,1.7979087762338164,BabyLM 125M — final layer
0.611827827375313,2.3109614894299457,8.373067780030954,6.870363873208706,1.867199722705874,-3.474173282823083,1.7979087762338164,BabyLM 125M — final layer
0.7654795717680756,2.3109614894299457,8.274758605462004,6.870363873208706,1.867199722705874,-3.474173282823083,1.7979087762338164,BabyLM 125M — final layer
0.9191313161608377,2.3109614894299457,8.172241838570171,6.870363873208706,1.867199722705874,-3.474173282823083,1.7979087762338164,BabyLM 125M — final layer
1.0727830605536002,2.3109614894299457,8.065517479355455,6.870363873208706,1.867199722705874,-3.474173282823083,1.7979087762338164,BabyLM 125M — final layer
1.2264348049463627,2.3109614894299457,7.954585527817857,6.870363873208706,1.867199722705874,-3.474173282823083,1.7979087762338164,BabyLM 125M — final layer
1.3800865493391252,2.3109614894299457,7.8394459839573765,6.870363873208706,1.867199722705874,-3.474173282823083,1.7979087762338164,BabyLM 125M — final layer
1.5337382937318877,2.3109614894299457,7.720098847774014,6.870363873208706,1.867199722705874,-3.474173282823083,1.7979087762338164,BabyLM 125M — final layer
1.6873900381246503,2.3109614894299457,7.596544119267769,6.870363873208706,1.867199722705874,-3.474173282823083,1.7979087762338164,BabyLM 125M — final layer
1.8410417825174124,2.3109614894299457,7.468781798438642,6.870363873208706,1.867199722705874,-3.474173282823083,1.7979087762338164,BabyLM 125M — final layer
1.9946935269101749,2.3109614894299457,7.336811885286632,6.870363873208706,1.867199722705874,-3.474173282823083,1.7979087762338164,BabyLM 125M — final layer
2.148345271302937,2.3109614894299457,7.20063437981174,6.870363873208706,1.867199722705874,-3.474173282823083,1.7979087762338164,BabyLM 125M — final layer
2.3019970156956995,2.3109614894299457,7.060249282013966,6.870363873208706,1.867199722705874,-3.474173282823083,1.7979087762338164,BabyLM 125M — final layer
2.455648760088462,2.3109614894299457,6.915656591893309,6.870363873208706,1.867199722705874,-3.474173282823083,1.7979087762338164,BabyLM 125M — final layer
-2.0002518273016485,-2.5386149095746635,9.202084343693215,6.870363873208706,1.867199722705874,-3.474173282823083,1.7979087762338164,BabyLM 350M — final layer
-1.846600082908886,-2.5386149095746635,9.243594580635106,6.870363873208706,1.867199722705874,-3.474173282823083,1.7979087762338164,BabyLM 350M — final layer
-1.6929483385161237,-2.5386149095746635,9.28034642941202,6.870363873208706,1.867199722705874,-3.474173282823083,1.7979087762338164,BabyLM 350M — final layer
-1.5392965941233612,-2.5386149095746635,9.312339890023955,6.870363873208706,1.867199722705874,-3.474173282823083,1.7979087762338164,BabyLM 350M — final layer
-1.3856448497305989,-2.5386149095746635,9.339574962470913,6.870363873208706,1.867199722705874,-3.474173282823083,1.7979087762338164,BabyLM 350M — final layer
-1.2319931053378363,-2.5386149095746635,9.36205164675289,6.870363873208706,1.867199722705874,-3.474173282823083,1.7979087762338164,BabyLM 350M — final layer
-1.0783413609450738,-2.5386149095746635,9.37976994286989,6.870363873208706,1.867199722705874,-3.474173282823083,1.7979087762338164,BabyLM 350M — final layer
-0.9246896165523115,-2.5386149095746635,9.392729850821913,6.870363873208706,1.867199722705874,-3.474173282823083,1.7979087762338164,BabyLM 350M — final layer
-0.771037872159549,-2.5386149095746635,9.400931370608957,6.870363873208706,1.867199722705874,-3.474173282823083,1.7979087762338164,BabyLM 350M — final layer
-0.6173861277667865,-2.5386149095746635,9.404374502231022,6.870363873208706,1.867199722705874,-3.474173282823083,1.7979087762338164,BabyLM 350M — final layer
-0.4637343833740242,-2.5386149095746635,9.40305924568811,6.870363873208706,1.867199722705874,-3.474173282823083,1.7979087762338164,BabyLM 350M — final layer
-0.31008263898126165,-2.5386149095746635,9.39698560098022,6.870363873208706,1.867199722705874,-3.474173282823083,1.7979087762338164,BabyLM 350M — final layer
-0.15643089458849913,-2.5386149095746635,9.38615356810735,6.870363873208706,1.867199722705874,-3.474173282823083,1.7979087762338164,BabyLM 350M — final layer
-0.0027791501957368236,-2.5386149095746635,9.370563147069504,6.870363873208706,1.867199722705874,-3.474173282823083,1.7979087762338164,BabyLM 350M — final layer
0.15087259419702548,-2.5386149095746635,9.350214337866678,6.870363873208706,1.867199722705874,-3.474173282823083,1.7979087762338164,BabyLM 350M — final layer
0.304524338589788,-2.5386149095746635,9.325107140498874,6.870363873208706,1.867199722705874,-3.474173282823083,1.7979087762338164,BabyLM 350M — final layer
0.4581760829825505,-2.5386149095746635,9.295241554966092,6.870363873208706,1.867199722705874,-3.474173282823083,1.7979087762338164,BabyLM 350M — final layer
0.611827827375313,-2.5386149095746635,9.260617581268331,6.870363873208706,1.867199722705874,-3.474173282823083,1.7979087762338164,BabyLM 350M — final layer
0.7654795717680756,-2.5386149095746635,9.221235219405592,6.870363873208706,1.867199722705874,-3.474173282823083,1.7979087762338164,BabyLM 350M — final layer
0.9191313161608377,-2.5386149095746635,9.177094469377876,6.870363873208706,1.867199722705874,-3.474173282823083,1.7979087762338164,BabyLM 350M — final layer
1.0727830605536002,-2.5386149095746635,9.128195331185182,6.870363873208706,1.867199722705874,-3.474173282823083,1.7979087762338164,BabyLM 350M — final layer
1.2264348049463627,-2.5386149095746635,9.074537804827509,6.870363873208706,1.867199722705874,-3.474173282823083,1.7979087762338164,BabyLM 350M — final layer
1.3800865493391252,-2.5386149095746635,9.016121890304857,6.870363873208706,1.867199722705874,-3.474173282823083,1.7979087762338164,BabyLM 350M — final layer
1.5337382937318877,-2.5386149095746635,8.952947587617228,6.870363873208706,1.867199722705874,-3.474173282823083,1.7979087762338164,BabyLM 350M — final layer
1.6873900381246503,-2.5386149095746635,8.88501489676462,6.870363873208706,1.867199722705874,-3.474173282823083,1.7979087762338164,BabyLM 350M — final layer
1.8410417825174124,-2.5386149095746635,8.812323817747034,6.870363873208706,1.867199722705874,-3.474173282823083,1.7979087762338164,BabyLM 350M — final layer
1.9946935269101749,-2.5386149095746635,8.73487435056447,6.870363873208706,1.867199722705874,-3.474173282823083,1.7979087762338164,BabyLM 350M — final layer
2.148345271302937,-2.5386149095746635,8.652666495216927,6.870363873208706,1.867199722705874,-3.474173282823083,1.7979087762338164,BabyLM 350M — final layer
2.3019970156956995,-2.5386149095746635,8.565700251704405,6.870363873208706,1.867199722705874,-3.474173282823083,1.7979087762338164,BabyLM 350M — final layer
2.455648760088462,-2.5386149095746635,8.473975620026906,6.870363873208706,1.867199722705874,-3.474173282823083,1.7979087762338164,BabyLM 350M — final layer
-2.0002518273016485,-2.3713881371951944,9.148066684751893,6.870363873208706,1.867199722705874,-3.474173282823083,1.7979087762338164,BabyLM 350M — final layer
-1.846600082908886,-2.3713881371951944,9.18671407189353,6.870363873208706,1.867199722705874,-3.474173282823083,1.7979087762338164,BabyLM 350M — final layer
-1.6929483385161237,-2.3713881371951944,9.220603070870188,6.870363873208706,1.867199722705874,-3.474173282823083,1.7979087762338164,BabyLM 350M — final layer
-1.5392965941233612,-2.3713881371951944,9.249733681681867,6.870363873208706,1.867199722705874,-3.474173282823083,1.7979087762338164,BabyLM 350M — final layer
-1.3856448497305989,-2.3713881371951944,9.27410590432857,6.870363873208706,1.867199722705874,-3.474173282823083,1.7979087762338164,BabyLM 350M — final layer
-1.2319931053378363,-2.3713881371951944,9.293719738810294,6.870363873208706,1.867199722705874,-3.474173282823083,1.7979087762338164,BabyLM 350M — final layer
-1.0783413609450738,-2.3713881371951944,9.308575185127038,6.870363873208706,1.867199722705874,-3.474173282823083,1.7979087762338164,BabyLM 350M — final layer
-0.9246896165523115,-2.3713881371951944,9.318672243278806,6.870363873208706,1.867199722705874,-3.474173282823083,1.7979087762338164,BabyLM 350M — final layer
-0.771037872159549,-2.3713881371951944,9.324010913265594,6.870363873208706,1.867199722705874,-3.474173282823083,1.7979087762338164,BabyLM 350M — final layer
-0.6173861277667865,-2.3713881371951944,9.324591195087406,6.870363873208706,1.867199722705874,-3.474173282823083,1.7979087762338164,BabyLM 350M — final layer
-0.4637343833740242,-2.3713881371951944,9.320413088744237,6.870363873208706,1.867199722705874,-3.474173282823083,1.7979087762338164,BabyLM 350M — final layer
-0.31008263898126165,-2.3713881371951944,9.311476594236092,6.870363873208706,1.867199722705874,-3.474173282823083,1.7979087762338164,BabyLM 350M — final layer
-0.15643089458849913,-2.3713881371951944,9.297781711562967,6.870363873208706,1.867199722705874,-3.474173282823083,1.7979087762338164,BabyLM 350M — final layer
-0.0027791501957368236,-2.3713881371951944,9.279328440724866,6.870363873208706,1.867199722705874,-3.474173282823083,1.7979087762338164,BabyLM 350M — final layer
0.15087259419702548,-2.3713881371951944,9.256116781721785,6.870363873208706,1.867199722705874,-3.474173282823083,1.7979087762338164,BabyLM 350M — final layer
0.304524338589788,-2.3713881371951944,9.228146734553727,6.870363873208706,1.867199722705874,-3.474173282823083,1.7979087762338164,BabyLM 350M — final layer
0.4581760829825505,-2.3713881371951944,9.19541829922069,6.870363873208706,1.867199722705874,-3.474173282823083,1.7979087762338164,BabyLM 350M — final layer
0.611827827375313,-2.3713881371951944,9.157931475722673,6.870363873208706,1.867199722705874,-3.474173282823083,1.7979087762338164,BabyLM 350M — final layer
0.7654795717680756,-2.3713881371951944,9.115686264059681,6.870363873208706,1.867199722705874,-3.474173282823083,1.7979087762338164,BabyLM 350M — final layer
0.9191313161608377,-2.3713881371951944,9.068682664231709,6.870363873208706,1.867199722705874,-3.474173282823083,1.7979087762338164,BabyLM 350M — final layer
1.0727830605536002,-2.3713881371951944,9.016920676238758,6.870363873208706,1.867199722705874,-3.474173282823083,1.7979087762338164,BabyLM 350M — final layer
1.2264348049463627,-2.3713881371951944,8.960400300080831,6.870363873208706,1.867199722705874,-3.474173282823083,1.7979087762338164,BabyLM 350M — final layer
1.3800865493391252,-2.3713881371951944,8.899121535757924,6.870363873208706,1.867199722705874,-3.474173282823083,1.7979087762338164,BabyLM 350M — final layer
1.5337382937318877,-2.3713881371951944,8.83308438327004,6.870363873208706,1.867199722705874,-3.474173282823083,1.7979087762338164,BabyLM 350M — final layer
1.6873900381246503,-2.3713881371951944,8.762288842617176,6.870363873208706,1.867199722705874,-3.474173282823083,1.7979087762338164,BabyLM 350M — final layer
1.8410417825174124,-2.3713881371951944,8.686734913799336,6.870363873208706,1.867199722705874,-3.474173282823083,1.7979087762338164,BabyLM 350M — final layer
1.9946935269101749,-2.3713881371951944,8.606422596816516,6.870363873208706,1.867199722705874,-3.474173282823083,1.7979087762338164,BabyLM 350M — final layer
2.148345271302937,-2.3713881371951944,8.521351891668719,6.870363873208706,1.867199722705874,-3.474173282823083,1.7979087762338164,BabyLM 350M — final layer
2.3019970156956995,-2.3713881371951944,8.431522798355942,6.870363873208706,1.867199722705874,-3.474173282823083,1.7979087762338164,BabyLM 350M — final layer
2.455648760088462,-2.3713881371951944,8.336935316878188,6.870363873208706,1.867199722705874,-3.474173282823083,1.7979087762338164,BabyLM 350M — final layer
-2.0002518273016485,-2.2041613648157248,9.101358057839628,6.870363873208706,1.867199722705874,-3.474173282823083,1.7979087762338164,BabyLM 350M — final layer
-1.846600082908886,-2.2041613648157248,9.13714259518101,6.870363873208706,1.867199722705874,-3.474173282823083,1.7979087762338164,BabyLM 350M — final layer
-1.6929483385161237,-2.2041613648157248,9.168168744357413,6.870363873208706,1.867199722705874,-3.474173282823083,1.7979087762338164,BabyLM 350M — final layer
-1.5392965941233612,-2.2041613648157248,9.194436505368838,6.870363873208706,1.867199722705874,-3.474173282823083,1.7979087762338164,BabyLM 350M — final layer
-1.3856448497305989,-2.2041613648157248,9.215945878215285,6.870363873208706,1.867199722705874,-3.474173282823083,1.7979087762338164,BabyLM 350M — final layer
-1.2319931053378363,-2.2041613648157248,9.232696862896754,6.870363873208706,1.867199722705874,-3.474173282823083,1.7979087762338164,BabyLM 350M — final layer
-1.0783413609450738,-2.2041613648157248,9.244689459413244,6.870363873208706,1.867199722705874,-3.474173282823083,1.7979087762338164,BabyLM 350M — final layer
-0.9246896165523115,-2.2041613648157248,9.251923667764755,6.870363873208706,1.867199722705874,-3.474173282823083,1.7979087762338164,BabyLM 350M — final layer
-0.771037872159549,-2.2041613648157248,9.25439948795129,6.870363873208706,1.867199722705874,-3.474173282823083,1.7979087762338164,BabyLM 350M — final layer
-0.6173861277667865,-2.2041613648157248,9.252116919972845,6.870363873208706,1.867199722705874,-3.474173282823083,1.7979087762338164,BabyLM 350M — final layer
-0.4637343833740242,-2.2041613648157248,9.245075963829423,6.870363873208706,1.867199722705874,-3.474173282823083,1.7979087762338164,BabyLM 350M — final layer
-0.31008263898126165,-2.2041613648157248,9.233276619521021,6.870363873208706,1.867199722705874,-3.474173282823083,1.7979087762338164,BabyLM 350M — final layer
-0.15643089458849913,-2.2041613648157248,9.216718887047643,6.870363873208706,1.867199722705874,-3.474173282823083,1.7979087762338164,BabyLM 350M — final layer
-0.0027791501957368236,-2.2041613648157248,9.195402766409286,6.870363873208706,1.867199722705874,-3.474173282823083,1.7979087762338164,BabyLM 350M — final layer
0.15087259419702548,-2.2041613648157248,9.169328257605951,6.870363873208706,1.867199722705874,-3.474173282823083,1.7979087762338164,BabyLM 350M — final layer
0.304524338589788,-2.2041613648157248,9.138495360637636,6.870363873208706,1.867199722705874,-3.474173282823083,1.7979087762338164,BabyLM 350M — final layer
0.4581760829825505,-2.2041613648157248,9.102904075504345,6.870363873208706,1.867199722705874,-3.474173282823083,1.7979087762338164,BabyLM 350M — final layer
0.611827827375313,-2.2041613648157248,9.062554402206073,6.870363873208706,1.867199722705874,-3.474173282823083,1.7979087762338164,BabyLM 350M — final layer
0.7654795717680756,-2.2041613648157248,9.017446340742826,6.870363873208706,1.867199722705874,-3.474173282823083,1.7979087762338164,BabyLM 350M — final layer
0.9191313161608377,-2.2041613648157248,8.967579891114598,6.870363873208706,1.867199722705874,-3.474173282823083,1.7979087762338164,BabyLM 350M — final layer
1.0727830605536002,-2.2041613648157248,8.912955053321394,6.870363873208706,1.867199722705874,-3.474173282823083,1.7979087762338164,BabyLM 350M — final layer
1.2264348049463627,-2.2041613648157248,8.85357182736321,6.870363873208706,1.867199722705874,-3.474173282823083,1.7979087762338164,BabyLM 350M — final layer
1.3800865493391252,-2.2041613648157248,8.789430213240049,6.870363873208706,1.867199722705874,-3.474173282823083,1.7979087762338164,BabyLM 350M — final layer
1.5337382937318877,-2.2041613648157248,8.7205302109519085,6.870363873208706,1.867199722705874,-3.474173282823083,1.7979087762338164,BabyLM 350M — final layer
1.6873900381246503,-2.2041613648157248,8.646871820498792,6.870363873208706,1.867199722705874,-3.474173282823083,1.7979087762338164,BabyLM 350M — final layer
1.8410417825174124,-2.2041613648157248,8.568455041880695,6.870363873208706,1.867199722705874,-3.474173282823083,1.7979087762338164,BabyLM 350M — final layer
1.9946935269101749,-2.2041613648157248,8.485279875097621,6.870363873208706,1.867199722705874,-3.474173282823083,1.7979087762338164,BabyLM 350M — final layer
2.148345271302937,-2.2041613648157248,8.397346320149568,6.870363873208706,1.867199722705874,-3.474173282823083,1.7979087762338164,BabyLM 350M — final layer
2.3019970156956995,-2.2041613648157248,8.304654377036536,6.870363873208706,1.867199722705874,-3.474173282823083,1.7979087762338164,BabyLM 350M — final layer
2.455648760088462,-2.2041613648157248,8.207204045758528,6.870363873208706,1.867199722705874,-3.474173282823083,1.7979087762338164,BabyLM 350M — final layer
-2.0002518273016485,-2.0369345924362556,9.061958462956422,6.870363873208706,1.867199722705874,-3.474173282823083,1.7979087762338164,BabyLM 350M — final layer
-1.846600082908886,-2.0369345924362556,9.0948801504975485,6.870363873208706,1.867199722705874,-3.474173282823083,1.7979087762338164,BabyLM 350M — final layer
-1.6929483385161237,-2.0369345924362556,9.123043449873697,6.870363873208706,1.867199722705874,-3.474173282823083,1.7979087762338164,BabyLM 350M — final layer
-1.5392965941233612,-2.0369345924362556,9.146448361084866,6.870363873208706,1.867199722705874,-3.474173282823083,1.7979087762338164,BabyLM 350M — final layer
-1.3856448497305989,-2.0369345924362556,9.165094884131058,6.870363873208706,1.867199722705874,-3.474173282823083,1.7979087762338164,BabyLM 350M — final layer
-1.2319931053378363,-2.0369345924362556,9.178983019012271,6.870363873208706,1.867199722705874,-3.474173282823083,1.7979087762338164,BabyLM 350M — final layer
-1.0783413609450738,-2.0369345924362556,9.188112765728507,6.870363873208706,1.867199722705874,-3.474173282823083,1.7979087762338164,BabyLM 350M — final layer
-0.9246896165523115,-2.0369345924362556,9.192484124279764,6.870363873208706,1.867199722705874,-3.474173282823083,1.7979087762338164,BabyLM 350M — final layer
-0.771037872159549,-2.0369345924362556,9.192097094666043,6.870363873208706,1.867199722705874,-3.474173282823083,1.7979087762338164,BabyLM 350M — final layer
-0.6173861277667865,-2.0369345924362556,9.186951676887343,6.870363873208706,1.867199722705874,-3.474173282823083,1.7979087762338164,BabyLM 350M — final layer
-0.4637343833740242,-2.0369345924362556,9.177047870943666,6.870363873208706,1.867199722705874,-3.474173282823083,1.7979087762338164,BabyLM 350M — final layer
-0.31008263898126165,-2.0369345924362556,9.16238567683501,6.870363873208706,1.867199722705874,-3.474173282823083,1.7979087762338164,BabyLM 350M — final layer
-0.15643089458849913,-2.0369345924362556,9.142965094561376,6.870363873208706,1.867199722705874,-3.474173282823083,1.7979087762338164,BabyLM 350M — final layer
-0.0027791501957368236,-2.0369345924362556,9.118786124122764,6.870363873208706,1.867199722705874,-3.474173282823083,1.7979087762338164,BabyLM 350M — final layer
0.15087259419702548,-2.0369345924362556,9.089848765519173,6.870363873208706,1.867199722705874,-3.474173282823083,1.7979087762338164,BabyLM 350M — final layer
0.304524338589788,-2.0369345924362556,9.056153018750605,6.870363873208706,1.867199722705874,-3.474173282823083,1.7979087762338164,BabyLM 350M — final layer
0.4581760829825505,-2.0369345924362556,9.017698883817058,6.870363873208706,1.867199722705874,-3.474173282823083,1.7979087762338164,BabyLM 350M — final layer
0.611827827375313,-2.0369345924362556,8.974486360718533,6.870363873208706,1.867199722705874,-3.474173282823083,1.7979087762338164,BabyLM 350M — final layer
0.7654795717680756,-2.0369345924362556,8.926515449455028,6.870363873208706,1.867199722705874,-3.474173282823083,1.7979087762338164,BabyLM 350M — final layer
0.9191313161608377,-2.0369345924362556,8.873786150026547,6.870363873208706,1.867199722705874,-3.474173282823083,1.7979087762338164,BabyLM 350M — final layer
1.0727830605536002,-2.0369345924362556,8.816298462433087,6.870363873208706,1.867199722705874,-3.474173282823083,1.7979087762338164,BabyLM 350M — final layer
1.2264348049463627,-2.0369345924362556,8.75405238667465,6.870363873208706,1.867199722705874,-3.474173282823083,1.7979087762338164,BabyLM 350M — final layer
1.3800865493391252,-2.0369345924362556,8.687047922751232,6.870363873208706,1.867199722705874,-3.474173282823083,1.7979087762338164,BabyLM 350M — final layer
1.5337382937318877,-2.0369345924362556,8.615285070662837,6.870363873208706,1.867199722705874,-3.474173282823083,1.7979087762338164,BabyLM 350M — final layer
1.6873900381246503,-2.0369345924362556,8.538763830409465,6.870363873208706,1.867199722705874,-3.474173282823083,1.7979087762338164,BabyLM 350M — final layer
1.8410417825174124,-2.0369345924362556,8.457484201991113,6.870363873208706,1.867199722705874,-3.474173282823083,1.7979087762338164,BabyLM 350M — final layer
1.9946935269101749,-2.0369345924362556,8.371446185407784,6.870363873208706,1.867199722705874,-3.474173282823083,1.7979087762338164,BabyLM 350M — final layer
2.148345271302937,-2.0369345924362556,8.280649780659477,6.870363873208706,1.867199722705874,-3.474173282823083,1.7979087762338164,BabyLM 350M — final layer
2.3019970156956995,-2.0369345924362556,8.18509498774619,6.870363873208706,1.867199722705874,-3.474173282823083,1.7979087762338164,BabyLM 350M — final layer
2.455648760088462,-2.0369345924362556,8.084781806667927,6.870363873208706,1.867199722705874,-3.474173282823083,1.7979087762338164,BabyLM 350M — final layer
-2.0002518273016485,-1.8697078200567863,9.029867900102273,6.870363873208706,1.867199722705874,-3.474173282823083,1.7979087762338164,BabyLM 350M — final layer
-1.846600082908886,-1.8697078200567863,9.059926737843146,6.870363873208706,1.867199722705874,-3.474173282823083,1.7979087762338164,BabyLM 350M — final layer
-1.6929483385161237,-1.8697078200567863,9.085227187419038,6.870363873208706,1.867199722705874,-3.474173282823083,1.7979087762338164,BabyLM 350M — final layer
-1.5392965941233612,-1.8697078200567863,9.105769248829953,6.870363873208706,1.867199722705874,-3.474173282823083,1.7979087762338164,BabyLM 350M — final layer
-1.3856448497305989,-1.8697078200567863,9.12155292207589,6.870363873208706,1.867199722705874,-3.474173282823083,1.7979087762338164,BabyLM 350M — final layer
-1.2319931053378363,-1.8697078200567863,9.132578207156849,6.870363873208706,1.867199722705874,-3.474173282823083,1.7979087762338164,BabyLM 350M — final layer
-1.0783413609450738,-1.8697078200567863,9.138845104072828,6.870363873208706,1.867199722705874,-3.474173282823083,1.7979087762338164,BabyLM 350M — final layer
-0.9246896165523115,-1.8697078200567863,9.14035361282383,6.870363873208706,1.867199722705874,-3.474173282823083,1.7979087762338164,BabyLM 350M — final layer
-0.771037872159549,-1.8697078200567863,9.137103733409855,6.870363873208706,1.867199722705874,-3.474173282823083,1.7979087762338164,BabyLM 350M — final layer
-0.6173861277667865,-1.8697078200567863,9.1290954658309,6.870363873208706,1.867199722705874,-3.474173282823083,1.7979087762338164,BabyLM 350M — final layer
-0.4637343833740242,-1.8697078200567863,9.116328810086967,6.870363873208706,1.867199722705874,-3.474173282823083,1.7979087762338164,BabyLM 350M — final layer
-0.31008263898126165,-1.8697078200567863,9.098803766178056,6.870363873208706,1.867199722705874,-3.474173282823083,1.7979087762338164,BabyLM 350M — final layer
-0.15643089458849913,-1.8697078200567863,9.076520334104167,6.870363873208706,1.867199722705874,-3.474173282823083,1.7979087762338164,BabyLM 350M — final layer
-0.0027791501957368236,-1.8697078200567863,9.0494785138653,6.870363873208706,1.867199722705874,-3.474173282823083,1.7979087762338164,BabyLM 350M — final layer
0.15087259419702548,-1.8697078200567863,9.017678305461455,6.870363873208706,1.867199722705874,-3.474173282823083,1.7979087762338164,BabyLM 350M — final layer
0.304524338589788,-1.8697078200567863,8.981119708892631,6.870363873208706,1.867199722705874,-3.474173282823083,1.7979087762338164,BabyLM 350M — final layer
0.4581760829825505,-1.8697078200567863,8.93980272415883,6.870363873208706,1.867199722705874,-3.474173282823083,1.7979087762338164,BabyLM 350M — final layer
0.611827827375313,-1.8697078200567863,8.893727351260049,6.870363873208706,1.867199722705874,-3.474173282823083,1.7979087762338164,BabyLM 350M — final layer
0.7654795717680756,-1.8697078200567863,8.84289359019629,6.870363873208706,1.867199722705874,-3.474173282823083,1.7979087762338164,BabyLM 350M — final layer
0.9191313161608377,-1.8697078200567863,8.787301440967553,6.870363873208706,1.867199722705874,-3.474173282823083,1.7979087762338164,BabyLM 350M — final layer
1.0727830605536002,-1.8697078200567863,8.726950903573838,6.870363873208706,1.867199722705874,-3.474173282823083,1.7979087762338164,BabyLM 350M — final layer
1.2264348049463627,-1.8697078200567863,8.661841978015145,6.870363873208706,1.867199722705874,-3.474173282823083,1.7979087762338164,BabyLM 350M — final layer
1.3800865493391252,-1.8697078200567863,8.591974664291474,6.870363873208706,1.867199722705874,-3.474173282823083,1.7979087762338164,BabyLM 350M — final layer
1.5337382937318877,-1.8697078200567863,8.517348962402822,6.870363873208706,1.867199722705874,-3.474173282823083,1.7979087762338164,BabyLM 350M — final layer
1.6873900381246503,-1.8697078200567863,8.437964872349195,6.870363873208706,1.867199722705874,-3.474173282823083,1.7979087762338164,BabyLM 350M — final layer
1.8410417825174124,-1.8697078200567863,8.353822394130589,6.870363873208706,1.867199722705874,-3.474173282823083,1.7979087762338164,BabyLM 350M — final layer
1.9946935269101749,-1.8697078200567863,8.264921527747005,6.870363873208706,1.867199722705874,-3.474173282823083,1.7979087762338164,BabyLM 350M — final layer
2.148345271302937,-1.8697078200567863,8.171262273198442,6.870363873208706,1.867199722705874,-3.474173282823083,1.7979087762338164,BabyLM 350M — final layer
2.3019970156956995,-1.8697078200567863,8.072844630484902,6.870363873208706,1.867199722705874,-3.474173282823083,1.7979087762338164,BabyLM 350M — final layer
2.455648760088462,-1.8697078200567863,7.969668599606382,6.870363873208706,1.867199722705874,-3.474173282823083,1.7979087762338164,BabyLM 350M — final layer
-2.0002518273016485,-1.702481047677317,9.005086369277183,6.870363873208706,1.867199722705874,-3.474173282823083,1.7979087762338164,BabyLM 350M — final layer
-1.846600082908886,-1.702481047677317,9.032282357217799,6.870363873208706,1.867199722705874,-3.474173282823083,1.7979087762338164,BabyLM 350M — final layer
-1.6929483385161237,-1.702481047677317,9.054719956993438,6.870363873208706,1.867199722705874,-3.474173282823083,1.7979087762338164,BabyLM 350M — final layer
-1.5392965941233612,-1.702481047677317,9.072399168604099,6.870363873208706,1.867199722705874,-3.474173282823083,1.7979087762338164,BabyLM 350M — final layer
-1.3856448497305989,-1.702481047677317,9.08531999204978,6.870363873208706,1.867199722705874,-3.474173282823083,1.7979087762338164,BabyLM 350M — final layer
-1.2319931053378363,-1.702481047677317,9.093482427330484,6.870363873208706,1.867199722705874,-3.474173282823083,1.7979087762338164,BabyLM 350M — final layer
-1.0783413609450738,-1.702481047677317,9.096886474446208,6.870363873208706,1.867199722705874,-3.474173282823083,1.7979087762338164,BabyLM 350M — final layer
-0.9246896165523115,-1.702481047677317,9.095532133396956,6.870363873208706,1.867199722705874,-3.474173282823083,1.7979087762338164,BabyLM 350M — final layer
-0.771037872159549,-1.702481047677317,9.089419404182724,6.870363873208706,1.867199722705874,-3.474173282823083,1.7979087762338164,BabyLM 350M — final layer
-0.6173861277667865,-1.702481047677317,9.078548286803514,6.870363873208706,1.867199722705874,-3.474173282823083,1.7979087762338164,BabyLM 350M — final layer
-0.4637343833740242,-1.702481047677317,9.062918781259327,6.870363873208706,1.867199722705874,-3.474173282823083,1.7979087762338164,BabyLM 350M — final layer
-0.31008263898126165,-1.702481047677317,9.04253088755016,6.870363873208706,1.867199722705874,-3.474173282823083,1.7979087762338164,BabyLM 350M — final layer
-0.15643089458849913,-1.702481047677317,9.017384605676018,6.870363873208706,1.867199722705874,-3.474173282823083,1.7979087762338164,BabyLM 350M — final layer
-0.0027791501957368236,-1.702481047677317,8.987479935636895,6.870363873208706,1.867199722705874,-3.474173282823083,1.7979087762338164,BabyLM 350M — final layer
0.15087259419702548,-1.702481047677317,8.952816877432793,6.870363873208706,1.867199722705874,-3.474173282823083,1.7979087762338164,BabyLM 350M — final layer
0.304524338589788,-1.702481047677317,8.913395431063716,6.870363873208706,1.867199722705874,-3.474173282823083,1.7979087762338164,BabyLM 350M — final layer
0.4581760829825505,-1.702481047677317,8.869215596529658,6.870363873208706,1.867199722705874,-3.474173282823083,1.7979087762338164,BabyLM 350M — final layer
0.611827827375313,-1.702481047677317,8.820277373830622,6.870363873208706,1.867199722705874,-3.474173282823083,1.7979087762338164,BabyLM 350M — final layer
0.7654795717680756,-1.702481047677317,8.766580762966608,6.870363873208706,1.867199722705874,-3.474173282823083,1.7979087762338164,BabyLM 350M — final layer
0.9191313161608377,-1.702481047677317,8.708125763937618,6.870363873208706,1.867199722705874,-3.474173282823083,1.7979087762338164,BabyLM 350M — final layer
1.0727830605536002,-1.702481047677317,8.644912376743648,6.870363873208706,1.867199722705874,-3.474173282823083,1.7979087762338164,BabyLM 350M — final layer
1.2264348049463627,-1.702481047677317,8.576940601384699,6.870363873208706,1.867199722705874,-3.474173282823083,1.7979087762338164,BabyLM 350M — final layer
1.3800865493391252,-1.702481047677317,8.504210437860772,6.870363873208706,1.867199722705874,-3.474173282823083,1.7979087762338164,BabyLM 350M — final layer
1.5337382937318877,-1.702481047677317,8.426721886171867,6.870363873208706,1.867199722705874,-3.474173282823083,1.7979087762338164,BabyLM 350M — final layer
1.6873900381246503,-1.702481047677317,8.344474946317984,6.870363873208706,1.867199722705874,-3.474173282823083,1.7979087762338164,BabyLM 350M — final layer
1.8410417825174124,-1.702481047677317,8.257469618299123,6.870363873208706,1.867199722705874,-3.474173282823083,1.7979087762338164,BabyLM 350M — final layer
1.9946935269101749,-1.702481047677317,8.165705902115283,6.870363873208706,1.867199722705874,-3.474173282823083,1.7979087762338164,BabyLM 350M — final layer
2.148345271302937,-1.702481047677317,8.069183797766467,6.870363873208706,1.867199722705874,-3.474173282823083,1.7979087762338164,BabyLM 350M — final layer
2.3019970156956995,-1.702481047677317,7.96790330525267,6.870363873208706,1.867199722705874,-3.474173282823083,1.7979087762338164,BabyLM 350M — final layer
2.455648760088462,-1.702481047677317,7.861864424573896,6.870363873208706,1.867199722705874,-3.474173282823083,1.7979087762338164,BabyLM 350M — final layer
-2.0002518273016485,-1.5352542752978477,8.98761387048115,6.870363873208706,1.867199722705874,-3.474173282823083,1.7979087762338164,BabyLM 350M — final layer
-1.846600082908886,-1.5352542752978477,9.011947008621512,6.870363873208706,1.867199722705874,-3.474173282823083,1.7979087762338164,BabyLM 350M — final layer
-1.6929483385161237,-1.5352542752978477,9.031521758596895,6.870363873208706,1.867199722705874,-3.474173282823083,1.7979087762338164,BabyLM 350M — final layer
-1.5392965941233612,-1.5352542752978477,9.0463381204073,6.870363873208706,1.867199722705874,-3.474173282823083,1.7979087762338164,BabyLM 350M — final layer
-1.3856448497305989,-1.5352542752978477,9.056396094052728,6.870363873208706,1.867199722705874,-3.474173282823083,1.7979087762338164,BabyLM 350M — final layer
-1.2319931053378363,-1.5352542752978477,9.061695679533175,6.870363873208706,1.867199722705874,-3.474173282823083,1.7979087762338164,BabyLM 350M — final layer
-1.0783413609450738,-1.5352542752978477,9.062236876848646,6.870363873208706,1.867199722705874,-3.474173282823083,1.7979087762338164,BabyLM 350M — final layer
-0.9246896165523115,-1.5352542752978477,9.058019685999138,6.870363873208706,1.867199722705874,-3.474173282823083,1.7979087762338164,BabyLM 350M — final layer
-0.771037872159549,-1.5352542752978477,9.04904410698465,6.870363873208706,1.867199722705874,-3.474173282823083,1.7979087762338164,BabyLM 350M — final layer
-0.6173861277667865,-1.5352542752978477,9.035310139805187,6.870363873208706,1.867199722705874,-3.474173282823083,1.7979087762338164,BabyLM 350M — final layer
-0.4637343833740242,-1.5352542752978477,9.016817784460745,6.870363873208706,1.867199722705874,-3.474173282823083,1.7979087762338164,BabyLM 350M — final layer
-0.31008263898126165,-1.5352542752978477,8.993567040951323,6.870363873208706,1.867199722705874,-3.474173282823083,1.7979087762338164,BabyLM 350M — final layer
-0.15643089458849913,-1.5352542752978477,8.965557909276924,6.870363873208706,1.867199722705874,-3.474173282823083,1.7979087762338164,BabyLM 350M — final layer
-0.0027791501957368236,-1.5352542752978477,8.932790389437546,6.870363873208706,1.867199722705874,-3.474173282823083,1.7979087762338164,BabyLM 350M — final layer
0.15087259419702548,-1.5352542752978477,8.895264481433191,6.870363873208706,1.867199722705874,-3.474173282823083,1.7979087762338164,BabyLM 350M — final layer
0.304524338589788,-1.5352542752978477,8.852980185263856,6.870363873208706,1.867199722705874,-3.474173282823083,1.7979087762338164,BabyLM 350M — final layer
0.4581760829825505,-1.5352542752978477,8.805937500929545,6.870363873208706,1.867199722705874,-3.474173282823083,1.7979087762338164,BabyLM 350M — final layer
0.611827827375313,-1.5352542752978477,8.754136428430254,6.870363873208706,1.867199722705874,-3.474173282823083,1.7979087762338164,BabyLM 350M — final layer
0.7654795717680756,-1.5352542752978477,8.697576967765986,6.870363873208706,1.867199722705874,-3.474173282823083,1.7979087762338164,BabyLM 350M — final layer
0.9191313161608377,-1.5352542752978477,8.636259118936739,6.870363873208706,1.867199722705874,-3.474173282823083,1.7979087762338164,BabyLM 350M — final layer
1.0727830605536002,-1.5352542752978477,8.570182881942515,6.870363873208706,1.867199722705874,-3.474173282823083,1.7979087762338164,BabyLM 350M — final layer
1.2264348049463627,-1.5352542752978477,8.49934825678331,6.870363873208706,1.867199722705874,-3.474173282823083,1.7979087762338164,BabyLM 350M — final layer
1.3800865493391252,-1.5352542752978477,8.423755243459128,6.870363873208706,1.867199722705874,-3.474173282823083,1.7979087762338164,BabyLM 350M — final layer
1.5337382937318877,-1.5352542752978477,8.34340384196997,6.870363873208706,1.867199722705874,-3.474173282823083,1.7979087762338164,BabyLM 350M — final layer
1.6873900381246503,-1.5352542752978477,8.258294052315831,6.870363873208706,1.867199722705874,-3.474173282823083,1.7979087762338164,BabyLM 350M — final layer
1.8410417825174124,-1.5352542752978477,8.168425874496716,6.870363873208706,1.867199722705874,-3.474173282823083,1.7979087762338164,BabyLM 350M — final layer
1.9946935269101749,-1.5352542752978477,8.073799308512621,6.870363873208706,1.867199722705874,-3.474173282823083,1.7979087762338164,BabyLM 350M — final layer
2.148345271302937,-1.5352542752978477,7.974414354363548,6.870363873208706,1.867199722705874,-3.474173282823083,1.7979087762338164,BabyLM 350M — final layer
2.3019970156956995,-1.5352542752978477,7.870271012049497,6.870363873208706,1.867199722705874,-3.474173282823083,1.7979087762338164,BabyLM 350M — final layer
2.455648760088462,-1.5352542752978477,7.761369281570468,6.870363873208706,1.867199722705874,-3.474173282823083,1.7979087762338164,BabyLM 350M — final layer
-2.0002518273016485,-1.3680275029183784,8.977450403714176,6.870363873208706,1.867199722705874,-3.474173282823083,1.7979087762338164,BabyLM 350M — final layer
-1.846600082908886,-1.3680275029183784,8.998920692054282,6.870363873208706,1.867199722705874,-3.474173282823083,1.7979087762338164,BabyLM 350M — final layer
-1.6929483385161237,-1.3680275029183784,9.01563259222941,6.870363873208706,1.867199722705874,-3.474173282823083,1.7979087762338164,BabyLM 350M — final layer
-1.5392965941233612,-1.3680275029183784,9.02758610423956,6.870363873208706,1.867199722705874,-3.474173282823083,1.7979087762338164,BabyLM 350M — final layer
-1.3856448497305989,-1.3680275029183784,9.034781228084732,6.870363873208706,1.867199722705874,-3.474173282823083,1.7979087762338164,BabyLM 350M — final layer
-1.2319931053378363,-1.3680275029183784,9.037217963764926,6.870363873208706,1.867199722705874,-3.474173282823083,1.7979087762338164,BabyLM 350M — final layer
-1.0783413609450738,-1.3680275029183784,9.034896311280141,6.870363873208706,1.867199722705874,-3.474173282823083,1.7979087762338164,BabyLM 350M — final layer
-0.9246896165523115,-1.3680275029183784,9.027816270630378,6.870363873208706,1.867199722705874,-3.474173282823083,1.7979087762338164,BabyLM 350M — final layer
-0.771037872159549,-1.3680275029183784,9.015977841815637,6.870363873208706,1.867199722705874,-3.474173282823083,1.7979087762338164,BabyLM 350M — final layer
-0.6173861277667865,-1.3680275029183784,8.999381024835918,6.870363873208706,1.867199722705874,-3.474173282823083,1.7979087762338164,BabyLM 350M — final layer
-0.4637343833740242,-1.3680275029183784,8.97802581969122,6.870363873208706,1.867199722705874,-3.474173282823083,1.7979087762338164,BabyLM 350M — final layer
-0.31008263898126165,-1.3680275029183784,8.951912226381543,6.870363873208706,1.867199722705874,-3.474173282823083,1.7979087762338164,BabyLM 350M — final layer
-0.15643089458849913,-1.3680275029183784,8.921040244906889,6.870363873208706,1.867199722705874,-3.474173282823083,1.7979087762338164,BabyLM 350M — final layer
-0.0027791501957368236,-1.3680275029183784,8.885409875267257,6.870363873208706,1.867199722705874,-3.474173282823083,1.7979087762338164,BabyLM 350M — final layer
0.15087259419702548,-1.3680275029183784,8.845021117462647,6.870363873208706,1.867199722705874,-3.474173282823083,1.7979087762338164,BabyLM 350M — final layer
0.304524338589788,-1.3680275029183784,8.799873971493057,6.870363873208706,1.867199722705874,-3.474173282823083,1.7979087762338164,BabyLM 350M — final layer
0.4581760829825505,-1.3680275029183784,8.74996843735849,6.870363873208706,1.867199722705874,-3.474173282823083,1.7979087762338164,BabyLM 350M — final layer
0.611827827375313,-1.3680275029183784,8.695304515058945,6.870363873208706,1.867199722705874,-3.474173282823083,1.7979087762338164,BabyLM 350M — final layer
0.7654795717680756,-1.3680275029183784,8.635882204594422,6.870363873208706,1.867199722705874,-3.474173282823083,1.7979087762338164,BabyLM 350M — final layer
0.9191313161608377,-1.3680275029183784,8.571701505964919,6.870363873208706,1.867199722705874,-3.474173282823083,1.7979087762338164,BabyLM 350M — final layer
1.0727830605536002,-1.3680275029183784,8.50276241917044,6.870363873208706,1.867199722705874,-3.474173282823083,1.7979087762338164,BabyLM 350M — final layer
1.2264348049463627,-1.3680275029183784,8.42906494421098,6.870363873208706,1.867199722705874,-3.474173282823083,1.7979087762338164,BabyLM 350M — final layer
1.3800865493391252,-1.3680275029183784,8.350609081086544,6.870363873208706,1.867199722705874,-3.474173282823083,1.7979087762338164,BabyLM 350M — final layer
1.5337382937318877,-1.3680275029183784,8.26739482979713,6.870363873208706,1.867199722705874,-3.474173282823083,1.7979087762338164,BabyLM 350M — final layer
1.6873900381246503,-1.3680275029183784,8.179422190342736,6.870363873208706,1.867199722705874,-3.474173282823083,1.7979087762338164,BabyLM 350M — final layer
1.8410417825174124,-1.3680275029183784,8.086691162723366,6.870363873208706,1.867199722705874,-3.474173282823083,1.7979087762338164,BabyLM 350M — final layer
1.9946935269101749,-1.3680275029183784,7.989201746939016,6.870363873208706,1.867199722705874,-3.474173282823083,1.7979087762338164,BabyLM 350M — final layer
2.148345271302937,-1.3680275029183784,7.886953942989688,6.870363873208706,1.867199722705874,-3.474173282823083,1.7979087762338164,BabyLM 350M — final layer
2.3019970156956995,-1.3680275029183784,7.779947750875382,6.870363873208706,1.867199722705874,-3.474173282823083,1.7979087762338164,BabyLM 350M — final layer
2.455648760088462,-1.3680275029183784,7.668183170596097,6.870363873208706,1.867199722705874,-3.474173282823083,1.7979087762338164,BabyLM 350M — final layer
-2.0002518273016485,-1.200800730538909,8.97459596897626,6.870363873208706,1.867199722705874,-3.474173282823083,1.7979087762338164,BabyLM 350M — final layer
-1.846600082908886,-1.200800730538909,8.993203407516111,6.870363873208706,1.867199722705874,-3.474173282823083,1.7979087762338164,BabyLM 350M — final layer
-1.6929483385161237,-1.200800730538909,9.007052457890984,6.870363873208706,1.867199722705874,-3.474173282823083,1.7979087762338164,BabyLM 350M — final layer
-1.5392965941233612,-1.200800730538909,9.01614312010088,6.870363873208706,1.867199722705874,-3.474173282823083,1.7979087762338164,BabyLM 350M — final layer
-1.3856448497305989,-1.200800730538909,9.020475394145796,6.870363873208706,1.867199722705874,-3.474173282823083,1.7979087762338164,BabyLM 350M — final layer
-1.2319931053378363,-1.200800730538909,9.020049280025734,6.870363873208706,1.867199722705874,-3.474173282823083,1.7979087762338164,BabyLM 350M — final layer
-1.0783413609450738,-1.200800730538909,9.014864777740694,6.870363873208706,1.867199722705874,-3.474173282823083,1.7979087762338164,BabyLM 350M — final layer
-0.9246896165523115,-1.200800730538909,9.004921887290676,6.870363873208706,1.867199722705874,-3.474173282823083,1.7979087762338164,BabyLM 350M — final layer
-0.771037872159549,-1.200800730538909,8.99022060867568,6.870363873208706,1.867199722705874,-3.474173282823083,1.7979087762338164,BabyLM 350M — final layer
-0.6173861277667865,-1.200800730538909,8.970760941895705,6.870363873208706,1.867199722705874,-3.474173282823083,1.7979087762338164,BabyLM 350M — final layer
-0.4637343833740242,-1.200800730538909,8.946542886950752,6.870363873208706,1.867199722705874,-3.474173282823083,1.7979087762338164,BabyLM 350M — final layer
-0.31008263898126165,-1.200800730538909,8.917566443840823,6.870363873208706,1.867199722705874,-3.474173282823083,1.7979087762338164,BabyLM 350M — final layer
-0.15643089458849913,-1.200800730538909,8.883831612565913,6.870363873208706,1.867199722705874,-3.474173282823083,1.7979087762338164,BabyLM 350M — final layer
-0.0027791501957368236,-1.200800730538909,8.845338393126026,6.870363873208706,1.867199722705874,-3.474173282823083,1.7979087762338164,BabyLM 350M — final layer
0.15087259419702548,-1.200800730538909,8.80208678552116,6.870363873208706,1.867199722705874,-3.474173282823083,1.7979087762338164,BabyLM 350M — final layer
0.304524338589788,-1.200800730538909,8.754076789751316,6.870363873208706,1.867199722705874,-3.474173282823083,1.7979087762338164,BabyLM 350M — final layer
0.4581760829825505,-1.200800730538909,8.701308405816492,6.870363873208706,1.867199722705874,-3.474173282823083,1.7979087762338164,BabyLM 350M — final layer
0.611827827375313,-1.200800730538909,8.643781633716692,6.870363873208706,1.867199722705874,-3.474173282823083,1.7979087762338164,BabyLM 350M — final layer
0.7654795717680756,-1.200800730538909,8.581496473451914,6.870363873208706,1.867199722705874,-3.474173282823083,1.7979087762338164,BabyLM 350M — final layer
0.9191313161608377,-1.200800730538909,8.514452925022157,6.870363873208706,1.867199722705874,-3.474173282823083,1.7979087762338164,BabyLM 350M — final layer
1.0727830605536002,-1.200800730538909,8.442650988427422,6.870363873208706,1.867199722705874,-3.474173282823083,1.7979087762338164,BabyLM 350M — final layer
1.2264348049463627,-1.200800730538909,8.366090663667709,6.870363873208706,1.867199722705874,-3.474173282823083,1.7979087762338164,BabyLM 350M — final layer
1.3800865493391252,-1.200800730538909,8.284771950743018,6.870363873208706,1.867199722705874,-3.474173282823083,1.7979087762338164,BabyLM 350M — final layer
1.5337382937318877,-1.200800730538909,8.198694849653346,6.870363873208706,1.867199722705874,-3.474173282823083,1.7979087762338164,BabyLM 350M — final layer
1.6873900381246503,-1.200800730538909,8.107859360398699,6.870363873208706,1.867199722705874,-3.474173282823083,1.7979087762338164,BabyLM 350M — final layer
1.8410417825174124,-1.200800730538909,8.012265482979073,6.870363873208706,1.867199722705874,-3.474173282823083,1.7979087762338164,BabyLM 350M — final layer
1.9946935269101749,-1.200800730538909,7.911913217394468,6.870363873208706,1.867199722705874,-3.474173282823083,1.7979087762338164,BabyLM 350M — final layer
2.148345271302937,-1.200800730538909,7.806802563644886,6.870363873208706,1.867199722705874,-3.474173282823083,1.7979087762338164,BabyLM 350M — final layer
2.3019970156956995,-1.200800730538909,7.696933521730324,6.870363873208706,1.867199722705874,-3.474173282823083,1.7979087762338164,BabyLM 350M — final layer
2.455648760088462,-1.200800730538909,7.582306091650786,6.870363873208706,1.867199722705874,-3.474173282823083,1.7979087762338164,BabyLM 350M — final layer
-2.0002518273016485,-1.0335739581594396,8.979050566267402,6.870363873208706,1.867199722705874,-3.474173282823083,1.7979087762338164,BabyLM 350M — final layer
-1.846600082908886,-1.0335739581594396,8.994795155006997,6.870363873208706,1.867199722705874,-3.474173282823083,1.7979087762338164,BabyLM 350M — final layer
-1.6929483385161237,-1.0335739581594396,9.005781355581616,6.870363873208706,1.867199722705874,-3.474173282823083,1.7979087762338164,BabyLM 350M — final layer
-1.5392965941233612,-1.0335739581594396,9.012009167991256,6.870363873208706,1.867199722705874,-3.474173282823083,1.7979087762338164,BabyLM 350M — final layer
-1.3856448497305989,-1.0335739581594396,9.013478592235916,6.870363873208706,1.867199722705874,-3.474173282823083,1.7979087762338164,BabyLM 350M — final layer
-1.2319931053378363,-1.0335739581594396,9.0101896283156009,6.870363873208706,1.867199722705874,-3.474173282823083,1.7979087762338164,BabyLM 350M — final layer
-1.0783413609450738,-1.0335739581594396,9.002142276230305,6.870363873208706,1.867199722705874,-3.474173282823083,1.7979087762338164,BabyLM 350M — final layer
-0.9246896165523115,-1.0335739581594396,8.989336535980033,6.870363873208706,1.867199722705874,-3.474173282823083,1.7979087762338164,BabyLM 350M — final layer
-0.771037872159549,-1.0335739581594396,8.971772407564782,6.870363873208706,1.867199722705874,-3.474173282823083,1.7979087762338164,BabyLM 350M — final layer
-0.6173861277667865,-1.0335739581594396,8.949449890984551,6.870363873208706,1.867199722705874,-3.474173282823083,1.7979087762338164,BabyLM 350M — final layer
-0.4637343833740242,-1.0335739581594396,8.922368986239343,6.870363873208706,1.867199722705874,-3.474173282823083,1.7979087762338164,BabyLM 350M — final layer
-0.31008263898126165,-1.0335739581594396,8.890529693329158,6.870363873208706,1.867199722705874,-3.474173282823083,1.7979087762338164,BabyLM 350M — final layer
-0.15643089458849913,-1.0335739581594396,8.853932012253994,6.870363873208706,1.867199722705874,-3.474173282823083,1.7979087762338164,BabyLM 350M — final layer
-0.0027791501957368236,-1.0335739581594396,8.81257594301385,6.870363873208706,1.867199722705874,-3.474173282823083,1.7979087762338164,BabyLM 350M — final layer
0.15087259419702548,-1.0335739581594396,8.76646148560873,6.870363873208706,1.867199722705874,-3.474173282823083,1.7979087762338164,BabyLM 350M — final layer
0.304524338589788,-1.0335739581594396,8.715588640038632,6.870363873208706,1.867199722705874,-3.474173282823083,1.7979087762338164,BabyLM 350M — final layer
0.4581760829825505,-1.0335739581594396,8.659957406303555,6.870363873208706,1.867199722705874,-3.474173282823083,1.7979087762338164,BabyLM 350M — final layer
0.611827827375313,-1.0335739581594396,8.599567784403499,6.870363873208706,1.867199722705874,-3.474173282823083,1.7979087762338164,BabyLM 350M — final layer
0.7654795717680756,-1.0335739581594396,8.534419774338465,6.870363873208706,1.867199722705874,-3.474173282823083,1.7979087762338164,BabyLM 350M — final layer
0.9191313161608377,-1.0335739581594396,8.464513376108453,6.870363873208706,1.867199722705874,-3.474173282823083,1.7979087762338164,BabyLM 350M — final layer
1.0727830605536002,-1.0335739581594396,8.389848589713463,6.870363873208706,1.867199722705874,-3.474173282823083,1.7979087762338164,BabyLM 350M — final layer
1.2264348049463627,-1.0335739581594396,8.310425415153494,6.870363873208706,1.867199722705874,-3.474173282823083,1.7979087762338164,BabyLM 350M — final layer
1.3800865493391252,-1.0335739581594396,8.226243852428547,6.870363873208706,1.867199722705874,-3.474173282823083,1.7979087762338164,BabyLM 350M — final layer
1.5337382937318877,-1.0335739581594396,8.137303901538623,6.870363873208706,1.867199722705874,-3.474173282823083,1.7979087762338164,BabyLM 350M — final layer
1.6873900381246503,-1.0335739581594396,8.04360556248372,6.870363873208706,1.867199722705874,-3.474173282823083,1.7979087762338164,BabyLM 350M — final layer
1.8410417825174124,-1.0335739581594396,7.945148835263839,6.870363873208706,1.867199722705874,-3.474173282823083,1.7979087762338164,BabyLM 350M — final layer
1.9946935269101749,-1.0335739581594396,7.84193371987898,6.870363873208706,1.867199722705874,-3.474173282823083,1.7979087762338164,BabyLM 350M — final layer
2.148345271302937,-1.0335739581594396,7.733960216329142,6.870363873208706,1.867199722705874,-3.474173282823083,1.7979087762338164,BabyLM 350M — final layer
2.3019970156956995,-1.0335739581594396,7.621228324614325,6.870363873208706,1.867199722705874,-3.474173282823083,1.7979087762338164,BabyLM 350M — final layer
2.455648760088462,-1.0335739581594396,7.503738044734531,6.870363873208706,1.867199722705874,-3.474173282823083,1.7979087762338164,BabyLM 350M — final layer
-2.0002518273016485,-0.8663471857799703,8.9908141955876,6.870363873208706,1.867199722705874,-3.474173282823083,1.7979087762338164,BabyLM 350M — final layer
-1.846600082908886,-0.8663471857799703,9.003695934526942,6.870363873208706,1.867199722705874,-3.474173282823083,1.7979087762338164,BabyLM 350M — final layer
-1.6929483385161237,-0.8663471857799703,9.011819285301305,6.870363873208706,1.867199722705874,-3.474173282823083,1.7979087762338164,BabyLM 350M — final layer
-1.5392965941233612,-0.8663471857799703,9.01518424791069,6.870363873208706,1.867199722705874,-3.474173282823083,1.7979087762338164,BabyLM 350M — final layer
-1.3856448497305989,-0.8663471857799703,9.013790822355096,6.870363873208706,1.867199722705874,-3.474173282823083,1.7979087762338164,BabyLM 350M — final layer
-1.2319931053378363,-0.8663471857799703,9.007639008634525,6.870363873208706,1.867199722705874,-3.474173282823083,1.7979087762338164,BabyLM 350M — final layer
-1.0783413609450738,-0.8663471857799703,8.996728806748974,6.870363873208706,1.867199722705874,-3.474173282823083,1.7979087762338164,BabyLM 350M — final layer
-0.9246896165523115,-0.8663471857799703,8.981060216698447,6.870363873208706,1.867199722705874,-3.474173282823083,1.7979087762338164,BabyLM 350M — final layer
-0.771037872159549,-0.8663471857799703,8.96063323848294,6.870363873208706,1.867199722705874,-3.474173282823083,1.7979087762338164,BabyLM 350M — final layer
-0.6173861277667865,-0.8663471857799703,8.935447872102456,6.870363873208706,1.867199722705874,-3.474173282823083,1.7979087762338164,BabyLM 350M — final layer
-0.4637343833740242,-0.8663471857799703,8.905504117556994,6.870363873208706,1.867199722705874,-3.474173282823083,1.7979087762338164,BabyLM 350M — final layer
-0.31008263898126165,-0.8663471857799703,8.870801974846552,6.870363873208706,1.867199722705874,-3.474173282823083,1.7979087762338164,BabyLM 350M — final layer
-0.15643089458849913,-0.8663471857799703,8.831341443971132,6.870363873208706,1.867199722705874,-3.474173282823083,1.7979087762338164,BabyLM 350M — final layer
-0.0027791501957368236,-0.8663471857799703,8.787122524930735,6.870363873208706,1.867199722705874,-3.474173282823083,1.7979087762338164,BabyLM 350M — final layer
0.15087259419702548,-0.8663471857799703,8.738145217725359,6.870363873208706,1.867199722705874,-3.474173282823083,1.7979087762338164,BabyLM 350M — final layer
0.304524338589788,-0.8663471857799703,8.684409522355006,6.870363873208706,1.867199722705874,-3.474173282823083,1.7979087762338164,BabyLM 350M — final layer
0.4581760829825505,-0.8663471857799703,8.625915438819673,6.870363873208706,1.867199722705874,-3.474173282823083,1.7979087762338164,BabyLM 350M — final layer
0.611827827375313,-0.8663471857799703,8.562662967119364,6.870363873208706,1.867199722705874,-3.474173282823083,1.7979087762338164,BabyLM 350M — final layer
0.7654795717680756,-0.8663471857799703,8.494652107254074,6.870363873208706,1.867199722705874,-3.474173282823083,1.7979087762338164,BabyLM 350M — final layer
0.9191313161608377,-0.8663471857799703,8.421882859223807,6.870363873208706,1.867199722705874,-3.474173282823083,1.7979087762338164,BabyLM 350M — final layer
1.0727830605536002,-0.8663471857799703,8.344355223028563,6.870363873208706,1.867199722705874,-3.474173282823083,1.7979087762338164,BabyLM 350M — final layer
1.2264348049463627,-0.8663471857799703,8.262069198668339,6.870363873208706,1.867199722705874,-3.474173282823083,1.7979087762338164,BabyLM 350M — final layer
1.3800865493391252,-0.8663471857799703,8.175024786143137,6.870363873208706,1.867199722705874,-3.474173282823083,1.7979087762338164,BabyLM 350M — final layer
1.5337382937318877,-0.8663471857799703,8.083221985452957,6.870363873208706,1.867199722705874,-3.474173282823083,1.7979087762338164,BabyLM 350M — final layer
1.6873900381246503,-0.8663471857799703,7.986660796597799,6.870363873208706,1.867199722705874,-3.474173282823083,1.7979087762338164,BabyLM 350M — final layer
1.8410417825174124,-0.8663471857799703,7.885341219577663,6.870363873208706,1.867199722705874,-3.474173282823083,1.7979087762338164,BabyLM 350M — final layer
1.9946935269101749,-0.8663471857799703,7.779263254392548,6.870363873208706,1.867199722705874,-3.474173282823083,1.7979087762338164,BabyLM 350M — final layer
2.148345271302937,-0.8663471857799703,7.668426901042455,6.870363873208706,1.867199722705874,-3.474173282823083,1.7979087762338164,BabyLM 350M — final layer
2.3019970156956995,-0.8663471857799703,7.552832159527385,6.870363873208706,1.867199722705874,-3.474173282823083,1.7979087762338164,BabyLM 350M — final layer
2.455648760088462,-0.8663471857799703,7.432479029847335,6.870363873208706,1.867199722705874,-3.474173282823083,1.7979087762338164,BabyLM 350M — final layer
-2.0002518273016485,-0.6991204134005011,9.009886856936857,6.870363873208706,1.867199722705874,-3.474173282823083,1.7979087762338164,BabyLM 350M — final layer
-1.846600082908886,-0.6991204134005011,9.019905746075944,6.870363873208706,1.867199722705874,-3.474173282823083,1.7979087762338164,BabyLM 350M — final layer
-1.6929483385161237,-0.6991204134005011,9.025166247050052,6.870363873208706,1.867199722705874,-3.474173282823083,1.7979087762338164,BabyLM 350M — final layer
-1.5392965941233612,-0.6991204134005011,9.025668359859182,6.870363873208706,1.867199722705874,-3.474173282823083,1.7979087762338164,BabyLM 350M — final layer
-1.3856448497305989,-0.6991204134005011,9.021412084503334,6.870363873208706,1.867199722705874,-3.474173282823083,1.7979087762338164,BabyLM 350M — final layer
-1.2319931053378363,-0.6991204134005011,9.012397420982508,6.870363873208706,1.867199722705874,-3.474173282823083,1.7979087762338164,BabyLM 350M — final layer
-1.0783413609450738,-0.6991204134005011,8.998624369296703,6.870363873208706,1.867199722705874,-3.474173282823083,1.7979087762338164,BabyLM 350M — final layer
-0.9246896165523115,-0.6991204134005011,8.980092929445918,6.870363873208706,1.867199722705874,-3.474173282823083,1.7979087762338164,BabyLM 350M — final layer
-0.771037872159549,-0.6991204134005011,8.956803101430157,6.870363873208706,1.867199722705874,-3.474173282823083,1.7979087762338164,BabyLM 350M — final layer
-0.6173861277667865,-0.6991204134005011,8.928754885249418,6.870363873208706,1.867199722705874,-3.474173282823083,1.7979087762338164,BabyLM 350M — final layer
-0.4637343833740242,-0.6991204134005011,8.895948280903701,6.870363873208706,1.867199722705874,-3.474173282823083,1.7979087762338164,BabyLM 350M — final layer
-0.31008263898126165,-0.6991204134005011,8.858383288393004,6.870363873208706,1.867199722705874,-3.474173282823083,1.7979087762338164,BabyLM 350M — final layer
-0.15643089458849913,-0.6991204134005011,8.81605990771733,6.870363873208706,1.867199722705874,-3.474173282823083,1.7979087762338164,BabyLM 350M — final layer
-0.0027791501957368236,-0.6991204134005011,8.768978138876678,6.870363873208706,1.867199722705874,-3.474173282823083,1.7979087762338164,BabyLM 350M — final layer
0.15087259419702548,-0.6991204134005011,8.717137981871046,6.870363873208706,1.867199722705874,-3.474173282823083,1.7979087762338164,BabyLM 350M — final layer
0.304524338589788,-0.6991204134005011,8.660539436700438,6.870363873208706,1.867199722705874,-3.474173282823083,1.7979087762338164,BabyLM 350M — final layer
0.4581760829825505,-0.6991204134005011,8.599182503364851,6.870363873208706,1.867199722705874,-3.474173282823083,1.7979087762338164,BabyLM 350M — final layer
0.611827827375313,-0.6991204134005011,8.533067181864284,6.870363873208706,1.867199722705874,-3.474173282823083,1.7979087762338164,BabyLM 350M — final layer
0.7654795717680756,-0.6991204134005011,8.462193472198742,6.870363873208706,1.867199722705874,-3.474173282823083,1.7979087762338164,BabyLM 350M — final layer
0.9191313161608377,-0.6991204134005011,8.386561374368219,6.870363873208706,1.867199722705874,-3.474173282823083,1.7979087762338164,BabyLM 350M — final layer
1.0727830605536002,-0.6991204134005011,8.30617088837272,6.870363873208706,1.867199722705874,-3.474173282823083,1.7979087762338164,BabyLM 350M — final layer
1.2264348049463627,-0.6991204134005011,8.22102201421224,6.870363873208706,1.867199722705874,-3.474173282823083,1.7979087762338164,BabyLM 350M — final layer
1.3800865493391252,-0.6991204134005011,8.131114751886784,6.870363873208706,1.867199722705874,-3.474173282823083,1.7979087762338164,BabyLM 350M — final layer
1.5337382937318877,-0.6991204134005011,8.036449101396348,6.870363873208706,1.867199722705874,-3.474173282823083,1.7979087762338164,BabyLM 350M — final layer
1.6873900381246503,-0.6991204134005011,7.937025062740935,6.870363873208706,1.867199722705874,-3.474173282823083,1.7979087762338164,BabyLM 350M — final layer
1.8410417825174124,-0.6991204134005011,7.832842635920545,6.870363873208706,1.867199722705874,-3.474173282823083,1.7979087762338164,BabyLM 350M — final layer
1.9946935269101749,-0.6991204134005011,7.723901820935175,6.870363873208706,1.867199722705874,-3.474173282823083,1.7979087762338164,BabyLM 350M — final layer
2.148345271302937,-0.6991204134005011,7.610202617784827,6.870363873208706,1.867199722705874,-3.474173282823083,1.7979087762338164,BabyLM 350M — final layer
2.3019970156956995,-0.6991204134005011,7.491745026469501,6.870363873208706,1.867199722705874,-3.474173282823083,1.7979087762338164,BabyLM 350M — final layer
2.455648760088462,-0.6991204134005011,7.368529046989197,6.870363873208706,1.867199722705874,-3.474173282823083,1.7979087762338164,BabyLM 350M — final layer
-2.0002518273016485,-0.531893641021032,9.036268550315173,6.870363873208706,1.867199722705874,-3.474173282823083,1.7979087762338164,BabyLM 350M — final layer
-1.846600082908886,-0.531893641021032,9.043424589654004,6.870363873208706,1.867199722705874,-3.474173282823083,1.7979087762338164,BabyLM 350M — final layer
-1.6929483385161237,-0.531893641021032,9.045822240827858,6.870363873208706,1.867199722705874,-3.474173282823083,1.7979087762338164,BabyLM 350M — final layer
-1.5392965941233612,-0.531893641021032,9.043461503836733,6.870363873208706,1.867199722705874,-3.474173282823083,1.7979087762338164,BabyLM 350M — final layer
-1.3856448497305989,-0.531893641021032,9.03634237868063,6.870363873208706,1.867199722705874,-3.474173282823083,1.7979087762338164,BabyLM 350M — final layer
-1.2319931053378363,-0.531893641021032,9.024464865359548,6.870363873208706,1.867199722705874,-3.474173282823083,1.7979087762338164,BabyLM 350M — final layer
-1.0783413609450738,-0.531893641021032,9.007828963873488,6.870363873208706,1.867199722705874,-3.474173282823083,1.7979087762338164,BabyLM 350M — final layer
-0.9246896165523115,-0.531893641021032,8.98643467422245,6.870363873208706,1.867199722705874,-3.474173282823083,1.7979087762338164,BabyLM 350M — final layer
-0.771037872159549,-0.531893641021032,8.960281996406433,6.870363873208706,1.867199722705874,-3.474173282823083,1.7979087762338164,BabyLM 350M — final layer
-0.6173861277667865,-0.531893641021032,8.929370930425439,6.870363873208706,1.867199722705874,-3.474173282823083,1.7979087762338164,BabyLM 350M — final layer
-0.4637343833740242,-0.531893641021032,8.893701476279466,6.870363873208706,1.867199722705874,-3.474173282823083,1.7979087762338164,BabyLM 350M — final layer
-0.31008263898126165,-0.531893641021032,8.853273633968515,6.870363873208706,1.867199722705874,-3.474173282823083,1.7979087762338164,BabyLM 350M — final layer
-0.15643089458849913,-0.531893641021032,8.808087403492586,6.870363873208706,1.867199722705874,-3.474173282823083,1.7979087762338164,BabyLM 350M — final layer
-0.0027791501957368236,-0.531893641021032,8.758142784851678,6.870363873208706,1.867199722705874,-3.474173282823083,1.7979087762338164,BabyLM 350M — final layer
0.15087259419702548,-0.531893641021032,8.703439778045793,6.870363873208706,1.867199722705874,-3.474173282823083,1.7979087762338164,BabyLM 350M — final layer
0.304524338589788,-0.531893641021032,8.643978383074927,6.870363873208706,1.867199722705874,-3.474173282823083,1.7979087762338164,BabyLM 350M — final layer
0.4581760829825505,-0.531893641021032,8.579758599939085,6.870363873208706,1.867199722705874,-3.474173282823083,1.7979087762338164,BabyLM 350M — final layer
0.611827827375313,-0.531893641021032,8.510780428638265,6.870363873208706,1.867199722705874,-3.474173282823083,1.7979087762338164,BabyLM 350M — final layer
0.7654795717680756,-0.531893641021032,8.437043869172467,6.870363873208706,1.867199722705874,-3.474173282823083,1.7979087762338164,BabyLM 350M — final layer
0.9191313161608377,-0.531893641021032,8.35854892154169,6.870363873208706,1.867199722705874,-3.474173282823083,1.7979087762338164,BabyLM 350M — final layer
1.0727830605536002,-0.531893641021032,8.275295585745933,6.870363873208706,1.867199722705874,-3.474173282823083,1.7979087762338164,BabyLM 350M — final layer
1.2264348049463627,-0.531893641021032,8.1872838617852,6.870363873208706,1.867199722705874,-3.474173282823083,1.7979087762338164,BabyLM 350M — final layer
1.3800865493391252,-0.531893641021032,8.09451374965949,6.870363873208706,1.867199722705874,-3.474173282823083,1.7979087762338164,BabyLM 350M — final layer
1.5337382937318877,-0.531893641021032,7.996985249368799,6.870363873208706,1.867199722705874,-3.474173282823083,1.7979087762338164,BabyLM 350M — final layer
1.6873900381246503,-0.531893641021032,7.8946983609131305,6.870363873208706,1.867199722705874,-3.474173282823083,1.7979087762338164,BabyLM 350M — final layer
1.8410417825174124,-0.531893641021032,7.787653084292485,6.870363873208706,1.867199722705874,-3.474173282823083,1.7979087762338164,BabyLM 350M — final layer
1.9946935269101749,-0.531893641021032,7.67584941950686,6.870363873208706,1.867199722705874,-3.474173282823083,1.7979087762338164,BabyLM 350M — final layer
2.148345271302937,-0.531893641021032,7.559287366556257,6.870363873208706,1.867199722705874,-3.474173282823083,1.7979087762338164,BabyLM 350M — final layer
2.3019970156956995,-0.531893641021032,7.437966925440676,6.870363873208706,1.867199722705874,-3.474173282823083,1.7979087762338164,BabyLM 350M — final layer
2.455648760088462,-0.531893641021032,7.311888096160117,6.870363873208706,1.867199722705874,-3.474173282823083,1.7979087762338164,BabyLM 350M — final layer
-2.0002518273016485,-0.3646668686415624,9.069959275722546,6.870363873208706,1.867199722705874,-3.474173282823083,1.7979087762338164,BabyLM 350M — final layer
-1.846600082908886,-0.3646668686415624,9.074252465261123,6.870363873208706,1.867199722705874,-3.474173282823083,1.7979087762338164,BabyLM 350M — final layer
-1.6929483385161237,-0.3646668686415624,9.07378726663472,6.870363873208706,1.867199722705874,-3.474173282823083,1.7979087762338164,BabyLM 350M — final layer
-1.5392965941233612,-0.3646668686415624,9.06856367984334,6.870363873208706,1.867199722705874,-3.474173282823083,1.7979087762338164,BabyLM 350M — final layer
-1.3856448497305989,-0.3646668686415624,9.058581704886983,6.870363873208706,1.867199722705874,-3.474173282823083,1.7979087762338164,BabyLM 350M — final layer
-1.2319931053378363,-0.3646668686415624,9.043841341765646,6.870363873208706,1.867199722705874,-3.474173282823083,1.7979087762338164,BabyLM 350M — final layer
-1.0783413609450738,-0.3646668686415624,9.02434259047933,6.870363873208706,1.867199722705874,-3.474173282823083,1.7979087762338164,BabyLM 350M — final layer
-0.9246896165523115,-0.3646668686415624,9.000085451028038,6.870363873208706,1.867199722705874,-3.474173282823083,1.7979087762338164,BabyLM 350M — final layer
-0.771037872159549,-0.3646668686415624,8.971069923411767,6.870363873208706,1.867199722705874,-3.474173282823083,1.7979087762338164,BabyLM 350M — final layer
-0.6173861277667865,-0.3646668686415624,8.937296007630517,6.870363873208706,1.867199722705874,-3.474173282823083,1.7979087762338164,BabyLM 350M — final layer
-0.4637343833740242,-0.3646668686415624,8.898763703684288,6.870363873208706,1.867199722705874,-3.474173282823083,1.7979087762338164,BabyLM 350M — final layer
-0.31008263898126165,-0.3646668686415624,8.855473011573082,6.870363873208706,1.867199722705874,-3.474173282823083,1.7979087762338164,BabyLM 350M — final layer
-0.15643089458849913,-0.3646668686415624,8.807423931296897,6.870363873208706,1.867199722705874,-3.474173282823083,1.7979087762338164,BabyLM 350M — final layer
-0.0027791501957368236,-0.3646668686415624,8.754616462855736,6.870363873208706,1.867199722705874,-3.474173282823083,1.7979087762338164,BabyLM 350M — final layer
0.15087259419702548,-0.3646668686415624,8.697050606249595,6.870363873208706,1.867199722705874,-3.474173282823083,1.7979087762338164,BabyLM 350M — final layer
0.304524338589788,-0.3646668686415624,8.634726361478476,6.870363873208706,1.867199722705874,-3.474173282823083,1.7979087762338164,BabyLM 350M — final layer
0.4581760829825505,-0.3646668686415624,8.567643728542379,6.870363873208706,1.867199722705874,-3.474173282823083,1.7979087762338164,BabyLM 350M — final layer
0.611827827375313,-0.3646668686415624,8.495802707441303,6.870363873208706,1.867199722705874,-3.474173282823083,1.7979087762338164,BabyLM 350M — final layer
0.7654795717680756,-0.3646668686415624,8.41920329817525,6.870363873208706,1.867199722705874,-3.474173282823083,1.7979087762338164,BabyLM 350M — final layer
0.9191313161608377,-0.3646668686415624,8.337845500744217,6.870363873208706,1.867199722705874,-3.474173282823083,1.7979087762338164,BabyLM 350M — final layer
1.0727830605536002,-0.3646668686415624,8.251729315148207,6.870363873208706,1.867199722705874,-3.474173282823083,1.7979087762338164,BabyLM 350M — final layer
1.2264348049463627,-0.3646668686415624,8.160854741387219,6.870363873208706,1.867199722705874,-3.474173282823083,1.7979087762338164,BabyLM 350M — final layer
1.3800865493391252,-0.3646668686415624,8.065221779461252,6.870363873208706,1.867199722705874,-3.474173282823083,1.7979087762338164,BabyLM 350M — final layer
1.5337382937318877,-0.3646668686415624,7.9648304293703065,6.870363873208706,1.867199722705874,-3.474173282823083,1.7979087762338164,BabyLM 350M — final layer
1.6873900381246503,-0.3646668686415624,7.8596806911143835,6.870363873208706,1.867199722705874,-3.474173282823083,1.7979087762338164,BabyLM 350M — final layer
1.8410417825174124,-0.3646668686415624,7.749772564693482,6.870363873208706,1.867199722705874,-3.474173282823083,1.7979087762338164,BabyLM 350M — final layer
1.9946935269101749,-0.3646668686415624,7.635106050107602,6.870363873208706,1.867199722705874,-3.474173282823083,1.7979087762338164,BabyLM 350M — final layer
2.148345271302937,-0.3646668686415624,7.515681147356744,6.870363873208706,1.867199722705874,-3.474173282823083,1.7979087762338164,BabyLM 350M — final layer
2.3019970156956995,-0.3646668686415624,7.391497856440909,6.870363873208706,1.867199722705874,-3.474173282823083,1.7979087762338164,BabyLM 350M — final layer
2.455648760088462,-0.3646668686415624,7.262556177360094,6.870363873208706,1.867199722705874,-3.474173282823083,1.7979087762338164,BabyLM 350M — final layer
-2.0002518273016485,-0.19744009626209325,9.110959033158979,6.870363873208706,1.867199722705874,-3.474173282823083,1.7979087762338164,BabyLM 350M — final layer
-1.846600082908886,-0.19744009626209325,9.1123893728972991,6.870363873208706,1.867199722705874,-3.474173282823083,1.7979087762338164,BabyLM 350M — final layer
-1.6929483385161237,-0.19744009626209325,9.109061324470643,6.870363873208706,1.867199722705874,-3.474173282823083,1.7979087762338164,BabyLM 350M — final layer
-1.5392965941233612,-0.19744009626209325,9.100974887879007,6.870363873208706,1.867199722705874,-3.474173282823083,1.7979087762338164,BabyLM 350M — final layer
-1.3856448497305989,-0.19744009626209325,9.088130063122394,6.870363873208706,1.867199722705874,-3.474173282823083,1.7979087762338164,BabyLM 350M — final layer
-1.2319931053378363,-0.19744009626209325,9.070526850200801,6.870363873208706,1.867199722705874,-3.474173282823083,1.7979087762338164,BabyLM 350M — final layer
-1.0783413609450738,-0.19744009626209325,9.048165249114232,6.870363873208706,1.867199722705874,-3.474173282823083,1.7979087762338164,BabyLM 350M — final layer
-0.9246896165523115,-0.19744009626209325,9.021045259862683,6.870363873208706,1.867199722705874,-3.474173282823083,1.7979087762338164,BabyLM 350M — final layer
-0.771037872159549,-0.19744009626209325,8.989166882446158,6.870363873208706,1.867199722705874,-3.474173282823083,1.7979087762338164,BabyLM 350M — final layer
-0.6173861277667865,-0.19744009626209325,8.952530116864652,6.870363873208706,1.867199722705874,-3.474173282823083,1.7979087762338164,BabyLM 350M — final layer
-0.4637343833740242,-0.19744009626209325,8.91113496311817,6.870363873208706,1.867199722705874,-3.474173282823083,1.7979087762338164,BabyLM 350M — final layer
-0.31008263898126165,-0.19744009626209325,8.864981421206709,6.870363873208706,1.867199722705874,-3.474173282823083,1.7979087762338164,BabyLM 350M — final layer
-0.15643089458849913,-0.19744009626209325,8.814069491130269,6.870363873208706,1.867199722705874,-3.474173282823083,1.7979087762338164,BabyLM 350M — final layer
-0.0027791501957368236,-0.19744009626209325,8.758399172888852,6.870363873208706,1.867199722705874,-3.474173282823083,1.7979087762338164,BabyLM 350M — final layer
0.15087259419702548,-0.19744009626209325,8.697970466482456,6.870363873208706,1.867199722705874,-3.474173282823083,1.7979087762338164,BabyLM 350M — final layer
0.304524338589788,-0.19744009626209325,8.632783371911081,6.870363873208706,1.867199722705874,-3.474173282823083,1.7979087762338164,BabyLM 350M — final layer
0.4581760829825505,-0.19744009626209325,8.56283788917473,6.870363873208706,1.867199722705874,-3.474173282823083,1.7979087762338164,BabyLM 350M — final layer
0.611827827375313,-0.19744009626209325,8.4881340182734,6.870363873208706,1.867199722705874,-3.474173282823083,1.7979087762338164,BabyLM 350M — final layer
0.7654795717680756,-0.19744009626209325,8.40867175920709,6.870363873208706,1.867199722705874,-3.474173282823083,1.7979087762338164,BabyLM 350M — final layer
0.9191313161608377,-0.19744009626209325,8.324451111975803,6.870363873208706,1.867199722705874,-3.474173282823083,1.7979087762338164,BabyLM 350M — final layer
1.0727830605536002,-0.19744009626209325,8.235472076579537,6.870363873208706,1.867199722705874,-3.474173282823083,1.7979087762338164,BabyLM 350M — final layer
1.2264348049463627,-0.19744009626209325,8.141734653018295,6.870363873208706,1.867199722705874,-3.474173282823083,1.7979087762338164,BabyLM 350M — final layer
1.3800865493391252,-0.19744009626209325,8.043238841292073,6.870363873208706,1.867199722705874,-3.474173282823083,1.7979087762338164,BabyLM 350M — final layer
1.5337382937318877,-0.19744009626209325,7.939984641400873,6.870363873208706,1.867199722705874,-3.474173282823083,1.7979087762338164,BabyLM 350M — final layer
1.6873900381246503,-0.19744009626209325,7.831972053344694,6.870363873208706,1.867199722705874,-3.474173282823083,1.7979087762338164,BabyLM 350M — final layer
1.8410417825174124,-0.19744009626209325,7.719201077123538,6.870363873208706,1.867199722705874,-3.474173282823083,1.7979087762338164,BabyLM 350M — final layer
1.9946935269101749,-0.19744009626209325,7.601671712737403,6.870363873208706,1.867199722705874,-3.474173282823083,1.7979087762338164,BabyLM 350M — final layer
2.148345271302937,-0.19744009626209325,7.479383960186291,6.870363873208706,1.867199722705874,-3.474173282823083,1.7979087762338164,BabyLM 350M — final layer
2.3019970156956995,-0.19744009626209325,7.3523378194702,6.870363873208706,1.867199722705874,-3.474173282823083,1.7979087762338164,BabyLM 350M — final layer
2.455648760088462,-0.19744009626209325,7.22053329058913,6.870363873208706,1.867199722705874,-3.474173282823083,1.7979087762338164,BabyLM 350M — final layer
-2.0002518273016485,-0.030213323882623655,9.159267822624468,6.870363873208706,1.867199722705874,-3.474173282823083,1.7979087762338164,BabyLM 350M — final layer
-1.846600082908886,-0.030213323882623655,9.157835312562534,6.870363873208706,1.867199722705874,-3.474173282823083,1.7979087762338164,BabyLM 350M — final layer
-1.6929483385161237,-0.030213323882623655,9.151644414335621,6.870363873208706,1.867199722705874,-3.474173282823083,1.7979087762338164,BabyLM 350M — final layer
-1.5392965941233612,-0.030213323882623655,9.140695127943731,6.870363873208706,1.867199722705874,-3.474173282823083,1.7979087762338164,BabyLM 350M — final layer
-1.3856448497305989,-0.030213323882623655,9.124987453386863,6.870363873208706,1.867199722705874,-3.474173282823083,1.7979087762338164,BabyLM 350M — final layer
-1.2319931053378363,-0.030213323882623655,9.104521390665017,6.870363873208706,1.867199722705874,-3.474173282823083,1.7979087762338164,BabyLM 350M — final layer
-1.0783413609450738,-0.030213323882623655,9.07929693977819,6.870363873208706,1.867199722705874,-3.474173282823083,1.7979087762338164,BabyLM 350M — final layer
-0.9246896165523115,-0.030213323882623655,9.049314100726388,6.870363873208706,1.867199722705874,-3.474173282823083,1.7979087762338164,BabyLM 350M — final layer
-0.771037872159549,-0.030213323882623655,9.014572873509607,6.870363873208706,1.867199722705874,-3.474173282823083,1.7979087762338164,BabyLM 350M — final layer
-0.6173861277667865,-0.030213323882623655,8.975073258127846,6.870363873208706,1.867199722705874,-3.474173282823083,1.7979087762338164,BabyLM 350M — final layer
-0.4637343833740242,-0.030213323882623655,8.930815254581109,6.870363873208706,1.867199722705874,-3.474173282823083,1.7979087762338164,BabyLM 350M — final layer
-0.31008263898126165,-0.030213323882623655,8.881798862869394,6.870363873208706,1.867199722705874,-3.474173282823083,1.7979087762338164,BabyLM 350M — final layer
-0.15643089458849913,-0.030213323882623655,8.828024082992698,6.870363873208706,1.867199722705874,-3.474173282823083,1.7979087762338164,BabyLM 350M — final layer
-0.0027791501957368236,-0.030213323882623655,8.769490914951026,6.870363873208706,1.867199722705874,-3.474173282823083,1.7979087762338164,BabyLM 350M — final layer
0.15087259419702548,-0.030213323882623655,8.706199358744374,6.870363873208706,1.867199722705874,-3.474173282823083,1.7979087762338164,BabyLM 350M — final layer
0.304524338589788,-0.030213323882623655,8.638149414372746,6.870363873208706,1.867199722705874,-3.474173282823083,1.7979087762338164,BabyLM 350M — final layer
0.4581760829825505,-0.030213323882623655,8.565341081836138,6.870363873208706,1.867199722705874,-3.474173282823083,1.7979087762338164,BabyLM 350M — final layer
0.611827827375313,-0.030213323882623655,8.487774361134553,6.870363873208706,1.867199722705874,-3.474173282823083,1.7979087762338164,BabyLM 350M — final layer
0.7654795717680756,-0.030213323882623655,8.405449252267989,6.870363873208706,1.867199722705874,-3.474173282823083,1.7979087762338164,BabyLM 350M — final layer
0.9191313161608377,-0.030213323882623655,8.318365755236448,6.870363873208706,1.867199722705874,-3.474173282823083,1.7979087762338164,BabyLM 350M — final layer
1.0727830605536002,-0.030213323882623655,8.226523870039927,6.870363873208706,1.867199722705874,-3.474173282823083,1.7979087762338164,BabyLM 350M — final layer
1.2264348049463627,-0.030213323882623655,8.129923596678427,6.870363873208706,1.867199722705874,-3.474173282823083,1.7979087762338164,BabyLM 350M — final layer
1.3800865493391252,-0.030213323882623655,8.028564935151952,6.870363873208706,1.867199722705874,-3.474173282823083,1.7979087762338164,BabyLM 350M — final layer
1.5337382937318877,-0.030213323882623655,7.922447885460496,6.870363873208706,1.867199722705874,-3.474173282823083,1.7979087762338164,BabyLM 350M — final layer
1.6873900381246503,-0.030213323882623655,7.811572447604063,6.870363873208706,1.867199722705874,-3.474173282823083,1.7979087762338164,BabyLM 350M — final layer
1.8410417825174124,-0.030213323882623655,7.695938621582652,6.870363873208706,1.867199722705874,-3.474173282823083,1.7979087762338164,BabyLM 350M — final layer
1.9946935269101749,-0.030213323882623655,7.575546407396262,6.870363873208706,1.867199722705874,-3.474173282823083,1.7979087762338164,BabyLM 350M — final layer
2.148345271302937,-0.030213323882623655,7.450395805044894,6.870363873208706,1.867199722705874,-3.474173282823083,1.7979087762338164,BabyLM 350M — final layer
2.3019970156956995,-0.030213323882623655,7.320486814528548,6.870363873208706,1.867199722705874,-3.474173282823083,1.7979087762338164,BabyLM 350M — final layer
2.455648760088462,-0.030213323882623655,7.185819435847224,6.870363873208706,1.867199722705874,-3.474173282823083,1.7979087762338164,BabyLM 350M — final layer
-2.0002518273016485,0.1370134484968455,9.214885644119015,6.870363873208706,1.867199722705874,-3.474173282823083,1.7979087762338164,BabyLM 350M — final layer
-1.846600082908886,0.1370134484968455,9.210590284256826,6.870363873208706,1.867199722705874,-3.474173282823083,1.7979087762338164,BabyLM 350M — final layer
-1.6929483385161237,0.1370134484968455,9.201536536229659,6.870363873208706,1.867199722705874,-3.474173282823083,1.7979087762338164,BabyLM 350M — final layer
-1.5392965941233612,0.1370134484968455,9.187724400037514,6.870363873208706,1.867199722705874,-3.474173282823083,1.7979087762338164,BabyLM 350M — final layer
-1.3856448497305989,0.1370134484968455,9.16915387568039,6.870363873208706,1.867199722705874,-3.474173282823083,1.7979087762338164,BabyLM 350M — final layer
-1.2319931053378363,0.1370134484968455,9.145824963158288,6.870363873208706,1.867199722705874,-3.474173282823083,1.7979087762338164,BabyLM 350M — final layer
-1.0783413609450738,0.1370134484968455,9.117737662471209,6.870363873208706,1.867199722705874,-3.474173282823083,1.7979087762338164,BabyLM 350M — final layer
-0.9246896165523115,0.1370134484968455,9.08489197361915,6.870363873208706,1.867199722705874,-3.474173282823083,1.7979087762338164,BabyLM 350M — final layer
-0.771037872159549,0.1370134484968455,9.047287896602114,6.870363873208706,1.867199722705874,-3.474173282823083,1.7979087762338164,BabyLM 350M — final layer
-0.6173861277667865,0.1370134484968455,9.0049254314201,6.870363873208706,1.867199722705874,-3.474173282823083,1.7979087762338164,BabyLM 350M — final layer
-0.4637343833740242,0.1370134484968455,8.957804578073105,6.870363873208706,1.867199722705874,-3.474173282823083,1.7979087762338164,BabyLM 350M — final layer
-0.31008263898126165,0.1370134484968455,8.905925336561134,6.870363873208706,1.867199722705874,-3.474173282823083,1.7979087762338164,BabyLM 350M — final layer
-0.15643089458849913,0.1370134484968455,8.849287706884185,6.870363873208706,1.867199722705874,-3.474173282823083,1.7979087762338164,BabyLM 350M — final layer
-0.0027791501957368236,0.1370134484968455,8.787891689042258,6.870363873208706,1.867199722705874,-3.474173282823083,1.7979087762338164,BabyLM 350M — final layer
0.15087259419702548,0.1370134484968455,8.721737283035353,6.870363873208706,1.867199722705874,-3.474173282823083,1.7979087762338164,BabyLM 350M — final layer
0.304524338589788,0.1370134484968455,8.650824488863467,6.870363873208706,1.867199722705874,-3.474173282823083,1.7979087762338164,BabyLM 350M — final layer
0.4581760829825505,0.1370134484968455,8.575153306526605,6.870363873208706,1.867199722705874,-3.474173282823083,1.7979087762338164,BabyLM 350M — final layer
0.611827827375313,0.1370134484968455,8.494723736024765,6.870363873208706,1.867199722705874,-3.474173282823083,1.7979087762338164,BabyLM 350M — final layer
0.7654795717680756,0.1370134484968455,8.409535777357945,6.870363873208706,1.867199722705874,-3.474173282823083,1.7979087762338164,BabyLM 350M — final layer
0.9191313161608377,0.1370134484968455,8.319589430526149,6.870363873208706,1.867199722705874,-3.474173282823083,1.7979087762338164,BabyLM 350M — final layer
1.0727830605536002,0.1370134484968455,8.224884695529374,6.870363873208706,1.867199722705874,-3.474173282823083,1.7979087762338164,BabyLM 350M — final layer
1.2264348049463627,0.1370134484968455,8.12542157236762,6.870363873208706,1.867199722705874,-3.474173282823083,1.7979087762338164,BabyLM 350M — final layer
1.3800865493391252,0.1370134484968455,8.021200061040888,6.870363873208706,1.867199722705874,-3.474173282823083,1.7979087762338164,BabyLM 350M — final layer
1.5337382937318877,0.1370134484968455,7.912220161549178,6.870363873208706,1.867199722705874,-3.474173282823083,1.7979087762338164,BabyLM 350M — final layer
1.6873900381246503,0.1370134484968455,7.79848187389249,6.870363873208706,1.867199722705874,-3.474173282823083,1.7979087762338164,BabyLM 350M — final layer
1.8410417825174124,0.1370134484968455,7.679985198070823,6.870363873208706,1.867199722705874,-3.474173282823083,1.7979087762338164,BabyLM 350M — final layer
1.9946935269101749,0.1370134484968455,7.556730134084178,6.870363873208706,1.867199722705874,-3.474173282823083,1.7979087762338164,BabyLM 350M — final layer
2.148345271302937,0.1370134484968455,7.428716681932556,6.870363873208706,1.867199722705874,-3.474173282823083,1.7979087762338164,BabyLM 350M — final layer
2.3019970156956995,0.1370134484968455,7.295944841615954,6.870363873208706,1.867199722705874,-3.474173282823083,1.7979087762338164,BabyLM 350M — final layer
2.455648760088462,0.1370134484968455,7.158414613134375,6.870363873208706,1.867199722705874,-3.474173282823083,1.7979087762338164,BabyLM 350M — final layer
-2.0002518273016485,0.30424022087631464,9.27781249764262,6.870363873208706,1.867199722705874,-3.474173282823083,1.7979087762338164,BabyLM 350M — final layer
-1.846600082908886,0.30424022087631464,9.270654287980175,6.870363873208706,1.867199722705874,-3.474173282823083,1.7979087762338164,BabyLM 350M — final layer
-1.6929483385161237,0.30424022087631464,9.258737690152754,6.870363873208706,1.867199722705874,-3.474173282823083,1.7979087762338164,BabyLM 350M — final layer
-1.5392965941233612,0.30424022087631464,9.242062704160354,6.870363873208706,1.867199722705874,-3.474173282823083,1.7979087762338164,BabyLM 350M — final layer
-1.3856448497305989,0.30424022087631464,9.220629330002975,6.870363873208706,1.867199722705874,-3.474173282823083,1.7979087762338164,BabyLM 350M — final layer
-1.2319931053378363,0.30424022087631464,9.194437567680618,6.870363873208706,1.867199722705874,-3.474173282823083,1.7979087762338164,BabyLM 350M — final layer
-1.0783413609450738,0.30424022087631464,9.163487417193283,6.870363873208706,1.867199722705874,-3.474173282823083,1.7979087762338164,BabyLM 350M — final layer
-0.9246896165523115,0.30424022087631464,9.12777887854097,6.870363873208706,1.867199722705874,-3.474173282823083,1.7979087762338164,BabyLM 350M — final layer
-0.771037872159549,0.30424022087631464,9.08731195172368,6.870363873208706,1.867199722705874,-3.474173282823083,1.7979087762338164,BabyLM 350M — final layer
-0.6173861277667865,0.30424022087631464,9.04208663674141,6.870363873208706,1.867199722705874,-3.474173282823083,1.7979087762338164,BabyLM 350M — final layer
-0.4637343833740242,0.30424022087631464,8.992102933594161,6.870363873208706,1.867199722705874,-3.474173282823083,1.7979087762338164,BabyLM 350M — final layer
-0.31008263898126165,0.30424022087631464,8.937360842281935,6.870363873208706,1.867199722705874,-3.474173282823083,1.7979087762338164,BabyLM 350M — final layer
-0.15643089458849913,0.30424022087631464,8.87786036280473,6.870363873208706,1.867199722705874,-3.474173282823083,1.7979087762338164,BabyLM 350M — final layer
-0.0027791501957368236,0.30424022087631464,8.813601495162548,6.870363873208706,1.867199722705874,-3.474173282823083,1.7979087762338164,BabyLM 350M — final layer
0.15087259419702548,0.30424022087631464,8.744584239355387,6.870363873208706,1.867199722705874,-3.474173282823083,1.7979087762338164,BabyLM 350M — final layer
0.304524338589788,0.30424022087631464,8.670808595383248,6.870363873208706,1.867199722705874,-3.474173282823083,1.7979087762338164,BabyLM 350M — final layer
0.4581760829825505,0.30424022087631464,8.59227456324613,6.870363873208706,1.867199722705874,-3.474173282823083,1.7979087762338164,BabyLM 350M — final layer
0.611827827375313,0.30424022087631464,8.508982142944035,6.870363873208706,1.867199722705874,-3.474173282823083,1.7979087762338164,BabyLM 350M — final layer
0.7654795717680756,0.30424022087631464,8.420931334476961,6.870363873208706,1.867199722705874,-3.474173282823083,1.7979087762338164,BabyLM 350M — final layer
0.9191313161608377,0.30424022087631464,8.32812213784491,6.870363873208706,1.867199722705874,-3.474173282823083,1.7979087762338164,BabyLM 350M — final layer
1.0727830605536002,0.30424022087631464,8.23055455304788,6.870363873208706,1.867199722705874,-3.474173282823083,1.7979087762338164,BabyLM 350M — final layer
1.2264348049463627,0.30424022087631464,8.12822858008587,6.870363873208706,1.867199722705874,-3.474173282823083,1.7979087762338164,BabyLM 350M — final layer
1.3800865493391252,0.30424022087631464,8.021144218958883,6.870363873208706,1.867199722705874,-3.474173282823083,1.7979087762338164,BabyLM 350M — final layer
1.5337382937318877,0.30424022087631464,7.909301469666918,6.870363873208706,1.867199722705874,-3.474173282823083,1.7979087762338164,BabyLM 350M — final layer
1.6873900381246503,0.30424022087631464,7.792700332209974,6.870363873208706,1.867199722705874,-3.474173282823083,1.7979087762338164,BabyLM 350M — final layer
1.8410417825174124,0.30424022087631464,7.671340806588053,6.870363873208706,1.867199722705874,-3.474173282823083,1.7979087762338164,BabyLM 350M — final layer
1.9946935269101749,0.30424022087631464,7.545222892801154,6.870363873208706,1.867199722705874,-3.474173282823083,1.7979087762338164,BabyLM 350M — final layer
2.148345271302937,0.30424022087631464,7.414346590849275,6.870363873208706,1.867199722705874,-3.474173282823083,1.7979087762338164,BabyLM 350M — final layer
2.3019970156956995,0.30424022087631464,7.27871190073242,6.870363873208706,1.867199722705874,-3.474173282823083,1.7979087762338164,BabyLM 350M — final layer
2.455648760088462,0.30424022087631464,7.138318822450585,6.870363873208706,1.867199722705874,-3.474173282823083,1.7979087762338164,BabyLM 350M — final layer
-2.0002518273016485,0.47146699325578423,9.348048383195284,6.870363873208706,1.867199722705874,-3.474173282823083,1.7979087762338164,BabyLM 350M — final layer
-1.846600082908886,0.47146699325578423,9.338027323732584,6.870363873208706,1.867199722705874,-3.474173282823083,1.7979087762338164,BabyLM 350M — final layer
-1.6929483385161237,0.47146699325578423,9.323247876104908,6.870363873208706,1.867199722705874,-3.474173282823083,1.7979087762338164,BabyLM 350M — final layer
-1.5392965941233612,0.47146699325578423,9.303710040312252,6.870363873208706,1.867199722705874,-3.474173282823083,1.7979087762338164,BabyLM 350M — final layer
-1.3856448497305989,0.47146699325578423,9.279413816354618,6.870363873208706,1.867199722705874,-3.474173282823083,1.7979087762338164,BabyLM 350M — final layer
-1.2319931053378363,0.47146699325578423,9.250359204232007,6.870363873208706,1.867199722705874,-3.474173282823083,1.7979087762338164,BabyLM 350M — final layer
-1.0783413609450738,0.47146699325578423,9.216546203944416,6.870363873208706,1.867199722705874,-3.474173282823083,1.7979087762338164,BabyLM 350M — final layer
-0.9246896165523115,0.47146699325578423,9.177974815491849,6.870363873208706,1.867199722705874,-3.474173282823083,1.7979087762338164,BabyLM 350M — final layer
-0.771037872159549,0.47146699325578423,9.134645038874302,6.870363873208706,1.867199722705874,-3.474173282823083,1.7979087762338164,BabyLM 350M — final layer
-0.6173861277667865,0.47146699325578423,9.086556874091777,6.870363873208706,1.867199722705874,-3.474173282823083,1.7979087762338164,BabyLM 350M — final layer
-0.4637343833740242,0.47146699325578423,9.033710321144275,6.870363873208706,1.867199722705874,-3.474173282823083,1.7979087762338164,BabyLM 350M — final layer
-0.31008263898126165,0.47146699325578423,8.976105380031793,6.870363873208706,1.867199722705874,-3.474173282823083,1.7979087762338164,BabyLM 350M — final layer
-0.15643089458849913,0.47146699325578423,8.913742050754333,6.870363873208706,1.867199722705874,-3.474173282823083,1.7979087762338164,BabyLM 350M — final layer
-0.0027791501957368236,0.47146699325578423,8.846620333311895,6.870363873208706,1.867199722705874,-3.474173282823083,1.7979087762338164,BabyLM 350M — final layer
0.15087259419702548,0.47146699325578423,8.77474022770448,6.870363873208706,1.867199722705874,-3.474173282823083,1.7979087762338164,BabyLM 350M — final layer
0.304524338589788,0.47146699325578423,8.698101733932086,6.870363873208706,1.867199722705874,-3.474173282823083,1.7979087762338164,BabyLM 350M — final layer
0.4581760829825505,0.47146699325578423,8.616704851994713,6.870363873208706,1.867199722705874,-3.474173282823083,1.7979087762338164,BabyLM 350M — final layer
0.611827827375313,0.47146699325578423,8.530549581892362,6.870363873208706,1.867199722705874,-3.474173282823083,1.7979087762338164,BabyLM 350M — final layer
0.7654795717680756,0.47146699325578423,8.439635923625033,6.870363873208706,1.867199722705874,-3.474173282823083,1.7979087762338164,BabyLM 350M — final layer
0.9191313161608377,0.47146699325578423,8.343963877192726,6.870363873208706,1.867199722705874,-3.474173282823083,1.7979087762338164,BabyLM 350M — final layer
1.0727830605536002,0.47146699325578423,8.24353344259544,6.870363873208706,1.867199722705874,-3.474173282823083,1.7979087762338164,BabyLM 350M — final layer
1.2264348049463627,0.47146699325578423,8.138344619833177,6.870363873208706,1.867199722705874,-3.474173282823083,1.7979087762338164,BabyLM 350M — final layer
1.3800865493391252,0.47146699325578423,8.028397408905935,6.870363873208706,1.867199722705874,-3.474173282823083,1.7979087762338164,BabyLM 350M — final layer
1.5337382937318877,0.47146699325578423,7.913691809813716,6.870363873208706,1.867199722705874,-3.474173282823083,1.7979087762338164,BabyLM 350M — final layer
1.6873900381246503,0.47146699325578423,7.794227822556517,6.870363873208706,1.867199722705874,-3.474173282823083,1.7979087762338164,BabyLM 350M — final layer
1.8410417825174124,0.47146699325578423,7.670005447134341,6.870363873208706,1.867199722705874,-3.474173282823083,1.7979087762338164,BabyLM 350M — final layer
1.9946935269101749,0.47146699325578423,7.541024683547186,6.870363873208706,1.867199722705874,-3.474173282823083,1.7979087762338164,BabyLM 350M — final layer
2.148345271302937,0.47146699325578423,7.407285531795053,6.870363873208706,1.867199722705874,-3.474173282823083,1.7979087762338164,BabyLM 350M — final layer
2.3019970156956995,0.47146699325578423,7.268787991877942,6.870363873208706,1.867199722705874,-3.474173282823083,1.7979087762338164,BabyLM 350M — final layer
2.455648760088462,0.47146699325578423,7.125532063795853,6.870363873208706,1.867199722705874,-3.474173282823083,1.7979087762338164,BabyLM 350M — final layer
-2.0002518273016485,0.6386937656352534,9.425593300777004,6.870363873208706,1.867199722705874,-3.474173282823083,1.7979087762338164,BabyLM 350M — final layer
-1.846600082908886,0.6386937656352534,9.412709391514051,6.870363873208706,1.867199722705874,-3.474173282823083,1.7979087762338164,BabyLM 350M — final layer
-1.6929483385161237,0.6386937656352534,9.395067094086118,6.870363873208706,1.867199722705874,-3.474173282823083,1.7979087762338164,BabyLM 350M — final layer
-1.5392965941233612,0.6386937656352534,9.372666408493208,6.870363873208706,1.867199722705874,-3.474173282823083,1.7979087762338164,BabyLM 350M — final layer
-1.3856448497305989,0.6386937656352534,9.34550733473532,6.870363873208706,1.867199722705874,-3.474173282823083,1.7979087762338164,BabyLM 350M — final layer
-1.2319931053378363,0.6386937656352534,9.313589872812452,6.870363873208706,1.867199722705874,-3.474173282823083,1.7979087762338164,BabyLM 350M — final layer
-1.0783413609450738,0.6386937656352534,9.276914022724608,6.870363873208706,1.867199722705874,-3.474173282823083,1.7979087762338164,BabyLM 350M — final layer
-0.9246896165523115,0.6386937656352534,9.235479784471785,6.870363873208706,1.867199722705874,-3.474173282823083,1.7979087762338164,BabyLM 350M — final layer
-0.771037872159549,0.6386937656352534,9.189287158053983,6.870363873208706,1.867199722705874,-3.474173282823083,1.7979087762338164,BabyLM 350M — final layer
-0.6173861277667865,0.6386937656352534,9.138336143471204,6.870363873208706,1.867199722705874,-3.474173282823083,1.7979087762338164,BabyLM 350M — final layer
-0.4637343833740242,0.6386937656352534,9.082626740723445,6.870363873208706,1.867199722705874,-3.474173282823083,1.7979087762338164,BabyLM 350M — final layer
-0.31008263898126165,0.6386937656352534,9.02215894981071,6.870363873208706,1.867199722705874,-3.474173282823083,1.7979087762338164,BabyLM 350M — final layer
-0.15643089458849913,0.6386937656352534,8.956932770732994,6.870363873208706,1.867199722705874,-3.474173282823083,1.7979087762338164,BabyLM 350M — final layer
-0.0027791501957368236,0.6386937656352534,8.886948203490302,6.870363873208706,1.867199722705874,-3.474173282823083,1.7979087762338164,BabyLM 350M — final layer
0.15087259419702548,0.6386937656352534,8.81220524808263,6.870363873208706,1.867199722705874,-3.474173282823083,1.7979087762338164,BabyLM 350M — final layer
0.304524338589788,0.6386937656352534,8.732703904509982,6.870363873208706,1.867199722705874,-3.474173282823083,1.7979087762338164,BabyLM 350M — final layer
0.4581760829825505,0.6386937656352534,8.648444172772354,6.870363873208706,1.867199722705874,-3.474173282823083,1.7979087762338164,BabyLM 350M — final layer
0.611827827375313,0.6386937656352534,8.559426052869748,6.870363873208706,1.867199722705874,-3.474173282823083,1.7979087762338164,BabyLM 350M — final layer
0.7654795717680756,0.6386937656352534,8.465649544802165,6.870363873208706,1.867199722705874,-3.474173282823083,1.7979087762338164,BabyLM 350M — final layer
0.9191313161608377,0.6386937656352534,8.367114648569602,6.870363873208706,1.867199722705874,-3.474173282823083,1.7979087762338164,BabyLM 350M — final layer
1.0727830605536002,0.6386937656352534,8.263821364172061,6.870363873208706,1.867199722705874,-3.474173282823083,1.7979087762338164,BabyLM 350M — final layer
1.2264348049463627,0.6386937656352534,8.155769691609544,6.870363873208706,1.867199722705874,-3.474173282823083,1.7979087762338164,BabyLM 350M — final layer
1.3800865493391252,0.6386937656352534,8.042959630882047,6.870363873208706,1.867199722705874,-3.474173282823083,1.7979087762338164,BabyLM 350M — final layer
1.5337382937318877,0.6386937656352534,7.925391181989571,6.870363873208706,1.867199722705874,-3.474173282823083,1.7979087762338164,BabyLM 350M — final layer
1.6873900381246503,0.6386937656352534,7.8030643449321175,6.870363873208706,1.867199722705874,-3.474173282823083,1.7979087762338164,BabyLM 350M — final layer
1.8410417825174124,0.6386937656352534,7.6759791197096865,6.870363873208706,1.867199722705874,-3.474173282823083,1.7979087762338164,BabyLM 350M — final layer
1.9946935269101749,0.6386937656352534,7.544135506322276,6.870363873208706,1.867199722705874,-3.474173282823083,1.7979087762338164,BabyLM 350M — final layer
2.148345271302937,0.6386937656352534,7.407533504769889,6.870363873208706,1.867199722705874,-3.474173282823083,1.7979087762338164,BabyLM 350M — final layer
2.3019970156956995,0.6386937656352534,7.266173115052522,6.870363873208706,1.867199722705874,-3.474173282823083,1.7979087762338164,BabyLM 350M — final layer
2.455648760088462,0.6386937656352534,7.120054337170178,6.870363873208706,1.867199722705874,-3.474173282823083,1.7979087762338164,BabyLM 350M — final layer
-2.0002518273016485,0.805920538014723,9.510447250387784,6.870363873208706,1.867199722705874,-3.474173282823083,1.7979087762338164,BabyLM 350M — final layer
-1.846600082908886,0.805920538014723,9.494700491324576,6.870363873208706,1.867199722705874,-3.474173282823083,1.7979087762338164,BabyLM 350M — final layer
-1.6929483385161237,0.805920538014723,9.474195344096389,6.870363873208706,1.867199722705874,-3.474173282823083,1.7979087762338164,BabyLM 350M — final layer
-1.5392965941233612,0.805920538014723,9.448931808703222,6.870363873208706,1.867199722705874,-3.474173282823083,1.7979087762338164,BabyLM 350M — final layer
-1.3856448497305989,0.805920538014723,9.418909885145078,6.870363873208706,1.867199722705874,-3.474173282823083,1.7979087762338164,BabyLM 350M — final layer
-1.2319931053378363,0.805920538014723,9.384129573421957,6.870363873208706,1.867199722705874,-3.474173282823083,1.7979087762338164,BabyLM 350M — final layer
-1.0783413609450738,0.805920538014723,9.344590873533857,6.870363873208706,1.867199722705874,-3.474173282823083,1.7979087762338164,BabyLM 350M — final layer
-0.9246896165523115,0.805920538014723,9.300293785480779,6.870363873208706,1.867199722705874,-3.474173282823083,1.7979087762338164,BabyLM 350M — final layer
-0.771037872159549,0.805920538014723,9.251238309262723,6.870363873208706,1.867199722705874,-3.474173282823083,1.7979087762338164,BabyLM 350M — final layer
-0.6173861277667865,0.805920538014723,9.197424444879687,6.870363873208706,1.867199722705874,-3.474173282823083,1.7979087762338164,BabyLM 350M — final layer
-0.4637343833740242,0.805920538014723,9.138852192331674,6.870363873208706,1.867199722705874,-3.474173282823083,1.7979087762338164,BabyLM 350M — final layer
-0.31008263898126165,0.805920538014723,9.075521551618683,6.870363873208706,1.867199722705874,-3.474173282823083,1.7979087762338164,BabyLM 350M — final layer
-0.15643089458849913,0.805920538014723,9.007432522740713,6.870363873208706,1.867199722705874,-3.474173282823083,1.7979087762338164,BabyLM 350M — final layer
-0.0027791501957368236,0.805920538014723,8.934585105697765,6.870363873208706,1.867199722705874,-3.474173282823083,1.7979087762338164,BabyLM 350M — final layer
0.15087259419702548,0.805920538014723,8.85697930048984,6.870363873208706,1.867199722705874,-3.474173282823083,1.7979087762338164,BabyLM 350M — final layer
0.304524338589788,0.805920538014723,8.774615107116935,6.870363873208706,1.867199722705874,-3.474173282823083,1.7979087762338164,BabyLM 350M — final layer
0.4581760829825505,0.805920538014723,8.687492525579053,6.870363873208706,1.867199722705874,-3.474173282823083,1.7979087762338164,BabyLM 350M — final layer
0.611827827375313,0.805920538014723,8.595611555876193,6.870363873208706,1.867199722705874,-3.474173282823083,1.7979087762338164,BabyLM 350M — final layer
0.7654795717680756,0.805920538014723,8.498972198008353,6.870363873208706,1.867199722705874,-3.474173282823083,1.7979087762338164,BabyLM 350M — final layer
0.9191313161608377,0.805920538014723,8.397574451975537,6.870363873208706,1.867199722705874,-3.474173282823083,1.7979087762338164,BabyLM 350M — final layer
1.0727830605536002,0.805920538014723,8.29141831777774,6.870363873208706,1.867199722705874,-3.474173282823083,1.7979087762338164,BabyLM 350M — final layer
1.2264348049463627,0.805920538014723,8.180503795414968,6.870363873208706,1.867199722705874,-3.474173282823083,1.7979087762338164,BabyLM 350M — final layer
1.3800865493391252,0.805920538014723,8.064830884887215,6.870363873208706,1.867199722705874,-3.474173282823083,1.7979087762338164,BabyLM 350M — final layer
1.5337382937318877,0.805920538014723,7.944399586194485,6.870363873208706,1.867199722705874,-3.474173282823083,1.7979087762338164,BabyLM 350M — final layer
1.6873900381246503,0.805920538014723,7.8192098993367765,6.870363873208706,1.867199722705874,-3.474173282823083,1.7979087762338164,BabyLM 350M — final layer
1.8410417825174124,0.805920538014723,7.68926182431409,6.870363873208706,1.867199722705874,-3.474173282823083,1.7979087762338164,BabyLM 350M — final layer
1.9946935269101749,0.805920538014723,7.554555361126425,6.870363873208706,1.867199722705874,-3.474173282823083,1.7979087762338164,BabyLM 350M — final layer
2.148345271302937,0.805920538014723,7.4150905097737825,6.870363873208706,1.867199722705874,-3.474173282823083,1.7979087762338164,BabyLM 350M — final layer
2.3019970156956995,0.805920538014723,7.270867270256161,6.870363873208706,1.867199722705874,-3.474173282823083,1.7979087762338164,BabyLM 350M — final layer
2.455648760088462,0.805920538014723,7.121885642573561,6.870363873208706,1.867199722705874,-3.474173282823083,1.7979087762338164,BabyLM 350M — final layer
-2.0002518273016485,0.9731473103941921,9.60261023202762,6.870363873208706,1.867199722705874,-3.474173282823083,1.7979087762338164,BabyLM 350M — final layer
-1.846600082908886,0.9731473103941921,9.584000623164156,6.870363873208706,1.867199722705874,-3.474173282823083,1.7979087762338164,BabyLM 350M — final layer
-1.6929483385161237,0.9731473103941921,9.560632626135716,6.870363873208706,1.867199722705874,-3.474173282823083,1.7979087762338164,BabyLM 350M — final layer
-1.5392965941233612,0.9731473103941921,9.532506240942295,6.870363873208706,1.867199722705874,-3.474173282823083,1.7979087762338164,BabyLM 350M — final layer
-1.3856448497305989,0.9731473103941921,9.499621467583896,6.870363873208706,1.867199722705874,-3.474173282823083,1.7979087762338164,BabyLM 350M — final layer
-1.2319931053378363,0.9731473103941921,9.46197830606052,6.870363873208706,1.867199722705874,-3.474173282823083,1.7979087762338164,BabyLM 350M — final layer
-1.0783413609450738,0.9731473103941921,9.419576756372164,6.870363873208706,1.867199722705874,-3.474173282823083,1.7979087762338164,BabyLM 350M — final layer
-0.9246896165523115,0.9731473103941921,9.37241681851883,6.870363873208706,1.867199722705874,-3.474173282823083,1.7979087762338164,BabyLM 350M — final layer
-0.771037872159549,0.9731473103941921,9.32049849250052,6.870363873208706,1.867199722705874,-3.474173282823083,1.7979087762338164,BabyLM 350M — final layer
-0.6173861277667865,0.9731473103941921,9.26382177831723,6.870363873208706,1.867199722705874,-3.474173282823083,1.7979087762338164,BabyLM 350M — final layer
-0.4637343833740242,0.9731473103941921,9.202386675968961,6.870363873208706,1.867199722705874,-3.474173282823083,1.7979087762338164,BabyLM 350M — final layer
-0.31008263898126165,0.9731473103941921,9.136193185455715,6.870363873208706,1.867199722705874,-3.474173282823083,1.7979087762338164,BabyLM 350M — final layer
-0.15643089458849913,0.9731473103941921,9.06524130677749,6.870363873208706,1.867199722705874,-3.474173282823083,1.7979087762338164,BabyLM 350M — final layer
-0.0027791501957368236,0.9731473103941921,8.989531039934288,6.870363873208706,1.867199722705874,-3.474173282823083,1.7979087762338164,BabyLM 350M — final layer
0.15087259419702548,0.9731473103941921,8.909062384926106,6.870363873208706,1.867199722705874,-3.474173282823083,1.7979087762338164,BabyLM 350M — final layer
0.304524338589788,0.9731473103941921,8.823835341752947,6.870363873208706,1.867199722705874,-3.474173282823083,1.7979087762338164,BabyLM 350M — final layer
0.4581760829825505,0.9731473103941921,8.73384991041481,6.870363873208706,1.867199722705874,-3.474173282823083,1.7979087762338164,BabyLM 350M — final layer
0.611827827375313,0.9731473103941921,8.639106090911694,6.870363873208706,1.867199722705874,-3.474173282823083,1.7979087762338164,BabyLM 350M — final layer
0.7654795717680756,0.9731473103941921,8.5396038832436,6.870363873208706,1.867199722705874,-3.474173282823083,1.7979087762338164,BabyLM 350M — final layer
0.9191313161608377,0.9731473103941921,8.435343287410529,6.870363873208706,1.867199722705874,-3.474173282823083,1.7979087762338164,BabyLM 350M — final layer
1.0727830605536002,0.9731473103941921,8.326324303412477,6.870363873208706,1.867199722705874,-3.474173282823083,1.7979087762338164,BabyLM 350M — final layer
1.2264348049463627,0.9731473103941921,8.212546931249449,6.870363873208706,1.867199722705874,-3.474173282823083,1.7979087762338164,BabyLM 350M — final layer
1.3800865493391252,0.9731473103941921,8.094011170921442,6.870363873208706,1.867199722705874,-3.474173282823083,1.7979087762338164,BabyLM 350M — final layer
1.5337382937318877,0.9731473103941921,7.970717022428457,6.870363873208706,1.867199722705874,-3.474173282823083,1.7979087762338164,BabyLM 350M — final layer
1.6873900381246503,0.9731473103941921,7.842664485770493,6.870363873208706,1.867199722705874,-3.474173282823083,1.7979087762338164,BabyLM 350M — final layer
1.8410417825174124,0.9731473103941921,7.709853560947551,6.870363873208706,1.867199722705874,-3.474173282823083,1.7979087762338164,BabyLM 350M — final layer
1.9946935269101749,0.9731473103941921,7.572284247959632,6.870363873208706,1.867199722705874,-3.474173282823083,1.7979087762338164,BabyLM 350M — final layer
2.148345271302937,0.9731473103941921,7.429956546806734,6.870363873208706,1.867199722705874,-3.474173282823083,1.7979087762338164,BabyLM 350M — final layer
2.3019970156956995,0.9731473103941921,7.282870457488857,6.870363873208706,1.867199722705874,-3.474173282823083,1.7979087762338164,BabyLM 350M — final layer
2.455648760088462,0.9731473103941921,7.131025980006003,6.870363873208706,1.867199722705874,-3.474173282823083,1.7979087762338164,BabyLM 350M — final layer
-2.0002518273016485,1.1403740827736613,9.702082245696516,6.870363873208706,1.867199722705874,-3.474173282823083,1.7979087762338164,BabyLM 350M — final layer
-1.846600082908886,1.1403740827736613,9.680609787032797,6.870363873208706,1.867199722705874,-3.474173282823083,1.7979087762338164,BabyLM 350M — final layer
-1.6929483385161237,1.1403740827736613,9.6543789402041,6.870363873208706,1.867199722705874,-3.474173282823083,1.7979087762338164,BabyLM 350M — final layer
-1.5392965941233612,1.1403740827736613,9.623389705210425,6.870363873208706,1.867199722705874,-3.474173282823083,1.7979087762338164,BabyLM 350M — final layer
-1.3856448497305989,1.1403740827736613,9.58764208205177,6.870363873208706,1.867199722705874,-3.474173282823083,1.7979087762338164,BabyLM 350M — final layer
-1.2319931053378363,1.1403740827736613,9.547136070728138,6.870363873208706,1.867199722705874,-3.474173282823083,1.7979087762338164,BabyLM 350M — final layer
-1.0783413609450738,1.1403740827736613,9.50187167123953,6.870363873208706,1.867199722705874,-3.474173282823083,1.7979087762338164,BabyLM 350M — final layer
-0.9246896165523115,1.1403740827736613,9.45184888358594,6.870363873208706,1.867199722705874,-3.474173282823083,1.7979087762338164,BabyLM 350M — final layer
-0.771037872159549,1.1403740827736613,9.397067707767373,6.870363873208706,1.867199722705874,-3.474173282823083,1.7979087762338164,BabyLM 350M — final layer
-0.6173861277667865,1.1403740827736613,9.337528143783828,6.870363873208706,1.867199722705874,-3.474173282823083,1.7979087762338164,BabyLM 350M — final layer
-0.4637343833740242,1.1403740827736613,9.273230191635307,6.870363873208706,1.867199722705874,-3.474173282823083,1.7979087762338164,BabyLM 350M — final layer
-0.31008263898126165,1.1403740827736613,9.204173851321805,6.870363873208706,1.867199722705874,-3.474173282823083,1.7979087762338164,BabyLM 350M — final layer
-0.15643089458849913,1.1403740827736613,9.130359122843325,6.870363873208706,1.867199722705874,-3.474173282823083,1.7979087762338164,BabyLM 350M — final layer
-0.0027791501957368236,1.1403740827736613,9.051786006199867,6.870363873208706,1.867199722705874,-3.474173282823083,1.7979087762338164,BabyLM 350M — final layer
0.15087259419702548,1.1403740827736613,8.968454501391431,6.870363873208706,1.867199722705874,-3.474173282823083,1.7979087762338164,BabyLM 350M — final layer
0.304524338589788,1.1403740827736613,8.880364608418017,6.870363873208706,1.867199722705874,-3.474173282823083,1.7979087762338164,BabyLM 350M — final layer
0.4581760829825505,1.1403740827736613,8.787516327279624,6.870363873208706,1.867199722705874,-3.474173282823083,1.7979087762338164,BabyLM 350M — final layer
0.611827827375313,1.1403740827736613,8.689909657976253,6.870363873208706,1.867199722705874,-3.474173282823083,1.7979087762338164,BabyLM 350M — final layer
0.7654795717680756,1.1403740827736613,8.587544600507904,6.870363873208706,1.867199722705874,-3.474173282823083,1.7979087762338164,BabyLM 350M — final layer
0.9191313161608377,1.1403740827736613,8.480421154874577,6.870363873208706,1.867199722705874,-3.474173282823083,1.7979087762338164,BabyLM 350M — final layer
1.0727830605536002,1.1403740827736613,8.368539321076272,6.870363873208706,1.867199722705874,-3.474173282823083,1.7979087762338164,BabyLM 350M — final layer
1.2264348049463627,1.1403740827736613,8.251899099112988,6.870363873208706,1.867199722705874,-3.474173282823083,1.7979087762338164,BabyLM 350M — final layer
1.3800865493391252,1.1403740827736613,8.130500488984726,6.870363873208706,1.867199722705874,-3.474173282823083,1.7979087762338164,BabyLM 350M — final layer
1.5337382937318877,1.1403740827736613,8.004343490691486,6.870363873208706,1.867199722705874,-3.474173282823083,1.7979087762338164,BabyLM 350M — final layer
1.6873900381246503,1.1403740827736613,7.873428104233268,6.870363873208706,1.867199722705874,-3.474173282823083,1.7979087762338164,BabyLM 350M — final layer
1.8410417825174124,1.1403740827736613,7.7377543296100715,6.870363873208706,1.867199722705874,-3.474173282823083,1.7979087762338164,BabyLM 350M — final layer
1.9946935269101749,1.1403740827736613,7.597322166821896,6.870363873208706,1.867199722705874,-3.474173282823083,1.7979087762338164,BabyLM 350M — final layer
2.148345271302937,1.1403740827736613,7.452131615868744,6.870363873208706,1.867199722705874,-3.474173282823083,1.7979087762338164,BabyLM 350M — final layer
2.3019970156956995,1.1403740827736613,7.302182676750612,6.870363873208706,1.867199722705874,-3.474173282823083,1.7979087762338164,BabyLM 350M — final layer
2.455648760088462,1.1403740827736613,7.147475349467503,6.870363873208706,1.867199722705874,-3.474173282823083,1.7979087762338164,BabyLM 350M — final layer
-2.0002518273016485,1.3076008551531308,9.80886329139447,6.870363873208706,1.867199722705874,-3.474173282823083,1.7979087762338164,BabyLM 350M — final layer
-1.846600082908886,1.3076008551531308,9.784527982930495,6.870363873208706,1.867199722705874,-3.474173282823083,1.7979087762338164,BabyLM 350M — final layer
-1.6929483385161237,1.3076008551531308,9.755434286301544,6.870363873208706,1.867199722705874,-3.474173282823083,1.7979087762338164,BabyLM 350M — final layer
-1.5392965941233612,1.3076008551531308,9.721582201507612,6.870363873208706,1.867199722705874,-3.474173282823083,1.7979087762338164,BabyLM 350M — final layer
-1.3856448497305989,1.3076008551531308,9.682971728548704,6.870363873208706,1.867199722705874,-3.474173282823083,1.7979087762338164,BabyLM 350M — final layer
-1.2319931053378363,1.3076008551531308,9.639602867424816,6.870363873208706,1.867199722705874,-3.474173282823083,1.7979087762338164,BabyLM 350M — final layer
-1.0783413609450738,1.3076008551531308,9.591475618135952,6.870363873208706,1.867199722705874,-3.474173282823083,1.7979087762338164,BabyLM 350M — final layer
-0.9246896165523115,1.3076008551531308,9.538589980682108,6.870363873208706,1.867199722705874,-3.474173282823083,1.7979087762338164,BabyLM 350M — final layer
-0.771037872159549,1.3076008551531308,9.480945955063287,6.870363873208706,1.867199722705874,-3.474173282823083,1.7979087762338164,BabyLM 350M — final layer
-0.6173861277667865,1.3076008551531308,9.418543541279487,6.870363873208706,1.867199722705874,-3.474173282823083,1.7979087762338164,BabyLM 350M — final layer
-0.4637343833740242,1.3076008551531308,9.35138273933071,6.870363873208706,1.867199722705874,-3.474173282823083,1.7979087762338164,BabyLM 350M — final layer
-0.31008263898126165,1.3076008551531308,9.279463549216953,6.870363873208706,1.867199722705874,-3.474173282823083,1.7979087762338164,BabyLM 350M — final layer
-0.15643089458849913,1.3076008551531308,9.202785970938217,6.870363873208706,1.867199722705874,-3.474173282823083,1.7979087762338164,BabyLM 350M — final layer
-0.0027791501957368236,1.3076008551531308,9.121350004494506,6.870363873208706,1.867199722705874,-3.474173282823083,1.7979087762338164,BabyLM 350M — final layer
0.15087259419702548,1.3076008551531308,9.035155649885814,6.870363873208706,1.867199722705874,-3.474173282823083,1.7979087762338164,BabyLM 350M — final layer
0.304524338589788,1.3076008551531308,8.944202907112144,6.870363873208706,1.867199722705874,-3.474173282823083,1.7979087762338164,BabyLM 350M — final layer
0.4581760829825505,1.3076008551531308,8.848491776173498,6.870363873208706,1.867199722705874,-3.474173282823083,1.7979087762338164,BabyLM 350M — final layer
0.611827827375313,1.3076008551531308,8.748022257069872,6.870363873208706,1.867199722705874,-3.474173282823083,1.7979087762338164,BabyLM 350M — final layer
0.7654795717680756,1.3076008551531308,8.642794349801267,6.870363873208706,1.867199722705874,-3.474173282823083,1.7979087762338164,BabyLM 350M — final layer
0.9191313161608377,1.3076008551531308,8.532808054367685,6.870363873208706,1.867199722705874,-3.474173282823083,1.7979087762338164,BabyLM 350M — final layer
1.0727830605536002,1.3076008551531308,8.418063370769126,6.870363873208706,1.867199722705874,-3.474173282823083,1.7979087762338164,BabyLM 350M — final layer
1.2264348049463627,1.3076008551531308,8.298560299005587,6.870363873208706,1.867199722705874,-3.474173282823083,1.7979087762338164,BabyLM 350M — final layer
1.3800865493391252,1.3076008551531308,8.17429883907707,6.870363873208706,1.867199722705874,-3.474173282823083,1.7979087762338164,BabyLM 350M — final layer
1.5337382937318877,1.3076008551531308,8.045278990983574,6.870363873208706,1.867199722705874,-3.474173282823083,1.7979087762338164,BabyLM 350M — final layer
1.6873900381246503,1.3076008551531308,7.9115007547251,6.870363873208706,1.867199722705874,-3.474173282823083,1.7979087762338164,BabyLM 350M — final layer
1.8410417825174124,1.3076008551531308,7.7729641303016495,6.870363873208706,1.867199722705874,-3.474173282823083,1.7979087762338164,BabyLM 350M — final layer
1.9946935269101749,1.3076008551531308,7.629669117713219,6.870363873208706,1.867199722705874,-3.474173282823083,1.7979087762338164,BabyLM 350M — final layer
2.148345271302937,1.3076008551531308,7.481615716959811,6.870363873208706,1.867199722705874,-3.474173282823083,1.7979087762338164,BabyLM 350M — final layer
2.3019970156956995,1.3076008551531308,7.328803928041425,6.870363873208706,1.867199722705874,-3.474173282823083,1.7979087762338164,BabyLM 350M — final layer
2.455648760088462,1.3076008551531308,7.17123375095806,6.870363873208706,1.867199722705874,-3.474173282823083,1.7979087762338164,BabyLM 350M — final layer
-2.0002518273016485,1.4748276275325995,9.92295336912148,6.870363873208706,1.867199722705874,-3.474173282823083,1.7979087762338164,BabyLM 350M — final layer
-1.846600082908886,1.4748276275325995,9.895755210857251,6.870363873208706,1.867199722705874,-3.474173282823083,1.7979087762338164,BabyLM 350M — final layer
-1.6929483385161237,1.4748276275325995,9.863798664428044,6.870363873208706,1.867199722705874,-3.474173282823083,1.7979087762338164,BabyLM 350M — final layer
-1.5392965941233612,1.4748276275325995,9.82708372983386,6.870363873208706,1.867199722705874,-3.474173282823083,1.7979087762338164,BabyLM 350M — final layer
-1.3856448497305989,1.4748276275325995,9.785610407074694,6.870363873208706,1.867199722705874,-3.474173282823083,1.7979087762338164,BabyLM 350M — final layer
-1.2319931053378363,1.4748276275325995,9.739378696150553,6.870363873208706,1.867199722705874,-3.474173282823083,1.7979087762338164,BabyLM 350M — final layer
-1.0783413609450738,1.4748276275325995,9.688388597061433,6.870363873208706,1.867199722705874,-3.474173282823083,1.7979087762338164,BabyLM 350M — final layer
-0.9246896165523115,1.4748276275325995,9.632640109807335,6.870363873208706,1.867199722705874,-3.474173282823083,1.7979087762338164,BabyLM 350M — final layer
-0.771037872159549,1.4748276275325995,9.572133234388257,6.870363873208706,1.867199722705874,-3.474173282823083,1.7979087762338164,BabyLM 350M — final layer
-0.6173861277667865,1.4748276275325995,9.506867970804203,6.870363873208706,1.867199722705874,-3.474173282823083,1.7979087762338164,BabyLM 350M — final layer
-0.4637343833740242,1.4748276275325995,9.436844319055169,6.870363873208706,1.867199722705874,-3.474173282823083,1.7979087762338164,BabyLM 350M — final layer
-0.31008263898126165,1.4748276275325995,9.362062279141158,6.870363873208706,1.867199722705874,-3.474173282823083,1.7979087762338164,BabyLM 350M — final layer
-0.15643089458849913,1.4748276275325995,9.28252185106217,6.870363873208706,1.867199722705874,-3.474173282823083,1.7979087762338164,BabyLM 350M — final layer
-0.0027791501957368236,1.4748276275325995,9.1982230348182,6.870363873208706,1.867199722705874,-3.474173282823083,1.7979087762338164,BabyLM 350M — final layer
0.15087259419702548,1.4748276275325995,9.109165830409255,6.870363873208706,1.867199722705874,-3.474173282823083,1.7979087762338164,BabyLM 350M — final layer
0.304524338589788,1.4748276275325995,9.01535023783533,6.870363873208706,1.867199722705874,-3.474173282823083,1.7979087762338164,BabyLM 350M — final layer
0.4581760829825505,1.4748276275325995,8.916776257096428,6.870363873208706,1.867199722705874,-3.474173282823083,1.7979087762338164,BabyLM 350M — final layer
0.611827827375313,1.4748276275325995,8.813443888192547,6.870363873208706,1.867199722705874,-3.474173282823083,1.7979087762338164,BabyLM 350M — final layer
0.7654795717680756,1.4748276275325995,8.705353131123688,6.870363873208706,1.867199722705874,-3.474173282823083,1.7979087762338164,BabyLM 350M — final layer
0.9191313161608377,1.4748276275325995,8.59250398588985,6.870363873208706,1.867199722705874,-3.474173282823083,1.7979087762338164,BabyLM 350M — final layer
1.0727830605536002,1.4748276275325995,8.474896452491036,6.870363873208706,1.867199722705874,-3.474173282823083,1.7979087762338164,BabyLM 350M — final layer
1.2264348049463627,1.4748276275325995,8.352530530927242,6.870363873208706,1.867199722705874,-3.474173282823083,1.7979087762338164,BabyLM 350M — final layer
1.3800865493391252,1.4748276275325995,8.225406221198469,6.870363873208706,1.867199722705874,-3.474173282823083,1.7979087762338164,BabyLM 350M — final layer
1.5337382937318877,1.4748276275325995,8.09352352330472,6.870363873208706,1.867199722705874,-3.474173282823083,1.7979087762338164,BabyLM 350M — final layer
1.6873900381246503,1.4748276275325995,7.956882437245991,6.870363873208706,1.867199722705874,-3.474173282823083,1.7979087762338164,BabyLM 350M — final layer
1.8410417825174124,1.4748276275325995,7.815482963022284,6.870363873208706,1.867199722705874,-3.474173282823083,1.7979087762338164,BabyLM 350M — final layer
1.9946935269101749,1.4748276275325995,7.6693251006336,6.870363873208706,1.867199722705874,-3.474173282823083,1.7979087762338164,BabyLM 350M — final layer
2.148345271302937,1.4748276275325995,7.518408850079937,6.870363873208706,1.867199722705874,-3.474173282823083,1.7979087762338164,BabyLM 350M — final layer
2.3019970156956995,1.4748276275325995,7.362734211361295,6.870363873208706,1.867199722705874,-3.474173282823083,1.7979087762338164,BabyLM 350M — final layer
2.455648760088462,1.4748276275325995,7.202301184477675,6.870363873208706,1.867199722705874,-3.474173282823083,1.7979087762338164,BabyLM 350M — final layer
-2.0002518273016485,1.6420543999120696,10.04435247887755,6.870363873208706,1.867199722705874,-3.474173282823083,1.7979087762338164,BabyLM 350M — final layer
-1.846600082908886,1.6420543999120696,10.014291470813065,6.870363873208706,1.867199722705874,-3.474173282823083,1.7979087762338164,BabyLM 350M — final layer
-1.6929483385161237,1.6420543999120696,9.979472074583603,6.870363873208706,1.867199722705874,-3.474173282823083,1.7979087762338164,BabyLM 350M — final layer
-1.5392965941233612,1.6420543999120696,9.939894290189162,6.870363873208706,1.867199722705874,-3.474173282823083,1.7979087762338164,BabyLM 350M — final layer
-1.3856448497305989,1.6420543999120696,9.895558117629744,6.870363873208706,1.867199722705874,-3.474173282823083,1.7979087762338164,BabyLM 350M — final layer
-1.2319931053378363,1.6420543999120696,9.846463556905347,6.870363873208706,1.867199722705874,-3.474173282823083,1.7979087762338164,BabyLM 350M — final layer
-1.0783413609450738,1.6420543999120696,9.792610608015972,6.870363873208706,1.867199722705874,-3.474173282823083,1.7979087762338164,BabyLM 350M — final layer
-0.9246896165523115,1.6420543999120696,9.733999270961618,6.870363873208706,1.867199722705874,-3.474173282823083,1.7979087762338164,BabyLM 350M — final layer
-0.771037872159549,1.6420543999120696,9.670629545742287,6.870363873208706,1.867199722705874,-3.474173282823083,1.7979087762338164,BabyLM 350M — final layer
-0.6173861277667865,1.6420543999120696,9.602501432357977,6.870363873208706,1.867199722705874,-3.474173282823083,1.7979087762338164,BabyLM 350M — final layer
-0.4637343833740242,1.6420543999120696,9.52961493080869,6.870363873208706,1.867199722705874,-3.474173282823083,1.7979087762338164,BabyLM 350M — final layer
-0.31008263898126165,1.6420543999120696,9.451970041094423,6.870363873208706,1.867199722705874,-3.474173282823083,1.7979087762338164,BabyLM 350M — final layer
-0.15643089458849913,1.6420543999120696,9.369566763215177,6.870363873208706,1.867199722705874,-3.474173282823083,1.7979087762338164,BabyLM 350M — final layer
-0.0027791501957368236,1.6420543999120696,9.282405097170955,6.870363873208706,1.867199722705874,-3.474173282823083,1.7979087762338164,BabyLM 350M — final layer
0.15087259419702548,1.6420543999120696,9.190485042961754,6.870363873208706,1.867199722705874,-3.474173282823083,1.7979087762338164,BabyLM 350M — final layer
0.304524338589788,1.6420543999120696,9.093806600587575,6.870363873208706,1.867199722705874,-3.474173282823083,1.7979087762338164,BabyLM 350M — final layer
0.4581760829825505,1.6420543999120696,8.992369770048416,6.870363873208706,1.867199722705874,-3.474173282823083,1.7979087762338164,BabyLM 350M — final layer
0.611827827375313,1.6420543999120696,8.886174551344281,6.870363873208706,1.867199722705874,-3.474173282823083,1.7979087762338164,BabyLM 350M — final layer
0.7654795717680756,1.6420543999120696,8.775220944475167,6.870363873208706,1.867199722705874,-3.474173282823083,1.7979087762338164,BabyLM 350M — final layer
0.9191313161608377,1.6420543999120696,8.659508949441076,6.870363873208706,1.867199722705874,-3.474173282823083,1.7979087762338164,BabyLM 350M — final layer
1.0727830605536002,1.6420543999120696,8.539038566242004,6.870363873208706,1.867199722705874,-3.474173282823083,1.7979087762338164,BabyLM 350M — final layer
1.2264348049463627,1.6420543999120696,8.413809794877956,6.870363873208706,1.867199722705874,-3.474173282823083,1.7979087762338164,BabyLM 350M — final layer
1.3800865493391252,1.6420543999120696,8.283822635348928,6.870363873208706,1.867199722705874,-3.474173282823083,1.7979087762338164,BabyLM 350M — final layer
1.5337382937318877,1.6420543999120696,8.149077087654923,6.870363873208706,1.867199722705874,-3.474173282823083,1.7979087762338164,BabyLM 350M — final layer
1.6873900381246503,1.6420543999120696,8.009573151795939,6.870363873208706,1.867199722705874,-3.474173282823083,1.7979087762338164,BabyLM 350M — final layer
1.8410417825174124,1.6420543999120696,7.865310827771978,6.870363873208706,1.867199722705874,-3.474173282823083,1.7979087762338164,BabyLM 350M — final layer
1.9946935269101749,1.6420543999120696,7.716290115583038,6.870363873208706,1.867199722705874,-3.474173282823083,1.7979087762338164,BabyLM 350M — final layer
2.148345271302937,1.6420543999120696,7.56251101522912,6.870363873208706,1.867199722705874,-3.474173282823083,1.7979087762338164,BabyLM 350M — final layer
2.3019970156956995,1.6420543999120696,7.403973526710224,6.870363873208706,1.867199722705874,-3.474173282823083,1.7979087762338164,BabyLM 350M — final layer
2.455648760088462,1.6420543999120696,7.240677650026349,6.870363873208706,1.867199722705874,-3.474173282823083,1.7979087762338164,BabyLM 350M — final layer
-2.0002518273016485,1.8092811722915387,10.173060620662676,6.870363873208706,1.867199722705874,-3.474173282823083,1.7979087762338164,BabyLM 350M — final layer
-1.846600082908886,1.8092811722915387,10.140136762797937,6.870363873208706,1.867199722705874,-3.474173282823083,1.7979087762338164,BabyLM 350M — final layer
-1.6929483385161237,1.8092811722915387,10.102454516768221,6.870363873208706,1.867199722705874,-3.474173282823083,1.7979087762338164,BabyLM 350M — final layer
-1.5392965941233612,1.8092811722915387,10.060013882573525,6.870363873208706,1.867199722705874,-3.474173282823083,1.7979087762338164,BabyLM 350M — final layer
-1.3856448497305989,1.8092811722915387,10.012814860213851,6.870363873208706,1.867199722705874,-3.474173282823083,1.7979087762338164,BabyLM 350M — final layer
-1.2319931053378363,1.8092811722915387,9.960857449689199,6.870363873208706,1.867199722705874,-3.474173282823083,1.7979087762338164,BabyLM 350M — final layer
-1.0783413609450738,1.8092811722915387,9.904141650999568,6.870363873208706,1.867199722705874,-3.474173282823083,1.7979087762338164,BabyLM 350M — final layer
-0.9246896165523115,1.8092811722915387,9.842667464144961,6.870363873208706,1.867199722705874,-3.474173282823083,1.7979087762338164,BabyLM 350M — final layer
-0.771037872159549,1.8092811722915387,9.776434889125374,6.870363873208706,1.867199722705874,-3.474173282823083,1.7979087762338164,BabyLM 350M — final layer
-0.6173861277667865,1.8092811722915387,9.70544392594081,6.870363873208706,1.867199722705874,-3.474173282823083,1.7979087762338164,BabyLM 350M — final layer
-0.4637343833740242,1.8092811722915387,9.629694574591266,6.870363873208706,1.867199722705874,-3.474173282823083,1.7979087762338164,BabyLM 350M — final layer
-0.31008263898126165,1.8092811722915387,9.549186835076744,6.870363873208706,1.867199722705874,-3.474173282823083,1.7979087762338164,BabyLM 350M — final layer
-0.15643089458849913,1.8092811722915387,9.463920707397245,6.870363873208706,1.867199722705874,-3.474173282823083,1.7979087762338164,BabyLM 350M — final layer
-0.0027791501957368236,1.8092811722915387,9.373896191552767,6.870363873208706,1.867199722705874,-3.474173282823083,1.7979087762338164,BabyLM 350M — final layer
0.15087259419702548,1.8092811722915387,9.27911328754331,6.870363873208706,1.867199722705874,-3.474173282823083,1.7979087762338164,BabyLM 350M — final layer
0.304524338589788,1.8092811722915387,9.179571995368876,6.870363873208706,1.867199722705874,-3.474173282823083,1.7979087762338164,BabyLM 350M — final layer
0.4581760829825505,1.8092811722915387,9.075272315029464,6.870363873208706,1.867199722705874,-3.474173282823083,1.7979087762338164,BabyLM 350M — final layer
0.611827827375313,1.8092811722915387,8.966214246525073,6.870363873208706,1.867199722705874,-3.474173282823083,1.7979087762338164,BabyLM 350M — final layer
0.7654795717680756,1.8092811722915387,8.852397789855704,6.870363873208706,1.867199722705874,-3.474173282823083,1.7979087762338164,BabyLM 350M — final layer
0.9191313161608377,1.8092811722915387,8.733822945021357,6.870363873208706,1.867199722705874,-3.474173282823083,1.7979087762338164,BabyLM 350M — final layer
1.0727830605536002,1.8092811722915387,8.61048971202203,6.870363873208706,1.867199722705874,-3.474173282823083,1.7979087762338164,BabyLM 350M — final layer
1.2264348049463627,1.8092811722915387,8.482398090857727,6.870363873208706,1.867199722705874,-3.474173282823083,1.7979087762338164,BabyLM 350M — final layer
1.3800865493391252,1.8092811722915387,8.349548081528445,6.870363873208706,1.867199722705874,-3.474173282823083,1.7979087762338164,BabyLM 350M — final layer
1.5337382937318877,1.8092811722915387,8.211939684034185,6.870363873208706,1.867199722705874,-3.474173282823083,1.7979087762338164,BabyLM 350M — final layer
1.6873900381246503,1.8092811722915387,8.069572898374947,6.870363873208706,1.867199722705874,-3.474173282823083,1.7979087762338164,BabyLM 350M — final layer
1.8410417825174124,1.8092811722915387,7.92244772455073,6.870363873208706,1.867199722705874,-3.474173282823083,1.7979087762338164,BabyLM 350M — final layer
1.9946935269101749,1.8092811722915387,7.770564162561534,6.870363873208706,1.867199722705874,-3.474173282823083,1.7979087762338164,BabyLM 350M — final layer
2.148345271302937,1.8092811722915387,7.6139222124073616,6.870363873208706,1.867199722705874,-3.474173282823083,1.7979087762338164,BabyLM 350M — final layer
2.3019970156956995,1.8092811722915387,7.452521874088211,6.870363873208706,1.867199722705874,-3.474173282823083,1.7979087762338164,BabyLM 350M — final layer
2.455648760088462,1.8092811722915387,7.286363147604081,6.870363873208706,1.867199722705874,-3.474173282823083,1.7979087762338164,BabyLM 350M — final layer
-2.0002518273016485,1.9765079446710079,10.309077794476861,6.870363873208706,1.867199722705874,-3.474173282823083,1.7979087762338164,BabyLM 350M — final layer
-1.846600082908886,1.9765079446710079,10.273291086811868,6.870363873208706,1.867199722705874,-3.474173282823083,1.7979087762338164,BabyLM 350M — final layer
-1.6929483385161237,1.9765079446710079,10.232745990981895,6.870363873208706,1.867199722705874,-3.474173282823083,1.7979087762338164,BabyLM 350M — final layer
-1.5392965941233612,1.9765079446710079,10.187442506986944,6.870363873208706,1.867199722705874,-3.474173282823083,1.7979087762338164,BabyLM 350M — final layer
-1.3856448497305989,1.9765079446710079,10.137380634827016,6.870363873208706,1.867199722705874,-3.474173282823083,1.7979087762338164,BabyLM 350M — final layer
-1.2319931053378363,1.9765079446710079,10.082560374502108,6.870363873208706,1.867199722705874,-3.474173282823083,1.7979087762338164,BabyLM 350M — final layer
-1.0783413609450738,1.9765079446710079,10.022981726012224,6.870363873208706,1.867199722705874,-3.474173282823083,1.7979087762338164,BabyLM 350M — final layer
-0.9246896165523115,1.9765079446710079,9.95864468935736,6.870363873208706,1.867199722705874,-3.474173282823083,1.7979087762338164,BabyLM 350M — final layer
-0.771037872159549,1.9765079446710079,9.889549264537518,6.870363873208706,1.867199722705874,-3.474173282823083,1.7979087762338164,BabyLM 350M — final layer
-0.6173861277667865,1.9765079446710079,9.815695451552699,6.870363873208706,1.867199722705874,-3.474173282823083,1.7979087762338164,BabyLM 350M — final layer
-0.4637343833740242,1.9765079446710079,9.7370832504029,6.870363873208706,1.867199722705874,-3.474173282823083,1.7979087762338164,BabyLM 350M — final layer
-0.31008263898126165,1.9765079446710079,9.653712661088123,6.870363873208706,1.867199722705874,-3.474173282823083,1.7979087762338164,BabyLM 350M — final layer
-0.15643089458849913,1.9765079446710079,9.565583683608368,6.870363873208706,1.867199722705874,-3.474173282823083,1.7979087762338164,BabyLM 350M — final layer
-0.0027791501957368236,1.9765079446710079,9.472696317963637,6.870363873208706,1.867199722705874,-3.474173282823083,1.7979087762338164,BabyLM 350M — final layer
0.15087259419702548,1.9765079446710079,9.375050564153925,6.870363873208706,1.867199722705874,-3.474173282823083,1.7979087762338164,BabyLM 350M — final layer
0.304524338589788,1.9765079446710079,9.272646422179236,6.870363873208706,1.867199722705874,-3.474173282823083,1.7979087762338164,BabyLM 350M — final layer
0.4581760829825505,1.9765079446710079,9.165483892039568,6.870363873208706,1.867199722705874,-3.474173282823083,1.7979087762338164,BabyLM 350M — final layer
0.611827827375313,1.9765079446710079,9.053562973734921,6.870363873208706,1.867199722705874,-3.474173282823083,1.7979087762338164,BabyLM 350M — final layer
0.7654795717680756,1.9765079446710079,8.936883667265299,6.870363873208706,1.867199722705874,-3.474173282823083,1.7979087762338164,BabyLM 350M — final layer
0.9191313161608377,1.9765079446710079,8.815445972630696,6.870363873208706,1.867199722705874,-3.474173282823083,1.7979087762338164,BabyLM 350M — final layer
1.0727830605536002,1.9765079446710079,8.689249889831116,6.870363873208706,1.867199722705874,-3.474173282823083,1.7979087762338164,BabyLM 350M — final layer
1.2264348049463627,1.9765079446710079,8.558295418866557,6.870363873208706,1.867199722705874,-3.474173282823083,1.7979087762338164,BabyLM 350M — final layer
1.3800865493391252,1.9765079446710079,8.42258255973702,6.870363873208706,1.867199722705874,-3.474173282823083,1.7979087762338164,BabyLM 350M — final layer
1.5337382937318877,1.9765079446710079,8.282111312442504,6.870363873208706,1.867199722705874,-3.474173282823083,1.7979087762338164,BabyLM 350M — final layer
1.6873900381246503,1.9765079446710079,8.13688167698301,6.870363873208706,1.867199722705874,-3.474173282823083,1.7979087762338164,BabyLM 350M — final layer
1.8410417825174124,1.9765079446710079,7.986893653358539,6.870363873208706,1.867199722705874,-3.474173282823083,1.7979087762338164,BabyLM 350M — final layer
1.9946935269101749,1.9765079446710079,7.832147241569089,6.870363873208706,1.867199722705874,-3.474173282823083,1.7979087762338164,BabyLM 350M — final layer
2.148345271302937,1.9765079446710079,7.672642441614661,6.870363873208706,1.867199722705874,-3.474173282823083,1.7979087762338164,BabyLM 350M — final layer
2.3019970156956995,1.9765079446710079,7.508379253495255,6.870363873208706,1.867199722705874,-3.474173282823083,1.7979087762338164,BabyLM 350M — final layer
2.455648760088462,1.9765079446710079,7.33935767721087,6.870363873208706,1.867199722705874,-3.474173282823083,1.7979087762338164,BabyLM 350M — final layer
-2.0002518273016485,2.143734717050477,10.452404000320104,6.870363873208706,1.867199722705874,-3.474173282823083,1.7979087762338164,BabyLM 350M — final layer
-1.846600082908886,2.143734717050477,10.413754442854856,6.870363873208706,1.867199722705874,-3.474173282823083,1.7979087762338164,BabyLM 350M — final layer
-1.6929483385161237,2.143734717050477,10.370346497224627,6.870363873208706,1.867199722705874,-3.474173282823083,1.7979087762338164,BabyLM 350M — final layer
-1.5392965941233612,2.143734717050477,10.322180163429422,6.870363873208706,1.867199722705874,-3.474173282823083,1.7979087762338164,BabyLM 350M — final layer
-1.3856448497305989,2.143734717050477,10.26925544146924,6.870363873208706,1.867199722705874,-3.474173282823083,1.7979087762338164,BabyLM 350M — final layer
-1.2319931053378363,2.143734717050477,10.211572331344076,6.870363873208706,1.867199722705874,-3.474173282823083,1.7979087762338164,BabyLM 350M — final layer
-1.0783413609450738,2.143734717050477,10.149130833053936,6.870363873208706,1.867199722705874,-3.474173282823083,1.7979087762338164,BabyLM 350M — final layer
-0.9246896165523115,2.143734717050477,10.081930946598819,6.870363873208706,1.867199722705874,-3.474173282823083,1.7979087762338164,BabyLM 350M — final layer
-0.771037872159549,2.143734717050477,10.009972671978721,6.870363873208706,1.867199722705874,-3.474173282823083,1.7979087762338164,BabyLM 350M — final layer
-0.6173861277667865,2.143734717050477,9.933256009193647,6.870363873208706,1.867199722705874,-3.474173282823083,1.7979087762338164,BabyLM 350M — final layer
-0.4637343833740242,2.143734717050477,9.851780958243593,6.870363873208706,1.867199722705874,-3.474173282823083,1.7979087762338164,BabyLM 350M — final layer
-0.31008263898126165,2.143734717050477,9.765547519128562,6.870363873208706,1.867199722705874,-3.474173282823083,1.7979087762338164,BabyLM 350M — final layer
-0.15643089458849913,2.143734717050477,9.674555691848552,6.870363873208706,1.867199722705874,-3.474173282823083,1.7979087762338164,BabyLM 350M — final layer
-0.0027791501957368236,2.143734717050477,9.578805476403565,6.870363873208706,1.867199722705874,-3.474173282823083,1.7979087762338164,BabyLM 350M — final layer
0.15087259419702548,2.143734717050477,9.478296872793598,6.870363873208706,1.867199722705874,-3.474173282823083,1.7979087762338164,BabyLM 350M — final layer
0.304524338589788,2.143734717050477,9.373029881018654,6.870363873208706,1.867199722705874,-3.474173282823083,1.7979087762338164,BabyLM 350M — final layer
0.4581760829825505,2.143734717050477,9.263004501078731,6.870363873208706,1.867199722705874,-3.474173282823083,1.7979087762338164,BabyLM 350M — final layer
0.611827827375313,2.143734717050477,9.14822073297383,6.870363873208706,1.867199722705874,-3.474173282823083,1.7979087762338164,BabyLM 350M — final layer
0.7654795717680756,2.143734717050477,9.028678576703951,6.870363873208706,1.867199722705874,-3.474173282823083,1.7979087762338164,BabyLM 350M — final layer
0.9191313161608377,2.143734717050477,8.904378032269094,6.870363873208706,1.867199722705874,-3.474173282823083,1.7979087762338164,BabyLM 350M — final layer
1.0727830605536002,2.143734717050477,8.775319099669257,6.870363873208706,1.867199722705874,-3.474173282823083,1.7979087762338164,BabyLM 350M — final layer
1.2264348049463627,2.143734717050477,8.641501778904445,6.870363873208706,1.867199722705874,-3.474173282823083,1.7979087762338164,BabyLM 350M — final layer
1.3800865493391252,2.143734717050477,8.502926069974652,6.870363873208706,1.867199722705874,-3.474173282823083,1.7979087762338164,BabyLM 350M — final layer
1.5337382937318877,2.143734717050477,8.359591972879882,6.870363873208706,1.867199722705874,-3.474173282823083,1.7979087762338164,BabyLM 350M — final layer
1.6873900381246503,2.143734717050477,8.211499487620133,6.870363873208706,1.867199722705874,-3.474173282823083,1.7979087762338164,BabyLM 350M — final layer
1.8410417825174124,2.143734717050477,8.058648614195407,6.870363873208706,1.867199722705874,-3.474173282823083,1.7979087762338164,BabyLM 350M — final layer
1.9946935269101749,2.143734717050477,7.901039352605701,6.870363873208706,1.867199722705874,-3.474173282823083,1.7979087762338164,BabyLM 350M — final layer
2.148345271302937,2.143734717050477,7.738671702851018,6.870363873208706,1.867199722705874,-3.474173282823083,1.7979087762338164,BabyLM 350M — final layer
2.3019970156956995,2.143734717050477,7.571545664931357,6.870363873208706,1.867199722705874,-3.474173282823083,1.7979087762338164,BabyLM 350M — final layer
2.455648760088462,2.143734717050477,7.399661238846717,6.870363873208706,1.867199722705874,-3.474173282823083,1.7979087762338164,BabyLM 350M — final layer
-2.0002518273016485,2.3109614894299457,10.603039238192405,6.870363873208706,1.867199722705874,-3.474173282823083,1.7979087762338164,BabyLM 350M — final layer
-1.846600082908886,2.3109614894299457,10.561526830926901,6.870363873208706,1.867199722705874,-3.474173282823083,1.7979087762338164,BabyLM 350M — final layer
-1.6929483385161237,2.3109614894299457,10.515256035496419,6.870363873208706,1.867199722705874,-3.474173282823083,1.7979087762338164,BabyLM 350M — final layer
-1.5392965941233612,2.3109614894299457,10.464226851900959,6.870363873208706,1.867199722705874,-3.474173282823083,1.7979087762338164,BabyLM 350M — final layer
-1.3856448497305989,2.3109614894299457,10.408439280140518,6.870363873208706,1.867199722705874,-3.474173282823083,1.7979087762338164,BabyLM 350M — final layer
-1.2319931053378363,2.3109614894299457,10.347893320215102,6.870363873208706,1.867199722705874,-3.474173282823083,1.7979087762338164,BabyLM 350M — final layer
-1.0783413609450738,2.3109614894299457,10.282588972124707,6.870363873208706,1.867199722705874,-3.474173282823083,1.7979087762338164,BabyLM 350M — final layer
-0.9246896165523115,2.3109614894299457,10.212526235869333,6.870363873208706,1.867199722705874,-3.474173282823083,1.7979087762338164,BabyLM 350M — final layer
-0.771037872159549,2.3109614894299457,10.137705111448982,6.870363873208706,1.867199722705874,-3.474173282823083,1.7979087762338164,BabyLM 350M — final layer
-0.6173861277667865,2.3109614894299457,10.05812559886365,6.870363873208706,1.867199722705874,-3.474173282823083,1.7979087762338164,BabyLM 350M — final layer
-0.4637343833740242,2.3109614894299457,9.973787698113343,6.870363873208706,1.867199722705874,-3.474173282823083,1.7979087762338164,BabyLM 350M — final layer
-0.31008263898126165,2.3109614894299457,9.884691409198057,6.870363873208706,1.867199722705874,-3.474173282823083,1.7979087762338164,BabyLM 350M — final layer
-0.15643089458849913,2.3109614894299457,9.790836732117793,6.870363873208706,1.867199722705874,-3.474173282823083,1.7979087762338164,BabyLM 350M — final layer
-0.0027791501957368236,2.3109614894299457,9.692223666872549,6.870363873208706,1.867199722705874,-3.474173282823083,1.7979087762338164,BabyLM 350M — final layer
0.15087259419702548,2.3109614894299457,9.588852213462328,6.870363873208706,1.867199722705874,-3.474173282823083,1.7979087762338164,BabyLM 350M — final layer
0.304524338589788,2.3109614894299457,9.48072237188713,6.870363873208706,1.867199722705874,-3.474173282823083,1.7979087762338164,BabyLM 350M — final layer
0.4581760829825505,2.3109614894299457,9.36783414214695,6.870363873208706,1.867199722705874,-3.474173282823083,1.7979087762338164,BabyLM 350M — final layer
0.611827827375313,2.3109614894299457,9.250187524241795,6.870363873208706,1.867199722705874,-3.474173282823083,1.7979087762338164,BabyLM 350M — final layer
0.7654795717680756,2.3109614894299457,9.12778251817166,6.870363873208706,1.867199722705874,-3.474173282823083,1.7979087762338164,BabyLM 350M — final layer
0.9191313161608377,2.3109614894299457,9.000619123936549,6.870363873208706,1.867199722705874,-3.474173282823083,1.7979087762338164,BabyLM 350M — final layer
1.0727830605536002,2.3109614894299457,8.868697341536459,6.870363873208706,1.867199722705874,-3.474173282823083,1.7979087762338164,BabyLM 350M — final layer
1.2264348049463627,2.3109614894299457,8.732017170971389,6.870363873208706,1.867199722705874,-3.474173282823083,1.7979087762338164,BabyLM 350M — final layer
1.3800865493391252,2.3109614894299457,8.590578612241343,6.870363873208706,1.867199722705874,-3.474173282823083,1.7979087762338164,BabyLM 350M — final layer
1.5337382937318877,2.3109614894299457,8.444381665346317,6.870363873208706,1.867199722705874,-3.474173282823083,1.7979087762338164,BabyLM 350M — final layer
1.6873900381246503,2.3109614894299457,8.293426330286312,6.870363873208706,1.867199722705874,-3.474173282823083,1.7979087762338164,BabyLM 350M — final layer
1.8410417825174124,2.3109614894299457,8.137712607061331,6.870363873208706,1.867199722705874,-3.474173282823083,1.7979087762338164,BabyLM 350M — final layer
1.9946935269101749,2.3109614894299457,7.977240495671372,6.870363873208706,1.867199722705874,-3.474173282823083,1.7979087762338164,BabyLM 350M — final layer
2.148345271302937,2.3109614894299457,7.8120099961164335,6.870363873208706,1.867199722705874,-3.474173282823083,1.7979087762338164,BabyLM 350M — final layer
2.3019970156956995,2.3109614894299457,7.642021108396517,6.870363873208706,1.867199722705874,-3.474173282823083,1.7979087762338164,BabyLM 350M — final layer
2.455648760088462,2.3109614894299457,7.467273832511622,6.870363873208706,1.867199722705874,-3.474173282823083,1.7979087762338164,BabyLM 350M — final layer
-2.0002518273016485,-2.5386149095746635,8.911506027248512,6.870363873208706,1.867199722705874,-3.474173282823083,1.7979087762338164,BabyLM 1.3B — final layer
-1.846600082908886,-2.5386149095746635,9.006221384147498,6.870363873208706,1.867199722705874,-3.474173282823083,1.7979087762338164,BabyLM 1.3B — final layer
-1.6929483385161237,-2.5386149095746635,9.095082639311578,6.870363873208706,1.867199722705874,-3.474173282823083,1.7979087762338164,BabyLM 1.3B — final layer
-1.5392965941233612,-2.5386149095746635,9.178089792740753,6.870363873208706,1.867199722705874,-3.474173282823083,1.7979087762338164,BabyLM 1.3B — final layer
-1.3856448497305989,-2.5386149095746635,9.255242844435022,6.870363873208706,1.867199722705874,-3.474173282823083,1.7979087762338164,BabyLM 1.3B — final layer
-1.2319931053378363,-2.5386149095746635,9.326541794394387,6.870363873208706,1.867199722705874,-3.474173282823083,1.7979087762338164,BabyLM 1.3B — final layer
-1.0783413609450738,-2.5386149095746635,9.391986642618846,6.870363873208706,1.867199722705874,-3.474173282823083,1.7979087762338164,BabyLM 1.3B — final layer
-0.9246896165523115,-2.5386149095746635,9.4515773891084,6.870363873208706,1.867199722705874,-3.474173282823083,1.7979087762338164,BabyLM 1.3B — final layer
-0.771037872159549,-2.5386149095746635,9.505314033863048,6.870363873208706,1.867199722705874,-3.474173282823083,1.7979087762338164,BabyLM 1.3B — final layer
-0.6173861277667865,-2.5386149095746635,9.553196576882792,6.870363873208706,1.867199722705874,-3.474173282823083,1.7979087762338164,BabyLM 1.3B — final layer
-0.4637343833740242,-2.5386149095746635,9.595225018167628,6.870363873208706,1.867199722705874,-3.474173282823083,1.7979087762338164,BabyLM 1.3B — final layer
-0.31008263898126165,-2.5386149095746635,9.63139935771756,6.870363873208706,1.867199722705874,-3.474173282823083,1.7979087762338164,BabyLM 1.3B — final layer
-0.15643089458849913,-2.5386149095746635,9.661719595532588,6.870363873208706,1.867199722705874,-3.474173282823083,1.7979087762338164,BabyLM 1.3B — final layer
-0.0027791501957368236,-2.5386149095746635,9.68618573161271,6.870363873208706,1.867199722705874,-3.474173282823083,1.7979087762338164,BabyLM 1.3B — final layer
0.15087259419702548,-2.5386149095746635,9.704797765957926,6.870363873208706,1.867199722705874,-3.474173282823083,1.7979087762338164,BabyLM 1.3B — final layer
0.304524338589788,-2.5386149095746635,9.717555698568237,6.870363873208706,1.867199722705874,-3.474173282823083,1.7979087762338164,BabyLM 1.3B — final layer
0.4581760829825505,-2.5386149095746635,9.724459529443644,6.870363873208706,1.867199722705874,-3.474173282823083,1.7979087762338164,BabyLM 1.3B — final layer
0.611827827375313,-2.5386149095746635,9.725509258584143,6.870363873208706,1.867199722705874,-3.474173282823083,1.7979087762338164,BabyLM 1.3B — final layer
0.7654795717680756,-2.5386149095746635,9.720704885989738,6.870363873208706,1.867199722705874,-3.474173282823083,1.7979087762338164,BabyLM 1.3B — final layer
0.9191313161608377,-2.5386149095746635,9.710046411660429,6.870363873208706,1.867199722705874,-3.474173282823083,1.7979087762338164,BabyLM 1.3B — final layer
1.0727830605536002,-2.5386149095746635,9.693533835596213,6.870363873208706,1.867199722705874,-3.474173282823083,1.7979087762338164,BabyLM 1.3B — final layer
1.2264348049463627,-2.5386149095746635,9.671167157797091,6.870363873208706,1.867199722705874,-3.474173282823083,1.7979087762338164,BabyLM 1.3B — final layer
1.3800865493391252,-2.5386149095746635,9.642946378263066,6.870363873208706,1.867199722705874,-3.474173282823083,1.7979087762338164,BabyLM 1.3B — final layer
1.5337382937318877,-2.5386149095746635,9.608871496994134,6.870363873208706,1.867199722705874,-3.474173282823083,1.7979087762338164,BabyLM 1.3B — final layer
1.6873900381246503,-2.5386149095746635,9.568942513990297,6.870363873208706,1.867199722705874,-3.474173282823083,1.7979087762338164,BabyLM 1.3B — final layer
1.8410417825174124,-2.5386149095746635,9.523159429251555,6.870363873208706,1.867199722705874,-3.474173282823083,1.7979087762338164,BabyLM 1.3B — final layer
1.9946935269101749,-2.5386149095746635,9.471522242777908,6.870363873208706,1.867199722705874,-3.474173282823083,1.7979087762338164,BabyLM 1.3B — final layer
2.148345271302937,-2.5386149095746635,9.414030954569355,6.870363873208706,1.867199722705874,-3.474173282823083,1.7979087762338164,BabyLM 1.3B — final layer
2.3019970156956995,-2.5386149095746635,9.350685564625897,6.870363873208706,1.867199722705874,-3.474173282823083,1.7979087762338164,BabyLM 1.3B — final layer
2.455648760088462,-2.5386149095746635,9.281486072947533,6.870363873208706,1.867199722705874,-3.474173282823083,1.7979087762338164,BabyLM 1.3B — final layer
-2.0002518273016485,-2.3713881371951944,8.790400916572892,6.870363873208706,1.867199722705874,-3.474173282823083,1.7979087762338164,BabyLM 1.3B — final layer
-1.846600082908886,-2.3713881371951944,8.881877888843855,6.870363873208706,1.867199722705874,-3.474173282823083,1.7979087762338164,BabyLM 1.3B — final layer
-1.6929483385161237,-2.3713881371951944,8.967500759379911,6.870363873208706,1.867199722705874,-3.474173282823083,1.7979087762338164,BabyLM 1.3B — final layer
-1.5392965941233612,-2.3713881371951944,9.047269528181062,6.870363873208706,1.867199722705874,-3.474173282823083,1.7979087762338164,BabyLM 1.3B — final layer
-1.3856448497305989,-2.3713881371951944,9.121184195247308,6.870363873208706,1.867199722705874,-3.474173282823083,1.7979087762338164,BabyLM 1.3B — final layer
-1.2319931053378363,-2.3713881371951944,9.18924476057865,6.870363873208706,1.867199722705874,-3.474173282823083,1.7979087762338164,BabyLM 1.3B — final layer
-1.0783413609450738,-2.3713881371951944,9.251451224175085,6.870363873208706,1.867199722705874,-3.474173282823083,1.7979087762338164,BabyLM 1.3B — final layer
-0.9246896165523115,-2.3713881371951944,9.307803586036615,6.870363873208706,1.867199722705874,-3.474173282823083,1.7979087762338164,BabyLM 1.3B — final layer
-0.771037872159549,-2.3713881371951944,9.35830184616324,6.870363873208706,1.867199722705874,-3.474173282823083,1.7979087762338164,BabyLM 1.3B — final layer
-0.6173861277667865,-2.3713881371951944,9.402946004554959,6.870363873208706,1.867199722705874,-3.474173282823083,1.7979087762338164,BabyLM 1.3B — final layer
-0.4637343833740242,-2.3713881371951944,9.441736061211772,6.870363873208706,1.867199722705874,-3.474173282823083,1.7979087762338164,BabyLM 1.3B — final layer
-0.31008263898126165,-2.3713881371951944,9.474672016133681,6.870363873208706,1.867199722705874,-3.474173282823083,1.7979087762338164,BabyLM 1.3B — final layer
-0.15643089458849913,-2.3713881371951944,9.501753869320686,6.870363873208706,1.867199722705874,-3.474173282823083,1.7979087762338164,BabyLM 1.3B — final layer
-0.0027791501957368236,-2.3713881371951944,9.522981620772782,6.870363873208706,1.867199722705874,-3.474173282823083,1.7979087762338164,BabyLM 1.3B — final layer
0.15087259419702548,-2.3713881371951944,9.538355270489976,6.870363873208706,1.867199722705874,-3.474173282823083,1.7979087762338164,BabyLM 1.3B — final layer
0.304524338589788,-2.3713881371951944,9.547874818472263,6.870363873208706,1.867199722705874,-3.474173282823083,1.7979087762338164,BabyLM 1.3B — final layer
0.4581760829825505,-2.3713881371951944,9.551540264719645,6.870363873208706,1.867199722705874,-3.474173282823083,1.7979087762338164,BabyLM 1.3B — final layer
0.611827827375313,-2.3713881371951944,9.549351609232122,6.870363873208706,1.867199722705874,-3.474173282823083,1.7979087762338164,BabyLM 1.3B — final layer
0.7654795717680756,-2.3713881371951944,9.541308852009694,6.870363873208706,1.867199722705874,-3.474173282823083,1.7979087762338164,BabyLM 1.3B — final layer
0.9191313161608377,-2.3713881371951944,9.52741199305236,6.870363873208706,1.867199722705874,-3.474173282823083,1.7979087762338164,BabyLM 1.3B — final layer
1.0727830605536002,-2.3713881371951944,9.50766103236012,6.870363873208706,1.867199722705874,-3.474173282823083,1.7979087762338164,BabyLM 1.3B — final layer
1.2264348049463627,-2.3713881371951944,9.482055969932976,6.870363873208706,1.867199722705874,-3.474173282823083,1.7979087762338164,BabyLM 1.3B — final layer
1.3800865493391252,-2.3713881371951944,9.450596805770926,6.870363873208706,1.867199722705874,-3.474173282823083,1.7979087762338164,BabyLM 1.3B — final layer
1.5337382937318877,-2.3713881371951944,9.413283539873971,6.870363873208706,1.867199722705874,-3.474173282823083,1.7979087762338164,BabyLM 1.3B — final layer
1.6873900381246503,-2.3713881371951944,9.37011617224211,6.870363873208706,1.867199722705874,-3.474173282823083,1.7979087762338164,BabyLM 1.3B — final layer
1.8410417825174124,-2.3713881371951944,9.321094702875344,6.870363873208706,1.867199722705874,-3.474173282823083,1.7979087762338164,BabyLM 1.3B — final layer
1.9946935269101749,-2.3713881371951944,9.266219131773672,6.870363873208706,1.867199722705874,-3.474173282823083,1.7979087762338164,BabyLM 1.3B — final layer
2.148345271302937,-2.3713881371951944,9.205489458937096,6.870363873208706,1.867199722705874,-3.474173282823083,1.7979087762338164,BabyLM 1.3B — final layer
2.3019970156956995,-2.3713881371951944,9.138905684365614,6.870363873208706,1.867199722705874,-3.474173282823083,1.7979087762338164,BabyLM 1.3B — final layer
2.455648760088462,-2.3713881371951944,9.066467808059228,6.870363873208706,1.867199722705874,-3.474173282823083,1.7979087762338164,BabyLM 1.3B — final layer
-2.0002518273016485,-2.2041613648157248,8.679712311361177,6.870363873208706,1.867199722705874,-3.474173282823083,1.7979087762338164,BabyLM 1.3B — final layer
-1.846600082908886,-2.2041613648157248,8.767950899004116,6.870363873208706,1.867199722705874,-3.474173282823083,1.7979087762338164,BabyLM 1.3B — final layer
-1.6929483385161237,-2.2041613648157248,8.85033538491215,6.870363873208706,1.867199722705874,-3.474173282823083,1.7979087762338164,BabyLM 1.3B — final layer
-1.5392965941233612,-2.2041613648157248,8.926865769085277,6.870363873208706,1.867199722705874,-3.474173282823083,1.7979087762338164,BabyLM 1.3B — final layer
-1.3856448497305989,-2.2041613648157248,8.9975420515235,6.870363873208706,1.867199722705874,-3.474173282823083,1.7979087762338164,BabyLM 1.3B — final layer
-1.2319931053378363,-2.2041613648157248,9.062364232226816,6.870363873208706,1.867199722705874,-3.474173282823083,1.7979087762338164,BabyLM 1.3B — final layer
-1.0783413609450738,-2.2041613648157248,9.121332311195228,6.870363873208706,1.867199722705874,-3.474173282823083,1.7979087762338164,BabyLM 1.3B — final layer
-0.9246896165523115,-2.2041613648157248,9.174446288428735,6.870363873208706,1.867199722705874,-3.474173282823083,1.7979087762338164,BabyLM 1.3B — final layer
-0.771037872159549,-2.2041613648157248,9.221706163927335,6.870363873208706,1.867199722705874,-3.474173282823083,1.7979087762338164,BabyLM 1.3B — final layer
-0.6173861277667865,-2.2041613648157248,9.263111937691031,6.870363873208706,1.867199722705874,-3.474173282823083,1.7979087762338164,BabyLM 1.3B — final layer
-0.4637343833740242,-2.2041613648157248,9.29866360971982,6.870363873208706,1.867199722705874,-3.474173282823083,1.7979087762338164,BabyLM 1.3B — final layer
-0.31008263898126165,-2.2041613648157248,9.328361180013706,6.870363873208706,1.867199722705874,-3.474173282823083,1.7979087762338164,BabyLM 1.3B — final layer
-0.15643089458849913,-2.2041613648157248,9.352204648572686,6.870363873208706,1.867199722705874,-3.474173282823083,1.7979087762338164,BabyLM 1.3B — final layer
-0.0027791501957368236,-2.2041613648157248,9.3701940153967609,6.870363873208706,1.867199722705874,-3.474173282823083,1.7979087762338164,BabyLM 1.3B — final layer
0.15087259419702548,-2.2041613648157248,9.38232928048593,6.870363873208706,1.867199722705874,-3.474173282823083,1.7979087762338164,BabyLM 1.3B — final layer
0.304524338589788,-2.2041613648157248,9.388610443840193,6.870363873208706,1.867199722705874,-3.474173282823083,1.7979087762338164,BabyLM 1.3B — final layer
0.4581760829825505,-2.2041613648157248,9.389037505459552,6.870363873208706,1.867199722705874,-3.474173282823083,1.7979087762338164,BabyLM 1.3B — final layer
0.611827827375313,-2.2041613648157248,9.383610465344004,6.870363873208706,1.867199722705874,-3.474173282823083,1.7979087762338164,BabyLM 1.3B — final layer
0.7654795717680756,-2.2041613648157248,9.372329323493553,6.870363873208706,1.867199722705874,-3.474173282823083,1.7979087762338164,BabyLM 1.3B — final layer
0.9191313161608377,-2.2041613648157248,9.355194079908195,6.870363873208706,1.867199722705874,-3.474173282823083,1.7979087762338164,BabyLM 1.3B — final layer
1.0727830605536002,-2.2041613648157248,9.332204734587933,6.870363873208706,1.867199722705874,-3.474173282823083,1.7979087762338164,BabyLM 1.3B — final layer
1.2264348049463627,-2.2041613648157248,9.303361287532764,6.870363873208706,1.867199722705874,-3.474173282823083,1.7979087762338164,BabyLM 1.3B — final layer
1.3800865493391252,-2.2041613648157248,9.26866373874269,6.870363873208706,1.867199722705874,-3.474173282823083,1.7979087762338164,BabyLM 1.3B — final layer
1.5337382937318877,-2.2041613648157248,9.228112088217712,6.870363873208706,1.867199722705874,-3.474173282823083,1.7979087762338164,BabyLM 1.3B — final layer
1.6873900381246503,-2.2041613648157248,9.181706335957827,6.870363873208706,1.867199722705874,-3.474173282823083,1.7979087762338164,BabyLM 1.3B — final layer
1.8410417825174124,-2.2041613648157248,9.129446481963038,6.870363873208706,1.867199722705874,-3.474173282823083,1.7979087762338164,BabyLM 1.3B — final layer
1.9946935269101749,-2.2041613648157248,9.071332526233343,6.870363873208706,1.867199722705874,-3.474173282823083,1.7979087762338164,BabyLM 1.3B — final layer
2.148345271302937,-2.2041613648157248,9.007364468768744,6.870363873208706,1.867199722705874,-3.474173282823083,1.7979087762338164,BabyLM 1.3B — final layer
2.3019970156956995,-2.2041613648157248,8.937542309569238,6.870363873208706,1.867199722705874,-3.474173282823083,1.7979087762338164,BabyLM 1.3B — final layer
2.455648760088462,-2.2041613648157248,8.861866048634827,6.870363873208706,1.867199722705874,-3.474173282823083,1.7979087762338164,BabyLM 1.3B — final layer
-2.0002518273016485,-2.0369345924362556,8.579440211613369,6.870363873208706,1.867199722705874,-3.474173282823083,1.7979087762338164,BabyLM 1.3B — final layer
-1.846600082908886,-2.0369345924362556,8.664440414628283,6.870363873208706,1.867199722705874,-3.474173282823083,1.7979087762338164,BabyLM 1.3B — final layer
-1.6929483385161237,-2.0369345924362556,8.743586515908293,6.870363873208706,1.867199722705874,-3.474173282823083,1.7979087762338164,BabyLM 1.3B — final layer
-1.5392965941233612,-2.0369345924362556,8.816878515453396,6.870363873208706,1.867199722705874,-3.474173282823083,1.7979087762338164,BabyLM 1.3B — final layer
-1.3856448497305989,-2.0369345924362556,8.884316413263596,6.870363873208706,1.867199722705874,-3.474173282823083,1.7979087762338164,BabyLM 1.3B — final layer
-1.2319931053378363,-2.0369345924362556,8.94590020933889,6.870363873208706,1.867199722705874,-3.474173282823083,1.7979087762338164,BabyLM 1.3B — final layer
-1.0783413609450738,-2.0369345924362556,9.001629903679277,6.870363873208706,1.867199722705874,-3.474173282823083,1.7979087762338164,BabyLM 1.3B — final layer
-0.9246896165523115,-2.0369345924362556,9.05150549628476,6.870363873208706,1.867199722705874,-3.474173282823083,1.7979087762338164,BabyLM 1.3B — final layer
-0.771037872159549,-2.0369345924362556,9.095526987155337,6.870363873208706,1.867199722705874,-3.474173282823083,1.7979087762338164,BabyLM 1.3B — final layer
-0.6173861277667865,-2.0369345924362556,9.13369437629101,6.870363873208706,1.867199722705874,-3.474173282823083,1.7979087762338164,BabyLM 1.3B — final layer
-0.4637343833740242,-2.0369345924362556,9.166007663691776,6.870363873208706,1.867199722705874,-3.474173282823083,1.7979087762338164,BabyLM 1.3B — final layer
-0.31008263898126165,-2.0369345924362556,9.192466849357638,6.870363873208706,1.867199722705874,-3.474173282823083,1.7979087762338164,BabyLM 1.3B — final layer
-0.15643089458849913,-2.0369345924362556,9.213071933288594,6.870363873208706,1.867199722705874,-3.474173282823083,1.7979087762338164,BabyLM 1.3B — final layer
-0.0027791501957368236,-2.0369345924362556,9.227822915484644,6.870363873208706,1.867199722705874,-3.474173282823083,1.7979087762338164,BabyLM 1.3B — final layer
0.15087259419702548,-2.0369345924362556,9.23671979594579,6.870363873208706,1.867199722705874,-3.474173282823083,1.7979087762338164,BabyLM 1.3B — final layer
0.304524338589788,-2.0369345924362556,9.23976257467203,6.870363873208706,1.867199722705874,-3.474173282823083,1.7979087762338164,BabyLM 1.3B — final layer
0.4581760829825505,-2.0369345924362556,9.236951251663365,6.870363873208706,1.867199722705874,-3.474173282823083,1.7979087762338164,BabyLM 1.3B — final layer
0.611827827375313,-2.0369345924362556,9.228285826919794,6.870363873208706,1.867199722705874,-3.474173282823083,1.7979087762338164,BabyLM 1.3B — final layer
0.7654795717680756,-2.0369345924362556,9.213766300441318,6.870363873208706,1.867199722705874,-3.474173282823083,1.7979087762338164,BabyLM 1.3B — final layer
0.9191313161608377,-2.0369345924362556,9.193392672227937,6.870363873208706,1.867199722705874,-3.474173282823083,1.7979087762338164,BabyLM 1.3B — final layer
1.0727830605536002,-2.0369345924362556,9.167164942279651,6.870363873208706,1.867199722705874,-3.474173282823083,1.7979087762338164,BabyLM 1.3B — final layer
1.2264348049463627,-2.0369345924362556,9.13508311059646,6.870363873208706,1.867199722705874,-3.474173282823083,1.7979087762338164,BabyLM 1.3B — final layer
1.3800865493391252,-2.0369345924362556,9.097147177178362,6.870363873208706,1.867199722705874,-3.474173282823083,1.7979087762338164,BabyLM 1.3B — final layer
1.5337382937318877,-2.0369345924362556,9.053357142025359,6.870363873208706,1.867199722705874,-3.474173282823083,1.7979087762338164,BabyLM 1.3B — final layer
1.6873900381246503,-2.0369345924362556,9.00371300513745,6.870363873208706,1.867199722705874,-3.474173282823083,1.7979087762338164,BabyLM 1.3B — final layer
1.8410417825174124,-2.0369345924362556,8.948214766514639,6.870363873208706,1.867199722705874,-3.474173282823083,1.7979087762338164,BabyLM 1.3B — final layer
1.9946935269101749,-2.0369345924362556,8.88686242615692,6.870363873208706,1.867199722705874,-3.474173282823083,1.7979087762338164,BabyLM 1.3B — final layer
2.148345271302937,-2.0369345924362556,8.819655984064296,6.870363873208706,1.867199722705874,-3.474173282823083,1.7979087762338164,BabyLM 1.3B — final layer
2.3019970156956995,-2.0369345924362556,8.746595440236767,6.870363873208706,1.867199722705874,-3.474173282823083,1.7979087762338164,BabyLM 1.3B — final layer
2.455648760088462,-2.0369345924362556,8.667680794674332,6.870363873208706,1.867199722705874,-3.474173282823083,1.7979087762338164,BabyLM 1.3B — final layer
-2.0002518273016485,-1.8697078200567863,8.489584617329465,6.870363873208706,1.867199722705874,-3.474173282823083,1.7979087762338164,BabyLM 1.3B — final layer
-1.846600082908886,-1.8697078200567863,8.571346435716356,6.870363873208706,1.867199722705874,-3.474173282823083,1.7979087762338164,BabyLM 1.3B — final layer
-1.6929483385161237,-1.8697078200567863,8.647254152368342,6.870363873208706,1.867199722705874,-3.474173282823083,1.7979087762338164,BabyLM 1.3B — final layer
-1.5392965941233612,-1.8697078200567863,8.717307767285423,6.870363873208706,1.867199722705874,-3.474173282823083,1.7979087762338164,BabyLM 1.3B — final layer
-1.3856448497305989,-1.8697078200567863,8.781507280467597,6.870363873208706,1.867199722705874,-3.474173282823083,1.7979087762338164,BabyLM 1.3B — final layer
-1.2319931053378363,-1.8697078200567863,8.839852691914867,6.870363873208706,1.867199722705874,-3.474173282823083,1.7979087762338164,BabyLM 1.3B — final layer
-1.0783413609450738,-1.8697078200567863,8.892344001627231,6.870363873208706,1.867199722705874,-3.474173282823083,1.7979087762338164,BabyLM 1.3B — final layer
-0.9246896165523115,-1.8697078200567863,8.938981209604691,6.870363873208706,1.867199722705874,-3.474173282823083,1.7979087762338164,BabyLM 1.3B — final layer
-0.771037872159549,-1.8697078200567863,8.979764315847245,6.870363873208706,1.867199722705874,-3.474173282823083,1.7979087762338164,BabyLM 1.3B — final layer
-0.6173861277667865,-1.8697078200567863,9.014693320354894,6.870363873208706,1.867199722705874,-3.474173282823083,1.7979087762338164,BabyLM 1.3B — final layer
-0.4637343833740242,-1.8697078200567863,9.043768223127636,6.870363873208706,1.867199722705874,-3.474173282823083,1.7979087762338164,BabyLM 1.3B — final layer
-0.31008263898126165,-1.8697078200567863,9.066989024165474,6.870363873208706,1.867199722705874,-3.474173282823083,1.7979087762338164,BabyLM 1.3B — final layer
-0.15643089458849913,-1.8697078200567863,9.084355723468407,6.870363873208706,1.867199722705874,-3.474173282823083,1.7979087762338164,BabyLM 1.3B — final layer
-0.0027791501957368236,-1.8697078200567863,9.095868321036434,6.870363873208706,1.867199722705874,-3.474173282823083,1.7979087762338164,BabyLM 1.3B — final layer
0.15087259419702548,-1.8697078200567863,9.101526816869555,6.870363873208706,1.867199722705874,-3.474173282823083,1.7979087762338164,BabyLM 1.3B — final layer
0.304524338589788,-1.8697078200567863,9.101331210967771,6.870363873208706,1.867199722705874,-3.474173282823083,1.7979087762338164,BabyLM 1.3B — final layer
0.4581760829825505,-1.8697078200567863,9.095281503331083,6.870363873208706,1.867199722705874,-3.474173282823083,1.7979087762338164,BabyLM 1.3B — final layer
0.611827827375313,-1.8697078200567863,9.08337769395949,6.870363873208706,1.867199722705874,-3.474173282823083,1.7979087762338164,BabyLM 1.3B — final layer
0.7654795717680756,-1.8697078200567863,9.06561978285299,6.870363873208706,1.867199722705874,-3.474173282823083,1.7979087762338164,BabyLM 1.3B — final layer
0.9191313161608377,-1.8697078200567863,9.042007770011585,6.870363873208706,1.867199722705874,-3.474173282823083,1.7979087762338164,BabyLM 1.3B — final layer
1.0727830605536002,-1.8697078200567863,9.012541655435275,6.870363873208706,1.867199722705874,-3.474173282823083,1.7979087762338164,BabyLM 1.3B — final layer
1.2264348049463627,-1.8697078200567863,8.97722143912406,6.870363873208706,1.867199722705874,-3.474173282823083,1.7979087762338164,BabyLM 1.3B — final layer
1.3800865493391252,-1.8697078200567863,8.936047121077939,6.870363873208706,1.867199722705874,-3.474173282823083,1.7979087762338164,BabyLM 1.3B — final layer
1.5337382937318877,-1.8697078200567863,8.889018701296912,6.870363873208706,1.867199722705874,-3.474173282823083,1.7979087762338164,BabyLM 1.3B — final layer
1.6873900381246503,-1.8697078200567863,8.836136179780981,6.870363873208706,1.867199722705874,-3.474173282823083,1.7979087762338164,BabyLM 1.3B — final layer
1.8410417825174124,-1.8697078200567863,8.777399556530144,6.870363873208706,1.867199722705874,-3.474173282823083,1.7979087762338164,BabyLM 1.3B — final layer
1.9946935269101749,-1.8697078200567863,8.712808831544402,6.870363873208706,1.867199722705874,-3.474173282823083,1.7979087762338164,BabyLM 1.3B — final layer
2.148345271302937,-1.8697078200567863,8.642364004823754,6.870363873208706,1.867199722705874,-3.474173282823083,1.7979087762338164,BabyLM 1.3B — final layer
2.3019970156956995,-1.8697078200567863,8.566065076368202,6.870363873208706,1.867199722705874,-3.474173282823083,1.7979087762338164,BabyLM 1.3B — final layer
2.455648760088462,-1.8697078200567863,8.483912046177744,6.870363873208706,1.867199722705874,-3.474173282823083,1.7979087762338164,BabyLM 1.3B — final layer
-2.0002518273016485,-1.702481047677317,8.410145528509467,6.870363873208706,1.867199722705874,-3.474173282823083,1.7979087762338164,BabyLM 1.3B — final layer
-1.846600082908886,-1.702481047677317,8.488668962268335,6.870363873208706,1.867199722705874,-3.474173282823083,1.7979087762338164,BabyLM 1.3B — final layer
-1.6929483385161237,-1.702481047677317,8.561338294292296,6.870363873208706,1.867199722705874,-3.474173282823083,1.7979087762338164,BabyLM 1.3B — final layer
-1.5392965941233612,-1.702481047677317,8.628153524581354,6.870363873208706,1.867199722705874,-3.474173282823083,1.7979087762338164,BabyLM 1.3B — final layer
-1.3856448497305989,-1.702481047677317,8.689114653135505,6.870363873208706,1.867199722705874,-3.474173282823083,1.7979087762338164,BabyLM 1.3B — final layer
-1.2319931053378363,-1.702481047677317,8.744221679954752,6.870363873208706,1.867199722705874,-3.474173282823083,1.7979087762338164,BabyLM 1.3B — final layer
-1.0783413609450738,-1.702481047677317,8.793474605039092,6.870363873208706,1.867199722705874,-3.474173282823083,1.7979087762338164,BabyLM 1.3B — final layer
-0.9246896165523115,-1.702481047677317,8.836873428388527,6.870363873208706,1.867199722705874,-3.474173282823083,1.7979087762338164,BabyLM 1.3B — final layer
-0.771037872159549,-1.702481047677317,8.874418150003057,6.870363873208706,1.867199722705874,-3.474173282823083,1.7979087762338164,BabyLM 1.3B — final layer
-0.6173861277667865,-1.702481047677317,8.906108769882682,6.870363873208706,1.867199722705874,-3.474173282823083,1.7979087762338164,BabyLM 1.3B — final layer
-0.4637343833740242,-1.702481047677317,8.931945288027402,6.870363873208706,1.867199722705874,-3.474173282823083,1.7979087762338164,BabyLM 1.3B — final layer
-0.31008263898126165,-1.702481047677317,8.951927704437216,6.870363873208706,1.867199722705874,-3.474173282823083,1.7979087762338164,BabyLM 1.3B — final layer
-0.15643089458849913,-1.702481047677317,8.966056019112125,6.870363873208706,1.867199722705874,-3.474173282823083,1.7979087762338164,BabyLM 1.3B — final layer
-0.0027791501957368236,-1.702481047677317,8.974330232052129,6.870363873208706,1.867199722705874,-3.474173282823083,1.7979087762338164,BabyLM 1.3B — final layer
0.15087259419702548,-1.702481047677317,8.976750343257226,6.870363873208706,1.867199722705874,-3.474173282823083,1.7979087762338164,BabyLM 1.3B — final layer
0.304524338589788,-1.702481047677317,8.97331635272742,6.870363873208706,1.867199722705874,-3.474173282823083,1.7979087762338164,BabyLM 1.3B — final layer
0.4581760829825505,-1.702481047677317,8.964028260462706,6.870363873208706,1.867199722705874,-3.474173282823083,1.7979087762338164,BabyLM 1.3B — final layer
0.611827827375313,-1.702481047677317,8.94888606646309,6.870363873208706,1.867199722705874,-3.474173282823083,1.7979087762338164,BabyLM 1.3B — final layer
0.7654795717680756,-1.702481047677317,8.927889770728566,6.870363873208706,1.867199722705874,-3.474173282823083,1.7979087762338164,BabyLM 1.3B — final layer
0.9191313161608377,-1.702481047677317,8.901039373259138,6.870363873208706,1.867199722705874,-3.474173282823083,1.7979087762338164,BabyLM 1.3B — final layer
1.0727830605536002,-1.702481047677317,8.868334874054804,6.870363873208706,1.867199722705874,-3.474173282823083,1.7979087762338164,BabyLM 1.3B — final layer
1.2264348049463627,-1.702481047677317,8.829776273115565,6.870363873208706,1.867199722705874,-3.474173282823083,1.7979087762338164,BabyLM 1.3B — final layer
1.3800865493391252,-1.702481047677317,8.78536357044142,6.870363873208706,1.867199722705874,-3.474173282823083,1.7979087762338164,BabyLM 1.3B — final layer
1.5337382937318877,-1.702481047677317,8.73509676603237,6.870363873208706,1.867199722705874,-3.474173282823083,1.7979087762338164,BabyLM 1.3B — final layer
1.6873900381246503,-1.702481047677317,8.678975859888416,6.870363873208706,1.867199722705874,-3.474173282823083,1.7979087762338164,BabyLM 1.3B — final layer
1.8410417825174124,-1.702481047677317,8.617000852009555,6.870363873208706,1.867199722705874,-3.474173282823083,1.7979087762338164,BabyLM 1.3B — final layer
1.9946935269101749,-1.702481047677317,8.549171742395789,6.870363873208706,1.867199722705874,-3.474173282823083,1.7979087762338164,BabyLM 1.3B — final layer
2.148345271302937,-1.702481047677317,8.475488531047118,6.870363873208706,1.867199722705874,-3.474173282823083,1.7979087762338164,BabyLM 1.3B — final layer
2.3019970156956995,-1.702481047677317,8.395951217963542,6.870363873208706,1.867199722705874,-3.474173282823083,1.7979087762338164,BabyLM 1.3B — final layer
2.455648760088462,-1.702481047677317,8.31055980314506,6.870363873208706,1.867199722705874,-3.474173282823083,1.7979087762338164,BabyLM 1.3B — final layer
-2.0002518273016485,-1.5352542752978477,8.341122945153375,6.870363873208706,1.867199722705874,-3.474173282823083,1.7979087762338164,BabyLM 1.3B — final layer
-1.846600082908886,-1.5352542752978477,8.416407994284219,6.870363873208706,1.867199722705874,-3.474173282823083,1.7979087762338164,BabyLM 1.3B — final layer
-1.6929483385161237,-1.5352542752978477,8.485838941680157,6.870363873208706,1.867199722705874,-3.474173282823083,1.7979087762338164,BabyLM 1.3B — final layer
-1.5392965941233612,-1.5352542752978477,8.549415787341191,6.870363873208706,1.867199722705874,-3.474173282823083,1.7979087762338164,BabyLM 1.3B — final layer
-1.3856448497305989,-1.5352542752978477,8.607138531267319,6.870363873208706,1.867199722705874,-3.474173282823083,1.7979087762338164,BabyLM 1.3B — final layer
-1.2319931053378363,-1.5352542752978477,8.65900717345854,6.870363873208706,1.867199722705874,-3.474173282823083,1.7979087762338164,BabyLM 1.3B — final layer
-1.0783413609450738,-1.5352542752978477,8.705021713914858,6.870363873208706,1.867199722705874,-3.474173282823083,1.7979087762338164,BabyLM 1.3B — final layer
-0.9246896165523115,-1.5352542752978477,8.74518215263627,6.870363873208706,1.867199722705874,-3.474173282823083,1.7979087762338164,BabyLM 1.3B — final layer
-0.771037872159549,-1.5352542752978477,8.779488489622777,6.870363873208706,1.867199722705874,-3.474173282823083,1.7979087762338164,BabyLM 1.3B — final layer
-0.6173861277667865,-1.5352542752978477,8.807940724874378,6.870363873208706,1.867199722705874,-3.474173282823083,1.7979087762338164,BabyLM 1.3B — final layer
-0.4637343833740242,-1.5352542752978477,8.830538858391073,6.870363873208706,1.867199722705874,-3.474173282823083,1.7979087762338164,BabyLM 1.3B — final layer
-0.31008263898126165,-1.5352542752978477,8.847282890172863,6.870363873208706,1.867199722705874,-3.474173282823083,1.7979087762338164,BabyLM 1.3B — final layer
-0.15643089458849913,-1.5352542752978477,8.85817282021975,6.870363873208706,1.867199722705874,-3.474173282823083,1.7979087762338164,BabyLM 1.3B — final layer
-0.0027791501957368236,-1.5352542752978477,8.86320864853173,6.870363873208706,1.867199722705874,-3.474173282823083,1.7979087762338164,BabyLM 1.3B — final layer
0.15087259419702548,-1.5352542752978477,8.862390375108804,6.870363873208706,1.867199722705874,-3.474173282823083,1.7979087762338164,BabyLM 1.3B — final layer
0.304524338589788,-1.5352542752978477,8.855717999950972,6.870363873208706,1.867199722705874,-3.474173282823083,1.7979087762338164,BabyLM 1.3B — final layer
0.4581760829825505,-1.5352542752978477,8.843191523058236,6.870363873208706,1.867199722705874,-3.474173282823083,1.7979087762338164,BabyLM 1.3B — final layer
0.611827827375313,-1.5352542752978477,8.824810944430595,6.870363873208706,1.867199722705874,-3.474173282823083,1.7979087762338164,BabyLM 1.3B — final layer
0.7654795717680756,-1.5352542752978477,8.800576264068049,6.870363873208706,1.867199722705874,-3.474173282823083,1.7979087762338164,BabyLM 1.3B — final layer
0.9191313161608377,-1.5352542752978477,8.770487481970596,6.870363873208706,1.867199722705874,-3.474173282823083,1.7979087762338164,BabyLM 1.3B — final layer
1.0727830605536002,-1.5352542752978477,8.734544598138239,6.870363873208706,1.867199722705874,-3.474173282823083,1.7979087762338164,BabyLM 1.3B — final layer
1.2264348049463627,-1.5352542752978477,8.692747612570976,6.870363873208706,1.867199722705874,-3.474173282823083,1.7979087762338164,BabyLM 1.3B — final layer
1.3800865493391252,-1.5352542752978477,8.645096525268809,6.870363873208706,1.867199722705874,-3.474173282823083,1.7979087762338164,BabyLM 1.3B — final layer
1.5337382937318877,-1.5352542752978477,8.591591336231735,6.870363873208706,1.867199722705874,-3.474173282823083,1.7979087762338164,BabyLM 1.3B — final layer
1.6873900381246503,-1.5352542752978477,8.532232045459756,6.870363873208706,1.867199722705874,-3.474173282823083,1.7979087762338164,BabyLM 1.3B — final layer
1.8410417825174124,-1.5352542752978477,8.467018652952872,6.870363873208706,1.867199722705874,-3.474173282823083,1.7979087762338164,BabyLM 1.3B — final layer
1.9946935269101749,-1.5352542752978477,8.395951158711082,6.870363873208706,1.867199722705874,-3.474173282823083,1.7979087762338164,BabyLM 1.3B — final layer
2.148345271302937,-1.5352542752978477,8.319029562734388,6.870363873208706,1.867199722705874,-3.474173282823083,1.7979087762338164,BabyLM 1.3B — final layer
2.3019970156956995,-1.5352542752978477,8.236253865022787,6.870363873208706,1.867199722705874,-3.474173282823083,1.7979087762338164,BabyLM 1.3B — final layer
2.455648760088462,-1.5352542752978477,8.147624065576283,6.870363873208706,1.867199722705874,-3.474173282823083,1.7979087762338164,BabyLM 1.3B — final layer
-2.0002518273016485,-1.3680275029183784,8.282516867261188,6.870363873208706,1.867199722705874,-3.474173282823083,1.7979087762338164,BabyLM 1.3B — final layer
-1.846600082908886,-1.3680275029183784,8.35456353176401,6.870363873208706,1.867199722705874,-3.474173282823083,1.7979087762338164,BabyLM 1.3B — final layer
-1.6929483385161237,-1.3680275029183784,8.420756094531924,6.870363873208706,1.867199722705874,-3.474173282823083,1.7979087762338164,BabyLM 1.3B — final layer
-1.5392965941233612,-1.3680275029183784,8.481094555564933,6.870363873208706,1.867199722705874,-3.474173282823083,1.7979087762338164,BabyLM 1.3B — final layer
-1.3856448497305989,-1.3680275029183784,8.535578914863038,6.870363873208706,1.867199722705874,-3.474173282823083,1.7979087762338164,BabyLM 1.3B — final layer
-1.2319931053378363,-1.3680275029183784,8.584209172426236,6.870363873208706,1.867199722705874,-3.474173282823083,1.7979087762338164,BabyLM 1.3B — final layer
-1.0783413609450738,-1.3680275029183784,8.62698532825453,6.870363873208706,1.867199722705874,-3.474173282823083,1.7979087762338164,BabyLM 1.3B — final layer
-0.9246896165523115,-1.3680275029183784,8.663907382347919,6.870363873208706,1.867199722705874,-3.474173282823083,1.7979087762338164,BabyLM 1.3B — final layer
-0.771037872159549,-1.3680275029183784,8.6949753347064,6.870363873208706,1.867199722705874,-3.474173282823083,1.7979087762338164,BabyLM 1.3B — final layer
-0.6173861277667865,-1.3680275029183784,8.720189185329978,6.870363873208706,1.867199722705874,-3.474173282823083,1.7979087762338164,BabyLM 1.3B — final layer
-0.4637343833740242,-1.3680275029183784,8.73954893421865,6.870363873208706,1.867199722705874,-3.474173282823083,1.7979087762338164,BabyLM 1.3B — final layer
-0.31008263898126165,-1.3680275029183784,8.753054581372417,6.870363873208706,1.867199722705874,-3.474173282823083,1.7979087762338164,BabyLM 1.3B — final layer
-0.15643089458849913,-1.3680275029183784,8.760706126791279,6.870363873208706,1.867199722705874,-3.474173282823083,1.7979087762338164,BabyLM 1.3B — final layer
-0.0027791501957368236,-1.3680275029183784,8.762503570475236,6.870363873208706,1.867199722705874,-3.474173282823083,1.7979087762338164,BabyLM 1.3B — final layer
0.15087259419702548,-1.3680275029183784,8.758446912424287,6.870363873208706,1.867199722705874,-3.474173282823083,1.7979087762338164,BabyLM 1.3B — final layer
0.304524338589788,-1.3680275029183784,8.748536152638431,6.870363873208706,1.867199722705874,-3.474173282823083,1.7979087762338164,BabyLM 1.3B — final layer
0.4581760829825505,-1.3680275029183784,8.732771291117672,6.870363873208706,1.867199722705874,-3.474173282823083,1.7979087762338164,BabyLM 1.3B — final layer
0.611827827375313,-1.3680275029183784,8.711152327862006,6.870363873208706,1.867199722705874,-3.474173282823083,1.7979087762338164,BabyLM 1.3B — final layer
0.7654795717680756,-1.3680275029183784,8.683679262871436,6.870363873208706,1.867199722705874,-3.474173282823083,1.7979087762338164,BabyLM 1.3B — final layer
0.9191313161608377,-1.3680275029183784,8.65035209614596,6.870363873208706,1.867199722705874,-3.474173282823083,1.7979087762338164,BabyLM 1.3B — final layer
1.0727830605536002,-1.3680275029183784,8.61117082768558,6.870363873208706,1.867199722705874,-3.474173282823083,1.7979087762338164,BabyLM 1.3B — final layer
1.2264348049463627,-1.3680275029183784,8.566135457490294,6.870363873208706,1.867199722705874,-3.474173282823083,1.7979087762338164,BabyLM 1.3B — final layer
1.3800865493391252,-1.3680275029183784,8.515245985560101,6.870363873208706,1.867199722705874,-3.474173282823083,1.7979087762338164,BabyLM 1.3B — final layer
1.5337382937318877,-1.3680275029183784,8.458502411895005,6.870363873208706,1.867199722705874,-3.474173282823083,1.7979087762338164,BabyLM 1.3B — final layer
1.6873900381246503,-1.3680275029183784,8.395904736495002,6.870363873208706,1.867199722705874,-3.474173282823083,1.7979087762338164,BabyLM 1.3B — final layer
1.8410417825174124,-1.3680275029183784,8.327452959360095,6.870363873208706,1.867199722705874,-3.474173282823083,1.7979087762338164,BabyLM 1.3B — final layer
1.9946935269101749,-1.3680275029183784,8.253147080490281,6.870363873208706,1.867199722705874,-3.474173282823083,1.7979087762338164,BabyLM 1.3B — final layer
2.148345271302937,-1.3680275029183784,8.172987099885564,6.870363873208706,1.867199722705874,-3.474173282823083,1.7979087762338164,BabyLM 1.3B — final layer
2.3019970156956995,-1.3680275029183784,8.086973017545938,6.870363873208706,1.867199722705874,-3.474173282823083,1.7979087762338164,BabyLM 1.3B — final layer
2.455648760088462,-1.3680275029183784,7.9951048334714105,6.870363873208706,1.867199722705874,-3.474173282823083,1.7979087762338164,BabyLM 1.3B — final layer
-2.0002518273016485,-1.200800730538909,8.234327294832909,6.870363873208706,1.867199722705874,-3.474173282823083,1.7979087762338164,BabyLM 1.3B — final layer
-1.846600082908886,-1.200800730538909,8.303135574707705,6.870363873208706,1.867199722705874,-3.474173282823083,1.7979087762338164,BabyLM 1.3B — final layer
-1.6929483385161237,-1.200800730538909,8.366089752847595,6.870363873208706,1.867199722705874,-3.474173282823083,1.7979087762338164,BabyLM 1.3B — final layer
-1.5392965941233612,-1.200800730538909,8.423189829252582,6.870363873208706,1.867199722705874,-3.474173282823083,1.7979087762338164,BabyLM 1.3B — final layer
-1.3856448497305989,-1.200800730538909,8.474435803922661,6.870363873208706,1.867199722705874,-3.474173282823083,1.7979087762338164,BabyLM 1.3B — final layer
-1.2319931053378363,-1.200800730538909,8.519827676857837,6.870363873208706,1.867199722705874,-3.474173282823083,1.7979087762338164,BabyLM 1.3B — final layer
-1.0783413609450738,-1.200800730538909,8.559365448058108,6.870363873208706,1.867199722705874,-3.474173282823083,1.7979087762338164,BabyLM 1.3B — final layer
-0.9246896165523115,-1.200800730538909,8.59304911752347,6.870363873208706,1.867199722705874,-3.474173282823083,1.7979087762338164,BabyLM 1.3B — final layer
-0.771037872159549,-1.200800730538909,8.620878685253931,6.870363873208706,1.867199722705874,-3.474173282823083,1.7979087762338164,BabyLM 1.3B — final layer
-0.6173861277667865,-1.200800730538909,8.642854151249484,6.870363873208706,1.867199722705874,-3.474173282823083,1.7979087762338164,BabyLM 1.3B — final layer
-0.4637343833740242,-1.200800730538909,8.658975515510132,6.870363873208706,1.867199722705874,-3.474173282823083,1.7979087762338164,BabyLM 1.3B — final layer
-0.31008263898126165,-1.200800730538909,8.669242778035876,6.870363873208706,1.867199722705874,-3.474173282823083,1.7979087762338164,BabyLM 1.3B — final layer
-0.15643089458849913,-1.200800730538909,8.673655938826714,6.870363873208706,1.867199722705874,-3.474173282823083,1.7979087762338164,BabyLM 1.3B — final layer
-0.0027791501957368236,-1.200800730538909,8.672214997882646,6.870363873208706,1.867199722705874,-3.474173282823083,1.7979087762338164,BabyLM 1.3B — final layer
0.15087259419702548,-1.200800730538909,8.664919955203674,6.870363873208706,1.867199722705874,-3.474173282823083,1.7979087762338164,BabyLM 1.3B — final layer
0.304524338589788,-1.200800730538909,8.651770810789795,6.870363873208706,1.867199722705874,-3.474173282823083,1.7979087762338164,BabyLM 1.3B — final layer
0.4581760829825505,-1.200800730538909,8.632767564641012,6.870363873208706,1.867199722705874,-3.474173282823083,1.7979087762338164,BabyLM 1.3B — final layer
0.611827827375313,-1.200800730538909,8.607910216757324,6.870363873208706,1.867199722705874,-3.474173282823083,1.7979087762338164,BabyLM 1.3B — final layer
0.7654795717680756,-1.200800730538909,8.57719876713873,6.870363873208706,1.867199722705874,-3.474173282823083,1.7979087762338164,BabyLM 1.3B — final layer
0.9191313161608377,-1.200800730538909,8.540633215785231,6.870363873208706,1.867199722705874,-3.474173282823083,1.7979087762338164,BabyLM 1.3B — final layer
1.0727830605536002,-1.200800730538909,8.498213562696826,6.870363873208706,1.867199722705874,-3.474173282823083,1.7979087762338164,BabyLM 1.3B — final layer
1.2264348049463627,-1.200800730538909,8.449939807873516,6.870363873208706,1.867199722705874,-3.474173282823083,1.7979087762338164,BabyLM 1.3B — final layer
1.3800865493391252,-1.200800730538909,8.3958119513153,6.870363873208706,1.867199722705874,-3.474173282823083,1.7979087762338164,BabyLM 1.3B — final layer
1.5337382937318877,-1.200800730538909,8.335829993022179,6.870363873208706,1.867199722705874,-3.474173282823083,1.7979087762338164,BabyLM 1.3B — final layer
1.6873900381246503,-1.200800730538909,8.269993932994153,6.870363873208706,1.867199722705874,-3.474173282823083,1.7979087762338164,BabyLM 1.3B — final layer
1.8410417825174124,-1.200800730538909,8.198303771231222,6.870363873208706,1.867199722705874,-3.474173282823083,1.7979087762338164,BabyLM 1.3B — final layer
1.9946935269101749,-1.200800730538909,8.120759507733386,6.870363873208706,1.867199722705874,-3.474173282823083,1.7979087762338164,BabyLM 1.3B — final layer
2.148345271302937,-1.200800730538909,8.037361142500643,6.870363873208706,1.867199722705874,-3.474173282823083,1.7979087762338164,BabyLM 1.3B — final layer
2.3019970156956995,-1.200800730538909,7.948108675532996,6.870363873208706,1.867199722705874,-3.474173282823083,1.7979087762338164,BabyLM 1.3B — final layer
2.455648760088462,-1.200800730538909,7.853002106830443,6.870363873208706,1.867199722705874,-3.474173282823083,1.7979087762338164,BabyLM 1.3B — final layer
-2.0002518273016485,-1.0335739581594396,8.196554227868532,6.870363873208706,1.867199722705874,-3.474173282823083,1.7979087762338164,BabyLM 1.3B — final layer
-1.846600082908886,-1.0335739581594396,8.262124123115305,6.870363873208706,1.867199722705874,-3.474173282823083,1.7979087762338164,BabyLM 1.3B — final layer
-1.6929483385161237,-1.0335739581594396,8.321839916627173,6.870363873208706,1.867199722705874,-3.474173282823083,1.7979087762338164,BabyLM 1.3B — final layer
-1.5392965941233612,-1.0335739581594396,8.375701608404135,6.870363873208706,1.867199722705874,-3.474173282823083,1.7979087762338164,BabyLM 1.3B — final layer
-1.3856448497305989,-1.0335739581594396,8.423709198446192,6.870363873208706,1.867199722705874,-3.474173282823083,1.7979087762338164,BabyLM 1.3B — final layer
-1.2319931053378363,-1.0335739581594396,8.465862686753344,6.870363873208706,1.867199722705874,-3.474173282823083,1.7979087762338164,BabyLM 1.3B — final layer
-1.0783413609450738,-1.0335739581594396,8.50216207332559,6.870363873208706,1.867199722705874,-3.474173282823083,1.7979087762338164,BabyLM 1.3B — final layer
-0.9246896165523115,-1.0335739581594396,8.532607358162931,6.870363873208706,1.867199722705874,-3.474173282823083,1.7979087762338164,BabyLM 1.3B — final layer
-0.771037872159549,-1.0335739581594396,8.557198541265366,6.870363873208706,1.867199722705874,-3.474173282823083,1.7979087762338164,BabyLM 1.3B — final layer
-0.6173861277667865,-1.0335739581594396,8.575935622632896,6.870363873208706,1.867199722705874,-3.474173282823083,1.7979087762338164,BabyLM 1.3B — final layer
-0.4637343833740242,-1.0335739581594396,8.58881860226552,6.870363873208706,1.867199722705874,-3.474173282823083,1.7979087762338164,BabyLM 1.3B — final layer
-0.31008263898126165,-1.0335739581594396,8.595847480163242,6.870363873208706,1.867199722705874,-3.474173282823083,1.7979087762338164,BabyLM 1.3B — final layer
-0.15643089458849913,-1.0335739581594396,8.597022256326055,6.870363873208706,1.867199722705874,-3.474173282823083,1.7979087762338164,BabyLM 1.3B — final layer
-0.0027791501957368236,-1.0335739581594396,8.592342930753963,6.870363873208706,1.867199722705874,-3.474173282823083,1.7979087762338164,BabyLM 1.3B — final layer
0.15087259419702548,-1.0335739581594396,8.581809503446967,6.870363873208706,1.867199722705874,-3.474173282823083,1.7979087762338164,BabyLM 1.3B — final layer
0.304524338589788,-1.0335739581594396,8.565421974405066,6.870363873208706,1.867199722705874,-3.474173282823083,1.7979087762338164,BabyLM 1.3B — final layer
0.4581760829825505,-1.0335739581594396,8.54318034362826,6.870363873208706,1.867199722705874,-3.474173282823083,1.7979087762338164,BabyLM 1.3B — final layer
0.611827827375313,-1.0335739581594396,8.515084611116546,6.870363873208706,1.867199722705874,-3.474173282823083,1.7979087762338164,BabyLM 1.3B — final layer
0.7654795717680756,-1.0335739581594396,8.48113477686993,6.870363873208706,1.867199722705874,-3.474173282823083,1.7979087762338164,BabyLM 1.3B — final layer
0.9191313161608377,-1.0335739581594396,8.441330840888405,6.870363873208706,1.867199722705874,-3.474173282823083,1.7979087762338164,BabyLM 1.3B — final layer
1.0727830605536002,-1.0335739581594396,8.395672803171978,6.870363873208706,1.867199722705874,-3.474173282823083,1.7979087762338164,BabyLM 1.3B — final layer
1.2264348049463627,-1.0335739581594396,8.344160663720643,6.870363873208706,1.867199722705874,-3.474173282823083,1.7979087762338164,BabyLM 1.3B — final layer
1.3800865493391252,-1.0335739581594396,8.286794422534404,6.870363873208706,1.867199722705874,-3.474173282823083,1.7979087762338164,BabyLM 1.3B — final layer
1.5337382937318877,-1.0335739581594396,8.223574079613261,6.870363873208706,1.867199722705874,-3.474173282823083,1.7979087762338164,BabyLM 1.3B — final layer
1.6873900381246503,-1.0335739581594396,8.15449963495721,6.870363873208706,1.867199722705874,-3.474173282823083,1.7979087762338164,BabyLM 1.3B — final layer
1.8410417825174124,-1.0335739581594396,8.079571088566256,6.870363873208706,1.867199722705874,-3.474173282823083,1.7979087762338164,BabyLM 1.3B — final layer
1.9946935269101749,-1.0335739581594396,7.9987884404403955,6.870363873208706,1.867199722705874,-3.474173282823083,1.7979087762338164,BabyLM 1.3B — final layer
2.148345271302937,-1.0335739581594396,7.91215169057963,6.870363873208706,1.867199722705874,-3.474173282823083,1.7979087762338164,BabyLM 1.3B — final layer
2.3019970156956995,-1.0335739581594396,7.819660838983959,6.870363873208706,1.867199722705874,-3.474173282823083,1.7979087762338164,BabyLM 1.3B — final layer
2.455648760088462,-1.0335739581594396,7.721315885653382,6.870363873208706,1.867199722705874,-3.474173282823083,1.7979087762338164,BabyLM 1.3B — final layer
-2.0002518273016485,-0.8663471857799703,8.169197666368063,6.870363873208706,1.867199722705874,-3.474173282823083,1.7979087762338164,BabyLM 1.3B — final layer
-1.846600082908886,-0.8663471857799703,8.231529176986811,6.870363873208706,1.867199722705874,-3.474173282823083,1.7979087762338164,BabyLM 1.3B — final layer
-1.6929483385161237,-0.8663471857799703,8.288006585870656,6.870363873208706,1.867199722705874,-3.474173282823083,1.7979087762338164,BabyLM 1.3B — final layer
-1.5392965941233612,-0.8663471857799703,8.338629893019593,6.870363873208706,1.867199722705874,-3.474173282823083,1.7979087762338164,BabyLM 1.3B — final layer
-1.3856448497305989,-0.8663471857799703,8.383399098433628,6.870363873208706,1.867199722705874,-3.474173282823083,1.7979087762338164,BabyLM 1.3B — final layer
-1.2319931053378363,-0.8663471857799703,8.422314202112755,6.870363873208706,1.867199722705874,-3.474173282823083,1.7979087762338164,BabyLM 1.3B — final layer
-1.0783413609450738,-0.8663471857799703,8.455375204056978,6.870363873208706,1.867199722705874,-3.474173282823083,1.7979087762338164,BabyLM 1.3B — final layer
-0.9246896165523115,-0.8663471857799703,8.482582104266296,6.870363873208706,1.867199722705874,-3.474173282823083,1.7979087762338164,BabyLM 1.3B — final layer
-0.771037872159549,-0.8663471857799703,8.503934902740706,6.870363873208706,1.867199722705874,-3.474173282823083,1.7979087762338164,BabyLM 1.3B — final layer
-0.6173861277667865,-0.8663471857799703,8.519433599480214,6.870363873208706,1.867199722705874,-3.474173282823083,1.7979087762338164,BabyLM 1.3B — final layer
-0.4637343833740242,-0.8663471857799703,8.529078194484814,6.870363873208706,1.867199722705874,-3.474173282823083,1.7979087762338164,BabyLM 1.3B — final layer
-0.31008263898126165,-0.8663471857799703,8.532868687754512,6.870363873208706,1.867199722705874,-3.474173282823083,1.7979087762338164,BabyLM 1.3B — final layer
-0.15643089458849913,-0.8663471857799703,8.530805079289301,6.870363873208706,1.867199722705874,-3.474173282823083,1.7979087762338164,BabyLM 1.3B — final layer
-0.0027791501957368236,-0.8663471857799703,8.522887369089187,6.870363873208706,1.867199722705874,-3.474173282823083,1.7979087762338164,BabyLM 1.3B — final layer
0.15087259419702548,-0.8663471857799703,8.509115557154166,6.870363873208706,1.867199722705874,-3.474173282823083,1.7979087762338164,BabyLM 1.3B — final layer
0.304524338589788,-0.8663471857799703,8.48948964348424,6.870363873208706,1.867199722705874,-3.474173282823083,1.7979087762338164,BabyLM 1.3B — final layer
0.4581760829825505,-0.8663471857799703,8.464009628079411,6.870363873208706,1.867199722705874,-3.474173282823083,1.7979087762338164,BabyLM 1.3B — final layer
0.611827827375313,-0.8663471857799703,8.432675510939674,6.870363873208706,1.867199722705874,-3.474173282823083,1.7979087762338164,BabyLM 1.3B — final layer
0.7654795717680756,-0.8663471857799703,8.395487292065033,6.870363873208706,1.867199722705874,-3.474173282823083,1.7979087762338164,BabyLM 1.3B — final layer
0.9191313161608377,-0.8663471857799703,8.352444971455487,6.870363873208706,1.867199722705874,-3.474173282823083,1.7979087762338164,BabyLM 1.3B — final layer
1.0727830605536002,-0.8663471857799703,8.303548549111035,6.870363873208706,1.867199722705874,-3.474173282823083,1.7979087762338164,BabyLM 1.3B — final layer
1.2264348049463627,-0.8663471857799703,8.248798025031677,6.870363873208706,1.867199722705874,-3.474173282823083,1.7979087762338164,BabyLM 1.3B — final layer
1.3800865493391252,-0.8663471857799703,8.188193399217415,6.870363873208706,1.867199722705874,-3.474173282823083,1.7979087762338164,BabyLM 1.3B — final layer
1.5337382937318877,-0.8663471857799703,8.121734671668246,6.870363873208706,1.867199722705874,-3.474173282823083,1.7979087762338164,BabyLM 1.3B — final layer
1.6873900381246503,-0.8663471857799703,8.049421842384174,6.870363873208706,1.867199722705874,-3.474173282823083,1.7979087762338164,BabyLM 1.3B — final layer
1.8410417825174124,-0.8663471857799703,7.971254911365195,6.870363873208706,1.867199722705874,-3.474173282823083,1.7979087762338164,BabyLM 1.3B — final layer
1.9946935269101749,-0.8663471857799703,7.887233878611311,6.870363873208706,1.867199722705874,-3.474173282823083,1.7979087762338164,BabyLM 1.3B — final layer
2.148345271302937,-0.8663471857799703,7.797358744122522,6.870363873208706,1.867199722705874,-3.474173282823083,1.7979087762338164,BabyLM 1.3B — final layer
2.3019970156956995,-0.8663471857799703,7.701629507898827,6.870363873208706,1.867199722705874,-3.474173282823083,1.7979087762338164,BabyLM 1.3B — final layer
2.455648760088462,-0.8663471857799703,7.600046169940227,6.870363873208706,1.867199722705874,-3.474173282823083,1.7979087762338164,BabyLM 1.3B — final layer
-2.0002518273016485,-0.6991204134005011,8.152257610331498,6.870363873208706,1.867199722705874,-3.474173282823083,1.7979087762338164,BabyLM 1.3B — final layer
-1.846600082908886,-0.6991204134005011,8.211350736322224,6.870363873208706,1.867199722705874,-3.474173282823083,1.7979087762338164,BabyLM 1.3B — final layer
-1.6929483385161237,-0.6991204134005011,8.264589760578044,6.870363873208706,1.867199722705874,-3.474173282823083,1.7979087762338164,BabyLM 1.3B — final layer
-1.5392965941233612,-0.6991204134005011,8.31197468309896,6.870363873208706,1.867199722705874,-3.474173282823083,1.7979087762338164,BabyLM 1.3B — final layer
-1.3856448497305989,-0.6991204134005011,8.35350550388497,6.870363873208706,1.867199722705874,-3.474173282823083,1.7979087762338164,BabyLM 1.3B — final layer
-1.2319931053378363,-0.6991204134005011,8.389182222936073,6.870363873208706,1.867199722705874,-3.474173282823083,1.7979087762338164,BabyLM 1.3B — final layer
-1.0783413609450738,-0.6991204134005011,8.419004840252272,6.870363873208706,1.867199722705874,-3.474173282823083,1.7979087762338164,BabyLM 1.3B — final layer
-0.9246896165523115,-0.6991204134005011,8.442973355833566,6.870363873208706,1.867199722705874,-3.474173282823083,1.7979087762338164,BabyLM 1.3B — final layer
-0.771037872159549,-0.6991204134005011,8.461087769679954,6.870363873208706,1.867199722705874,-3.474173282823083,1.7979087762338164,BabyLM 1.3B — final layer
-0.6173861277667865,-0.6991204134005011,8.473348081791437,6.870363873208706,1.867199722705874,-3.474173282823083,1.7979087762338164,BabyLM 1.3B — final layer
-0.4637343833740242,-0.6991204134005011,8.479754292168014,6.870363873208706,1.867199722705874,-3.474173282823083,1.7979087762338164,BabyLM 1.3B — final layer
-0.31008263898126165,-0.6991204134005011,8.480306400809686,6.870363873208706,1.867199722705874,-3.474173282823083,1.7979087762338164,BabyLM 1.3B — final layer
-0.15643089458849913,-0.6991204134005011,8.475004407716453,6.870363873208706,1.867199722705874,-3.474173282823083,1.7979087762338164,BabyLM 1.3B — final layer
-0.0027791501957368236,-0.6991204134005011,8.463848312888315,6.870363873208706,1.867199722705874,-3.474173282823083,1.7979087762338164,BabyLM 1.3B — final layer
0.15087259419702548,-0.6991204134005011,8.44683811632527,6.870363873208706,1.867199722705874,-3.474173282823083,1.7979087762338164,BabyLM 1.3B — final layer
0.304524338589788,-0.6991204134005011,8.423973818027322,6.870363873208706,1.867199722705874,-3.474173282823083,1.7979087762338164,BabyLM 1.3B — final layer
0.4581760829825505,-0.6991204134005011,8.395255417994468,6.870363873208706,1.867199722705874,-3.474173282823083,1.7979087762338164,BabyLM 1.3B — final layer
0.611827827375313,-0.6991204134005011,8.36068291622671,6.870363873208706,1.867199722705874,-3.474173282823083,1.7979087762338164,BabyLM 1.3B — final layer
0.7654795717680756,-0.6991204134005011,8.320256312724043,6.870363873208706,1.867199722705874,-3.474173282823083,1.7979087762338164,BabyLM 1.3B — final layer
0.9191313161608377,-0.6991204134005011,8.273975607486474,6.870363873208706,1.867199722705874,-3.474173282823083,1.7979087762338164,BabyLM 1.3B — final layer
1.0727830605536002,-0.6991204134005011,8.221840800513998,6.870363873208706,1.867199722705874,-3.474173282823083,1.7979087762338164,BabyLM 1.3B — final layer
1.2264348049463627,-0.6991204134005011,8.163851891806617,6.870363873208706,1.867199722705874,-3.474173282823083,1.7979087762338164,BabyLM 1.3B — final layer
1.3800865493391252,-0.6991204134005011,8.10000888136433,6.870363873208706,1.867199722705874,-3.474173282823083,1.7979087762338164,BabyLM 1.3B — final layer
1.5337382937318877,-0.6991204134005011,8.030311769187138,6.870363873208706,1.867199722705874,-3.474173282823083,1.7979087762338164,BabyLM 1.3B — final layer
1.6873900381246503,-0.6991204134005011,7.954760555275041,6.870363873208706,1.867199722705874,-3.474173282823083,1.7979087762338164,BabyLM 1.3B — final layer
1.8410417825174124,-0.6991204134005011,7.873355239628039,6.870363873208706,1.867199722705874,-3.474173282823083,1.7979087762338164,BabyLM 1.3B — final layer
1.9946935269101749,-0.6991204134005011,7.786095822246132,6.870363873208706,1.867199722705874,-3.474173282823083,1.7979087762338164,BabyLM 1.3B — final layer
2.148345271302937,-0.6991204134005011,7.692982303129319,6.870363873208706,1.867199722705874,-3.474173282823083,1.7979087762338164,BabyLM 1.3B — final layer
2.3019970156956995,-0.6991204134005011,7.594014682277601,6.870363873208706,1.867199722705874,-3.474173282823083,1.7979087762338164,BabyLM 1.3B — final layer
2.455648760088462,-0.6991204134005011,7.489192959690977,6.870363873208706,1.867199722705874,-3.474173282823083,1.7979087762338164,BabyLM 1.3B — final layer
-2.0002518273016485,-0.531893641021032,8.14573405975884,6.870363873208706,1.867199722705874,-3.474173282823083,1.7979087762338164,BabyLM 1.3B — final layer
-1.846600082908886,-0.531893641021032,8.201588801121542,6.870363873208706,1.867199722705874,-3.474173282823083,1.7979087762338164,BabyLM 1.3B — final layer
-1.6929483385161237,-0.531893641021032,8.251589440749338,6.870363873208706,1.867199722705874,-3.474173282823083,1.7979087762338164,BabyLM 1.3B — final layer
-1.5392965941233612,-0.531893641021032,8.29573597864223,6.870363873208706,1.867199722705874,-3.474173282823083,1.7979087762338164,BabyLM 1.3B — final layer
-1.3856448497305989,-0.531893641021032,8.3340284148002155,6.870363873208706,1.867199722705874,-3.474173282823083,1.7979087762338164,BabyLM 1.3B — final layer
-1.2319931053378363,-0.531893641021032,8.366466749223296,6.870363873208706,1.867199722705874,-3.474173282823083,1.7979087762338164,BabyLM 1.3B — final layer
-1.0783413609450738,-0.531893641021032,8.393050981911472,6.870363873208706,1.867199722705874,-3.474173282823083,1.7979087762338164,BabyLM 1.3B — final layer
-0.9246896165523115,-0.531893641021032,8.413781112864742,6.870363873208706,1.867199722705874,-3.474173282823083,1.7979087762338164,BabyLM 1.3B — final layer
-0.771037872159549,-0.531893641021032,8.428657142083106,6.870363873208706,1.867199722705874,-3.474173282823083,1.7979087762338164,BabyLM 1.3B — final layer
-0.6173861277667865,-0.531893641021032,8.437679069566565,6.870363873208706,1.867199722705874,-3.474173282823083,1.7979087762338164,BabyLM 1.3B — final layer
-0.4637343833740242,-0.531893641021032,8.440846895315119,6.870363873208706,1.867199722705874,-3.474173282823083,1.7979087762338164,BabyLM 1.3B — final layer
-0.31008263898126165,-0.531893641021032,8.438160619328768,6.870363873208706,1.867199722705874,-3.474173282823083,1.7979087762338164,BabyLM 1.3B — final layer
-0.15643089458849913,-0.531893641021032,8.42962024160751,6.870363873208706,1.867199722705874,-3.474173282823083,1.7979087762338164,BabyLM 1.3B — final layer
-0.0027791501957368236,-0.531893641021032,8.41522576215135,6.870363873208706,1.867199722705874,-3.474173282823083,1.7979087762338164,BabyLM 1.3B — final layer
0.15087259419702548,-0.531893641021032,8.394977180960282,6.870363873208706,1.867199722705874,-3.474173282823083,1.7979087762338164,BabyLM 1.3B — final layer
0.304524338589788,-0.531893641021032,8.368874498034309,6.870363873208706,1.867199722705874,-3.474173282823083,1.7979087762338164,BabyLM 1.3B — final layer
0.4581760829825505,-0.531893641021032,8.336917713373431,6.870363873208706,1.867199722705874,-3.474173282823083,1.7979087762338164,BabyLM 1.3B — final layer
0.611827827375313,-0.531893641021032,8.299106826977647,6.870363873208706,1.867199722705874,-3.474173282823083,1.7979087762338164,BabyLM 1.3B — final layer
0.7654795717680756,-0.531893641021032,8.25544183884696,6.870363873208706,1.867199722705874,-3.474173282823083,1.7979087762338164,BabyLM 1.3B — final layer
0.9191313161608377,-0.531893641021032,8.205922748981365,6.870363873208706,1.867199722705874,-3.474173282823083,1.7979087762338164,BabyLM 1.3B — final layer
1.0727830605536002,-0.531893641021032,8.150549557380867,6.870363873208706,1.867199722705874,-3.474173282823083,1.7979087762338164,BabyLM 1.3B — final layer
1.2264348049463627,-0.531893641021032,8.089322264045462,6.870363873208706,1.867199722705874,-3.474173282823083,1.7979087762338164,BabyLM 1.3B — final layer
1.3800865493391252,-0.531893641021032,8.022240868975151,6.870363873208706,1.867199722705874,-3.474173282823083,1.7979087762338164,BabyLM 1.3B — final layer
1.5337382937318877,-0.531893641021032,7.9493053721699365,6.870363873208706,1.867199722705874,-3.474173282823083,1.7979087762338164,BabyLM 1.3B — final layer
1.6873900381246503,-0.531893641021032,7.8705157736298155,6.870363873208706,1.867199722705874,-3.474173282823083,1.7979087762338164,BabyLM 1.3B — final layer
1.8410417825174124,-0.531893641021032,7.78587207335479,6.870363873208706,1.867199722705874,-3.474173282823083,1.7979087762338164,BabyLM 1.3B — final layer
1.9946935269101749,-0.531893641021032,7.695374271344859,6.870363873208706,1.867199722705874,-3.474173282823083,1.7979087762338164,BabyLM 1.3B — final layer
2.148345271302937,-0.531893641021032,7.599022367600022,6.870363873208706,1.867199722705874,-3.474173282823083,1.7979087762338164,BabyLM 1.3B — final layer
2.3019970156956995,-0.531893641021032,7.49681636212028,6.870363873208706,1.867199722705874,-3.474173282823083,1.7979087762338164,BabyLM 1.3B — final layer
2.455648760088462,-0.531893641021032,7.3887562549056325,6.870363873208706,1.867199722705874,-3.474173282823083,1.7979087762338164,BabyLM 1.3B — final layer
-2.0002518273016485,-0.3646668686415624,8.149627014650086,6.870363873208706,1.867199722705874,-3.474173282823083,1.7979087762338164,BabyLM 1.3B — final layer
-1.846600082908886,-0.3646668686415624,8.202243371384766,6.870363873208706,1.867199722705874,-3.474173282823083,1.7979087762338164,BabyLM 1.3B — final layer
-1.6929483385161237,-0.3646668686415624,8.249005626384537,6.870363873208706,1.867199722705874,-3.474173282823083,1.7979087762338164,BabyLM 1.3B — final layer
-1.5392965941233612,-0.3646668686415624,8.289913779649405,6.870363873208706,1.867199722705874,-3.474173282823083,1.7979087762338164,BabyLM 1.3B — final layer
-1.3856448497305989,-0.3646668686415624,8.324967831179368,6.870363873208706,1.867199722705874,-3.474173282823083,1.7979087762338164,BabyLM 1.3B — final layer
-1.2319931053378363,-0.3646668686415624,8.354167780974425,6.870363873208706,1.867199722705874,-3.474173282823083,1.7979087762338164,BabyLM 1.3B — final layer
-1.0783413609450738,-0.3646668686415624,8.377513629034576,6.870363873208706,1.867199722705874,-3.474173282823083,1.7979087762338164,BabyLM 1.3B — final layer
-0.9246896165523115,-0.3646668686415624,8.395005375359823,6.870363873208706,1.867199722705874,-3.474173282823083,1.7979087762338164,BabyLM 1.3B — final layer
-0.771037872159549,-0.3646668686415624,8.406643019950163,6.870363873208706,1.867199722705874,-3.474173282823083,1.7979087762338164,BabyLM 1.3B — final layer
-0.6173861277667865,-0.3646668686415624,8.4124265628056,6.870363873208706,1.867199722705874,-3.474173282823083,1.7979087762338164,BabyLM 1.3B — final layer
-0.4637343833740242,-0.3646668686415624,8.41235600392613,6.870363873208706,1.867199722705874,-3.474173282823083,1.7979087762338164,BabyLM 1.3B — final layer
-0.31008263898126165,-0.3646668686415624,8.406431343311755,6.870363873208706,1.867199722705874,-3.474173282823083,1.7979087762338164,BabyLM 1.3B — final layer
-0.15643089458849913,-0.3646668686415624,8.394652580962475,6.870363873208706,1.867199722705874,-3.474173282823083,1.7979087762338164,BabyLM 1.3B — final layer
-0.0027791501957368236,-0.3646668686415624,8.377019716878289,6.870363873208706,1.867199722705874,-3.474173282823083,1.7979087762338164,BabyLM 1.3B — final layer
0.15087259419702548,-0.3646668686415624,8.353532751059198,6.870363873208706,1.867199722705874,-3.474173282823083,1.7979087762338164,BabyLM 1.3B — final layer
0.304524338589788,-0.3646668686415624,8.324191683505202,6.870363873208706,1.867199722705874,-3.474173282823083,1.7979087762338164,BabyLM 1.3B — final layer
0.4581760829825505,-0.3646668686415624,8.2889965142163,6.870363873208706,1.867199722705874,-3.474173282823083,1.7979087762338164,BabyLM 1.3B — final layer
0.611827827375313,-0.3646668686415624,8.247947243192494,6.870363873208706,1.867199722705874,-3.474173282823083,1.7979087762338164,BabyLM 1.3B — final layer
0.7654795717680756,-0.3646668686415624,8.20104387043378,6.870363873208706,1.867199722705874,-3.474173282823083,1.7979087762338164,BabyLM 1.3B — final layer
0.9191313161608377,-0.3646668686415624,8.148286395940163,6.870363873208706,1.867199722705874,-3.474173282823083,1.7979087762338164,BabyLM 1.3B — final layer
1.0727830605536002,-0.3646668686415624,8.08967481971164,6.870363873208706,1.867199722705874,-3.474173282823083,1.7979087762338164,BabyLM 1.3B — final layer
1.2264348049463627,-0.3646668686415624,8.025209141748212,6.870363873208706,1.867199722705874,-3.474173282823083,1.7979087762338164,BabyLM 1.3B — final layer
1.3800865493391252,-0.3646668686415624,7.954889362049879,6.870363873208706,1.867199722705874,-3.474173282823083,1.7979087762338164,BabyLM 1.3B — final layer
1.5337382937318877,-0.3646668686415624,7.8787154806166395,6.870363873208706,1.867199722705874,-3.474173282823083,1.7979087762338164,BabyLM 1.3B — final layer
1.6873900381246503,-0.3646668686415624,7.796687497448495,6.870363873208706,1.867199722705874,-3.474173282823083,1.7979087762338164,BabyLM 1.3B — final layer
1.8410417825174124,-0.3646668686415624,7.708805412545446,6.870363873208706,1.867199722705874,-3.474173282823083,1.7979087762338164,BabyLM 1.3B — final layer
1.9946935269101749,-0.3646668686415624,7.615069225907491,6.870363873208706,1.867199722705874,-3.474173282823083,1.7979087762338164,BabyLM 1.3B — final layer
2.148345271302937,-0.3646668686415624,7.51547893753463,6.870363873208706,1.867199722705874,-3.474173282823083,1.7979087762338164,BabyLM 1.3B — final layer
2.3019970156956995,-0.3646668686415624,7.410034547426865,6.870363873208706,1.867199722705874,-3.474173282823083,1.7979087762338164,BabyLM 1.3B — final layer
2.455648760088462,-0.3646668686415624,7.298736055584194,6.870363873208706,1.867199722705874,-3.474173282823083,1.7979087762338164,BabyLM 1.3B — final layer
-2.0002518273016485,-0.19744009626209325,8.16393647500524,6.870363873208706,1.867199722705874,-3.474173282823083,1.7979087762338164,BabyLM 1.3B — final layer
-1.846600082908886,-0.19744009626209325,8.213314447111895,6.870363873208706,1.867199722705874,-3.474173282823083,1.7979087762338164,BabyLM 1.3B — final layer
-1.6929483385161237,-0.19744009626209325,8.256838317483643,6.870363873208706,1.867199722705874,-3.474173282823083,1.7979087762338164,BabyLM 1.3B — final layer
-1.5392965941233612,-0.19744009626209325,8.294508086120487,6.870363873208706,1.867199722705874,-3.474173282823083,1.7979087762338164,BabyLM 1.3B — final layer
-1.3856448497305989,-0.19744009626209325,8.326323753022425,6.870363873208706,1.867199722705874,-3.474173282823083,1.7979087762338164,BabyLM 1.3B — final layer
-1.2319931053378363,-0.19744009626209325,8.352285318189459,6.870363873208706,1.867199722705874,-3.474173282823083,1.7979087762338164,BabyLM 1.3B — final layer
-1.0783413609450738,-0.19744009626209325,8.372392781621587,6.870363873208706,1.867199722705874,-3.474173282823083,1.7979087762338164,BabyLM 1.3B — final layer
-0.9246896165523115,-0.19744009626209325,8.38664614331881,6.870363873208706,1.867199722705874,-3.474173282823083,1.7979087762338164,BabyLM 1.3B — final layer
-0.771037872159549,-0.19744009626209325,8.395045403281127,6.870363873208706,1.867199722705874,-3.474173282823083,1.7979087762338164,BabyLM 1.3B — final layer
-0.6173861277667865,-0.19744009626209325,8.39759056150854,6.870363873208706,1.867199722705874,-3.474173282823083,1.7979087762338164,BabyLM 1.3B — final layer
-0.4637343833740242,-0.19744009626209325,8.394281618001045,6.870363873208706,1.867199722705874,-3.474173282823083,1.7979087762338164,BabyLM 1.3B — final layer
-0.31008263898126165,-0.19744009626209325,8.385118572758648,6.870363873208706,1.867199722705874,-3.474173282823083,1.7979087762338164,BabyLM 1.3B — final layer
-0.15643089458849913,-0.19744009626209325,8.370101425781343,6.870363873208706,1.867199722705874,-3.474173282823083,1.7979087762338164,BabyLM 1.3B — final layer
-0.0027791501957368236,-0.19744009626209325,8.349230177069135,6.870363873208706,1.867199722705874,-3.474173282823083,1.7979087762338164,BabyLM 1.3B — final layer
0.15087259419702548,-0.19744009626209325,8.32250482662202,6.870363873208706,1.867199722705874,-3.474173282823083,1.7979087762338164,BabyLM 1.3B — final layer
0.304524338589788,-0.19744009626209325,8.28992537444,6.870363873208706,1.867199722705874,-3.474173282823083,1.7979087762338164,BabyLM 1.3B — final layer
0.4581760829825505,-0.19744009626209325,8.251491820523075,6.870363873208706,1.867199722705874,-3.474173282823083,1.7979087762338164,BabyLM 1.3B — final layer
0.611827827375313,-0.19744009626209325,8.207204164871243,6.870363873208706,1.867199722705874,-3.474173282823083,1.7979087762338164,BabyLM 1.3B — final layer
0.7654795717680756,-0.19744009626209325,8.157062407484508,6.870363873208706,1.867199722705874,-3.474173282823083,1.7979087762338164,BabyLM 1.3B — final layer
0.9191313161608377,-0.19744009626209325,8.101066548362866,6.870363873208706,1.867199722705874,-3.474173282823083,1.7979087762338164,BabyLM 1.3B — final layer
1.0727830605536002,-0.19744009626209325,8.03921658750632,6.870363873208706,1.867199722705874,-3.474173282823083,1.7979087762338164,BabyLM 1.3B — final layer
1.2264348049463627,-0.19744009626209325,7.971512524914868,6.870363873208706,1.867199722705874,-3.474173282823083,1.7979087762338164,BabyLM 1.3B — final layer
1.3800865493391252,-0.19744009626209325,7.8979543605885105,6.870363873208706,1.867199722705874,-3.474173282823083,1.7979087762338164,BabyLM 1.3B — final layer
1.5337382937318877,-0.19744009626209325,7.818542094527248,6.870363873208706,1.867199722705874,-3.474173282823083,1.7979087762338164,BabyLM 1.3B — final layer
1.6873900381246503,-0.19744009626209325,7.7332757267310805,6.870363873208706,1.867199722705874,-3.474173282823083,1.7979087762338164,BabyLM 1.3B — final layer
1.8410417825174124,-0.19744009626209325,7.642155257200007,6.870363873208706,1.867199722705874,-3.474173282823083,1.7979087762338164,BabyLM 1.3B — final layer
1.9946935269101749,-0.19744009626209325,7.545180685934029,6.870363873208706,1.867199722705874,-3.474173282823083,1.7979087762338164,BabyLM 1.3B — final layer
2.148345271302937,-0.19744009626209325,7.442352012933145,6.870363873208706,1.867199722705874,-3.474173282823083,1.7979087762338164,BabyLM 1.3B — final layer
2.3019970156956995,-0.19744009626209325,7.333669238197356,6.870363873208706,1.867199722705874,-3.474173282823083,1.7979087762338164,BabyLM 1.3B — final layer
2.455648760088462,-0.19744009626209325,7.219132361726661,6.870363873208706,1.867199722705874,-3.474173282823083,1.7979087762338164,BabyLM 1.3B — final layer
-2.0002518273016485,-0.030213323882623655,8.188662440824297,6.870363873208706,1.867199722705874,-3.474173282823083,1.7979087762338164,BabyLM 1.3B — final layer
-1.846600082908886,-0.030213323882623655,8.234802028302928,6.870363873208706,1.867199722705874,-3.474173282823083,1.7979087762338164,BabyLM 1.3B — final layer
-1.6929483385161237,-0.030213323882623655,8.275087514046655,6.870363873208706,1.867199722705874,-3.474173282823083,1.7979087762338164,BabyLM 1.3B — final layer
-1.5392965941233612,-0.030213323882623655,8.309518898055474,6.870363873208706,1.867199722705874,-3.474173282823083,1.7979087762338164,BabyLM 1.3B — final layer
-1.3856448497305989,-0.030213323882623655,8.338096180329389,6.870363873208706,1.867199722705874,-3.474173282823083,1.7979087762338164,BabyLM 1.3B — final layer
-1.2319931053378363,-0.030213323882623655,8.3608193608684,6.870363873208706,1.867199722705874,-3.474173282823083,1.7979087762338164,BabyLM 1.3B — final layer
-1.0783413609450738,-0.030213323882623655,8.377688439672504,6.870363873208706,1.867199722705874,-3.474173282823083,1.7979087762338164,BabyLM 1.3B — final layer
-0.9246896165523115,-0.030213323882623655,8.388703416741702,6.870363873208706,1.867199722705874,-3.474173282823083,1.7979087762338164,BabyLM 1.3B — final layer
-0.771037872159549,-0.030213323882623655,8.393864292075996,6.870363873208706,1.867199722705874,-3.474173282823083,1.7979087762338164,BabyLM 1.3B — final layer
-0.6173861277667865,-0.030213323882623655,8.393171065675384,6.870363873208706,1.867199722705874,-3.474173282823083,1.7979087762338164,BabyLM 1.3B — final layer
-0.4637343833740242,-0.030213323882623655,8.386623737539868,6.870363873208706,1.867199722705874,-3.474173282823083,1.7979087762338164,BabyLM 1.3B — final layer
-0.31008263898126165,-0.030213323882623655,8.374222307669445,6.870363873208706,1.867199722705874,-3.474173282823083,1.7979087762338164,BabyLM 1.3B — final layer
-0.15643089458849913,-0.030213323882623655,8.355966776064118,6.870363873208706,1.867199722705874,-3.474173282823083,1.7979087762338164,BabyLM 1.3B — final layer
-0.0027791501957368236,-0.030213323882623655,8.331857142723885,6.870363873208706,1.867199722705874,-3.474173282823083,1.7979087762338164,BabyLM 1.3B — final layer
0.15087259419702548,-0.030213323882623655,8.301893407648747,6.870363873208706,1.867199722705874,-3.474173282823083,1.7979087762338164,BabyLM 1.3B — final layer
0.304524338589788,-0.030213323882623655,8.266075570838703,6.870363873208706,1.867199722705874,-3.474173282823083,1.7979087762338164,BabyLM 1.3B — final layer
0.4581760829825505,-0.030213323882623655,8.224403632293754,6.870363873208706,1.867199722705874,-3.474173282823083,1.7979087762338164,BabyLM 1.3B — final layer
0.611827827375313,-0.030213323882623655,8.1768775920139,6.870363873208706,1.867199722705874,-3.474173282823083,1.7979087762338164,BabyLM 1.3B — final layer
0.7654795717680756,-0.030213323882623655,8.12349744999914,6.870363873208706,1.867199722705874,-3.474173282823083,1.7979087762338164,BabyLM 1.3B — final layer
0.9191313161608377,-0.030213323882623655,8.064263206249475,6.870363873208706,1.867199722705874,-3.474173282823083,1.7979087762338164,BabyLM 1.3B — final layer
1.0727830605536002,-0.030213323882623655,7.999174860764906,6.870363873208706,1.867199722705874,-3.474173282823083,1.7979087762338164,BabyLM 1.3B — final layer
1.2264348049463627,-0.030213323882623655,7.928232413545429,6.870363873208706,1.867199722705874,-3.474173282823083,1.7979087762338164,BabyLM 1.3B — final layer
1.3800865493391252,-0.030213323882623655,7.851435864591049,6.870363873208706,1.867199722705874,-3.474173282823083,1.7979087762338164,BabyLM 1.3B — final layer
1.5337382937318877,-0.030213323882623655,7.768785213901762,6.870363873208706,1.867199722705874,-3.474173282823083,1.7979087762338164,BabyLM 1.3B — final layer
1.6873900381246503,-0.030213323882623655,7.680280461477571,6.870363873208706,1.867199722705874,-3.474173282823083,1.7979087762338164,BabyLM 1.3B — final layer
1.8410417825174124,-0.030213323882623655,7.5859216073184745,6.870363873208706,1.867199722705874,-3.474173282823083,1.7979087762338164,BabyLM 1.3B — final layer
1.9946935269101749,-0.030213323882623655,7.4857086514244715,6.870363873208706,1.867199722705874,-3.474173282823083,1.7979087762338164,BabyLM 1.3B — final layer
2.148345271302937,-0.030213323882623655,7.379641593795564,6.870363873208706,1.867199722705874,-3.474173282823083,1.7979087762338164,BabyLM 1.3B — final layer
2.3019970156956995,-0.030213323882623655,7.267720434431752,6.870363873208706,1.867199722705874,-3.474173282823083,1.7979087762338164,BabyLM 1.3B — final layer
2.455648760088462,-0.030213323882623655,7.149945173333033,6.870363873208706,1.867199722705874,-3.474173282823083,1.7979087762338164,BabyLM 1.3B — final layer
-2.0002518273016485,0.1370134484968455,8.223804912107262,6.870363873208706,1.867199722705874,-3.474173282823083,1.7979087762338164,BabyLM 1.3B — final layer
-1.846600082908886,0.1370134484968455,8.266706114957868,6.870363873208706,1.867199722705874,-3.474173282823083,1.7979087762338164,BabyLM 1.3B — final layer
-1.6929483385161237,0.1370134484968455,8.30375321607357,6.870363873208706,1.867199722705874,-3.474173282823083,1.7979087762338164,BabyLM 1.3B — final layer
-1.5392965941233612,0.1370134484968455,8.334946215454368,6.870363873208706,1.867199722705874,-3.474173282823083,1.7979087762338164,BabyLM 1.3B — final layer
-1.3856448497305989,0.1370134484968455,8.36028511310026,6.870363873208706,1.867199722705874,-3.474173282823083,1.7979087762338164,BabyLM 1.3B — final layer
-1.2319931053378363,0.1370134484968455,8.379769909011245,6.870363873208706,1.867199722705874,-3.474173282823083,1.7979087762338164,BabyLM 1.3B — final layer
-1.0783413609450738,0.1370134484968455,8.393400603187326,6.870363873208706,1.867199722705874,-3.474173282823083,1.7979087762338164,BabyLM 1.3B — final layer
-0.9246896165523115,0.1370134484968455,8.4011771956285,6.870363873208706,1.867199722705874,-3.474173282823083,1.7979087762338164,BabyLM 1.3B — final layer
-0.771037872159549,0.1370134484968455,8.403099686334771,6.870363873208706,1.867199722705874,-3.474173282823083,1.7979087762338164,BabyLM 1.3B — final layer
-0.6173861277667865,0.1370134484968455,8.399168075306136,6.870363873208706,1.867199722705874,-3.474173282823083,1.7979087762338164,BabyLM 1.3B — final layer
-0.4637343833740242,0.1370134484968455,8.389382362542595,6.870363873208706,1.867199722705874,-3.474173282823083,1.7979087762338164,BabyLM 1.3B — final layer
-0.31008263898126165,0.1370134484968455,8.373742548044149,6.870363873208706,1.867199722705874,-3.474173282823083,1.7979087762338164,BabyLM 1.3B — final layer
-0.15643089458849913,0.1370134484968455,8.352248631810799,6.870363873208706,1.867199722705874,-3.474173282823083,1.7979087762338164,BabyLM 1.3B — final layer
-0.0027791501957368236,0.1370134484968455,8.32490061384254,6.870363873208706,1.867199722705874,-3.474173282823083,1.7979087762338164,BabyLM 1.3B — final layer
0.15087259419702548,0.1370134484968455,8.291698494139379,6.870363873208706,1.867199722705874,-3.474173282823083,1.7979087762338164,BabyLM 1.3B — final layer
0.304524338589788,0.1370134484968455,8.252642272701312,6.870363873208706,1.867199722705874,-3.474173282823083,1.7979087762338164,BabyLM 1.3B — final layer
0.4581760829825505,0.1370134484968455,8.20773194952834,6.870363873208706,1.867199722705874,-3.474173282823083,1.7979087762338164,BabyLM 1.3B — final layer
0.611827827375313,0.1370134484968455,8.156967524620462,6.870363873208706,1.867199722705874,-3.474173282823083,1.7979087762338164,BabyLM 1.3B — final layer
0.7654795717680756,0.1370134484968455,8.100348997977678,6.870363873208706,1.867199722705874,-3.474173282823083,1.7979087762338164,BabyLM 1.3B — final layer
0.9191313161608377,0.1370134484968455,8.03787636959999,6.870363873208706,1.867199722705874,-3.474173282823083,1.7979087762338164,BabyLM 1.3B — final layer
1.0727830605536002,0.1370134484968455,7.969549639487396,6.870363873208706,1.867199722705874,-3.474173282823083,1.7979087762338164,BabyLM 1.3B — final layer
1.2264348049463627,0.1370134484968455,7.895368807639897,6.870363873208706,1.867199722705874,-3.474173282823083,1.7979087762338164,BabyLM 1.3B — final layer
1.3800865493391252,0.1370134484968455,7.815333874057492,6.870363873208706,1.867199722705874,-3.474173282823083,1.7979087762338164,BabyLM 1.3B — final layer
1.5337382937318877,0.1370134484968455,7.729444838740182,6.870363873208706,1.867199722705874,-3.474173282823083,1.7979087762338164,BabyLM 1.3B — final layer
1.6873900381246503,0.1370134484968455,7.637701701687967,6.870363873208706,1.867199722705874,-3.474173282823083,1.7979087762338164,BabyLM 1.3B — final layer
1.8410417825174124,0.1370134484968455,7.540104462900847,6.870363873208706,1.867199722705874,-3.474173282823083,1.7979087762338164,BabyLM 1.3B — final layer
1.9946935269101749,0.1370134484968455,7.436653122378821,6.870363873208706,1.867199722705874,-3.474173282823083,1.7979087762338164,BabyLM 1.3B — final layer
2.148345271302937,0.1370134484968455,7.32734768012189,6.870363873208706,1.867199722705874,-3.474173282823083,1.7979087762338164,BabyLM 1.3B — final layer
2.3019970156956995,0.1370134484968455,7.212188136130053,6.870363873208706,1.867199722705874,-3.474173282823083,1.7979087762338164,BabyLM 1.3B — final layer
2.455648760088462,0.1370134484968455,7.091174490403311,6.870363873208706,1.867199722705874,-3.474173282823083,1.7979087762338164,BabyLM 1.3B — final layer
-2.0002518273016485,0.30424022087631464,8.26936388885413,6.870363873208706,1.867199722705874,-3.474173282823083,1.7979087762338164,BabyLM 1.3B — final layer
-1.846600082908886,0.30424022087631464,8.309026707076715,6.870363873208706,1.867199722705874,-3.474173282823083,1.7979087762338164,BabyLM 1.3B — final layer
-1.6929483385161237,0.30424022087631464,8.342835423564393,6.870363873208706,1.867199722705874,-3.474173282823083,1.7979087762338164,BabyLM 1.3B — final layer
-1.5392965941233612,0.30424022087631464,8.370790038317166,6.870363873208706,1.867199722705874,-3.474173282823083,1.7979087762338164,BabyLM 1.3B — final layer
-1.3856448497305989,0.30424022087631464,8.392890551335034,6.870363873208706,1.867199722705874,-3.474173282823083,1.7979087762338164,BabyLM 1.3B — final layer
-1.2319931053378363,0.30424022087631464,8.409136962617996,6.870363873208706,1.867199722705874,-3.474173282823083,1.7979087762338164,BabyLM 1.3B — final layer
-1.0783413609450738,0.30424022087631464,8.419529272166052,6.870363873208706,1.867199722705874,-3.474173282823083,1.7979087762338164,BabyLM 1.3B — final layer
-0.9246896165523115,0.30424022087631464,8.424067479979204,6.870363873208706,1.867199722705874,-3.474173282823083,1.7979087762338164,BabyLM 1.3B — final layer
-0.771037872159549,0.30424022087631464,8.422751586057451,6.870363873208706,1.867199722705874,-3.474173282823083,1.7979087762338164,BabyLM 1.3B — final layer
-0.6173861277667865,0.30424022087631464,8.415581590400793,6.870363873208706,1.867199722705874,-3.474173282823083,1.7979087762338164,BabyLM 1.3B — final layer
-0.4637343833740242,0.30424022087631464,8.402557493009228,6.870363873208706,1.867199722705874,-3.474173282823083,1.7979087762338164,BabyLM 1.3B — final layer
-0.31008263898126165,0.30424022087631464,8.383679293882759,6.870363873208706,1.867199722705874,-3.474173282823083,1.7979087762338164,BabyLM 1.3B — final layer
-0.15643089458849913,0.30424022087631464,8.358946993021384,6.870363873208706,1.867199722705874,-3.474173282823083,1.7979087762338164,BabyLM 1.3B — final layer
-0.0027791501957368236,0.30424022087631464,8.328360590425103,6.870363873208706,1.867199722705874,-3.474173282823083,1.7979087762338164,BabyLM 1.3B — final layer
0.15087259419702548,0.30424022087631464,8.291920086093917,6.870363873208706,1.867199722705874,-3.474173282823083,1.7979087762338164,BabyLM 1.3B — final layer
0.304524338589788,0.30424022087631464,8.249625480027827,6.870363873208706,1.867199722705874,-3.474173282823083,1.7979087762338164,BabyLM 1.3B — final layer
0.4581760829825505,0.30424022087631464,8.201476772226831,6.870363873208706,1.867199722705874,-3.474173282823083,1.7979087762338164,BabyLM 1.3B — final layer
0.611827827375313,0.30424022087631464,8.14747396269093,6.870363873208706,1.867199722705874,-3.474173282823083,1.7979087762338164,BabyLM 1.3B — final layer
0.7654795717680756,0.30424022087631464,8.087617051420121,6.870363873208706,1.867199722705874,-3.474173282823083,1.7979087762338164,BabyLM 1.3B — final layer
0.9191313161608377,0.30424022087631464,8.02190603841441,6.870363873208706,1.867199722705874,-3.474173282823083,1.7979087762338164,BabyLM 1.3B — final layer
1.0727830605536002,0.30424022087631464,7.950340923673792,6.870363873208706,1.867199722705874,-3.474173282823083,1.7979087762338164,BabyLM 1.3B — final layer
1.2264348049463627,0.30424022087631464,7.87292170719827,6.870363873208706,1.867199722705874,-3.474173282823083,1.7979087762338164,BabyLM 1.3B — final layer
1.3800865493391252,0.30424022087631464,7.789648388987842,6.870363873208706,1.867199722705874,-3.474173282823083,1.7979087762338164,BabyLM 1.3B — final layer
1.5337382937318877,0.30424022087631464,7.700520969042508,6.870363873208706,1.867199722705874,-3.474173282823083,1.7979087762338164,BabyLM 1.3B — final layer
1.6873900381246503,0.30424022087631464,7.605539447362269,6.870363873208706,1.867199722705874,-3.474173282823083,1.7979087762338164,BabyLM 1.3B — final layer
1.8410417825174124,0.30424022087631464,7.504703823947125,6.870363873208706,1.867199722705874,-3.474173282823083,1.7979087762338164,BabyLM 1.3B — final layer
1.9946935269101749,0.30424022087631464,7.398014098797075,6.870363873208706,1.867199722705874,-3.474173282823083,1.7979087762338164,BabyLM 1.3B — final layer
2.148345271302937,0.30424022087631464,7.285470271912121,6.870363873208706,1.867199722705874,-3.474173282823083,1.7979087762338164,BabyLM 1.3B — final layer
2.3019970156956995,0.30424022087631464,7.1670723432922605,6.870363873208706,1.867199722705874,-3.474173282823083,1.7979087762338164,BabyLM 1.3B — final layer
2.455648760088462,0.30424022087631464,7.042820312937495,6.870363873208706,1.867199722705874,-3.474173282823083,1.7979087762338164,BabyLM 1.3B — final layer
-2.0002518273016485,0.47146699325578423,8.325339371064906,6.870363873208706,1.867199722705874,-3.474173282823083,1.7979087762338164,BabyLM 1.3B — final layer
-1.846600082908886,0.47146699325578423,8.361763804659466,6.870363873208706,1.867199722705874,-3.474173282823083,1.7979087762338164,BabyLM 1.3B — final layer
-1.6929483385161237,0.47146699325578423,8.392334136519121,6.870363873208706,1.867199722705874,-3.474173282823083,1.7979087762338164,BabyLM 1.3B — final layer
-1.5392965941233612,0.47146699325578423,8.41705036664387,6.870363873208706,1.867199722705874,-3.474173282823083,1.7979087762338164,BabyLM 1.3B — final layer
-1.3856448497305989,0.47146699325578423,8.435912495033714,6.870363873208706,1.867199722705874,-3.474173282823083,1.7979087762338164,BabyLM 1.3B — final layer
-1.2319931053378363,0.47146699325578423,8.448920521688652,6.870363873208706,1.867199722705874,-3.474173282823083,1.7979087762338164,BabyLM 1.3B — final layer
-1.0783413609450738,0.47146699325578423,8.456074446608687,6.870363873208706,1.867199722705874,-3.474173282823083,1.7979087762338164,BabyLM 1.3B — final layer
-0.9246896165523115,0.47146699325578423,8.457374269793814,6.870363873208706,1.867199722705874,-3.474173282823083,1.7979087762338164,BabyLM 1.3B — final layer
-0.771037872159549,0.47146699325578423,8.452819991244038,6.870363873208706,1.867199722705874,-3.474173282823083,1.7979087762338164,BabyLM 1.3B — final layer
-0.6173861277667865,0.47146699325578423,8.442411610959354,6.870363873208706,1.867199722705874,-3.474173282823083,1.7979087762338164,BabyLM 1.3B — final layer
-0.4637343833740242,0.47146699325578423,8.426149128939766,6.870363873208706,1.867199722705874,-3.474173282823083,1.7979087762338164,BabyLM 1.3B — final layer
-0.31008263898126165,0.47146699325578423,8.404032545185274,6.870363873208706,1.867199722705874,-3.474173282823083,1.7979087762338164,BabyLM 1.3B — final layer
-0.15643089458849913,0.47146699325578423,8.376061859695875,6.870363873208706,1.867199722705874,-3.474173282823083,1.7979087762338164,BabyLM 1.3B — final layer
-0.0027791501957368236,0.47146699325578423,8.34223707247157,6.870363873208706,1.867199722705874,-3.474173282823083,1.7979087762338164,BabyLM 1.3B — final layer
0.15087259419702548,0.47146699325578423,8.302558183512362,6.870363873208706,1.867199722705874,-3.474173282823083,1.7979087762338164,BabyLM 1.3B — final layer
0.304524338589788,0.47146699325578423,8.257025192818247,6.870363873208706,1.867199722705874,-3.474173282823083,1.7979087762338164,BabyLM 1.3B — final layer
0.4581760829825505,0.47146699325578423,8.205638100389228,6.870363873208706,1.867199722705874,-3.474173282823083,1.7979087762338164,BabyLM 1.3B — final layer
0.611827827375313,0.47146699325578423,8.148396906225303,6.870363873208706,1.867199722705874,-3.474173282823083,1.7979087762338164,BabyLM 1.3B — final layer
0.7654795717680756,0.47146699325578423,8.085301610326471,6.870363873208706,1.867199722705874,-3.474173282823083,1.7979087762338164,BabyLM 1.3B — final layer
0.9191313161608377,0.47146699325578423,8.016352212692736,6.870363873208706,1.867199722705874,-3.474173282823083,1.7979087762338164,BabyLM 1.3B — final layer
1.0727830605536002,0.47146699325578423,7.941548713324095,6.870363873208706,1.867199722705874,-3.474173282823083,1.7979087762338164,BabyLM 1.3B — final layer
1.2264348049463627,0.47146699325578423,7.860891112220548,6.870363873208706,1.867199722705874,-3.474173282823083,1.7979087762338164,BabyLM 1.3B — final layer
1.3800865493391252,0.47146699325578423,7.774379409382096,6.870363873208706,1.867199722705874,-3.474173282823083,1.7979087762338164,BabyLM 1.3B — final layer
1.5337382937318877,0.47146699325578423,7.682013604808739,6.870363873208706,1.867199722705874,-3.474173282823083,1.7979087762338164,BabyLM 1.3B — final layer
1.6873900381246503,0.47146699325578423,7.583793698500476,6.870363873208706,1.867199722705874,-3.474173282823083,1.7979087762338164,BabyLM 1.3B — final layer
1.8410417825174124,0.47146699325578423,7.479719690457309,6.870363873208706,1.867199722705874,-3.474173282823083,1.7979087762338164,BabyLM 1.3B — final layer
1.9946935269101749,0.47146699325578423,7.369791580679236,6.870363873208706,1.867199722705874,-3.474173282823083,1.7979087762338164,BabyLM 1.3B — final layer
2.148345271302937,0.47146699325578423,7.2540093691662575,6.870363873208706,1.867199722705874,-3.474173282823083,1.7979087762338164,BabyLM 1.3B — final layer
2.3019970156956995,0.47146699325578423,7.132373055918373,6.870363873208706,1.867199722705874,-3.474173282823083,1.7979087762338164,BabyLM 1.3B — final layer
2.455648760088462,0.47146699325578423,7.004882640935585,6.870363873208706,1.867199722705874,-3.474173282823083,1.7979087762338164,BabyLM 1.3B — final layer
-2.0002518273016485,0.6386937656352534,8.391731358739586,6.870363873208706,1.867199722705874,-3.474173282823083,1.7979087762338164,BabyLM 1.3B — final layer
-1.846600082908886,0.6386937656352534,8.424917407706122,6.870363873208706,1.867199722705874,-3.474173282823083,1.7979087762338164,BabyLM 1.3B — final layer
-1.6929483385161237,0.6386937656352534,8.452249354937754,6.870363873208706,1.867199722705874,-3.474173282823083,1.7979087762338164,BabyLM 1.3B — final layer
-1.5392965941233612,0.6386937656352534,8.47372720043448,6.870363873208706,1.867199722705874,-3.474173282823083,1.7979087762338164,BabyLM 1.3B — final layer
-1.3856448497305989,0.6386937656352534,8.4893509441963,6.870363873208706,1.867199722705874,-3.474173282823083,1.7979087762338164,BabyLM 1.3B — final layer
-1.2319931053378363,0.6386937656352534,8.499120586223215,6.870363873208706,1.867199722705874,-3.474173282823083,1.7979087762338164,BabyLM 1.3B — final layer
-1.0783413609450738,0.6386937656352534,8.503036126515225,6.870363873208706,1.867199722705874,-3.474173282823083,1.7979087762338164,BabyLM 1.3B — final layer
-0.9246896165523115,0.6386937656352534,8.50109756507233,6.870363873208706,1.867199722705874,-3.474173282823083,1.7979087762338164,BabyLM 1.3B — final layer
-0.771037872159549,0.6386937656352534,8.493304901894529,6.870363873208706,1.867199722705874,-3.474173282823083,1.7979087762338164,BabyLM 1.3B — final layer
-0.6173861277667865,0.6386937656352534,8.479658136981822,6.870363873208706,1.867199722705874,-3.474173282823083,1.7979087762338164,BabyLM 1.3B — final layer
-0.4637343833740242,0.6386937656352534,8.46015727033421,6.870363873208706,1.867199722705874,-3.474173282823083,1.7979087762338164,BabyLM 1.3B — final layer
-0.31008263898126165,0.6386937656352534,8.434802301951693,6.870363873208706,1.867199722705874,-3.474173282823083,1.7979087762338164,BabyLM 1.3B — final layer
-0.15643089458849913,0.6386937656352534,8.403593231834272,6.870363873208706,1.867199722705874,-3.474173282823083,1.7979087762338164,BabyLM 1.3B — final layer
-0.0027791501957368236,0.6386937656352534,8.366530059981944,6.870363873208706,1.867199722705874,-3.474173282823083,1.7979087762338164,BabyLM 1.3B — final layer
0.15087259419702548,0.6386937656352534,8.323612786394712,6.870363873208706,1.867199722705874,-3.474173282823083,1.7979087762338164,BabyLM 1.3B — final layer
0.304524338589788,0.6386937656352534,8.274841411072574,6.870363873208706,1.867199722705874,-3.474173282823083,1.7979087762338164,BabyLM 1.3B — final layer
0.4581760829825505,0.6386937656352534,8.22021593401553,6.870363873208706,1.867199722705874,-3.474173282823083,1.7979087762338164,BabyLM 1.3B — final layer
0.611827827375313,0.6386937656352534,8.15973635522358,6.870363873208706,1.867199722705874,-3.474173282823083,1.7979087762338164,BabyLM 1.3B — final layer
0.7654795717680756,0.6386937656352534,8.093402674696726,6.870363873208706,1.867199722705874,-3.474173282823083,1.7979087762338164,BabyLM 1.3B — final layer
0.9191313161608377,0.6386937656352534,8.021214892434967,6.870363873208706,1.867199722705874,-3.474173282823083,1.7979087762338164,BabyLM 1.3B — final layer
1.0727830605536002,0.6386937656352534,7.943173008438302,6.870363873208706,1.867199722705874,-3.474173282823083,1.7979087762338164,BabyLM 1.3B — final layer
1.2264348049463627,0.6386937656352534,7.859277022706732,6.870363873208706,1.867199722705874,-3.474173282823083,1.7979087762338164,BabyLM 1.3B — final layer
1.3800865493391252,0.6386937656352534,7.769526935240257,6.870363873208706,1.867199722705874,-3.474173282823083,1.7979087762338164,BabyLM 1.3B — final layer
1.5337382937318877,0.6386937656352534,7.673922746038876,6.870363873208706,1.867199722705874,-3.474173282823083,1.7979087762338164,BabyLM 1.3B — final layer
1.6873900381246503,0.6386937656352534,7.5724644551025895,6.870363873208706,1.867199722705874,-3.474173282823083,1.7979087762338164,BabyLM 1.3B — final layer
1.8410417825174124,0.6386937656352534,7.4651520624313985,6.870363873208706,1.867199722705874,-3.474173282823083,1.7979087762338164,BabyLM 1.3B — final layer
1.9946935269101749,0.6386937656352534,7.3519855680253015,6.870363873208706,1.867199722705874,-3.474173282823083,1.7979087762338164,BabyLM 1.3B — final layer
2.148345271302937,0.6386937656352534,7.2329649718843,6.870363873208706,1.867199722705874,-3.474173282823083,1.7979087762338164,BabyLM 1.3B — final layer
2.3019970156956995,0.6386937656352534,7.108090274008393,6.870363873208706,1.867199722705874,-3.474173282823083,1.7979087762338164,BabyLM 1.3B — final layer
2.455648760088462,0.6386937656352534,6.977361474397579,6.870363873208706,1.867199722705874,-3.474173282823083,1.7979087762338164,BabyLM 1.3B — final layer
-2.0002518273016485,0.805920538014723,8.468539851878173,6.870363873208706,1.867199722705874,-3.474173282823083,1.7979087762338164,BabyLM 1.3B — final layer
-1.846600082908886,0.805920538014723,8.498487516216686,6.870363873208706,1.867199722705874,-3.474173282823083,1.7979087762338164,BabyLM 1.3B — final layer
-1.6929483385161237,0.805920538014723,8.522581078820293,6.870363873208706,1.867199722705874,-3.474173282823083,1.7979087762338164,BabyLM 1.3B — final layer
-1.5392965941233612,0.805920538014723,8.540820539688996,6.870363873208706,1.867199722705874,-3.474173282823083,1.7979087762338164,BabyLM 1.3B — final layer
-1.3856448497305989,0.805920538014723,8.553205898822792,6.870363873208706,1.867199722705874,-3.474173282823083,1.7979087762338164,BabyLM 1.3B — final layer
-1.2319931053378363,0.805920538014723,8.559737156221683,6.870363873208706,1.867199722705874,-3.474173282823083,1.7979087762338164,BabyLM 1.3B — final layer
-1.0783413609450738,0.805920538014723,8.560414311885669,6.870363873208706,1.867199722705874,-3.474173282823083,1.7979087762338164,BabyLM 1.3B — final layer
-0.9246896165523115,0.805920538014723,8.555237365814751,6.870363873208706,1.867199722705874,-3.474173282823083,1.7979087762338164,BabyLM 1.3B — final layer
-0.771037872159549,0.805920538014723,8.544206318008925,6.870363873208706,1.867199722705874,-3.474173282823083,1.7979087762338164,BabyLM 1.3B — final layer
-0.6173861277667865,0.805920538014723,8.527321168468196,6.870363873208706,1.867199722705874,-3.474173282823083,1.7979087762338164,BabyLM 1.3B — final layer
-0.4637343833740242,0.805920538014723,8.50458191719256,6.870363873208706,1.867199722705874,-3.474173282823083,1.7979087762338164,BabyLM 1.3B — final layer
-0.31008263898126165,0.805920538014723,8.47598856418202,6.870363873208706,1.867199722705874,-3.474173282823083,1.7979087762338164,BabyLM 1.3B — final layer
-0.15643089458849913,0.805920538014723,8.441541109436574,6.870363873208706,1.867199722705874,-3.474173282823083,1.7979087762338164,BabyLM 1.3B — final layer
-0.0027791501957368236,0.805920538014723,8.401239552956223,6.870363873208706,1.867199722705874,-3.474173282823083,1.7979087762338164,BabyLM 1.3B — final layer
0.15087259419702548,0.805920538014723,8.355083894740966,6.870363873208706,1.867199722705874,-3.474173282823083,1.7979087762338164,BabyLM 1.3B — final layer
0.304524338589788,0.805920538014723,8.303074134790805,6.870363873208706,1.867199722705874,-3.474173282823083,1.7979087762338164,BabyLM 1.3B — final layer
0.4581760829825505,0.805920538014723,8.245210273105737,6.870363873208706,1.867199722705874,-3.474173282823083,1.7979087762338164,BabyLM 1.3B — final layer
0.611827827375313,0.805920538014723,8.181492309685765,6.870363873208706,1.867199722705874,-3.474173282823083,1.7979087762338164,BabyLM 1.3B — final layer
0.7654795717680756,0.805920538014723,8.111920244530888,6.870363873208706,1.867199722705874,-3.474173282823083,1.7979087762338164,BabyLM 1.3B — final layer
0.9191313161608377,0.805920538014723,8.036494077641104,6.870363873208706,1.867199722705874,-3.474173282823083,1.7979087762338164,BabyLM 1.3B — final layer
1.0727830605536002,0.805920538014723,7.955213809016415,6.870363873208706,1.867199722705874,-3.474173282823083,1.7979087762338164,BabyLM 1.3B — final layer
1.2264348049463627,0.805920538014723,7.868079438656822,6.870363873208706,1.867199722705874,-3.474173282823083,1.7979087762338164,BabyLM 1.3B — final layer
1.3800865493391252,0.805920538014723,7.775090966562322,6.870363873208706,1.867199722705874,-3.474173282823083,1.7979087762338164,BabyLM 1.3B — final layer
1.5337382937318877,0.805920538014723,7.676248392732918,6.870363873208706,1.867199722705874,-3.474173282823083,1.7979087762338164,BabyLM 1.3B — final layer
1.6873900381246503,0.805920538014723,7.571551717168608,6.870363873208706,1.867199722705874,-3.474173282823083,1.7979087762338164,BabyLM 1.3B — final layer
1.8410417825174124,0.805920538014723,7.461000939869393,6.870363873208706,1.867199722705874,-3.474173282823083,1.7979087762338164,BabyLM 1.3B — final layer
1.9946935269101749,0.805920538014723,7.344596060835273,6.870363873208706,1.867199722705874,-3.474173282823083,1.7979087762338164,BabyLM 1.3B — final layer
2.148345271302937,0.805920538014723,7.222337080066247,6.870363873208706,1.867199722705874,-3.474173282823083,1.7979087762338164,BabyLM 1.3B — final layer
2.3019970156956995,0.805920538014723,7.094223997562317,6.870363873208706,1.867199722705874,-3.474173282823083,1.7979087762338164,BabyLM 1.3B — final layer
2.455648760088462,0.805920538014723,6.96025681332348,6.870363873208706,1.867199722705874,-3.474173282823083,1.7979087762338164,BabyLM 1.3B — final layer
-2.0002518273016485,0.9731473103941921,8.555764850480664,6.870363873208706,1.867199722705874,-3.474173282823083,1.7979087762338164,BabyLM 1.3B — final layer
-1.846600082908886,0.9731473103941921,8.582474130191153,6.870363873208706,1.867199722705874,-3.474173282823083,1.7979087762338164,BabyLM 1.3B — final layer
-1.6929483385161237,0.9731473103941921,8.603329308166737,6.870363873208706,1.867199722705874,-3.474173282823083,1.7979087762338164,BabyLM 1.3B — final layer
-1.5392965941233612,0.9731473103941921,8.618330384407416,6.870363873208706,1.867199722705874,-3.474173282823083,1.7979087762338164,BabyLM 1.3B — final layer
-1.3856448497305989,0.9731473103941921,8.62747735891319,6.870363873208706,1.867199722705874,-3.474173282823083,1.7979087762338164,BabyLM 1.3B — final layer
-1.2319931053378363,0.9731473103941921,8.630770231684057,6.870363873208706,1.867199722705874,-3.474173282823083,1.7979087762338164,BabyLM 1.3B — final layer
-1.0783413609450738,0.9731473103941921,8.62820900272002,6.870363873208706,1.867199722705874,-3.474173282823083,1.7979087762338164,BabyLM 1.3B — final layer
-0.9246896165523115,0.9731473103941921,8.619793672021077,6.870363873208706,1.867199722705874,-3.474173282823083,1.7979087762338164,BabyLM 1.3B — final layer
-0.771037872159549,0.9731473103941921,8.605524239587227,6.870363873208706,1.867199722705874,-3.474173282823083,1.7979087762338164,BabyLM 1.3B — final layer
-0.6173861277667865,0.9731473103941921,8.585400705418474,6.870363873208706,1.867199722705874,-3.474173282823083,1.7979087762338164,BabyLM 1.3B — final layer
-0.4637343833740242,0.9731473103941921,8.559423069514816,6.870363873208706,1.867199722705874,-3.474173282823083,1.7979087762338164,BabyLM 1.3B — final layer
-0.31008263898126165,0.9731473103941921,8.527591331876252,6.870363873208706,1.867199722705874,-3.474173282823083,1.7979087762338164,BabyLM 1.3B — final layer
-0.15643089458849913,0.9731473103941921,8.489905492502782,6.870363873208706,1.867199722705874,-3.474173282823083,1.7979087762338164,BabyLM 1.3B — final layer
-0.0027791501957368236,0.9731473103941921,8.446365551394408,6.870363873208706,1.867199722705874,-3.474173282823083,1.7979087762338164,BabyLM 1.3B — final layer
0.15087259419702548,0.9731473103941921,8.396971508551127,6.870363873208706,1.867199722705874,-3.474173282823083,1.7979087762338164,BabyLM 1.3B — final layer
0.304524338589788,0.9731473103941921,8.341723363972942,6.870363873208706,1.867199722705874,-3.474173282823083,1.7979087762338164,BabyLM 1.3B — final layer
0.4581760829825505,0.9731473103941921,8.280621117659852,6.870363873208706,1.867199722705874,-3.474173282823083,1.7979087762338164,BabyLM 1.3B — final layer
0.611827827375313,0.9731473103941921,8.213664769611855,6.870363873208706,1.867199722705874,-3.474173282823083,1.7979087762338164,BabyLM 1.3B — final layer
0.7654795717680756,0.9731473103941921,8.140854319828954,6.870363873208706,1.867199722705874,-3.474173282823083,1.7979087762338164,BabyLM 1.3B — final layer
0.9191313161608377,0.9731473103941921,8.062189768311146,6.870363873208706,1.867199722705874,-3.474173282823083,1.7979087762338164,BabyLM 1.3B — final layer
1.0727830605536002,0.9731473103941921,7.977671115058435,6.870363873208706,1.867199722705874,-3.474173282823083,1.7979087762338164,BabyLM 1.3B — final layer
1.2264348049463627,0.9731473103941921,7.887298360070817,6.870363873208706,1.867199722705874,-3.474173282823083,1.7979087762338164,BabyLM 1.3B — final layer
1.3800865493391252,0.9731473103941921,7.791071503348294,6.870363873208706,1.867199722705874,-3.474173282823083,1.7979087762338164,BabyLM 1.3B — final layer
1.5337382937318877,0.9731473103941921,7.688990544890866,6.870363873208706,1.867199722705874,-3.474173282823083,1.7979087762338164,BabyLM 1.3B — final layer
1.6873900381246503,0.9731473103941921,7.581055484698533,6.870363873208706,1.867199722705874,-3.474173282823083,1.7979087762338164,BabyLM 1.3B — final layer
1.8410417825174124,0.9731473103941921,7.4672663227712945,6.870363873208706,1.867199722705874,-3.474173282823083,1.7979087762338164,BabyLM 1.3B — final layer
1.9946935269101749,0.9731473103941921,7.34762305910915,6.870363873208706,1.867199722705874,-3.474173282823083,1.7979087762338164,BabyLM 1.3B — final layer
2.148345271302937,0.9731473103941921,7.222125693712101,6.870363873208706,1.867199722705874,-3.474173282823083,1.7979087762338164,BabyLM 1.3B — final layer
2.3019970156956995,0.9731473103941921,7.090774226580146,6.870363873208706,1.867199722705874,-3.474173282823083,1.7979087762338164,BabyLM 1.3B — final layer
2.455648760088462,0.9731473103941921,6.953568657713286,6.870363873208706,1.867199722705874,-3.474173282823083,1.7979087762338164,BabyLM 1.3B — final layer
-2.0002518273016485,1.1403740827736613,8.653406354547062,6.870363873208706,1.867199722705874,-3.474173282823083,1.7979087762338164,BabyLM 1.3B — final layer
-1.846600082908886,1.1403740827736613,8.676877249629527,6.870363873208706,1.867199722705874,-3.474173282823083,1.7979087762338164,BabyLM 1.3B — final layer
-1.6929483385161237,1.1403740827736613,8.694494042977087,6.870363873208706,1.867199722705874,-3.474173282823083,1.7979087762338164,BabyLM 1.3B — final layer
-1.5392965941233612,1.1403740827736613,8.706256734589742,6.870363873208706,1.867199722705874,-3.474173282823083,1.7979087762338164,BabyLM 1.3B — final layer
-1.3856448497305989,1.1403740827736613,8.712165324467492,6.870363873208706,1.867199722705874,-3.474173282823083,1.7979087762338164,BabyLM 1.3B — final layer
-1.2319931053378363,1.1403740827736613,8.712219812610336,6.870363873208706,1.867199722705874,-3.474173282823083,1.7979087762338164,BabyLM 1.3B — final layer
-1.0783413609450738,1.1403740827736613,8.706420199018275,6.870363873208706,1.867199722705874,-3.474173282823083,1.7979087762338164,BabyLM 1.3B — final layer
-0.9246896165523115,1.1403740827736613,8.694766483691309,6.870363873208706,1.867199722705874,-3.474173282823083,1.7979087762338164,BabyLM 1.3B — final layer
-0.771037872159549,1.1403740827736613,8.677258666629436,6.870363873208706,1.867199722705874,-3.474173282823083,1.7979087762338164,BabyLM 1.3B — final layer
-0.6173861277667865,1.1403740827736613,8.65389674783266,6.870363873208706,1.867199722705874,-3.474173282823083,1.7979087762338164,BabyLM 1.3B — final layer
-0.4637343833740242,1.1403740827736613,8.624680727300976,6.870363873208706,1.867199722705874,-3.474173282823083,1.7979087762338164,BabyLM 1.3B — final layer
-0.31008263898126165,1.1403740827736613,8.58961060503439,6.870363873208706,1.867199722705874,-3.474173282823083,1.7979087762338164,BabyLM 1.3B — final layer
-0.15643089458849913,1.1403740827736613,8.548686381032896,6.870363873208706,1.867199722705874,-3.474173282823083,1.7979087762338164,BabyLM 1.3B — final layer
-0.0027791501957368236,1.1403740827736613,8.501908055296497,6.870363873208706,1.867199722705874,-3.474173282823083,1.7979087762338164,BabyLM 1.3B — final layer
0.15087259419702548,1.1403740827736613,8.449275627825193,6.870363873208706,1.867199722705874,-3.474173282823083,1.7979087762338164,BabyLM 1.3B — final layer
0.304524338589788,1.1403740827736613,8.390789098618985,6.870363873208706,1.867199722705874,-3.474173282823083,1.7979087762338164,BabyLM 1.3B — final layer
0.4581760829825505,1.1403740827736613,8.32644846767787,6.870363873208706,1.867199722705874,-3.474173282823083,1.7979087762338164,BabyLM 1.3B — final layer
0.611827827375313,1.1403740827736613,8.25625373500185,6.870363873208706,1.867199722705874,-3.474173282823083,1.7979087762338164,BabyLM 1.3B — final layer
0.7654795717680756,1.1403740827736613,8.180204900590924,6.870363873208706,1.867199722705874,-3.474173282823083,1.7979087762338164,BabyLM 1.3B — final layer
0.9191313161608377,1.1403740827736613,8.098301964445096,6.870363873208706,1.867199722705874,-3.474173282823083,1.7979087762338164,BabyLM 1.3B — final layer
1.0727830605536002,1.1403740827736613,8.010544926564359,6.870363873208706,1.867199722705874,-3.474173282823083,1.7979087762338164,BabyLM 1.3B — final layer
1.2264348049463627,1.1403740827736613,7.916933786948718,6.870363873208706,1.867199722705874,-3.474173282823083,1.7979087762338164,BabyLM 1.3B — final layer
1.3800865493391252,1.1403740827736613,7.817468545598171,6.870363873208706,1.867199722705874,-3.474173282823083,1.7979087762338164,BabyLM 1.3B — final layer
1.5337382937318877,1.1403740827736613,7.71214920251272,6.870363873208706,1.867199722705874,-3.474173282823083,1.7979087762338164,BabyLM 1.3B — final layer
1.6873900381246503,1.1403740827736613,7.600975757692362,6.870363873208706,1.867199722705874,-3.474173282823083,1.7979087762338164,BabyLM 1.3B — final layer
1.8410417825174124,1.1403740827736613,7.4839482111371005,6.870363873208706,1.867199722705874,-3.474173282823083,1.7979087762338164,BabyLM 1.3B — final layer
1.9946935269101749,1.1403740827736613,7.361066562846933,6.870363873208706,1.867199722705874,-3.474173282823083,1.7979087762338164,BabyLM 1.3B — final layer
2.148345271302937,1.1403740827736613,7.23233081282186,6.870363873208706,1.867199722705874,-3.474173282823083,1.7979087762338164,BabyLM 1.3B — final layer
2.3019970156956995,1.1403740827736613,7.097740961061882,6.870363873208706,1.867199722705874,-3.474173282823083,1.7979087762338164,BabyLM 1.3B — final layer
2.455648760088462,1.1403740827736613,6.957297007566997,6.870363873208706,1.867199722705874,-3.474173282823083,1.7979087762338164,BabyLM 1.3B — final layer
-2.0002518273016485,1.3076008551531308,8.761464364077364,6.870363873208706,1.867199722705874,-3.474173282823083,1.7979087762338164,BabyLM 1.3B — final layer
-1.846600082908886,1.3076008551531308,8.781696874531807,6.870363873208706,1.867199722705874,-3.474173282823083,1.7979087762338164,BabyLM 1.3B — final layer
-1.6929483385161237,1.3076008551531308,8.796075283251342,6.870363873208706,1.867199722705874,-3.474173282823083,1.7979087762338164,BabyLM 1.3B — final layer
-1.5392965941233612,1.3076008551531308,8.804599590235973,6.870363873208706,1.867199722705874,-3.474173282823083,1.7979087762338164,BabyLM 1.3B — final layer
-1.3856448497305989,1.3076008551531308,8.8072697954857,6.870363873208706,1.867199722705874,-3.474173282823083,1.7979087762338164,BabyLM 1.3B — final layer
-1.2319931053378363,1.3076008551531308,8.80408589900052,6.870363873208706,1.867199722705874,-3.474173282823083,1.7979087762338164,BabyLM 1.3B — final layer
-1.0783413609450738,1.3076008551531308,8.795047900780435,6.870363873208706,1.867199722705874,-3.474173282823083,1.7979087762338164,BabyLM 1.3B — final layer
-0.9246896165523115,1.3076008551531308,8.780155800825446,6.870363873208706,1.867199722705874,-3.474173282823083,1.7979087762338164,BabyLM 1.3B — final layer
-0.771037872159549,1.3076008551531308,8.75940959913555,6.870363873208706,1.867199722705874,-3.474173282823083,1.7979087762338164,BabyLM 1.3B — final layer
-0.6173861277667865,1.3076008551531308,8.73280929571075,6.870363873208706,1.867199722705874,-3.474173282823083,1.7979087762338164,BabyLM 1.3B — final layer
-0.4637343833740242,1.3076008551531308,8.700354890551043,6.870363873208706,1.867199722705874,-3.474173282823083,1.7979087762338164,BabyLM 1.3B — final layer
-0.31008263898126165,1.3076008551531308,8.662046383656431,6.870363873208706,1.867199722705874,-3.474173282823083,1.7979087762338164,BabyLM 1.3B — final layer
-0.15643089458849913,1.3076008551531308,8.617883775026915,6.870363873208706,1.867199722705874,-3.474173282823083,1.7979087762338164,BabyLM 1.3B — final layer
-0.0027791501957368236,1.3076008551531308,8.567867064662494,6.870363873208706,1.867199722705874,-3.474173282823083,1.7979087762338164,BabyLM 1.3B — final layer
0.15087259419702548,1.3076008551531308,8.511996252563165,6.870363873208706,1.867199722705874,-3.474173282823083,1.7979087762338164,BabyLM 1.3B — final layer
0.304524338589788,1.3076008551531308,8.450271338728932,6.870363873208706,1.867199722705874,-3.474173282823083,1.7979087762338164,BabyLM 1.3B — final layer
0.4581760829825505,1.3076008551531308,8.382692323159795,6.870363873208706,1.867199722705874,-3.474173282823083,1.7979087762338164,BabyLM 1.3B — final layer
0.611827827375313,1.3076008551531308,8.309259205855751,6.870363873208706,1.867199722705874,-3.474173282823083,1.7979087762338164,BabyLM 1.3B — final layer
0.7654795717680756,1.3076008551531308,8.229971986816802,6.870363873208706,1.867199722705874,-3.474173282823083,1.7979087762338164,BabyLM 1.3B — final layer
0.9191313161608377,1.3076008551531308,8.144830666042948,6.870363873208706,1.867199722705874,-3.474173282823083,1.7979087762338164,BabyLM 1.3B — final layer
1.0727830605536002,1.3076008551531308,8.05383524353419,6.870363873208706,1.867199722705874,-3.474173282823083,1.7979087762338164,BabyLM 1.3B — final layer
1.2264348049463627,1.3076008551531308,7.9569857192905245,6.870363873208706,1.867199722705874,-3.474173282823083,1.7979087762338164,BabyLM 1.3B — final layer
1.3800865493391252,1.3076008551531308,7.854282093311954,6.870363873208706,1.867199722705874,-3.474173282823083,1.7979087762338164,BabyLM 1.3B — final layer
1.5337382937318877,1.3076008551531308,7.745724365598479,6.870363873208706,1.867199722705874,-3.474173282823083,1.7979087762338164,BabyLM 1.3B — final layer
1.6873900381246503,1.3076008551531308,7.631312536150098,6.870363873208706,1.867199722705874,-3.474173282823083,1.7979087762338164,BabyLM 1.3B — final layer
1.8410417825174124,1.3076008551531308,7.511046604966812,6.870363873208706,1.867199722705874,-3.474173282823083,1.7979087762338164,BabyLM 1.3B — final layer
1.9946935269101749,1.3076008551531308,7.384926572048621,6.870363873208706,1.867199722705874,-3.474173282823083,1.7979087762338164,BabyLM 1.3B — final layer
2.148345271302937,1.3076008551531308,7.252952437395525,6.870363873208706,1.867199722705874,-3.474173282823083,1.7979087762338164,BabyLM 1.3B — final layer
2.3019970156956995,1.3076008551531308,7.115124201007522,6.870363873208706,1.867199722705874,-3.474173282823083,1.7979087762338164,BabyLM 1.3B — final layer
2.455648760088462,1.3076008551531308,6.971441862884615,6.870363873208706,1.867199722705874,-3.474173282823083,1.7979087762338164,BabyLM 1.3B — final layer
-2.0002518273016485,1.4748276275325995,8.879938879071572,6.870363873208706,1.867199722705874,-3.474173282823083,1.7979087762338164,BabyLM 1.3B — final layer
-1.846600082908886,1.4748276275325995,8.89693300489799,6.870363873208706,1.867199722705874,-3.474173282823083,1.7979087762338164,BabyLM 1.3B — final layer
-1.6929483385161237,1.4748276275325995,8.908073028989504,6.870363873208706,1.867199722705874,-3.474173282823083,1.7979087762338164,BabyLM 1.3B — final layer
-1.5392965941233612,1.4748276275325995,8.913358951346112,6.870363873208706,1.867199722705874,-3.474173282823083,1.7979087762338164,BabyLM 1.3B — final layer
-1.3856448497305989,1.4748276275325995,8.912790771967813,6.870363873208706,1.867199722705874,-3.474173282823083,1.7979087762338164,BabyLM 1.3B — final layer
-1.2319931053378363,1.4748276275325995,8.90636849085461,6.870363873208706,1.867199722705874,-3.474173282823083,1.7979087762338164,BabyLM 1.3B — final layer
-1.0783413609450738,1.4748276275325995,8.894092108006502,6.870363873208706,1.867199722705874,-3.474173282823083,1.7979087762338164,BabyLM 1.3B — final layer
-0.9246896165523115,1.4748276275325995,8.875961623423489,6.870363873208706,1.867199722705874,-3.474173282823083,1.7979087762338164,BabyLM 1.3B — final layer
-0.771037872159549,1.4748276275325995,8.85197703710557,6.870363873208706,1.867199722705874,-3.474173282823083,1.7979087762338164,BabyLM 1.3B — final layer
-0.6173861277667865,1.4748276275325995,8.822138349052745,6.870363873208706,1.867199722705874,-3.474173282823083,1.7979087762338164,BabyLM 1.3B — final layer
-0.4637343833740242,1.4748276275325995,8.786445559265015,6.870363873208706,1.867199722705874,-3.474173282823083,1.7979087762338164,BabyLM 1.3B — final layer
-0.31008263898126165,1.4748276275325995,8.74489866774238,6.870363873208706,1.867199722705874,-3.474173282823083,1.7979087762338164,BabyLM 1.3B — final layer
-0.15643089458849913,1.4748276275325995,8.69749767448484,6.870363873208706,1.867199722705874,-3.474173282823083,1.7979087762338164,BabyLM 1.3B — final layer
-0.0027791501957368236,1.4748276275325995,8.644242579492394,6.870363873208706,1.867199722705874,-3.474173282823083,1.7979087762338164,BabyLM 1.3B — final layer
0.15087259419702548,1.4748276275325995,8.585133382765044,6.870363873208706,1.867199722705874,-3.474173282823083,1.7979087762338164,BabyLM 1.3B — final layer
0.304524338589788,1.4748276275325995,8.520170084302785,6.870363873208706,1.867199722705874,-3.474173282823083,1.7979087762338164,BabyLM 1.3B — final layer
0.4581760829825505,1.4748276275325995,8.449352684105625,6.870363873208706,1.867199722705874,-3.474173282823083,1.7979087762338164,BabyLM 1.3B — final layer
0.611827827375313,1.4748276275325995,8.372681182173558,6.870363873208706,1.867199722705874,-3.474173282823083,1.7979087762338164,BabyLM 1.3B — final layer
0.7654795717680756,1.4748276275325995,8.290155578506585,6.870363873208706,1.867199722705874,-3.474173282823083,1.7979087762338164,BabyLM 1.3B — final layer
0.9191313161608377,1.4748276275325995,8.201775873104708,6.870363873208706,1.867199722705874,-3.474173282823083,1.7979087762338164,BabyLM 1.3B — final layer
1.0727830605536002,1.4748276275325995,8.107542065967925,6.870363873208706,1.867199722705874,-3.474173282823083,1.7979087762338164,BabyLM 1.3B — final layer
1.2264348049463627,1.4748276275325995,8.007454157096236,6.870363873208706,1.867199722705874,-3.474173282823083,1.7979087762338164,BabyLM 1.3B — final layer
1.3800865493391252,1.4748276275325995,7.901512146489642,6.870363873208706,1.867199722705874,-3.474173282823083,1.7979087762338164,BabyLM 1.3B — final layer
1.5337382937318877,1.4748276275325995,7.789716034148143,6.870363873208706,1.867199722705874,-3.474173282823083,1.7979087762338164,BabyLM 1.3B — final layer
1.6873900381246503,1.4748276275325995,7.672065820071738,6.870363873208706,1.867199722705874,-3.474173282823083,1.7979087762338164,BabyLM 1.3B — final layer
1.8410417825174124,1.4748276275325995,7.548561504260429,6.870363873208706,1.867199722705874,-3.474173282823083,1.7979087762338164,BabyLM 1.3B — final layer
1.9946935269101749,1.4748276275325995,7.419203086714215,6.870363873208706,1.867199722705874,-3.474173282823083,1.7979087762338164,BabyLM 1.3B — final layer
2.148345271302937,1.4748276275325995,7.2839905674330945,6.870363873208706,1.867199722705874,-3.474173282823083,1.7979087762338164,BabyLM 1.3B — final layer
2.3019970156956995,1.4748276275325995,7.142923946417069,6.870363873208706,1.867199722705874,-3.474173282823083,1.7979087762338164,BabyLM 1.3B — final layer
2.455648760088462,1.4748276275325995,6.996003223666138,6.870363873208706,1.867199722705874,-3.474173282823083,1.7979087762338164,BabyLM 1.3B — final layer
-2.0002518273016485,1.6420543999120696,9.008829899529687,6.870363873208706,1.867199722705874,-3.474173282823083,1.7979087762338164,BabyLM 1.3B — final layer
-1.846600082908886,1.6420543999120696,9.022585640728082,6.870363873208706,1.867199722705874,-3.474173282823083,1.7979087762338164,BabyLM 1.3B — final layer
-1.6929483385161237,1.6420543999120696,9.030487280191572,6.870363873208706,1.867199722705874,-3.474173282823083,1.7979087762338164,BabyLM 1.3B — final layer
-1.5392965941233612,1.6420543999120696,9.032534817920155,6.870363873208706,1.867199722705874,-3.474173282823083,1.7979087762338164,BabyLM 1.3B — final layer
-1.3856448497305989,1.6420543999120696,9.028728253913833,6.870363873208706,1.867199722705874,-3.474173282823083,1.7979087762338164,BabyLM 1.3B — final layer
-1.2319931053378363,1.6420543999120696,9.019067588172607,6.870363873208706,1.867199722705874,-3.474173282823083,1.7979087762338164,BabyLM 1.3B — final layer
-1.0783413609450738,1.6420543999120696,9.003552820696475,6.870363873208706,1.867199722705874,-3.474173282823083,1.7979087762338164,BabyLM 1.3B — final layer
-0.9246896165523115,1.6420543999120696,8.982183951485437,6.870363873208706,1.867199722705874,-3.474173282823083,1.7979087762338164,BabyLM 1.3B — final layer
-0.771037872159549,1.6420543999120696,8.954960980539495,6.870363873208706,1.867199722705874,-3.474173282823083,1.7979087762338164,BabyLM 1.3B — final layer
-0.6173861277667865,1.6420543999120696,8.921883907858646,6.870363873208706,1.867199722705874,-3.474173282823083,1.7979087762338164,BabyLM 1.3B — final layer
-0.4637343833740242,1.6420543999120696,8.882952733442893,6.870363873208706,1.867199722705874,-3.474173282823083,1.7979087762338164,BabyLM 1.3B — final layer
-0.31008263898126165,1.6420543999120696,8.838167457292235,6.870363873208706,1.867199722705874,-3.474173282823083,1.7979087762338164,BabyLM 1.3B — final layer
-0.15643089458849913,1.6420543999120696,8.78752807940667,6.870363873208706,1.867199722705874,-3.474173282823083,1.7979087762338164,BabyLM 1.3B — final layer
-0.0027791501957368236,1.6420543999120696,8.7310345997862,6.870363873208706,1.867199722705874,-3.474173282823083,1.7979087762338164,BabyLM 1.3B — final layer
0.15087259419702548,1.6420543999120696,8.668687018430827,6.870363873208706,1.867199722705874,-3.474173282823083,1.7979087762338164,BabyLM 1.3B — final layer
0.304524338589788,1.6420543999120696,8.600485335340545,6.870363873208706,1.867199722705874,-3.474173282823083,1.7979087762338164,BabyLM 1.3B — final layer
0.4581760829825505,1.6420543999120696,8.526429550515362,6.870363873208706,1.867199722705874,-3.474173282823083,1.7979087762338164,BabyLM 1.3B — final layer
0.611827827375313,1.6420543999120696,8.44651966395527,6.870363873208706,1.867199722705874,-3.474173282823083,1.7979087762338164,BabyLM 1.3B — final layer
0.7654795717680756,1.6420543999120696,8.360755675660274,6.870363873208706,1.867199722705874,-3.474173282823083,1.7979087762338164,BabyLM 1.3B — final layer
0.9191313161608377,1.6420543999120696,8.269137585630373,6.870363873208706,1.867199722705874,-3.474173282823083,1.7979087762338164,BabyLM 1.3B — final layer
1.0727830605536002,1.6420543999120696,8.171665393865567,6.870363873208706,1.867199722705874,-3.474173282823083,1.7979087762338164,BabyLM 1.3B — final layer
1.2264348049463627,1.6420543999120696,8.068339100365854,6.870363873208706,1.867199722705874,-3.474173282823083,1.7979087762338164,BabyLM 1.3B — final layer
1.3800865493391252,1.6420543999120696,7.9591587051312365,6.870363873208706,1.867199722705874,-3.474173282823083,1.7979087762338164,BabyLM 1.3B — final layer
1.5337382937318877,1.6420543999120696,7.8441242081617135,6.870363873208706,1.867199722705874,-3.474173282823083,1.7979087762338164,BabyLM 1.3B — final layer
1.6873900381246503,1.6420543999120696,7.723235609457285,6.870363873208706,1.867199722705874,-3.474173282823083,1.7979087762338164,BabyLM 1.3B — final layer
1.8410417825174124,1.6420543999120696,7.596492909017953,6.870363873208706,1.867199722705874,-3.474173282823083,1.7979087762338164,BabyLM 1.3B — final layer
1.9946935269101749,1.6420543999120696,7.463896106843714,6.870363873208706,1.867199722705874,-3.474173282823083,1.7979087762338164,BabyLM 1.3B — final layer
2.148345271302937,1.6420543999120696,7.325445202934571,6.870363873208706,1.867199722705874,-3.474173282823083,1.7979087762338164,BabyLM 1.3B — final layer
2.3019970156956995,1.6420543999120696,7.181140197290521,6.870363873208706,1.867199722705874,-3.474173282823083,1.7979087762338164,BabyLM 1.3B — final layer
2.455648760088462,1.6420543999120696,7.030981089911566,6.870363873208706,1.867199722705874,-3.474173282823083,1.7979087762338164,BabyLM 1.3B — final layer
-2.0002518273016485,1.8092811722915387,9.148137425451708,6.870363873208706,1.867199722705874,-3.474173282823083,1.7979087762338164,BabyLM 1.3B — final layer
-1.846600082908886,1.8092811722915387,9.158654782022078,6.870363873208706,1.867199722705874,-3.474173282823083,1.7979087762338164,BabyLM 1.3B — final layer
-1.6929483385161237,1.8092811722915387,9.163318036857543,6.870363873208706,1.867199722705874,-3.474173282823083,1.7979087762338164,BabyLM 1.3B — final layer
-1.5392965941233612,1.8092811722915387,9.162127189958104,6.870363873208706,1.867199722705874,-3.474173282823083,1.7979087762338164,BabyLM 1.3B — final layer
-1.3856448497305989,1.8092811722915387,9.15508224132376,6.870363873208706,1.867199722705874,-3.474173282823083,1.7979087762338164,BabyLM 1.3B — final layer
-1.2319931053378363,1.8092811722915387,9.142183190954508,6.870363873208706,1.867199722705874,-3.474173282823083,1.7979087762338164,BabyLM 1.3B — final layer
-1.0783413609450738,1.8092811722915387,9.123430038850353,6.870363873208706,1.867199722705874,-3.474173282823083,1.7979087762338164,BabyLM 1.3B — final layer
-0.9246896165523115,1.8092811722915387,9.098822785011292,6.870363873208706,1.867199722705874,-3.474173282823083,1.7979087762338164,BabyLM 1.3B — final layer
-0.771037872159549,1.8092811722915387,9.068361429437324,6.870363873208706,1.867199722705874,-3.474173282823083,1.7979087762338164,BabyLM 1.3B — final layer
-0.6173861277667865,1.8092811722915387,9.032045972128453,6.870363873208706,1.867199722705874,-3.474173282823083,1.7979087762338164,BabyLM 1.3B — final layer
-0.4637343833740242,1.8092811722915387,8.989876413084676,6.870363873208706,1.867199722705874,-3.474173282823083,1.7979087762338164,BabyLM 1.3B — final layer
-0.31008263898126165,1.8092811722915387,8.941852752305994,6.870363873208706,1.867199722705874,-3.474173282823083,1.7979087762338164,BabyLM 1.3B — final layer
-0.15643089458849913,1.8092811722915387,8.887974989792406,6.870363873208706,1.867199722705874,-3.474173282823083,1.7979087762338164,BabyLM 1.3B — final layer
-0.0027791501957368236,1.8092811722915387,8.828243125543914,6.870363873208706,1.867199722705874,-3.474173282823083,1.7979087762338164,BabyLM 1.3B — final layer
0.15087259419702548,1.8092811722915387,8.762657159560515,6.870363873208706,1.867199722705874,-3.474173282823083,1.7979087762338164,BabyLM 1.3B — final layer
0.304524338589788,1.8092811722915387,8.69121709184221,6.870363873208706,1.867199722705874,-3.474173282823083,1.7979087762338164,BabyLM 1.3B — final layer
0.4581760829825505,1.8092811722915387,8.613922922389001,6.870363873208706,1.867199722705874,-3.474173282823083,1.7979087762338164,BabyLM 1.3B — final layer
0.611827827375313,1.8092811722915387,8.530774651200888,6.870363873208706,1.867199722705874,-3.474173282823083,1.7979087762338164,BabyLM 1.3B — final layer
0.7654795717680756,1.8092811722915387,8.441772278277869,6.870363873208706,1.867199722705874,-3.474173282823083,1.7979087762338164,BabyLM 1.3B — final layer
0.9191313161608377,1.8092811722915387,8.346915803619943,6.870363873208706,1.867199722705874,-3.474173282823083,1.7979087762338164,BabyLM 1.3B — final layer
1.0727830605536002,1.8092811722915387,8.246205227227113,6.870363873208706,1.867199722705874,-3.474173282823083,1.7979087762338164,BabyLM 1.3B — final layer
1.2264348049463627,1.8092811722915387,8.139640549099378,6.870363873208706,1.867199722705874,-3.474173282823083,1.7979087762338164,BabyLM 1.3B — final layer
1.3800865493391252,1.8092811722915387,8.027221769236736,6.870363873208706,1.867199722705874,-3.474173282823083,1.7979087762338164,BabyLM 1.3B — final layer
1.5337382937318877,1.8092811722915387,7.908948887639189,6.870363873208706,1.867199722705874,-3.474173282823083,1.7979087762338164,BabyLM 1.3B — final layer
1.6873900381246503,1.8092811722915387,7.784821904306738,6.870363873208706,1.867199722705874,-3.474173282823083,1.7979087762338164,BabyLM 1.3B — final layer
1.8410417825174124,1.8092811722915387,7.654840819239381,6.870363873208706,1.867199722705874,-3.474173282823083,1.7979087762338164,BabyLM 1.3B — final layer
1.9946935269101749,1.8092811722915387,7.519005632437119,6.870363873208706,1.867199722705874,-3.474173282823083,1.7979087762338164,BabyLM 1.3B — final layer
2.148345271302937,1.8092811722915387,7.377316343899952,6.870363873208706,1.867199722705874,-3.474173282823083,1.7979087762338164,BabyLM 1.3B — final layer
2.3019970156956995,1.8092811722915387,7.2297729536278785,6.870363873208706,1.867199722705874,-3.474173282823083,1.7979087762338164,BabyLM 1.3B — final layer
2.455648760088462,1.8092811722915387,7.0763754616209,6.870363873208706,1.867199722705874,-3.474173282823083,1.7979087762338164,BabyLM 1.3B — final layer
-2.0002518273016485,1.9765079446710079,9.297861456837632,6.870363873208706,1.867199722705874,-3.474173282823083,1.7979087762338164,BabyLM 1.3B — final layer
-1.846600082908886,1.9765079446710079,9.30514042877998,6.870363873208706,1.867199722705874,-3.474173282823083,1.7979087762338164,BabyLM 1.3B — final layer
-1.6929483385161237,1.9765079446710079,9.306565298987422,6.870363873208706,1.867199722705874,-3.474173282823083,1.7979087762338164,BabyLM 1.3B — final layer
-1.5392965941233612,1.9765079446710079,9.302136067459958,6.870363873208706,1.867199722705874,-3.474173282823083,1.7979087762338164,BabyLM 1.3B — final layer
-1.3856448497305989,1.9765079446710079,9.291852734197589,6.870363873208706,1.867199722705874,-3.474173282823083,1.7979087762338164,BabyLM 1.3B — final layer
-1.2319931053378363,1.9765079446710079,9.275715299200316,6.870363873208706,1.867199722705874,-3.474173282823083,1.7979087762338164,BabyLM 1.3B — final layer
-1.0783413609450738,1.9765079446710079,9.253723762468136,6.870363873208706,1.867199722705874,-3.474173282823083,1.7979087762338164,BabyLM 1.3B — final layer
-0.9246896165523115,1.9765079446710079,9.225878124001051,6.870363873208706,1.867199722705874,-3.474173282823083,1.7979087762338164,BabyLM 1.3B — final layer
-0.771037872159549,1.9765079446710079,9.19217838379906,6.870363873208706,1.867199722705874,-3.474173282823083,1.7979087762338164,BabyLM 1.3B — final layer
-0.6173861277667865,1.9765079446710079,9.152624541862165,6.870363873208706,1.867199722705874,-3.474173282823083,1.7979087762338164,BabyLM 1.3B — final layer
-0.4637343833740242,1.9765079446710079,9.107216598190366,6.870363873208706,1.867199722705874,-3.474173282823083,1.7979087762338164,BabyLM 1.3B — final layer
-0.31008263898126165,1.9765079446710079,9.055954552783659,6.870363873208706,1.867199722705874,-3.474173282823083,1.7979087762338164,BabyLM 1.3B — final layer
-0.15643089458849913,1.9765079446710079,8.998838405642047,6.870363873208706,1.867199722705874,-3.474173282823083,1.7979087762338164,BabyLM 1.3B — final layer
-0.0027791501957368236,1.9765079446710079,8.935868156765531,6.870363873208706,1.867199722705874,-3.474173282823083,1.7979087762338164,BabyLM 1.3B — final layer
0.15087259419702548,1.9765079446710079,8.86704380615411,6.870363873208706,1.867199722705874,-3.474173282823083,1.7979087762338164,BabyLM 1.3B — final layer
0.304524338589788,1.9765079446710079,8.792365353807782,6.870363873208706,1.867199722705874,-3.474173282823083,1.7979087762338164,BabyLM 1.3B — final layer
0.4581760829825505,1.9765079446710079,8.71183279972655,6.870363873208706,1.867199722705874,-3.474173282823083,1.7979087762338164,BabyLM 1.3B — final layer
0.611827827375313,1.9765079446710079,8.62544614391041,6.870363873208706,1.867199722705874,-3.474173282823083,1.7979087762338164,BabyLM 1.3B — final layer
0.7654795717680756,1.9765079446710079,8.533205386359368,6.870363873208706,1.867199722705874,-3.474173282823083,1.7979087762338164,BabyLM 1.3B — final layer
0.9191313161608377,1.9765079446710079,8.43511052707342,6.870363873208706,1.867199722705874,-3.474173282823083,1.7979087762338164,BabyLM 1.3B — final layer
1.0727830605536002,1.9765079446710079,8.331161566052565,6.870363873208706,1.867199722705874,-3.474173282823083,1.7979087762338164,BabyLM 1.3B — final layer
1.2264348049463627,1.9765079446710079,8.221358503296806,6.870363873208706,1.867199722705874,-3.474173282823083,1.7979087762338164,BabyLM 1.3B — final layer
1.3800865493391252,1.9765079446710079,8.10570133880614,6.870363873208706,1.867199722705874,-3.474173282823083,1.7979087762338164,BabyLM 1.3B — final layer
1.5337382937318877,1.9765079446710079,7.984190072580571,6.870363873208706,1.867199722705874,-3.474173282823083,1.7979087762338164,BabyLM 1.3B — final layer
1.6873900381246503,1.9765079446710079,7.856824704620096,6.870363873208706,1.867199722705874,-3.474173282823083,1.7979087762338164,BabyLM 1.3B — final layer
1.8410417825174124,1.9765079446710079,7.723605234924715,6.870363873208706,1.867199722705874,-3.474173282823083,1.7979087762338164,BabyLM 1.3B — final layer
1.9946935269101749,1.9765079446710079,7.584531663494429,6.870363873208706,1.867199722705874,-3.474173282823083,1.7979087762338164,BabyLM 1.3B — final layer
2.148345271302937,1.9765079446710079,7.439603990329238,6.870363873208706,1.867199722705874,-3.474173282823083,1.7979087762338164,BabyLM 1.3B — final layer
2.3019970156956995,1.9765079446710079,7.288822215429142,6.870363873208706,1.867199722705874,-3.474173282823083,1.7979087762338164,BabyLM 1.3B — final layer
2.455648760088462,1.9765079446710079,7.13218633879414,6.870363873208706,1.867199722705874,-3.474173282823083,1.7979087762338164,BabyLM 1.3B — final layer
-2.0002518273016485,2.143734717050477,9.458001993687462,6.870363873208706,1.867199722705874,-3.474173282823083,1.7979087762338164,BabyLM 1.3B — final layer
-1.846600082908886,2.143734717050477,9.462042581001787,6.870363873208706,1.867199722705874,-3.474173282823083,1.7979087762338164,BabyLM 1.3B — final layer
-1.6929483385161237,2.143734717050477,9.460229066581205,6.870363873208706,1.867199722705874,-3.474173282823083,1.7979087762338164,BabyLM 1.3B — final layer
-1.5392965941233612,2.143734717050477,9.452561450425717,6.870363873208706,1.867199722705874,-3.474173282823083,1.7979087762338164,BabyLM 1.3B — final layer
-1.3856448497305989,2.143734717050477,9.439039732535326,6.870363873208706,1.867199722705874,-3.474173282823083,1.7979087762338164,BabyLM 1.3B — final layer
-1.2319931053378363,2.143734717050477,9.419663912910028,6.870363873208706,1.867199722705874,-3.474173282823083,1.7979087762338164,BabyLM 1.3B — final layer
-1.0783413609450738,2.143734717050477,9.394433991549825,6.870363873208706,1.867199722705874,-3.474173282823083,1.7979087762338164,BabyLM 1.3B — final layer
-0.9246896165523115,2.143734717050477,9.363349968454717,6.870363873208706,1.867199722705874,-3.474173282823083,1.7979087762338164,BabyLM 1.3B — final layer
-0.771037872159549,2.143734717050477,9.326411843624703,6.870363873208706,1.867199722705874,-3.474173282823083,1.7979087762338164,BabyLM 1.3B — final layer
-0.6173861277667865,2.143734717050477,9.283619617059784,6.870363873208706,1.867199722705874,-3.474173282823083,1.7979087762338164,BabyLM 1.3B — final layer
-0.4637343833740242,2.143734717050477,9.23497328875996,6.870363873208706,1.867199722705874,-3.474173282823083,1.7979087762338164,BabyLM 1.3B — final layer
-0.31008263898126165,2.143734717050477,9.18047285872523,6.870363873208706,1.867199722705874,-3.474173282823083,1.7979087762338164,BabyLM 1.3B — final layer
-0.15643089458849913,2.143734717050477,9.120118326955595,6.870363873208706,1.867199722705874,-3.474173282823083,1.7979087762338164,BabyLM 1.3B — final layer
-0.0027791501957368236,2.143734717050477,9.053909693451054,6.870363873208706,1.867199722705874,-3.474173282823083,1.7979087762338164,BabyLM 1.3B — final layer
0.15087259419702548,2.143734717050477,8.981846958211609,6.870363873208706,1.867199722705874,-3.474173282823083,1.7979087762338164,BabyLM 1.3B — final layer
0.304524338589788,2.143734717050477,8.903930121237257,6.870363873208706,1.867199722705874,-3.474173282823083,1.7979087762338164,BabyLM 1.3B — final layer
0.4581760829825505,2.143734717050477,8.820159182528002,6.870363873208706,1.867199722705874,-3.474173282823083,1.7979087762338164,BabyLM 1.3B — final layer
0.611827827375313,2.143734717050477,8.73053414208384,6.870363873208706,1.867199722705874,-3.474173282823083,1.7979087762338164,BabyLM 1.3B — final layer
0.7654795717680756,2.143734717050477,8.635054999904773,6.870363873208706,1.867199722705874,-3.474173282823083,1.7979087762338164,BabyLM 1.3B — final layer
0.9191313161608377,2.143734717050477,8.5337217559908,6.870363873208706,1.867199722705874,-3.474173282823083,1.7979087762338164,BabyLM 1.3B — final layer
1.0727830605536002,2.143734717050477,8.426534410341922,6.870363873208706,1.867199722705874,-3.474173282823083,1.7979087762338164,BabyLM 1.3B — final layer
1.2264348049463627,2.143734717050477,8.31349296295814,6.870363873208706,1.867199722705874,-3.474173282823083,1.7979087762338164,BabyLM 1.3B — final layer
1.3800865493391252,2.143734717050477,8.194597413839452,6.870363873208706,1.867199722705874,-3.474173282823083,1.7979087762338164,BabyLM 1.3B — final layer
1.5337382937318877,2.143734717050477,8.069847762985859,6.870363873208706,1.867199722705874,-3.474173282823083,1.7979087762338164,BabyLM 1.3B — final layer
1.6873900381246503,2.143734717050477,7.939244010397359,6.870363873208706,1.867199722705874,-3.474173282823083,1.7979087762338164,BabyLM 1.3B — final layer
1.8410417825174124,2.143734717050477,7.802786156073955,6.870363873208706,1.867199722705874,-3.474173282823083,1.7979087762338164,BabyLM 1.3B — final layer
1.9946935269101749,2.143734717050477,7.660474200015646,6.870363873208706,1.867199722705874,-3.474173282823083,1.7979087762338164,BabyLM 1.3B — final layer
2.148345271302937,2.143734717050477,7.512308142222431,6.870363873208706,1.867199722705874,-3.474173282823083,1.7979087762338164,BabyLM 1.3B — final layer
2.3019970156956995,2.143734717050477,7.358287982694311,6.870363873208706,1.867199722705874,-3.474173282823083,1.7979087762338164,BabyLM 1.3B — final layer
2.455648760088462,2.143734717050477,7.198413721431285,6.870363873208706,1.867199722705874,-3.474173282823083,1.7979087762338164,BabyLM 1.3B — final layer
-2.0002518273016485,2.3109614894299457,9.6285590360012,6.870363873208706,1.867199722705874,-3.474173282823083,1.7979087762338164,BabyLM 1.3B — final layer
-1.846600082908886,2.3109614894299457,9.6293612386875,6.870363873208706,1.867199722705874,-3.474173282823083,1.7979087762338164,BabyLM 1.3B — final layer
-1.6929483385161237,2.3109614894299457,9.624309339638893,6.870363873208706,1.867199722705874,-3.474173282823083,1.7979087762338164,BabyLM 1.3B — final layer
-1.5392965941233612,2.3109614894299457,9.613403338855383,6.870363873208706,1.867199722705874,-3.474173282823083,1.7979087762338164,BabyLM 1.3B — final layer
-1.3856448497305989,2.3109614894299457,9.596643236336966,6.870363873208706,1.867199722705874,-3.474173282823083,1.7979087762338164,BabyLM 1.3B — final layer
-1.2319931053378363,2.3109614894299457,9.574029032083645,6.870363873208706,1.867199722705874,-3.474173282823083,1.7979087762338164,BabyLM 1.3B — final layer
-1.0783413609450738,2.3109614894299457,9.545560726095419,6.870363873208706,1.867199722705874,-3.474173282823083,1.7979087762338164,BabyLM 1.3B — final layer
-0.9246896165523115,2.3109614894299457,9.511238318372287,6.870363873208706,1.867199722705874,-3.474173282823083,1.7979087762338164,BabyLM 1.3B — final layer
-0.771037872159549,2.3109614894299457,9.47106180891425,6.870363873208706,1.867199722705874,-3.474173282823083,1.7979087762338164,BabyLM 1.3B — final layer
-0.6173861277667865,2.3109614894299457,9.425031197721307,6.870363873208706,1.867199722705874,-3.474173282823083,1.7979087762338164,BabyLM 1.3B — final layer
-0.4637343833740242,2.3109614894299457,9.373146484793459,6.870363873208706,1.867199722705874,-3.474173282823083,1.7979087762338164,BabyLM 1.3B — final layer
-0.31008263898126165,2.3109614894299457,9.315407670130705,6.870363873208706,1.867199722705874,-3.474173282823083,1.7979087762338164,BabyLM 1.3B — final layer
-0.15643089458849913,2.3109614894299457,9.251814753733047,6.870363873208706,1.867199722705874,-3.474173282823083,1.7979087762338164,BabyLM 1.3B — final layer
-0.0027791501957368236,2.3109614894299457,9.182367735600483,6.870363873208706,1.867199722705874,-3.474173282823083,1.7979087762338164,BabyLM 1.3B — final layer
0.15087259419702548,2.3109614894299457,9.107066615733014,6.870363873208706,1.867199722705874,-3.474173282823083,1.7979087762338164,BabyLM 1.3B — final layer
0.304524338589788,2.3109614894299457,9.02591139413064,6.870363873208706,1.867199722705874,-3.474173282823083,1.7979087762338164,BabyLM 1.3B — final layer
0.4581760829825505,2.3109614894299457,8.93890207079336,6.870363873208706,1.867199722705874,-3.474173282823083,1.7979087762338164,BabyLM 1.3B — final layer
0.611827827375313,2.3109614894299457,8.846038645721174,6.870363873208706,1.867199722705874,-3.474173282823083,1.7979087762338164,BabyLM 1.3B — final layer
0.7654795717680756,2.3109614894299457,8.747321118914083,6.870363873208706,1.867199722705874,-3.474173282823083,1.7979087762338164,BabyLM 1.3B — final layer
0.9191313161608377,2.3109614894299457,8.642749490372088,6.870363873208706,1.867199722705874,-3.474173282823083,1.7979087762338164,BabyLM 1.3B — final layer
1.0727830605536002,2.3109614894299457,8.532323760095187,6.870363873208706,1.867199722705874,-3.474173282823083,1.7979087762338164,BabyLM 1.3B — final layer
1.2264348049463627,2.3109614894299457,8.41604392808338,6.870363873208706,1.867199722705874,-3.474173282823083,1.7979087762338164,BabyLM 1.3B — final layer
1.3800865493391252,2.3109614894299457,8.293909994336667,6.870363873208706,1.867199722705874,-3.474173282823083,1.7979087762338164,BabyLM 1.3B — final layer
1.5337382937318877,2.3109614894299457,8.16592195885505,6.870363873208706,1.867199722705874,-3.474173282823083,1.7979087762338164,BabyLM 1.3B — final layer
1.6873900381246503,2.3109614894299457,8.032079821638527,6.870363873208706,1.867199722705874,-3.474173282823083,1.7979087762338164,BabyLM 1.3B — final layer
1.8410417825174124,2.3109614894299457,7.8923835826871,6.870363873208706,1.867199722705874,-3.474173282823083,1.7979087762338164,BabyLM 1.3B — final layer
1.9946935269101749,2.3109614894299457,7.746833242000767,6.870363873208706,1.867199722705874,-3.474173282823083,1.7979087762338164,BabyLM 1.3B — final layer
2.148345271302937,2.3109614894299457,7.595428799579529,6.870363873208706,1.867199722705874,-3.474173282823083,1.7979087762338164,BabyLM 1.3B — final layer
2.3019970156956995,2.3109614894299457,7.438170255423385,6.870363873208706,1.867199722705874,-3.474173282823083,1.7979087762338164,BabyLM 1.3B — final layer
2.455648760088462,2.3109614894299457,7.275057609532335,6.870363873208706,1.867199722705874,-3.474173282823083,1.7979087762338164,BabyLM 1.3B — final layer
